Global Rank,Institution,Country,Sector
1,U.S. Department of Health & Human Services *,USA,Health
2,Centers for Disease Control and Prevention,USA,Health
3,Harvard University *,USA,Universities
4,Chinese Academy of Sciences *,CHN,Government
5,National Institutes of Health,USA,Health
6,Harvard Medical School,USA,Universities
7,Center for Disease Control and Prevention China,CHN,Health
8,Johns Hopkins University *,USA,Universities
9,Queen Mary Hospital Hong Kong,HKG,Health
10,Veterans Affairs Medical Centers *,USA,Health
11,Istituto Nazionale Malattie Infettive Lazzaro Spallanzani IRCCS,ITA,Health
12,"Wuhan Institute of Virology, Chinese Academy of Sciences",CHN,Government
13,National Institutes for Food and Drug Control,CHN,Government
14,Institut National de la Sante et de la Recherche Medicale *,FRA,Health
15,University College London *,GBR,Universities
16,University of Washington *,USA,Universities
17,Medical Research Council,GBR,Health
18,"University of North Carolina, Chapel Hill *",USA,Universities
19,Instituto de Salud Carlos III *,ESP,Health
20,University of Oxford *,GBR,Universities
21,Huashan Hospital,CHN,Health
22,Columbia University *,USA,Universities
23,The University of Hong Kong *,HKG,Universities
24,Zhongnan Hospital of Wuhan University,CHN,Health
25,Erasmus University Rotterdam *,NLD,Universities
26,Fudan University *,CHN,Universities
27,Erasmus Medical Center,NLD,Health
28,"University of California, San Francisco *",USA,Universities
29,Brigham and Women's Hospital *,USA,Health
30,London School of Hygiene and Tropical Medicine,GBR,Universities
31,Mayo Clinic *,USA,Health
32,"University of Michigan, Ann Arbor *",USA,Universities
33,Massachusetts General Hospital,USA,Health
34,Columbia University Irving Medical Center,USA,Health
35,Emory University *,USA,Universities
36,"Shanghai Institutes for Biological Sciences, Chinese Academy of Sciences",CHN,Government
37,World Health Organization *,MUL,Health
38,Academy of Military Sciences of the Chinese People's Liberation Army *,CHN,Government
39,"Academy of Military Medical Sciences, Academy of Military Sciences of PLA",CHN,Health
40,Yale University *,USA,Universities
41,Imperial College London,GBR,Universities
42,Wuhan University *,CHN,Universities
43,Utrecht University *,NLD,Universities
44,Peking Union Medical College Hospital Beijing,CHN,Health
45,Centro de Investigacion Biomedica en Red de Enfermedades Infecciosas,ESP,Health
46,University of Melbourne *,AUS,Universities
47,Samsung Corp *,MUL,Companies
48,University of Pennsylvania *,USA,Universities
49,Westmead Hospital ,AUS,Health
50,Centres de Recerca de Catalunya *,ESP,Non-Profit
51,McGill University *,CAN,Universities
52,Karolinska Institute,SWE,Universities
53,Stanford University *,USA,Universities
54,Boston University *,USA,Universities
55,Yale University Health & Medicine,USA,Health
56,Shanghai Medical College of Fudan University,CHN,Universities
57,Woodruff Health Sciences Center,USA,Health
58,"University of California, Los Angeles *",USA,Universities
59,Vanderbilt University *,USA,Universities
60,Washington University in Saint Louis *,USA,Universities
61,University of Toronto,CAN,Universities
62,Boston University Medical Campus ,USA,Health
63,Duke University *,USA,Universities
64,Johns Hopkins Medicine,USA,Health
65,Assistance Publique Hopitaux de Paris *,FRA,Health
66,Centre National de la Recherche Scientifique *,FRA,Government
67,European Centre for Disease Prevention and Control,SWE,Health
68,Vanderbilt University Medical Center,USA,Health
69,Vrije Universiteit Amsterdam *,NLD,Universities
70,University of Amsterdam *,NLD,Universities
71,"Monash University, Melbourne *",AUS,Universities
72,"University of California, San Diego *",USA,Universities
73,University of Cambridge *,GBR,Universities
74,Universitatsklinikum Essen,DEU,Health
75,National Cancer Institute,USA,Health
76,U.S. Department of Energy *,USA,Government
77,Chinese Academy of Medical Sciences and Peking Union Medical College *,CHN,Universities
78,Statens Serum Institut,DNK,Health
79,California Department of Public Health,USA,Health
80,"University of Minnesota, Twin Cities *",USA,Universities
81,Massachusetts Institute of Technology *,USA,Universities
82,Public Health England,GBR,Health
83,National Institute for Public Health and the Environment,NLD,Health
84,University of Sydney *,AUS,Universities
85,National Institute on Aging,USA,Health
86,Fundacio de Recerca Clinic Barcelona-Institut d’Investigacions Biomediques August Pi i Sunyer,ESP,Health
87,Ministry of Education of the People's Republic of China,CHN,Government
88,Mount Sinai Health System *,USA,Health
89,University of Pennsylvania Health System,USA,Health
90,Zhejiang University *,CHN,Universities
91,Helmholtz Gemeinschaft *,DEU,Government
92,Oak Ridge Institute for Science and Education,USA,Government
93,Washington University Medical Center ,USA,Health
94,Public Health Scotland,GBR,Health
95,Academisch Medisch Centrum,NLD,Health
96,University of New South Wales *,AUS,Universities
97,National Institute of Allergy and Infectious Diseases,USA,Health
98,National Institute of Public Health of Japan,JPN,Health
99,University of Bristol *,GBR,Universities
100,Stanford Medicine,USA,Health
101,Public Health Agency of Sweden,SWE,Health
102,University of Copenhagen,DNK,Universities
103,Centro de Investigacion Biomedica en Red sobre Enfermedades Neurodegenerativas,ESP,Health
104,Copenhagen University Hospital,DNK,Health
105,Technical University of Denmark,DNK,Universities
106,The University of Edinburgh *,GBR,Universities
107,University of Michigan Health System,USA,Health
108,"World Health Organization, Denmark",DNK,Health
109,Cornell University *,USA,Universities
110,Eli Lilly *,MUL,Companies
111,University of Pittsburgh *,USA,Universities
112,University Medical Center Utrecht,NLD,Health
113,University of Chinese Academy of Sciences,CHN,Universities
114,"Texas A&M University, Health Science Center",USA,Universities
115,"World Health Organization, Switzerland",CHE,Health
116,Tsinghua University *,CHN,Universities
117,"University of Colorado, Denver *",USA,Universities
118,"Hoffmann-La Roche Ltd, United States",USA,Companies
119,Kings College London,GBR,Universities
120,Huazhong University of Science and Technology *,CHN,Universities
121,Shanghai Jiao Tong University *,CHN,Universities
122,Duke Medicine,USA,Health
123,Aarhus University *,DNK,Universities
124,McMaster University *,CAN,Universities
125,"Kaiser Permanente, Oakland *",USA,Health
126,Massachusetts Department of Public Health,USA,Health
127,Universitat Duisburg Essen *,DEU,Universities
128,United States Department of Agriculture,USA,Government
129,Africa Health Research Institute,ZAF,Health
130,"Ohio State University, Columbus *",USA,Universities
131,AstraZeneca *,MUL,Companies
132,University of Southern California *,USA,Universities
133,New York University *,USA,Universities
134,Pasteur Network *,MUL,Health
135,The University of British Columbia,CAN,Universities
136,South Eastern Sydney Local Health District *,AUS,Health
137,"University of Colorado, Anschutz Medical Campus",USA,Universities
138,"University of California, Berkeley *",USA,Universities
139,Friedrich Loeffler Institutes Bundesforschungsinstitut fur Tiergesundheit,DEU,Government
140,Centro de Investigacion Biomedica en Red de Epidemiologia y Salud Publica,ESP,Health
141,Norwegian Institute of Public Health,NOR,Health
142,Weill Cornell Medicine,USA,Universities
143,Oxford University Hospitals NHS Trust,GBR,Health
144,Universidade de Sao Paulo *,BRA,Universities
144,Peking University *,CHN,Universities
146,Charite - Universitatsmedizin Berlin *,DEU,Health
147,Manchester University NHS Foundation Trust,GBR,Health
148,"Hoffmann-La Roche Ltd, Switzerland",CHE,Companies
149,Icahn School of Medicine at Mount Sinai,USA,Universities
150,"Northwestern University, Evanston *",USA,Universities
151,Monash Health *,AUS,Health
152,Barts and the London NHS Trust,GBR,Health
153,Fundacao Oswaldo Cruz *,BRA,Health
154,Tehran University of Medical Sciences *,IRN,Universities
155,Central South University *,CHN,Universities
156,Skane University Hospital,SWE,Health
157,National Institute for Health and Welfare,FIN,Health
158,Baylor College of Medicine,USA,Universities
159,Robert Koch Institut,DEU,Government
160,US Food and Drug Administration,USA,Government
161,Ruijin Hospital,CHN,Health
162,Broad Institute of MIT and Harvard,USA,Health
163,"Eli Lilly and Company, United States",USA,Companies
164,Capital University of Medical Sciences *,CHN,Universities
165,Istituto Superiore di Sanita,ITA,Health
166,Institut Pasteur de Paris,FRA,Health
167,New York State Department of Health *,USA,Health
168,National Health Commission of the People's Republic of China *,CHN,Health
169,Hospital Clinic de Barcelona,ESP,Health
170,National University of Singapore *,SGP,Universities
171,Leibniz Gemeinschaft *,DEU,Government
172,Max Planck Gesellschaft *,DEU,Government
173,Shanghai Public Health Clinical Center,CHN,Health
174,Genentech Inc,USA,Companies
175,International Agency for Research on Cancer,FRA,Health
176,Iowa State University,USA,Universities
177,Public Health Wales,GBR,Health
178,University of Liverpool *,GBR,Universities
179,University of Calgary *,CAN,Universities
180,University of Helsinki,FIN,Universities
181,Imperial College Healthcare NHS Trust,GBR,Health
182,University of Pittsburgh Health Sciences,USA,Universities
183,NYU Langone Health,USA,Health
184,Universitat de Barcelona *,ESP,Universities
185,Cleveland Clinic *,USA,Health
186,University of Florida *,USA,Universities
187,University of Gothenburg,SWE,Universities
188,University of Southern Denmark,DNK,Universities
189,Northwell Health *,USA,Health
190,Cedars-Sinai Medical Center ,USA,Health
191,University Hospital Antwerp,BEL,Health
192,Tohoku University *,JPN,Universities
193,University of Pittsburgh Medical Center  *,USA,Health
194,National Heart Lung and Blood Institute,USA,Health
195,University of Arizona *,USA,Universities
195,"Southeast University, Nanjing *",CHN,Universities
197,Sun Yat-Sen University *,CHN,Universities
198,"University of Wisconsin, Madison *",USA,Universities
199,F Hoffmann-La Roche *,MUL,Companies
200,University of Utah *,USA,Universities
201,Max Planck Institut fur Demografische Forschung,DEU,Government
202,Deutsches Krebsforschungszentrum,DEU,Government
203,Helsinki University Central Hospital,FIN,Health
204,University of Glasgow *,GBR,Universities
205,Zhongshan Hospital,CHN,Health
206,Lunds University,SWE,Universities
207,Universite de Paris Cite *,FRA,Universities
208,"University of Alabama, Birmingham *",USA,Universities
209,UCLA Health System,USA,Health
210,University of Iowa *,USA,Universities
211,Seoul National University *,KOR,Universities
212,Xi'an Jiaotong University *,CHN,Universities
213,Sichuan University *,CHN,Universities
214,Public Health Agency of Canada,CAN,Health
215,Brown University,USA,Universities
216,"Centro de Investigacion Biomedica en Red de Epidemiologia y Salud Publica, Madrid",ESP,Health
217,University of Minnesota Health and Medicine,USA,Universities
218,Ohio State University Wexner Medical Center,USA,Health
219,National Research and Innovation Agency *,IDN,Government
220,University of Arkansas for Medical Sciences,USA,Universities
221,"University of Illinois, Chicago *",USA,Universities
222,Leiden University *,NLD,Universities
223,The University of Queensland *,AUS,Universities
224,NIHR Oxford Biomedical Research Centre,GBR,Health
225,Eberhard-Karls-Universitat Tubingen,DEU,Universities
226,Nationwide Children's Hospital ,USA,Health
227,UC San Diego Health System,USA,Health
228,Institut Catala de la Salut Barcelona *,ESP,Health
229,University of Washington Medicine ,USA,Health
230,"Rutgers, The State University of New Jersey",USA,Universities
231,"University of Maryland, Baltimore",USA,Universities
232,Aarhus University Hospital,DNK,Health
233,Radboud University Nijmegen Medical Centre,NLD,Health
234,Arizona Health Sciences Center University of Arizona Tucson,USA,Health
234,University of Alberta,CAN,Universities
236,Westfalische Wilhelms-Universitat Munster *,DEU,Universities
237,University of Cincinnati *,USA,Universities
238,Manchester Academic Health Science Centre,GBR,Health
239,Hospices Civils de Lyon *,FRA,Health
240,GlaxoSmithKline *,MUL,Companies
241,Sorbonne Universite *,FRA,Universities
242,"Newcastle University, Newcastle upon Tyne",GBR,Universities
243,Hiroshima University *,JPN,Universities
244,Fred Hutchinson Cancer Research Center *,USA,Health
245,Wageningen University and Research Centre,NLD,Universities
246,Bernhard Nocht Institut fur Tropenmedizin,DEU,Health
247,Marshfield Clinic,USA,Health
248,Cardiff University,GBR,Universities
249,Aix-Marseille Universite *,FRA,Universities
250,Catholic University of Leuven,BEL,Universities
251,Institucio Catalana de Recerca i Estudis Avancats,ESP,Government
252,Odense University Hospital,DNK,Health
253,Pennsylvania State University *,USA,Universities
254,Shandong University *,CHN,Universities
255,Sahlgrenska University Hospital,SWE,Health
256,Universitat Autonoma de Barcelona *,ESP,Universities
257,Xiangya Hospital Affiliated to Central South University,CHN,Health
258,The University of Manchester *,GBR,Universities
259,Leiden University Medical Center,NLD,Health
260,University of Texas M.D. Anderson Cancer Center ,USA,Health
261,Universidade Federal de Minas Gerais,BRA,Universities
262,Rush University *,USA,Universities
262,Memorial Sloan-Kettering Cancer Center,USA,Health
264,Montefiore Medical Center *,USA,Health
265,University of Cape Town,ZAF,Universities
266,Indiana University-Purdue University Indianapolis,USA,Universities
267,Cincinnati Children's Hospital Medical Center,USA,Health
268,Gobierno de Navarra  *,ESP,Government
269,Case Western Reserve University,USA,Universities
270,McGill University Health Centre,CAN,Health
271,University of Groningen *,NLD,Universities
272,The University of Adelaide,AUS,Universities
273,"University of California, Davis *",USA,Universities
274,Austin Health *,AUS,Health
275,George Washington University *,USA,Universities
276,National Institute of Environmental Health Sciences,USA,Health
277,University of Leeds,GBR,Universities
278,The General Hospital of the People's Liberation Army *,CHN,Health
279,Korea University *,KOR,Universities
280,University of Miami *,USA,Universities
281,Instituto de Investigacion Sanitaria de Navarra,ESP,Health
282,University of Texas Medical Branch ,USA,Universities
283,Institut Catala d'Oncologia *,ESP,Health
284,Trinity College Dublin *,IRL,Universities
285,University Medical Center Groningen,NLD,Health
286,Instituto Oswaldo Cruz,BRA,Health
286,University of Rochester Medical Center,USA,Health
288,Universitatsklinikum Hamburg Eppendorf,DEU,Health
288,Karolinska University Hospital,SWE,Health
290,University of North Texas Health Science Center,USA,Health
291,Hopitaux Universitaires de Geneve,CHE,Health
292,Universita degli Studi di Milano,ITA,Universities
293,Universitat Hamburg *,DEU,Universities
294,University Health Network *,CAN,Health
295,University of Crete,GRC,Universities
296,Murdoch Children's Research Institute,AUS,Health
297,University of Rochester *,USA,Universities
298,Dalhousie University *,CAN,Universities
299,The University of Western Australia,AUS,Universities
300,Hokkaido University *,JPN,Universities
301,Seattle Children's Hospital *,USA,Health
302,The First Affiliated Hospital of Zhejiang University,CHN,Health
303,Universita degli Studi di Siena,ITA,Universities
304,Consejo Superior de Investigaciones Cientificas *,ESP,Government
305,Uppsala University,SWE,Universities
306,City University of New York *,USA,Universities
307,Universitat Bern *,CHE,Universities
308,Health Data Research UK,GBR,Non-Profit
309,University of North Carolina Health Care,USA,Health
310,Albert Einstein College of Medicine,USA,Universities
311,Intermountain Healthcare,USA,Health
312,University of Tokyo *,JPN,Universities
312,Laval University,CAN,Universities
314,Liverpool School of Tropical Medicine,GBR,Universities
315,University of Antwerp,BEL,Universities
316,Wadsworth Center,USA,Health
317,The Chinese University of Hong Kong *,HKG,Universities
318,University of Ottawa,CAN,Universities
319,Institute for Health Metrics and Evaluation,USA,Health
320,Universite Claude Bernard Lyon 1 *,FRA,Universities
321,New York Presbyterian Hospital,USA,Health
322,Wake Forest University *,USA,Universities
323,"Agence Nationale de la Securite Sanitaire de l'Alimentation, de l'Environnement et du Travail *",FRA,Health
324,Regenstrief Institute,USA,Non-Profit
325,Junta de Andalucia *,MUL,Government
326,University of Chicago *,USA,Universities
327,University of Cincinnati Medical Center,USA,Health
328,Universita degli Studi di Napoli Federico II,ITA,Universities
329,Merck & Co Inc *,MUL,Companies
330,Wake Forest University Baptist Medical Center,USA,Health
331,Rush University Medical Center,USA,Health
332,University of Utah Health Care,USA,Health
333,Universitat Heidelberg,DEU,Universities
334,Hospital das Clinicas da Faculdade de Medicina da Universidade de Sao Paulo,BRA,Health
335,University of Athens,GRC,Universities
336,University of New Mexico Health Sciences Center,USA,Health
337,Nanjing University *,CHN,Universities
338,Oregon Health & Science University *,USA,Universities
339,Centro Hospitalar de Lisboa Norte,PRT,Health
340,Beth Israel Deaconess Medical Center,USA,Health
341,The Children's Hospital at Westmead,AUS,Health
342,UC Davis Health System,USA,Health
343,Universidade do Estado do Rio de Janeiro *,BRA,Universities
344,"Colorado State University, Fort Collins *",USA,Universities
345,Alan Turing Institute,GBR,Government
346,Centre Hospitalier Universitaire Vaudois ,CHE,Health
346,Dana Farber Cancer Institute ,USA,Health
348,University of Florida Health Science Center,USA,Health
348,University of Southern California Health Sciences Campus,USA,Health
350,University of Miami Health System,USA,Health
351,Institut d'Investigacio Biomedica de Bellvitge,ESP,Health
352,Donald and Barbara Zucker School of Medicine at Hofstra/Northwell,USA,Universities
353,Peking University Health Science Center,CHN,Universities
354,Hofstra University *,USA,Universities
355,Universidad Autonoma de Madrid *,ESP,Universities
356,"Institut National de Recherche pour l'Agriculture, l'Alimentation et l'Environnement *",FRA,Government
357,National Research Centre *,EGY,Government
357,Mario Negri Istituto di Ricerche Farmacologiche,ITA,Health
359,Universita degli Studi di Roma La Sapienza,ITA,Universities
360,University of Otago,NZL,Universities
361,Departamento de Salud Navarra,ESP,Health
362,National Health Laboratory Services,ZAF,Government
363,All India Institute of Medical Sciences,IND,Universities
364,Instituto Murciano de Investigacion Biosanitaria Pascual Parrilla,ESP,Health
365,Sheba Medical Center,ISR,Health
366,Dartmouth College *,USA,Universities
366,University of KwaZulu-Natal *,ZAF,Universities
368,Yale New Haven Health System,USA,Health
369,Parc de Salut Mar de Barcelona *,ESP,Health
370,"Kaiser Permanente Research, Washington",USA,Health
371,Centro Nacional de Microbiologia,ESP,Health
372,Tufts University,USA,Universities
373,Public Health Ontario,CAN,Health
374,Kyoto University *,JPN,Universities
375,Great Ormond Street Hospital for Children NHS Trust,GBR,Health
376,Shahid Beheshti University of Medical Sciences and Health Services *,IRN,Universities
377,Aristotle University of Thessaloniki,GRC,Universities
378,University of Kansas *,USA,Universities
379,Keele University,GBR,Universities
380,Royal Melbourne Hospital,AUS,Health
381,University College London Hospital NHS Trust,GBR,Health
382,"University of California, Irvine *",USA,Universities
383,H. Lee Moffitt Cancer Center and Research Institute,USA,Health
384,Sir Mortimer B. Davis Jewish General Hospital,CAN,Health
385,Friedrich-Alexander-Universitat Erlangen-Nurnberg *,DEU,Universities
385,Universitat Zurich,CHE,Universities
387,Centre Hospitalier Universitaire de Quebec,CAN,Health
388,RAND Corp,USA,Non-Profit
389,National University Health System *,SGP,Health
390,Indiana University-Bloomington,USA,Universities
390,Northwestern Medicine,USA,Health
392,Ministerio da Saude,BRA,Health
393,Florida State University *,USA,Universities
394,Tel Aviv University,ISR,Universities
395,Nagasaki University *,JPN,Universities
396,Istituto Nazionale dei Tumori Fondazione Giovanni Pascale IRCCS,ITA,Health
397,Deutsches Zentrum fur Herz Kreislauf Forschung,DEU,Health
398,"Queen Mary, University of London",GBR,Universities
399,University of Birmingham,GBR,Universities
400,Graduate School of Public Health and Health Policy,USA,Universities
401,Atlanta VA Medical Center,USA,Health
402,Technion - Israel Institute of Technology *,ISR,Universities
403,Siriraj Hospital,THA,Health
404,Universita degli Studi di Padova,ITA,Universities
405,University of Eastern Finland,FIN,Universities
406,Universitatsmedizin der Johannes Gutenberg-Universitat Mainz,DEU,Health
407,University of Manitoba,CAN,Universities
408,Universidad de Granada *,ESP,Universities
409,Universitat Internacional de Catalunya ,ESP,Universities
410,Cochrane *,MUL,Health
411,Toronto General Hospital,CAN,Health
412,"University of Illinois, College of Medicine at Chicago",USA,Health
413,General Dynamics *,MUL,Companies
413,George Institute for International Health *,AUS,Health
415,"Merck & Co Inc, United States",USA,Companies
415,Technische Universitat Dresden *,DEU,Universities
417,Umea University *,SWE,Universities
418,Osaka University *,JPN,Universities
419,Universite de Bordeaux *,FRA,Universities
420,Lancaster University *,GBR,Universities
421,National Center for Global Health and Medicine,JPN,Health
422,American Cancer Society,USA,Health
422,British Columbia Centre for Disease Control,CAN,Health
424,Temple University *,USA,Universities
425,University of New Mexico *,USA,Universities
426,University of Georgia,USA,Universities
427,"University of the Witwatersrand, Johannesburg",ZAF,Universities
428,"University of Hawaii, Manoa *",USA,Universities
429,University of Oslo,NOR,Universities
430,University of East Anglia *,GBR,Universities
431,Chongqing Medical University *,CHN,Universities
432,Universite de Geneve,CHE,Universities
433,VA San Diego Healthcare System,USA,Health
434,Universita degli Studi di Verona,ITA,Universities
435,Universita degli Studi di Perugia,ITA,Universities
436,Julius-Maximilians-Universitat Wurzburg *,DEU,Universities
437,South London and Maudsley NHS Foundation Trust,GBR,Health
438,European Commission *,MUL,Government
439,Universitat Leipzig *,DEU,Universities
440,Army Medical University *,CHN,Universities
441,University of Texas Southwestern Medical Center ,USA,Universities
442,National Institute of Child Health and Human Development,USA,Health
443,"University of Texas, Health Science Center at Houston",USA,Universities
444,Hong Kong Polytechnic University,HKG,Universities
445,Royal Children's Hospital Melbourne,AUS,Health
446,Hospital General Universitario Gregorio Maranon *,ESP,Health
447,Escuela Andaluza de Salud Publica,ESP,Health
447,CareGroup Healthcare System *,USA,Health
449,Ministry of Health,ISR,Health
450,Arizona State University *,USA,Universities
451,Korea University Medical Center,KOR,Health
452,Johnson & Johnson *,MUL,Companies
453,Hospital Universitari Vall d'Hebron,ESP,Health
454,Institut Hospital del Mar d’Investigacions Mediques,ESP,Health
455,Fondazione IRCCS Istituto Nazionale Tumori di Milano,ITA,Health
455,University of Vermont,USA,Universities
457,Loma Linda University *,USA,Universities
458,San Francisco VA Medical Center,USA,Health
458,Ministry of Health,SAU,Health
460,Orden Hospitalaria de San Juan de Dios *,ESP,Health
461,Children's Hospital Boston  *,USA,Health
461,Universite Montpellier *,FRA,Universities
463,"State University of New York, Albany",USA,Universities
464,"University of Texas, Austin",USA,Universities
465,Kyushu University *,JPN,Universities
466,University of Exeter,GBR,Universities
467,Hasselt University,BEL,Universities
468,General Dynamics Information Technology,USA,Companies
469,University of Leicester,GBR,Universities
470,Radboud University Nijmegen,NLD,Universities
471,Universidad del Pais Vasco *,ESP,Universities
472,Maastricht University,NLD,Universities
473,Universidad de la Frontera,CHL,Universities
474,Universitatsklinikum Bonn,DEU,Health
475,University of Pretoria,ZAF,Universities
476,Instituto Nacional de Saude Dr. Ricardo Jorge,PRT,Health
477,Universidad Complutense de Madrid *,ESP,Universities
478,Virginia Commonwealth University *,USA,Universities
479,St Georges University of London,GBR,Universities
480,Baylor University,USA,Universities
481,"University of Connecticut, Storrs *",USA,Universities
481,Padjadjaran University,IDN,Universities
483,University of South Carolina *,USA,Universities
484,Universidade Federal do Rio de Janeiro *,BRA,Universities
484,University of Waterloo *,CAN,Universities
486,Swiss Federal Institute of Technology,CHE,Universities
486,University of Nottingham *,GBR,Universities
486,Johannes Gutenberg-Universitat Mainz *,DEU,Universities
489,Universite Paris-Saclay *,FRA,Universities
489,National Taiwan University,TWN,Universities
491,Sunnybrook Health Sciences Centre,CAN,Health
492,Indian Council of Medical Research *,IND,Health
493,Aalborg University *,DNK,Universities
494,Tulane University *,USA,Universities
495,Children's Healthcare of Atlanta ,USA,Health
496,University of Western Ontario,CAN,Universities
497,Rheinische Friedrich-Wilhelms-Universitat Bonn *,DEU,Universities
498,University of Ljubljana *,SVN,Universities
499,Ludwig-Maximilians Universitat Munchen *,DEU,Universities
500,Texas Children's Hospital ,USA,Health
501,University of Iowa Health Care,USA,Health
502,Parc Sanitari de Sant Joan de Deu,ESP,Health
503,Wayne State University,USA,Universities
504,Harvard Pilgrim Health Care,USA,Health
505,University of Nevada-Las Vegas,USA,Universities
506,Cancer Council *,MUL,Non-Profit
507,The Ottawa Hospital  *,CAN,Health
508,Georgetown University Medical Center,USA,Health
509,Tufts Medical Center,USA,Health
509,Nanyang Technological University *,SGP,Universities
511,Universite Grenoble-Alpes *,FRA,Universities
511,Georgetown University *,USA,Universities
513,Alberta Health Services *,CAN,Health
514,Danish Cancer Society,DNK,Health
515,Centro de Investigacion Biomedica en Red de Salud Mental,ESP,Health
516,Uniformed Services University of the Health Sciences,USA,Universities
517,US Environmental Protection Agency,USA,Government
518,National Cancer Center,JPN,Health
519,Universidade do Porto *,PRT,Universities
520,University of Wisconsin Health,USA,Health
521,Hospital del Mar,ESP,Health
522,Universitat de Valencia *,ESP,Universities
522,University College Dublin,IRL,Universities
522,Klinikum Ludwig Maximilians Universitat Munchen,DEU,Health
525,Berlin Institute of Health,DEU,Health
526,Institut Gustave Roussy *,FRA,Health
527,North Carolina State University,USA,Universities
528,Technische Universitat Munchen *,DEU,Universities
529,Universidad de Chile *,CHL,Universities
530,Ministry of Public Health,THA,Health
531,Universidade Estadual de Campinas *,BRA,Universities
532,"General Dynamics Co, USA",USA,Companies
533,Azienda Ospedaliera Careggi,ITA,Health
533,Instituto de Salud Global de Barcelona,ESP,Health
535,University Hospital Maastricht,NLD,Health
536,Delegacion Territorial de Salud y Consumo Granada,ESP,Health
537,Mahidol University *,THA,Universities
538,"Fondazione IRCCS Ospedale Maggiore Policlinico, Mangiagalli e Regina Elena",ITA,Health
539,Institute for Clinical Evaluative Sciences *,CAN,Health
540,VA Pittsburgh Healthcare System,USA,Health
540,Alfred Health,AUS,Health
542,Chulalongkorn University,THA,Universities
543,Thammasat University,THA,Universities
544,Novartis *,MUL,Companies
544,Junta de Andalucia Granada,ESP,Government
546,"University of Missouri, Columbia *",USA,Universities
547,Klinikum Rechts der Isar der Technische Universitat Munchen,DEU,Health
548,University of York,GBR,Universities
549,Oslo University Hospital,NOR,Health
550,University of Virginia *,USA,Universities
551,Academy of Sciences of the Czech Republic *,CZE,Government
551,Ain Shams University *,EGY,Universities
553,Universidade Federal de Santa Catarina *,BRA,Universities
554,University of Bath,GBR,Universities
555,University of Southampton,GBR,Universities
555,Janssen,MUL,Companies
557,Centro Nacional de Epidemiologia,ESP,Health
558,Universita Commerciale Luigi Bocconi,ITA,Universities
558,Children's Hospital of Philadelphia,USA,Health
560,Conselleria de Sanitat Universal i Salut Publica Valencia,ESP,Health
561,Douglas Mental Health University Institute,CAN,Government
562,Comunidad Autonoma de la Region de Murcia *,ESP,Government
563,Ottawa Hospital Research Institute,CAN,Health
564,Fundacio per al Foment de la Investigacio Sanitaria i Biomedica,ESP,Non-Profit
564,Centro Superior de Investigacion en Salud Publica *,ESP,Health
566,Generalitat Valenciana *,MUL,Government
567,University of Texas Health Science Center at San Antonio ,USA,Universities
567,Medizinische Hochschule Hannover,DEU,Universities
567,National Health Research Institutes,TWN,Health
570,Sherbrooke University *,CAN,Universities
571,"Islamic Azad University, Karaj",IRN,Universities
571,Drexel University,USA,Universities
573,University of Wollongong *,AUS,Universities
574,St Michaels Hospital Toronto,CAN,Health
574,Masaryk University,CZE,Universities
576,"University of Massachusetts, Amherst",USA,Universities
577,Russian Academy of Sciences *,RUS,Government
578,Instituto de Investigacion Biosanitaria,ESP,Health
579,University of Tromso - The Arctic University of Norway,NOR,Universities
579,Generalitat de Catalunya *,MUL,Government
581,Qatar University,QAT,Universities
582,Simon Fraser University,CAN,Universities
583,Universitat Basel *,CHE,Universities
584,Penn State Milton S. Hershey Medical Center,USA,Health
585,University of Bergen,NOR,Universities
585,"National Institute of Public Health, Czech Republic",CZE,Health
587,Hospital de la Santa Creu i Sant Pau *,ESP,Health
588,University of Indonesia,IDN,Universities
589,Royal College of Surgeons *,IRL,Universities
590,Universitat Pompeu Fabra *,ESP,Universities
591,Universite de Montreal,CAN,Universities
592,Universidad de Murcia *,ESP,Universities
593,Hadassah University Medical Center *,ISR,Health
594,Universidade de Lisboa *,PRT,Universities
595,The University of Sheffield,GBR,Universities
596,Boston Medical Center ,USA,Health
597,South African Medical Research Council,ZAF,Health
598,University of Kentucky *,USA,Universities
599,Providence Health Care,CAN,Health
600,Henry Ford Health System,USA,Health
601,Florida International University,USA,Universities
601,Universite de Lausanne,CHE,Universities
603,Royal Brompton and Harefield NHS Foundation Trust,GBR,Health
604,Universita degli Studi dell'Insubria,ITA,Universities
605,West Virginia University *,USA,Universities
605,University of Warwick,GBR,Universities
607,Universitatsspital Zurich,CHE,Health
608,Helmholtz Zentrum Munchen Forschungszentrum fur Umwelt und Gesundheit,DEU,Government
609,Michigan State University,USA,Universities
610,City University of Hong Kong *,HKG,Universities
610,Medizinische Universitat Wien,AUT,Universities
612,Stockholm University *,SWE,Universities
613,Khon Kaen University,THA,Universities
614,University of Northern Colorado *,USA,Universities
615,University Hospital of Bern,CHE,Health
616,Universidade Federal do Rio Grande do Sul,BRA,Universities
617,Ghent University,BEL,Universities
618,University of South Florida,USA,Universities
619,George Mason University,USA,Universities
620,VA Northeast Ohio Healthcare System,USA,Health
621,Indiana University Health,USA,Health
622,St. Joseph's Healthcare Hamilton,CAN,Health
623,"China Medical University, Taichung *",TWN,Universities
623,Colorado School of Public Health,USA,Universities
625,Houston Methodist,USA,Health
626,Universita Cattolica del Sacro Cuore,ITA,Universities
626,Singapore General Hospital,SGP,Health
628,University of Nebraska Medical Center,USA,Universities
628,Queen's University Belfast,GBR,Universities
630,York University,CAN,Universities
631,Georgia State University,USA,Universities
632,Virginia Polytechnic Institute and State University *,USA,Universities
633,Lanzhou University *,CHN,Universities
634,Hospital Universitari Germans Trias i Pujol,ESP,Health
635,National Center for Geriatrics and Gerontology *,JPN,Health
636,University of Kansas Medical Center,USA,Health
637,Telethon Kids Institute,AUS,Health
638,Hamad Medical Corp *,QAT,Health
639,Universite de Lyon,FRA,Universities
640,UCSF Helen Diller Family Comprehensive Cancer Center,USA,Health
641,Clalit Health Services *,ISR,Health
641,"Washington State University, Pullman *",USA,Universities
643,Universidade Federal de Pelotas,BRA,Universities
644,Douglas Hospital,CAN,Health
645,University of Tennessee Health Science Center,USA,Health
645,"Northeastern University, USA",USA,Universities
645,Manipal University,IND,Universities
648,Aga Khan University *,PAK,Universities
649,Universita degli Studi di Torino,ITA,Universities
650,University College Cork *,IRL,Universities
650,Tampere University,FIN,Universities
652,Baker IDI Heart and Diabetes Institute,AUS,Health
653,Universitatsklinikum Koln,DEU,Health
654,University of Mississippi *,USA,Universities
655,"RTI International, United States",USA,Companies
656,Florey Neuroscience Institutes,AUS,Health
657,Tongji University *,CHN,Universities
658,Deutsches Zentrum fur Neurodegenerative Erkrankungen,DEU,Government
659,Aalborg University Hospital,DNK,Health
660,Jinan University *,CHN,Universities
661,Wellcome Trust Sanger Institute,GBR,Health
662,Yonsei University *,KOR,Universities
663,Temple Health,USA,Health
663,University of South Australia,AUS,Universities
665,University of Hawai'i Cancer Center,USA,Health
666,Instituto Rene Rachou,BRA,Health
667,Universidad Nacional Autonoma de Mexico,MEX,Universities
668,Australian National University,AUS,Universities
668,Thomas Jefferson University *,USA,Universities
670,Universidad de Antioquia *,COL,Universities
671,Universitatsklinikum Leipzig,DEU,Health
672,National Taiwan University Hospital,TWN,Health
673,Augusta University *,USA,Universities
674,Zhengzhou University *,CHN,Universities
675,VCU Medical Center,USA,Health
676,"University of Maryland, College Park *",USA,Universities
677,"National University of Ireland, Galway",IRL,Universities
678,Consejo Nacional de Investigaciones Cientificas y Tecnicas *,ARG,Government
679,University of Turku,FIN,Universities
680,The Hong Kong University of Science and Technology,HKG,Universities
681,Universite Francois Rabelais de Tours *,FRA,Universities
682,Centre Hospitalier Universitaire de Nancy,FRA,Health
683,City of Hope,USA,Health
684,Centre Hospitalier Universitaire de Grenoble,FRA,Health
685,Children's Hospital of Eastern Ontario,CAN,Health
686,Mansoura University *,EGY,Universities
687,Freie Universitat Berlin,DEU,Universities
687,Queensland Institute of Medical Research,AUS,Health
689,University of Oulu,FIN,Universities
690,American University of Beirut *,LBN,Universities
691,HealthPartners Research Foundation,USA,Government
692,Hebrew University of Jerusalem,ISR,Universities
693,Universita degli Studi di Palermo,ITA,Universities
694,Universite Paris-Nord 13 *,FRA,Universities
695,University of Mississippi Medical Center,USA,Universities
696,Hospital Israelita Albert Einstein,BRA,Health
697,San Diego State University,USA,Universities
698,Pan American Health Organization,MUL,Health
699,"State University of New York, Stony Brook *",USA,Universities
700,Ajuntament de Barcelona *,ESP,Government
701,Alfaisal University,SAU,Universities
702,National Yang Ming Chiao Tung University,TWN,Universities
703,Tarbiat Modares University,IRN,Universities
704,"Novartis, Switzerland",CHE,Companies
704,University of Auckland,NZL,Universities
706,University Hospitals Bristol NHS Foundation Trust,GBR,Health
707,University of Louisville *,USA,Universities
708,St Jude Childrens Research Hospital,USA,Health
709,Academia Sinica *,TWN,Government
710,Universitatsklinikum Freiburg,DEU,Health
711,Keio University *,JPN,Universities
712,Norwegian University of Science and Technology,NOR,Universities
713,University Hospitals Leuven,BEL,Health
714,Ministry of Health,MYS,Health
715,Assistance Publique Hopitaux de Marseille *,FRA,Health
716,Universitat Witten-Herdecke,DEU,Universities
717,Universite de Rennes 1 *,FRA,Universities
718,Centre Hospitalier Regional Universitaire de Lille *,FRA,Health
719,University of Delhi *,IND,Universities
720,Fujian Medical University *,CHN,Universities
721,Pfizer *,MUL,Companies
721,Linkoping University,SWE,Universities
723,University of Belgrade,SRB,Universities
724,Azienda Ospedaliero Universitaria di Bologna - Policlinico di Sant'Orsola Malpighi,ITA,Health
724,USF Health,USA,Universities
726,Deakin University *,AUS,Universities
727,Universita degli Studi di Pisa,ITA,Universities
728,Queen's University,CAN,Universities
729,University of Ioannina,GRC,Universities
729,"University of Technology, Sydney",AUS,Universities
731,Universitat Potsdam *,DEU,Universities
732,West China Hospital,CHN,Health
733,Denver Health Medical Center,USA,Health
734,Centre d'Epidemiologie et de Recherche en Sante des POPulations de Toulouse,FRA,Government
735,Universita degli Studi di Bari,ITA,Universities
736,Hamadan University of Medical Sciences,IRN,Universities
736,Universita degli Studi di Pavia,ITA,Universities
738,Postgraduate Institute of Medical Education and Research,IND,Universities
739,Institut Pierre Louis d'Epidemiologie et de Sante Publique,FRA,Government
739,Alexandria University *,EGY,Universities
741,NHS Lothian,GBR,Health
742,Guangxi Medical University *,CHN,Universities
743,National Cancer Center,KOR,Health
744,Gadjah Mada University,IDN,Universities
745,Pontificia Universidad Catolica de Chile *,CHL,Universities
746,Sanofi *,MUL,Companies
747,Fukushima Medical University *,JPN,Universities
748,Oregon State University,USA,Universities
749,Purdue University,USA,Universities
750,Cambridge University Hospitals NHS Foundation Trust,GBR,Health
751,"State University of New York, Buffalo",USA,Universities
752,Universite de Nantes *,FRA,Universities
753,Cancer Council Victoria,AUS,Non-Profit
754,Aramco *,MUL,Companies
755,University of Virginia Health System,USA,Health
756,"University of Colorado, Boulder *",USA,Universities
757,VA Puget Sound Health Care System,USA,Health
757,Tokyo Medical and Dental University,JPN,Universities
759,Instituto Israelita de Ensino e Pesquisa Albert Einstein,BRA,Health
760,Janssen Biotech Inc,USA,Companies
761,Instituto Nacional de Salud Publica *,MEX,Health
762,City University of New York Graduate Center,USA,Universities
763,Orebro Universitet,SWE,Universities
764,Iran University of Medical Sciences *,IRN,Universities
765,Consiglio Nazionale delle Ricerche *,ITA,Government
766,"Institut Catala d'Oncologia, Hospitalet de Llobregat",ESP,Health
767,Universitatsklinikum Heidelberg,DEU,Health
768,Princeton University,USA,Universities
769,University of Western Sydney,AUS,Universities
770,Humboldt-Universitat zu Berlin *,DEU,Universities
771,European Commission - Joint Research Centre,MUL,Government
772,"Texas A&M University, College Station *",USA,Universities
773,International Institute for Population Sciences,IND,Universities
774,Universidade Federal da Bahia,BRA,Universities
775,Universite Paris-Est Creteil *,FRA,Universities
776,Justus-Liebig-Universitat Giessen *,DEU,Universities
777,University of Kentucky HealthCare,USA,Health
778,Biodonostia Institute,ESP,Health
779,Hospital de Clinicas de Porto Alegre,BRA,Health
780,Instituto Nacional de Ciencias Medicas y Nutricion Salvador Zubiran,MEX,Health
781,King Saud University *,SAU,Universities
782,Biotechnology and Biological Sciences Research Council *,GBR,Government
783,Universidade Federal do Espirito Santo,BRA,Universities
784,Centre Hospitalier Universitaire de Toulouse *,FRA,Health
785,Medical College of Wisconsin,USA,Universities
786,Albert-Ludwigs-Universitat Freiburg im Breisgau,DEU,Universities
787,Cairo University *,EGY,Universities
788,Shiraz University of Medical Sciences *,IRN,Universities
789,Ben-Gurion University of the Negev *,ISR,Universities
789,University of Victoria,CAN,Universities
791,Russian Academy of Medical Sciences,RUS,Health
792,London School of Economics and Political Science,GBR,Universities
793,Medizinische Universitat Innsbruck *,AUT,Universities
794,Macquarie University *,AUS,Universities
795,Institut de Recerca de l'Hospital de la Santa Creu i Sant Pau    ,ESP,Health
796,Stellenbosch University,ZAF,Universities
797,University of Aberdeen,GBR,Universities
797,Centre de Recherche en Epidemiologie et Statistiques,FRA,Government
799,Medical University of South Carolina *,USA,Universities
800,Universidade Estadual Paulista Julio de Mesquita Filho,BRA,Universities
801,Tianjin Medical University *,CHN,Universities
802,Universita degli Studi di Genova,ITA,Universities
802,Prince of Songkla University,THA,Universities
804,University of Tsukuba *,JPN,Universities
805,"Universite Paul Sabatier, Toulouse III *",FRA,Universities
805,Manipal Global Education Group *,MUL,Companies
807,Brigham Young University,USA,Universities
808,University of Ulster,GBR,Universities
809,Martin-Luther-Universitat Halle-Wittenberg *,DEU,Universities
810,Swiss Tropical and Public Health Institute,CHE,Government
811,Health Canada,CAN,Health
811,Institut Catala de la Salut Metropolitana Nord,ESP,Health
813,Swansea University,GBR,Universities
814,VA Salt Lake City Health Care System,USA,Health
815,Hospital for Sick Children,CAN,Health
815,IQVIA Inc *,MUL,Companies
817,The University of Newcastle,AUS,Universities
818,University of Louisville Health Sciences Center,USA,Health
819,University of Massachusetts Medical School,USA,Universities
820,Escola Nacional de Saude Publica Sergio Arouca,BRA,Universities
821,New York State Psychiatric Institute,USA,Health
822,Bond University,AUS,Universities
823,Universite du Quebec en Quebec *,CAN,Universities
824,Universidade Nova de Lisboa *,PRT,Universities
824,Cancer Council New South Wales,AUS,Non-Profit
826,Universitat Rostock *,DEU,Universities
827,University of Rhode Island,USA,Universities
828,"Kaiser Permanente Southern California, Pasadena",USA,Health
829,Bayer *,MUL,Companies
830,Turku University Hospital,FIN,Health
831,"Saint Louis University, Saint Louis *",USA,Universities
832,Universita degli Studi di Modena e Reggio Emilia,ITA,Universities
833,University of Limerick,IRL,Universities
834,La Trobe University *,AUS,Universities
835,Federal Budget Institute of Science Central Research Institute of Epidemiology,RUS,Non-Profit
835,Southern Medical University *,CHN,Universities
837,Cancer Registry of Norway Institute of Population-Based Cancer Research,NOR,Government
838,University of Illinois at Urbana-Champaign *,USA,Universities
839,Heinrich Heine Universitat Dusseldorf  *,DEU,Universities
840,Charles University *,CZE,Universities
841,Ernst-Moritz-Arndt-Universitat Greifswald *,DEU,Universities
842,Queensland University of Technology,AUS,Universities
843,Universitatsspital Basel *,CHE,Health
844,Institut de Recherche pour le Developpement *,MUL,Government
845,Edith Cowan University,AUS,Universities
846,Michael E. DeBakey VA Medical Center,USA,Health
847,Sungkyunkwan University,KOR,Universities
848,Airlangga university,IDN,Universities
849,Universitat Ulm *,DEU,Universities
850,Generalitat Valenciana Valencia,ESP,Government
851,Dow University of Health Sciences,PAK,Universities
852,Universitatsklinikum Greifswald,DEU,Health
853,British Columbia Cancer Agency *,CAN,Health
854,"University of Wisconsin, Milwaukee",USA,Universities
855,U.S. Army *,USA,Government
856,Mount Sinai Hospital Joseph and Wolf Lebovic Health Complex,CAN,Health
857,VA Boston Healthcare System,USA,Health
858,Centre Hospitalier Universitaire de Rennes,FRA,Health
859,Universidade de Brasilia,BRA,Universities
860,"IQVIA, United States",USA,Companies
861,Universita degli Studi di Firenze,ITA,Universities
862,Seoul National University Hospital *,KOR,Health
863,University of Oklahoma *,USA,Universities
864,Children's Hospital Los Angeles ,USA,Health
865,The Pirbright Institute,GBR,Government
866,Universita degli Studi di Milano-Bicocca,ITA,Universities
866,University Hospitals Leicester NHS Trust,GBR,Health
866,Centre de Recherche Bordeaux Population Health,FRA,Government
869,L'Alma Mater Studiorum - Universita di Bologna,ITA,Universities
870,VA Greater Los Angeles Healthcare System,USA,Health
871,Jordan University of Science and Technology,JOR,Universities
872,Universidade Federal do Ceara,BRA,Universities
873,University of Baghdad,IRQ,Universities
874,Universidade Federal de Sao Paulo *,BRA,Universities
875,National Institute of Epidemiology,IND,Health
876,Universitatsklinikum Gottingen,DEU,Health
877,University of Saskatchewan,CAN,Universities
878,Universite PSL *,FRA,Universities
879,University of Surrey,GBR,Universities
880,Hospital Universitario 12 de Octubre *,ESP,Health
881,King Abdulaziz University *,SAU,Universities
882,Georgia Institute of Technology *,USA,Universities
883,University of South Florida System *,USA,Universities
884,Min Lab,CHN,Companies
884,Nagoya University *,JPN,Universities
886,"Soochow University, Suzhou *",CHN,Universities
887,Yonsei University Health System,KOR,Health
888,Guys & Saint Thomas NHS Foundation Trust,GBR,Health
889,Hospital Universitario La Paz,ESP,Health
890,Universite de Versailles Saint Quentin en Yvelines *,FRA,Universities
890,University of Durham,GBR,Universities
890,VA Ann Arbor Healthcare System,USA,Health
893,Makerere University *,UGA,Universities
894,Neuroscience Research Australia,AUS,Health
895,University of Ghana,GHA,Universities
896,University of Malaya *,MYS,Universities
897,Chiba University *,JPN,Universities
898,Universita degli Studi di Ferrara,ITA,Universities
899,National Cheng Kung University,TWN,Universities
900,Hippokration General Hospital,GRC,Health
900,Universita degli Studi della Campania Luigi Vanvitelli,ITA,Universities
902,University of Ibadan,NGA,Universities
903, Centre Hospitalier de l'Universite de Montreal,CAN,Health
904,"Sanofi, France",FRA,Companies
905,Yokohama City University *,JPN,Universities
905,University of Gondar,ETH,Universities
907,Rhode Island Hospital ,USA,Health
908,Universidad Peruana Cayetano Heredia,PER,Universities
909,Generalitat de Catalunya Barcelona,ESP,Government
910,Center for Drug Evaluation & Research,USA,Government
911,Griffith University,AUS,Universities
912,"University of California, Irvine Healthcare",USA,Health
912,Steno Diabetes Center,DNK,Health
914,Ospedale Policlinico San Martino,ITA,Health
915,"University of Texas, San Antonio",USA,Universities
916,West China Fourth Hospital,CHN,Health
917,Region Stockholm,SWE,Government
918,Children's Hospital Colorado,USA,Health
919,Haukeland University Hospital,NOR,Health
920,University of Nairobi,KEN,Universities
921,West Virginia University Health Sciences Center,USA,Health
922,Hamilton Health Sciences *,CAN,Health
923,National Research Institute for Child Health and Development,JPN,Health
924,Hacettepe University,TUR,Universities
925,University of Nevada-Reno,USA,Universities
926,Samsung Medical Center Seoul,KOR,Health
927,University of Guelph,CAN,Universities
928,University of Mosul,IRQ,Universities
929,Juntendo University *,JPN,Universities
930,Curtin University *,AUS,Universities
931,Johns Hopkins Aramco Healthcare,SAU,Health
932,Universite Libre de Bruxelles,BEL,Universities
932,Kaiser Permanente Center for Health Research ,USA,Health
934,Public Health Institute,USA,Health
935,ICF International Inc,USA,Companies
936,Russian Medical Academy of Continuous Professional Education,RUS,Health
937,Kenya Medical Research Institute,KEN,Health
938,Universitat Regensburg *,DEU,Universities
939,Chiang Mai University,THA,Universities
939,George Washington The School of Medicine & Health Sciences,USA,Health
941,Agencia de Salut Publica de Barcelona,ESP,Health
942,Flinders University,AUS,Universities
943,I.M. Sechenov First Moscow State Medical University,RUS,Universities
944,University Hospital of Northern Norway,NOR,Health
945,King Georges Medical University,IND,Universities
946,New York City Health and Hospitals Corp *,USA,Health
947,Institut de Recherche pour le Developpement France,FRA,Government
948,Universidad de Puerto Rico *,PRI,Universities
949,Institute of Tropical Medicine Antwerp,BEL,Universities
950,Public Health Foundation of India *,IND,Health
951,Ann & Robert H Lurie Children s Hospital,USA,Health
951,Oulu University Hospital,FIN,Health
953,Loyola University of Chicago *,USA,Universities
954,Women's College Hospital,CAN,Health
955,Universite de Caen Basse-Normandie *,FRA,Universities
956,MedStar Health *,USA,Health
957,"University of North Carolina, Charlotte",USA,Universities
958,Carol Davila University of Medicine and Pharmacy,ROU,Universities
959,Scuola Superiore S. Anna di Studi Universitari e di Perfezionamento *,ITA,Universities
960,Chang Gung University,TWN,Universities
961,"Pfizer Inc, United States",USA,Companies
962,Universite de Lille *,FRA,Universities
963,University of Oklahoma Health Sciences Center,USA,Universities
964,Detroit Medical Center,USA,Health
965,Centro de Investigacion Biomedica en Red de Enfermedades Respiratorias,ESP,Health
966,Henry M Jackson Foundation for the Advancement of Military Medicine,USA,Health
967,University of Central Florida,USA,Universities
968,Royal Netherlands Academy of Arts and Sciences *,NLD,Government
969,"Saudi Arabian Oil Co, Saudi Arabia",SAU,Companies
970,Addis Ababa University,ETH,Universities
971,Zealand University Hospital,DNK,Health
972,Paracelsus Medizinische Privatuniversitat,AUT,Universities
973,Universidad de Costa Rica,CRI,Universities
974,Rutgers Cancer Institute of New Jersey,USA,Health
975,"University of the West Indies, Mona Campus *",JAM,Universities
976,State University of New York Upstate Medical University *,USA,Universities
976,"Consejo Nacional de Humanidades, Ciencias y Tecnologias *",MEX,Government
978,King Saud bin Abdulaziz University for Health Sciences *,SAU,Universities
979,Tilburg University,NLD,Universities
980,University of the Philippines Diliman *,PHL,Universities
981,"University of Tennessee, Knoxville *",USA,Universities
981,Tabriz University of Medical Sciences,IRN,Universities
983,Istituto di Fisiologia Clinica,ITA,Government
983,"Louisiana State University, Health Sciences Center *",USA,Universities
985,"Louisiana State University, Baton Rouge",USA,Universities
985,Sociedade Beneficente Israelita Brasileira Albert Einstein *,BRA,Non-Profit
987,"Universidad de Puerto Rico, Ciencias Medicas",PRI,Universities
987,Netherlands Cancer Institute - Antoni van Leeuwenhoek Hospital,NLD,Health
989,Massey University,NZL,Universities
990,University of Jordan,JOR,Universities
991,Centre Hospitalier Universitaire de Bordeaux,FRA,Health
992,VA Connecticut Healthcare System,USA,Health
993,Shandong University Qilu Hospital,CHN,Health
993,Universidad Nacional Autonoma de Honduras *,HND,Universities
995,Memorial University of Newfoundland,CAN,Universities
996,Population Health Research Institute,CAN,Health
997,Hasanuddin University,IDN,Universities
998,Nanfang Hospital,CHN,Health
999,RTI Health Solutions *,MUL,Companies
1000,"University of Massachusetts, Lowell",USA,Universities
1000,Universite de Lorraine *,FRA,Universities
1002,Fordham University,USA,Universities
1003,China National Center for Food Safety Risk Assessment,CHN,Health
1004,Universitat d'Alacant *,ESP,Universities
1005,Beijing Normal University *,CHN,Universities
1006,Pontificia Universidad Javeriana *,COL,Universities
1007,Catholic University of Louvain,BEL,Universities
1008,Westat Corp,USA,Government
1009,Wenzhou Medical University *,CHN,Universities
1010,Universitat Bremen *,DEU,Universities
1011,"China Medical University, Shenyang *",CHN,Universities
1012,Universidade Federal de Mato Grosso,BRA,Universities
1013,Nanjing Medical University *,CHN,Universities
1014,Catholic University of Korea *,KOR,Universities
1015,Universite de Toulouse,FRA,Universities
1016,Mashhad University of Medical Sciences,IRN,Universities
1017,Stavanger University Hospital,NOR,Health
1018,"Chang Gung Memorial Hospital, Taipei *",TWN,Health
1019,Burnet Institute,AUS,Health
1020,National University of Malaysia *,MYS,Universities
1021,VA Palo Alto Health Care System,USA,Health
1022,Kwame Nkrumah University of Science and Technology,GHA,Universities
1023,Bruyere Research Institute,CAN,Health
1024,Boston College,USA,Universities
1024,Loyola Medicine,USA,Health
1026,University of Jyvaskyla,FIN,Universities
1027,"University of Missouri, Kansas City",USA,Universities
1028,Taipei Medical University,TWN,Universities
1029,Jimma University *,ETH,Universities
1029,University of Sussex *,GBR,Universities
1031,Universite Cote d’Azur *,FRA,Universities
1032,Amrita Institute for Medical Science and Research,IND,Health
1033,University of Zimbabwe,ZWE,Universities
1033,Texas Tech University Health Sciences Center,USA,Universities
1035,Uganda Ministry of Health,UGA,Health
1036,Ahvaz Jundishapur University of Medical Sciences *,IRN,Universities
1037,Ewha Womans University *,KOR,Universities
1038,Medical University of Kerman,IRN,Universities
1039,Mustansiriyah University,IRQ,Universities
1040,Kermanshah University of Medical Sciences,IRN,Universities
1041,BC Children's Hospital and Sunny Hill Health Centre for Children Vancouver,CAN,Health
1042,SUNY Downstate Medical Center,USA,Universities
1043,Universita degli Studi di Brescia,ITA,Universities
1044,University of Iceland,ISL,Universities
1045,Haramaya University,ETH,Universities
1046,Soroka University Medical Center,ISR,Health
1047,Nanchang University *,CHN,Universities
1048,Mazandaran University of Medical Sciences,IRN,Universities
1049,William S. Middleton Memorial Veterans Hospital,USA,Health
1050,Commonwealth Scientific and Industrial Research Organization *,AUS,Government
1051,Chung-Ang University *,KOR,Universities
1052,I. Mechnikov Research Institute of Vaccines and Sera of the Russian Academy of Medical Sciences,RUS,Health
1053,Anhui Medical University *,CHN,Universities
1054,Istituto Auxologico Italiano IRCCS,ITA,Health
1055,Universita degli Studi di Roma Tor Vergata,ITA,Universities
1056,Shanghai Pulmonary Hospital,CHN,Health
1057,Universidad Cientifica del Sur,PER,Universities
1058,Centre Hospitalier Universitaire de Limoges *,FRA,Health
1059,Harbin Medical University *,CHN,Universities
1060,Isfahan University of Medical Sciences *,IRN,Universities
1061,Conselho Nacional de Desenvolvimento Cientifico e Tecnologico *,BRA,Government
1062,Centre for Addiction and Mental Health,CAN,Health
1063,Clemson University,USA,Universities
1064,University of Tasmania,AUS,Universities
1065,Kuopio University Hospital,FIN,Health
1066,University of Anbar,IRQ,Universities
1067,University of Haifa,ISR,Universities
1068,Edward Hines Jr VA Hospital,USA,Health
1069,American University of Beirut Medical Center,LBN,Health
1070,Ecole des Hautes Etudes en Sante Publique,FRA,Universities
1070,Diyala University,IRQ,Universities
1072,VetAgro Sup *,FRA,Universities
1073,Portland State University,USA,Universities
1074,Wroclaw Medical University,POL,Universities
1075,Hallym University *,KOR,Universities
1076,Kunming Medical University *,CHN,Universities
1077,Kabul University,AFG,Universities
1078,Johann Wolfgang Goethe-Universitat Frankfurt am Main *,DEU,Universities
1079,University of the Philippines Manila,PHL,Universities
1080,"Cancer Institute and Hospital, Chinese Academy of Medical Sciences",CHN,Health
1081,Shandong First Medical University *,CHN,Universities
1082,University of Johannesburg,ZAF,Universities
1083,Tikrit University,IRQ,Universities
1084,"Lincoln University College, Kuala Lumpur",MYS,Universities
1085,Care New England Health System *,USA,Health
1086,Al-Nahrain University,IRQ,Universities
1087,Minneapolis VA Health Care System,USA,Health
1088,Sun Health  *,USA,Health
1089,Iowa City VA Health Care System,USA,Health
1090,Saint Louis University Care,USA,Health
1091,Pirogov Russian National Research Medical University,RUS,Universities
1092,Institute of Epidemiology and Microbiology of the Russian Academy of Medical Sciences,RUS,Health
1093,Peoples'Friendship University of Russia,RUS,Universities
1094,Shanxi Medical University *,CHN,Universities
1095,Federal Medical Biological Agency *,RUS,Health
1096,Moscow State University of Medicine and Dentistry,RUS,Universities
