Global Rank,Institution,Country,Sector
1,University of Oxford *,GBR,Universities
2,Harvard University *,USA,Universities
3,University of Amsterdam *,NLD,Universities
4,University of Toronto,CAN,Universities
5,University of Melbourne *,AUS,Universities
6,University College London *,GBR,Universities
7,Centre National de la Recherche Scientifique *,FRA,Government
8,"University of Michigan, Ann Arbor *",USA,Universities
9,London School of Economics and Political Science,GBR,Universities
10,New York University *,USA,Universities
11,State University - Higher School of Economics,RUS,Universities
12,Chinese Academy of Sciences *,CHN,Government
13,The University of Manchester *,GBR,Universities
14,Michigan State University,USA,Universities
15,Russian Academy of Sciences *,RUS,Government
16,Kings College London,GBR,Universities
17,University of Cambridge *,GBR,Universities
18,University of Pennsylvania *,USA,Universities
19,Stanford University *,USA,Universities
20,The University of Edinburgh *,GBR,Universities
21,"Monash University, Melbourne *",AUS,Universities
22,Pennsylvania State University *,USA,Universities
23,Columbia University *,USA,Universities
24,Utrecht University *,NLD,Universities
25,Arizona State University *,USA,Universities
26,The University of Sheffield,GBR,Universities
27,University of Washington *,USA,Universities
28,"Rutgers, The State University of New Jersey",USA,Universities
29,"University of California, Berkeley *",USA,Universities
30,Catholic University of Leuven,BEL,Universities
31,Cornell University *,USA,Universities
32,"University of California, Los Angeles *",USA,Universities
33,"University of North Carolina, Chapel Hill *",USA,Universities
34,University of Oslo,NOR,Universities
35,Yale University *,USA,Universities
36,National University of Singapore *,SGP,Universities
37,"University of Texas, Austin",USA,Universities
38,Ministry of Education of the People's Republic of China,CHN,Government
39,City University of New York *,USA,Universities
40,University of New South Wales *,AUS,Universities
41,University of Sydney *,AUS,Universities
42,University of Helsinki,FIN,Universities
43,Australian National University,AUS,Universities
44,The University of Queensland *,AUS,Universities
45,University of Illinois at Urbana-Champaign *,USA,Universities
46,"Northwestern University, Evanston *",USA,Universities
47,University of Chicago *,USA,Universities
48,"Ohio State University, Columbus *",USA,Universities
49,The University of British Columbia,CAN,Universities
50,University of Gothenburg,SWE,Universities
51,University of Sussex *,GBR,Universities
52,Universitat Zurich,CHE,Universities
53,University of Copenhagen,DNK,Universities
54,"University of Wisconsin, Madison *",USA,Universities
55,University of Southern California *,USA,Universities
56,Leiden University *,NLD,Universities
57,Aarhus University *,DNK,Universities
58,Vrije Universiteit Amsterdam *,NLD,Universities
59,University of Groningen *,NLD,Universities
60,Erasmus University Rotterdam *,NLD,Universities
61,"University of Minnesota, Twin Cities *",USA,Universities
62,Stockholm University *,SWE,Universities
63,CGIAR Consortium of International Agricultural Research *,MUL,Non-Profit
64,McGill University *,CAN,Universities
65,University of Birmingham,GBR,Universities
66,Huazhong University of Science and Technology *,CHN,Universities
67,Indiana University-Bloomington,USA,Universities
68,"University of California, Irvine *",USA,Universities
69,Johns Hopkins University *,USA,Universities
70,"University of California, Davis *",USA,Universities
71,Lunds University,SWE,Universities
72,Uppsala University,SWE,Universities
73,University of Exeter,GBR,Universities
74,Universitat Wien,AUT,Universities
75,Queensland University of Technology,AUS,Universities
76,University of Warwick,GBR,Universities
77,Max Planck Gesellschaft *,DEU,Government
78,Vanderbilt University *,USA,Universities
79,The University of Hong Kong *,HKG,Universities
80,Princeton University,USA,Universities
81,University of Glasgow *,GBR,Universities
82,Griffith University,AUS,Universities
83,Cardiff University,GBR,Universities
84,University of Leeds,GBR,Universities
85,University of Nottingham *,GBR,Universities
86,Universidade de Sao Paulo *,BRA,Universities
87,Consejo Nacional de Investigaciones Cientificas y Tecnicas *,ARG,Government
88,University of Georgia,USA,Universities
89,Duke University *,USA,Universities
90,University of Bristol *,GBR,Universities
91,Humboldt-Universitat zu Berlin *,DEU,Universities
92,Deakin University *,AUS,Universities
93,Fudan University *,CHN,Universities
94,Universitat Autonoma de Barcelona *,ESP,Universities
95,Florida State University *,USA,Universities
96,Ghent University,BEL,Universities
97,Beijing Institute of Technology,CHN,Universities
98,Boston University *,USA,Universities
99,University of Southampton,GBR,Universities
100,Vanderbilt University Medical Center,USA,Health
101,Ludwig-Maximilians Universitat Munchen *,DEU,Universities
102,National Institutes of Health,USA,Health
103,Carnegie Mellon University *,USA,Universities
104,Emory University *,USA,Universities
105,Universidad Complutense de Madrid *,ESP,Universities
106,University of Waterloo *,CAN,Universities
107,Norwegian University of Science and Technology,NOR,Universities
108,"Newcastle University, Newcastle upon Tyne",GBR,Universities
109,University of Florida *,USA,Universities
110,University of Pittsburgh *,USA,Universities
111,Loughborough University,GBR,Universities
112,University of Durham,GBR,Universities
113,L'Alma Mater Studiorum - Universita di Bologna,ITA,Universities
114,University of York,GBR,Universities
115,University of Essex,GBR,Universities
116,Beijing Jiaotong University,CHN,Universities
117,York University,CAN,Universities
118,The University of Kent,GBR,Universities
119,Trinity College Dublin *,IRL,Universities
120,University of Manitoba,CAN,Universities
121,Leibniz Gemeinschaft *,DEU,Government
122,Hebrew University of Jerusalem,ISR,Universities
123,Universitat Hamburg *,DEU,Universities
124,University of Virginia *,USA,Universities
125,Universitat Mannheim,DEU,Universities
126,Georgetown University *,USA,Universities
127,The Chinese University of Hong Kong *,HKG,Universities
128,University of Ottawa,CAN,Universities
129,Washington University in Saint Louis *,USA,Universities
130,Hainan University,CHN,Universities
131,Universidad Nacional Autonoma de Mexico,MEX,Universities
132,"University of California, San Diego *",USA,Universities
133,Swiss Federal Institute of Technology,CHE,Universities
134,University of Calgary *,CAN,Universities
135,Carleton University,CAN,Universities
136,University of Liverpool *,GBR,Universities
137,"University of Massachusetts, Amherst",USA,Universities
138,European University Institute,ITA,Universities
139,Radboud University Nijmegen,NLD,Universities
140,Freie Universitat Berlin,DEU,Universities
141,University of Turku,FIN,Universities
142,University of Western Sydney,AUS,Universities
143,George Washington University *,USA,Universities
144,The Nottingham Trent University,GBR,Universities
145,Universitat de Barcelona *,ESP,Universities
146,University of Alberta,CAN,Universities
147,Wuhan University *,CHN,Universities
148,University of Warsaw,POL,Universities
149,"University of California, Riverside",USA,Universities
150,"ParisTech, Institut des Sciences et Technologies de Paris - PRES *",FRA,Government
151,Universite de Lille *,FRA,Universities
152,Universidade de Brasilia,BRA,Universities
153,Athens University of Economics and Business,GRC,Universities
154,"University of Maryland, College Park *",USA,Universities
155,Universite Paris-Saclay *,FRA,Universities
156,Wageningen University and Research Centre,NLD,Universities
157,Woodruff Health Sciences Center,USA,Health
158,Georgia State University,USA,Universities
159,University of Arizona *,USA,Universities
160,Universita degli Studi di Roma La Sapienza,ITA,Universities
161,Tsinghua University *,CHN,Universities
162,Massachusetts Institute of Technology *,USA,Universities
163,Universita degli Studi di Milano,ITA,Universities
164,University of Western Ontario,CAN,Universities
165,Institut d'Etudes Politiques de Paris-Sciences Po,FRA,Universities
166,Tampere University,FIN,Universities
167,Hunan University,CHN,Universities
168,Universidade de Lisboa *,PRT,Universities
169,University of Wollongong *,AUS,Universities
170,University of South Florida,USA,Universities
171,"Texas A&M University, College Station *",USA,Universities
172,University of Auckland,NZL,Universities
173,Tilburg University,NLD,Universities
174,Lancaster University *,GBR,Universities
175,Zhejiang University *,CHN,Universities
176,Brown University,USA,Universities
177,Universite de Lausanne,CHE,Universities
178,Simon Fraser University,CAN,Universities
179,U.S. Department of Health & Human Services *,USA,Health
180,Saint Petersburg State University,RUS,Universities
181,University of South Florida System *,USA,Universities
182,La Trobe University *,AUS,Universities
183,University of Cincinnati *,USA,Universities
184,London School of Hygiene and Tropical Medicine,GBR,Universities
185,University of Antwerp,BEL,Universities
186,Technische Universitat Munchen *,DEU,Universities
187,Universite de Montreal,CAN,Universities
188,"University of Colorado, Boulder *",USA,Universities
189,University of Kansas *,USA,Universities
190,University College Dublin,IRL,Universities
191,George Mason University,USA,Universities
192,"University of Illinois, Chicago *",USA,Universities
193,Nanyang Technological University *,SGP,Universities
194,Queen's University Belfast,GBR,Universities
195,Ernst-Moritz-Arndt-Universitat Greifswald *,DEU,Universities
196,Hamad Bin Khalifa University *,QAT,Universities
197,Pontificia Universidad Catolica de Chile *,CHL,Universities
198,Charles University *,CZE,Universities
199,Macquarie University *,AUS,Universities
199,United Nations *,MUL,Non-Profit
201,Purdue University,USA,Universities
202,University of Utah *,USA,Universities
203,Sichuan University *,CHN,Universities
204,Manipal University,IND,Universities
205,"Queen Mary, University of London",GBR,Universities
206,Maastricht University,NLD,Universities
207,"University of Maryland, Baltimore",USA,Universities
208,Universidad de Granada *,ESP,Universities
209,Universitat Bern *,CHE,Universities
210,World Bank Group *,MUL,Non-Profit
211,University of Haifa,ISR,Universities
212,"University of the Witwatersrand, Johannesburg",ZAF,Universities
213,Peking University *,CHN,Universities
214,Universite du Quebec en Quebec *,CAN,Universities
215,University of Johannesburg,ZAF,Universities
216,Swansea University,GBR,Universities
217,"University of Connecticut, Storrs *",USA,Universities
218,Universitat de Valencia *,ESP,Universities
219,"Colorado State University, Fort Collins *",USA,Universities
220,Royal Melbourne Institute of Technology *,AUS,Universities
221,Western Norway University of Applied Sciences,NOR,Universities
222,Sultan Qaboos University *,OMN,Universities
223,Universidad de Sevilla *,ESP,Universities
224,Universita degli Studi di Torino,ITA,Universities
225,"Consejo Nacional de Humanidades, Ciencias y Tecnologias *",MEX,Government
226,University of Bergen,NOR,Universities
227,City University of Hong Kong *,HKG,Universities
228,University of South Carolina *,USA,Universities
229,West Virginia University *,USA,Universities
230,Tel Aviv University,ISR,Universities
231,"University of California, Santa Barbara",USA,Universities
232,The Open University,GBR,Universities
233,Consiglio Nazionale delle Ricerche *,ITA,Government
234,The University of Western Australia,AUS,Universities
235,Universidad de Buenos Aires *,ARG,Universities
236,Manipal Global Education Group *,MUL,Companies
237,ISCTE Instituto Universitario de Lisboa,PRT,Universities
238,Universidade do Porto *,PRT,Universities
239,Boston College,USA,Universities
240,University of East Anglia *,GBR,Universities
241,Renmin University of China,CHN,Universities
242,Universidade de Coimbra *,PRT,Universities
243,Universidad Autonoma de Madrid *,ESP,Universities
244,Universidade Estadual de Campinas *,BRA,Universities
245,Aalborg University *,DNK,Universities
246,North Carolina State University,USA,Universities
247,"University of Technology, Sydney",AUS,Universities
248,The University of Salford,GBR,Universities
249,University of Cape Town,ZAF,Universities
250,Universite de Geneve,CHE,Universities
251,"State University of New York, Albany",USA,Universities
252,Lomonosov  Moscow State University,RUS,Universities
253,University of Kentucky *,USA,Universities
254,Northumbria University,GBR,Universities
255,City University of New York Graduate Center,USA,Universities
256,Hong Kong Polytechnic University,HKG,Universities
257,University of Notre Dame,USA,Universities
258,Universitat zu Koln,DEU,Universities
259,University of Leicester,GBR,Universities
260,Technische Universitat Darmstadt,DEU,Universities
261,Universitat Pompeu Fabra *,ESP,Universities
262,"University of Alabama, Birmingham *",USA,Universities
263,Oslo Metropolitan University,NOR,Universities
264,Julius-Maximilians-Universitat Wurzburg *,DEU,Universities
265,International Food Policy Research Institute,MUL,Non-Profit
266,Wake Forest University *,USA,Universities
267,University of Houston,USA,Universities
268,Universitat Innsbruck *,AUT,Universities
269,Delft University of Technology,NLD,Universities
270,Bogazici University,TUR,Universities
271,Tallinn University of Technology,EST,Universities
272,Eotvos Lorand University,HUN,Universities
273,Virginia Polytechnic Institute and State University *,USA,Universities
274,American University,USA,Universities
275,San Jose State University,USA,Universities
276,"Northeastern University, USA",USA,Universities
277,"University of Texas, San Antonio",USA,Universities
278,University of Bath,GBR,Universities
279,Universite de Fribourg,CHE,Universities
280,Wissenschaftszentrum Berlin fur Sozialforschung,DEU,Government
281,Korea University *,KOR,Universities
282,Chapman University,USA,Universities
283,Beijing Normal University *,CHN,Universities
284,University of Oregon,USA,Universities
285,Universidad Adolfo Ibanez *,CHL,Universities
286,University of Central Florida,USA,Universities
287,Georg-August-Universitat Gottingen,DEU,Universities
288,University of Strathclyde *,GBR,Universities
289,Miami University of Ohio,USA,Universities
290,Linkoping University,SWE,Universities
291,"State University of New York, Buffalo",USA,Universities
292,University of Zagreb,HRV,Universities
293,Johann Wolfgang Goethe-Universitat Frankfurt am Main *,DEU,Universities
294,University of Ljubljana *,SVN,Universities
295,Brandeis University,USA,Universities
296,Cairo University *,EGY,Universities
297,Copenhagen Business School,DNK,Universities
298,University of Oklahoma *,USA,Universities
299,Umea University *,SWE,Universities
300,University of Delaware,USA,Universities
301,Syracuse University,USA,Universities
302,Mississippi State University,USA,Universities
303,Sun Yat-Sen University *,CHN,Universities
304,Seoul National University *,KOR,Universities
305,University of Tokyo *,JPN,Universities
306,University of Iowa *,USA,Universities
307,Universitat Bremen *,DEU,Universities
308,University of Pretoria,ZAF,Universities
309,University of Miami *,USA,Universities
310,University of Economics and Business,CZE,Universities
311,Curtin University *,AUS,Universities
312,Universitat Heidelberg,DEU,Universities
313,Middle East Technical University,TUR,Universities
314,Universite de Nantes *,FRA,Universities
315,Kazan Federal University,RUS,Universities
316,"University of Nebraska, Lincoln",USA,Universities
317,Sorbonne Universite *,FRA,Universities
318,Universitat Konstanz,DEU,Universities
319,The Manchester Metropolitan University,GBR,Universities
320,McMaster University *,CAN,Universities
321,Vrije Universiteit Brussel,BEL,Universities
322,University of Jyvaskyla,FIN,Universities
323,Universidade Estadual Paulista Julio de Mesquita Filho,BRA,Universities
324,"World Bank, United States",USA,Non-Profit
325,Flinders University,AUS,Universities
326,School of Oriental and African Studies,GBR,Universities
327,Universidad de Chile *,CHL,Universities
328,"Institute of Geographic Sciences and Natural Resources Research, Chinese Academy of Sciences",CHN,Government
329,The University of Reading,GBR,Universities
330,Universita degli Studi di Padova,ITA,Universities
331,Victoria University of Wellington,NZL,Universities
332,Tufts University,USA,Universities
333,North-West University,ZAF,Universities
334,University of Nicosia,CYP,Universities
335,Brigham Young University,USA,Universities
336,"University of North Carolina, Charlotte",USA,Universities
337,"University of Colorado, Denver *",USA,Universities
338,University of Victoria,CAN,Universities
339,Virginia Commonwealth University *,USA,Universities
340,University of South Africa,ZAF,Universities
340,University of Stirling,GBR,Universities
342,University of St. Andrews,GBR,Universities
343,Consejo Superior de Investigaciones Cientificas *,ESP,Government
344,Florida International University,USA,Universities
345,University of Surrey,GBR,Universities
346,"University of California, San Francisco *",USA,Universities
346,Dalian University of Technology *,CHN,Universities
348,The University of Newcastle,AUS,Universities
349,Laval University,CAN,Universities
350,Stellenbosch University,ZAF,Universities
351,University of Portsmouth,GBR,Universities
352,Queen's University,CAN,Universities
353,Universita degli Studi di Milano-Bicocca,ITA,Universities
354,Tulane University *,USA,Universities
355,University of Denver,USA,Universities
356,Bar-Ilan University,ISR,Universities
357,Ecole des Hautes Etudes en Sciences Sociales *,FRA,Universities
358,Moscow State Institute of International Relations,RUS,Universities
359,University of KwaZulu-Natal *,ZAF,Universities
360,Dartmouth College *,USA,Universities
361,"Universidad de los Andes, Colombia *",COL,Universities
362,Universitat Bielefeld,DEU,Universities
363,Temple University *,USA,Universities
364,International Food Policy Research Institute United States,USA,Non-Profit
365,Universita degli Studi di Trento,ITA,Universities
366,University of Southern Denmark,DNK,Universities
367,Ryerson University,CAN,Universities
368,East China Normal University *,CHN,Universities
369,Royal Holloway - University of London,GBR,Universities
370,Universidad del Pais Vasco *,ESP,Universities
371,University of Eastern Finland,FIN,Universities
372,Portland State University,USA,Universities
373,Helmholtz Gemeinschaft *,DEU,Government
373,Universidade Federal do Rio de Janeiro *,BRA,Universities
375,Masaryk University,CZE,Universities
376,Xi'an Jiaotong University *,CHN,Universities
377,Roskilde University,DNK,Universities
378,Veterans Affairs Medical Centers *,USA,Health
379,Universita degli Studi di Firenze,ITA,Universities
380,Qingdao University *,CHN,Universities
381,University of South Australia,AUS,Universities
382,Yonsei University *,KOR,Universities
383,Shanghai Jiao Tong University *,CHN,Universities
384,Dublin City University,IRL,Universities
385,"University of Tennessee, Knoxville *",USA,Universities
386,Universite Libre de Bruxelles,BEL,Universities
387,Hong Kong Institute of Education,HKG,Universities
388,University of Twente,NLD,Universities
389,European Commission *,MUL,Government
390,Jawaharlal Nehru University,IND,Universities
391,Fundacao Getulio Vargas *,BRA,Universities
392,"State University of New York, Stony Brook *",USA,Universities
393,Catholic University of Louvain,BEL,Universities
394,Centres de Recerca de Catalunya *,ESP,Non-Profit
395,Universidad Nacional de Educacion a Distancia *,ESP,Universities
396,Silesian University of Technology,POL,Universities
397,University of Tasmania,AUS,Universities
398,"Louisiana State University, Baton Rouge",USA,Universities
398,Wayne State University,USA,Universities
400,Leuphana Universitat Luneburg,DEU,Universities
401,Central South University *,CHN,Universities
402,Harvard Medical School,USA,Universities
402,The Russian Presidential Academy of National Economy and Public Administration,RUS,Universities
404,Wirtschaftsuniversitat Wien,AUT,Universities
405,Ben-Gurion University of the Negev *,ISR,Universities
406,The University of Adelaide,AUS,Universities
407,Universidad Carlos III de Madrid *,ESP,Universities
408,Dalhousie University *,CAN,Universities
409,Coventry University,GBR,Universities
410,Universite du Quebec en Montreal,CAN,Universities
411,Universidad de Zaragoza *,ESP,Universities
411,Lee Kuan Yew School of Public Policy,SGP,Universities
413,Central European University,AUT,Universities
414,"Birkbeck, University of London",GBR,Universities
415,Swedish University of Agricultural Sciences,SWE,Universities
416,China University of Geosciences,CHN,Universities
417,"Goldsmiths, University of London",GBR,Universities
418,Swinburne University of Technology *,AUS,Universities
418,City University London,GBR,Universities
420,Orebro Universitet,SWE,Universities
421,"University of Hawaii, Manoa *",USA,Universities
422,Oregon State University,USA,Universities
423,University of Otago,NZL,Universities
424,Brunel University,GBR,Universities
424,Universita Commerciale Luigi Bocconi,ITA,Universities
426,"City University of New York, John Jay College of Criminal Justice",USA,Universities
427,Polish Academy of Sciences *,POL,Government
428,University of North Texas,USA,Universities
429,Universidad de Salamanca *,ESP,Universities
430,University of Malaya *,MYS,Universities
431,Corvinus University of Budapest,HUN,Universities
432,International Peace Research Institute Oslo,NOR,Government
433,Universidade Federal de Minas Gerais,BRA,Universities
434,Hong Kong Baptist University,HKG,Universities
435,University of Louisville *,USA,Universities
436,San Diego State University,USA,Universities
437,Massey University,NZL,Universities
438,Tongji University *,CHN,Universities
439,Indiana University-Purdue University Indianapolis,USA,Universities
440,University of Lincoln,GBR,Universities
441,Leeds Beckett University,GBR,Universities
442,Yale University Health & Medicine,USA,Health
443,"University of Alabama, Tuscaloosa",USA,Universities
444,Universitat Basel *,CHE,Universities
445,Ural Federal University,RUS,Universities
446,University of Belgrade,SRB,Universities
447,Utah State University *,USA,Universities
448,Institute of World History,RUS,Government
449,University of Delhi *,IND,Universities
450,Alliance of Bioversity International and CIAT,MUL,Non-Profit
451,University of Huddersfield,GBR,Universities
452,Concordia University,CAN,Universities
453,China University of Mining and Technology,CHN,Universities
454,University of Canberra,AUS,Universities
455,United States Department of Agriculture,USA,Government
456,Johns Hopkins Medicine,USA,Health
457,"University of Science, Malaysia *",MYS,Universities
458,Sumy State University,UKR,Universities
459,Nanjing University of Finance and Economics,CHN,Universities
460,United Nations University,MUL,Non-Profit
461,Westfalische Wilhelms-Universitat Munster *,DEU,Universities
462,Universitat Leipzig *,DEU,Universities
463,Universita degli Studi di Napoli Federico II,ITA,Universities
464,University of Guelph,CAN,Universities
465,Norwegian University of Life Sciences,NOR,Universities
466,Universidade Federal do Rio Grande do Sul,BRA,Universities
467,Institute of Sociology Russian Academy of Sciences,RUS,Government
468,Texas Tech University,USA,Universities
469,Sheffield Hallam University,GBR,Universities
470,"University of Missouri, Columbia *",USA,Universities
471,Universitat Potsdam *,DEU,Universities
472,Iowa State University,USA,Universities
473,Food and Agriculture Organization of the United Nations,MUL,Non-Profit
474,University of Stavanger,NOR,Universities
475,"University of Massachusetts, Boston",USA,Universities
476,Rice University,USA,Universities
477,De Montfort University,GBR,Universities
478,University of Ghana,GHA,Universities
479,Universitat fur Bodenkultur Wien *,AUT,Universities
480,Loyola University of Chicago *,USA,Universities
481,Albert-Ludwigs-Universitat Freiburg im Breisgau,DEU,Universities
482,Columbia University Irving Medical Center,USA,Health
483,Drexel University,USA,Universities
484,Australian Catholic University,AUS,Universities
485,University College Cork *,IRL,Universities
486,Universita degli Studi Ca Foscari di Venezia,ITA,Universities
487,Universidad Nacional de Colombia *,COL,Universities
488,"Oklahoma State University, Stillwater *",USA,Universities
489,Georgia Institute of Technology *,USA,Universities
490,University of Michigan Health System,USA,Health
491,"University of California, Merced",USA,Universities
492,Glasgow Caledonian University,GBR,Universities
493,Otto-Friedrich-Universitat Bamberg,DEU,Universities
493,"Universite Pantheon Sorbonne, Paris1 *",FRA,Universities
495,Middlesex University *,GBR,Universities
496,Friedrich-Schiller-Universitat Jena *,DEU,Universities
497,"National University of Ireland, Maynooth",IRL,Universities
498,Universidad Rey Juan Carlos *,ESP,Universities
499,Universidad de Malaga *,ESP,Universities
500,National Taiwan University,TWN,Universities
501,Jagiellonian University,POL,Universities
502,University of Aberdeen,GBR,Universities
503,"Institut National de Recherche pour l'Agriculture, l'Alimentation et l'Environnement *",FRA,Government
504,Fordham University,USA,Universities
505,"New York University, Abu Dhabi",ARE,Universities
506,Hefei University of Technology *,CHN,Universities
507,Universidade Federal de Santa Catarina *,BRA,Universities
508,University of New Mexico *,USA,Universities
509,"City University of New York, Hunter College",USA,Universities
510,Boston University Medical Campus ,USA,Health
511,Keele University,GBR,Universities
511,Case Western Reserve University,USA,Universities
513,Universita Cattolica del Sacro Cuore,ITA,Universities
514,Scuola Normale Superiore Pisa *,ITA,Universities
515,University of Rochester *,USA,Universities
516,University of Jordan,JOR,Universities
517,"National University of Ireland, Galway",IRL,Universities
518,Stanford Medicine,USA,Health
519,"University of Texas, Arlington",USA,Universities
520,Institut Zur Zukunft der Arbeit,DEU,Non-Profit
521,University of Westminster,GBR,Universities
522,Universitat Duisburg Essen *,DEU,Universities
523,Chongqing University,CHN,Universities
524,Nanjing University *,CHN,Universities
525,University of Limerick,IRL,Universities
526,Universidade Federal do Parana,BRA,Universities
527,University of Ulster,GBR,Universities
528,Royal Netherlands Academy of Arts and Sciences *,NLD,Government
529,"Washington State University, Pullman *",USA,Universities
530,Rheinische Friedrich-Wilhelms-Universitat Bonn *,DEU,Universities
531,Shandong University *,CHN,Universities
531,Plymouth University,GBR,Universities
533,University of Agder,NOR,Universities
534,University of Chinese Academy of Sciences,CHN,Universities
535,Clemson University,USA,Universities
535,Universidade de Santiago de Compostela *,ESP,Universities
537,Singapore Management University,SGP,Universities
537,Imperial College London,GBR,Universities
539,Wilfrid Laurier University *,CAN,Universities
540,Liverpool John Moores University,GBR,Universities
541,University of the West of England *,GBR,Universities
542,Universitat Salzburg,AUT,Universities
543,Brock University,CAN,Universities
544,University of the Free State,ZAF,Universities
545,Royal Institute of Technology *,SWE,Universities
546,University of the Western Cape,ZAF,Universities
547,Universidade Nova de Lisboa *,PRT,Universities
548,University of Saskatchewan,CAN,Universities
549,"University of California, Santa Cruz",USA,Universities
550,Universidade da Coruna,ESP,Universities
551,Nanjing University of Aeronautics and Astronautics,CHN,Universities
552,Babes-Bolyai University,ROU,Universities
553,European Commission - Joint Research Centre,MUL,Government
554,Gadjah Mada University,IDN,Universities
555,University of Greenwich,GBR,Universities
555,Oregon Health & Science University *,USA,Universities
557,Universita degli Studi Roma Tre,ITA,Universities
558,Universidade do Minho,PRT,Universities
559,Centro de Investigacion y Docencia Economicas,MEX,Government
560,Eindhoven University of Technology,NLD,Universities
561,Center for International Forestry Research,MUL,Non-Profit
562,ILMA University,PAK,Universities
563,Kansas State University,USA,Universities
564,Hungarian Academy of Sciences *,HUN,Government
565,Medical Research Council,GBR,Health
566,Harbin Institute of Technology,CHN,Universities
567,Peoples'Friendship University of Russia,RUS,Universities
567,Bournemouth University,GBR,Universities
569,Centers for Disease Control and Prevention,USA,Health
570,Swiss Federal Institute of Aquatic Science and Technology,CHE,Government
571,Academisch Medisch Centrum,NLD,Health
571,Oxford Brookes University,GBR,Universities
573,University of Tromso - The Arctic University of Norway,NOR,Universities
573,University of Indonesia,IDN,Universities
575,Kyoto University *,JPN,Universities
576,University of Tartu,EST,Universities
577,Ruhr-Universitat Bochum *,DEU,Universities
578,University of Central Lancashire,GBR,Universities
579,Universitat d'Alacant *,ESP,Universities
580,Sungkyunkwan University,KOR,Universities
581,Academy of Sciences of the Czech Republic *,CZE,Government
581,University of Brighton *,GBR,Universities
583,Justus-Liebig-Universitat Giessen *,DEU,Universities
584,Universidad de Oviedo *,ESP,Universities
585,Auburn University,USA,Universities
586,Vilnius Gediminas Technical University,LTU,Universities
587,Weill Cornell Medicine,USA,Universities
588,Baylor University,USA,Universities
589,University of Mississippi *,USA,Universities
590,"Saint Louis University, Saint Louis *",USA,Universities
590,Instituto de Salud Carlos III *,ESP,Health
592,Universidad de Valladolid *,ESP,Universities
593,Aston University,GBR,Universities
594,"University of Missouri, Saint Louis",USA,Universities
595,University of Pennsylvania Health System,USA,Health
596,Mayo Clinic *,USA,Health
597,Johannes Gutenberg-Universitat Mainz *,DEU,Universities
598,Abo Academy University,FIN,Universities
599,Universite de Liege,BEL,Universities
600,University of Nevada-Las Vegas,USA,Universities
601,Universita degli Studi di Pisa,ITA,Universities
601,Eberhard-Karls-Universitat Tubingen,DEU,Universities
603,Vilnius University,LTU,Universities
604,Marquette University,USA,Universities
605,Universidad de Cordoba *,ESP,Universities
606,"University of Texas, Dallas",USA,Universities
607,Montpellier Business School,FRA,Universities
608,Universitat St Gallen,CHE,Universities
609,Universitat Oberta de Catalunya,ESP,Universities
610,Bowling Green State University,USA,Universities
611,Aristotle University of Thessaloniki,GRC,Universities
612,University of New Hampshire,USA,Universities
613,"Southeast University, Nanjing *",CHN,Universities
614,Malmo University,SWE,Universities
615,International Institute for Applied Systems Analysis,AUT,Government
616,Universidad de Murcia *,ESP,Universities
617,Jilin University *,CHN,Universities
618,Karolinska Institute,SWE,Universities
619,University of Memphis,USA,Universities
620,Anhui University of Finance and Economics,CHN,Universities
621,South China University of Technology,CHN,Universities
622,Russian State University for the Humanities,RUS,Universities
623,Aix-Marseille Universite *,FRA,Universities
624,University of Lodz,POL,Universities
625,Universite Paris Nanterre *,FRA,Universities
626,Natural Resources Institute Finland,FIN,Government
627,Universidad Politecnica de Madrid *,ESP,Universities
628,State University of New York at Binghamton,USA,Universities
629,El Colegio de Mexico,MEX,Universities
630,Financial University Under the Government of the Russian Federation,RUS,Universities
631,"University of Arkansas, Fayetteville",USA,Universities
632,"Food and Agriculture Organisation of the United Nations, Italy",ITA,Non-Profit
633,Deutsches Institut fur Wirtschaftsforschung,DEU,Government
634,Universite du Luxembourg,LUX,Universities
635,Friedrich-Alexander-Universitat Erlangen-Nurnberg *,DEU,Universities
636,"University of Nebraska, Omaha",USA,Universities
637,University of Nigeria,NGA,Universities
638,Universite PSL *,FRA,Universities
639,Taras Shevchenko National University of Kyiv,UKR,Universities
640,King Saud University *,SAU,Universities
640,Zhengzhou University *,CHN,Universities
642,University of Oulu,FIN,Universities
643,Universite de Paris Cite *,FRA,Universities
644,University of Nevada-Reno,USA,Universities
644,Universite de Neuchatel,CHE,Universities
646,Airlangga university,IDN,Universities
647,Universidade Federal da Bahia,BRA,Universities
647,James Cook University *,AUS,Universities
649,"University of Wisconsin, Milwaukee",USA,Universities
650,Koc University,TUR,Universities
651,University of Vaasa,FIN,Universities
652,Ministry of Natural Resources,CHN,Government
653,DePaul University,USA,Universities
654,Lingnan University,HKG,Universities
654,Boise State University,USA,Universities
656,Universitat Osnabruck,DEU,Universities
657,Nanjing University of Information Science and Technology,CHN,Universities
658,University of Waikato,NZL,Universities
659,Universidad de Castilla-La Mancha *,ESP,Universities
660,The University of Hull,GBR,Universities
661,Bangor University,GBR,Universities
662,Universitat Rovira i Virgili *,ESP,Universities
663,University of Bucharest,ROU,Universities
664,Universitat Politecnica de Valencia *,ESP,Universities
665,"Indian Institute of Technology, Kharagpur",IND,Universities
666,University of Nebraska Medical Center,USA,Universities
667,"Texas State University, San Marcos",USA,Universities
667,The New School,USA,Universities
669,Southwestern University of Finance and Economics,CHN,Universities
670,UC Davis Health System,USA,Health
671,Edge Hill University,GBR,Universities
672,Aalto University,FIN,Universities
673,Teachers College of Columbia University,USA,Universities
674,University of Dundee,GBR,Universities
675,Deustuko Unibertsitatea *,ESP,Universities
676,Southwest Jiaotong University,CHN,Universities
677,Memorial University of Newfoundland,CAN,Universities
678,University of Canterbury,NZL,Universities
678,Technische Universitat Berlin *,DEU,Universities
680,Institut de Hautes Etudes Internationales et du Developpement,CHE,Universities
681,Universita degli Studi di Genova,ITA,Universities
682,Universidade Federal Fluminense,BRA,Universities
682,University of Economics Ho Chi Minh City,VNM,Universities
684,RAND Corp,USA,Non-Profit
685,Shanghai University of Finance and Economics,CHN,Universities
686,Waseda University,JPN,Universities
687,Universidad Diego Portales,CHL,Universities
687,Pontificia Universidad Catolica del Peru,PER,Universities
689,Brigham and Women's Hospital *,USA,Health
690,Kent State University,USA,Universities
691,University of Wroclaw,POL,Universities
692,CESifo Group,DEU,Non-Profit
693,Kwame Nkrumah University of Science and Technology,GHA,Universities
694,Monash University Malaysia,MYS,Universities
695,International Hellenic University,GRC,Universities
696,De La Salle University,PHL,Universities
697,"University of North Carolina, Greensboro",USA,Universities
698,Hanyang University *,KOR,Universities
698,University of Applied Sciences and Arts Western Switzerland *,CHE,Universities
700,Universidad Pablo de Olavide *,ESP,Universities
701,Universidad de Huelva *,ESP,Universities
702,Generalitat de Catalunya *,MUL,Government
703,Bucharest Academy of Economic Studies,ROU,Universities
704,University of Science and Technology of China *,CHN,Universities
705,The Hong Kong University of Science and Technology,HKG,Universities
706,Politecnico di Milano,ITA,Universities
707,Sodertorn University,SWE,Universities
708,Universitat Koblenz-Landau,DEU,Universities
709,Technische Universitat Dresden *,DEU,Universities
710,Dongbei University of Finance and Economics,CHN,Universities
711,Mykolo Romerio Universitetas,LTU,Universities
712,University of East London,GBR,Universities
712,Universita degli Studi di Salerno,ITA,Universities
714,Mahidol University *,THA,Universities
715,Auckland University of Technology,NZL,Universities
716,Karl Franzens Universitat Graz *,AUT,Universities
717,Commonwealth Scientific and Industrial Research Organization *,AUS,Government
718,Nord University,NOR,Universities
718,Massachusetts General Hospital,USA,Health
720,Universidade da Beira Interior,PRT,Universities
721,University of Bradford,GBR,Universities
722,Geoforschungszentrum Potsdam,DEU,Government
723,San Francisco State University,USA,Universities
724,Universidad de la Republica *,URY,Universities
725,Universitat Hohenheim,DEU,Universities
726,Universidad Nacional de Cordoba *,ARG,Universities
727,Universitat de Girona *,ESP,Universities
728,University of Social Sciences and Humanities,POL,Universities
728,Northern University of Malaysia,MYS,Universities
730,Jiangsu University *,CHN,Universities
731,Centro de Ciencias Humanas y Sociales CS,ESP,Government
731,BI Norwegian Business School,NOR,Universities
733,Sam Houston State University,USA,Universities
733,National Institute for Health and Welfare,FIN,Health
735,Instituto Tecnologico y de Estudios Superiores de Monterrey *,MEX,Universities
736,Clark University,USA,Universities
737,Tomas Bata University in Zlin,CZE,Universities
738,Northwestern Medicine,USA,Health
739,Universite Grenoble-Alpes *,FRA,Universities
739,Universidade de Aveiro,PRT,Universities
741,Universite de Bordeaux *,FRA,Universities
742,Universitat Kassel,DEU,Universities
743,Pusan National University,KOR,Universities
743,"University of Texas, El Paso",USA,Universities
745,Central Queensland University,AUS,Universities
746,Mount Sinai Health System *,USA,Health
747,Universidad del Rosario *,COL,Universities
748,Shanghai University,CHN,Universities
748,Universitat Jaume I *,ESP,Universities
750,Christian-Albrechts-Universitat zu Kiel,DEU,Universities
751,Ewha Womans University *,KOR,Universities
751,Romanian Academy *,ROU,Government
753,Gottfried Wilhelm Leibniz Universitat Hannover,DEU,Universities
754,Sherbrooke University *,CAN,Universities
755,Appalachian State University,USA,Universities
756,Universitat Ramon Llull *,ESP,Universities
757,UCLA Health System,USA,Health
758,University of Vermont,USA,Universities
759,Bilkent University,TUR,Universities
760,Facultad Latinoamericana de Ciencias Sociales *,MUL,Universities
761,Universidad de Almeria *,ESP,Universities
762,Charles Sturt University *,AUS,Universities
763,Universidad de Extremadura *,ESP,Universities
764,Comenius University in Bratislava,SVK,Universities
765,Xiamen University *,CHN,Universities
766,Florida Atlantic University,USA,Universities
767,Northern Illinois University,USA,Universities
768,National University of Malaysia *,MYS,Universities
769,University of Gloucestershire,GBR,Universities
770,Palacky University *,CZE,Universities
771,Aberystwyth University,GBR,Universities
772,University of Macau,MAC,Universities
773,International Islamic University Malaysia,MYS,Universities
774,University of Southern Queensland,AUS,Universities
775,University of Cape Coast,GHA,Universities
776,Kingston University,GBR,Universities
776,University of Texas Medical Branch ,USA,Universities
778,Universidade do Estado do Rio de Janeiro *,BRA,Universities
779,Linnaeus University,SWE,Universities
780,Luxembourg Institute of Socio-Economic Research,LUX,Government
781,James Madison University,USA,Universities
782,Victoria University,AUS,Universities
782,Old Dominion University,USA,Universities
784,Libera Universita Internazionale degli Studi Sociali Guido Carli,ITA,Universities
785,Otto-von-Guericke-Universitat Magdeburg *,DEU,Universities
786,James Hutton Institute,GBR,Non-Profit
787,Universidad de Navarra *,ESP,Universities
788,Zhejiang University of Technology,CHN,Universities
789,University of Minnesota Health and Medicine,USA,Universities
790,Ball State University,USA,Universities
791,Anglia Ruskin University,GBR,Universities
792,University of Dhaka,BGD,Universities
793,Birmingham City University,GBR,Universities
793,Kyushu University *,JPN,Universities
795,"University of New England, Australia",AUS,Universities
796,Nanjing University of Science and Technology,CHN,Universities
797,University of Nottingham China Campus,CHN,Universities
798,Qatar University,QAT,Universities
799,NYU Langone Health,USA,Health
800,Johannes Kepler Universitat Linz,AUT,Universities
800,Universidad de Cantabria *,ESP,Universities
802,Institut Catala de la Salut Barcelona *,ESP,Health
803,"City University of New York, Queens College",USA,Universities
804,Al-Farabi Kazakh National University,KAZ,Universities
805,FernUniversitat in Hagen,DEU,Universities
806,China Agricultural University,CHN,Universities
807,Universidad Nacional de La Plata *,ARG,Universities
808,Heriot-Watt University *,MUL,Universities
809,Universite Vincennes-Saint-Denis - Paris 8 *,FRA,Universities
810,Padjadjaran University,IDN,Universities
810,Helmholtz Zentrum fur Umweltforschung,DEU,Government
812,Medical University of South Carolina *,USA,Universities
813,Universidade Federal de Sao Carlos,BRA,Universities
814,University of Ibadan,NGA,Universities
815,University of Windsor,CAN,Universities
816,Institut National de la Sante et de la Recherche Medicale *,FRA,Health
817,Vytautas Magnus University,LTU,Universities
817,Nankai University *,CHN,Universities
819,Slovak Academy of Sciences *,SVK,Government
820,"Baruch College, City University of New York",USA,Universities
821,University of Wyoming,USA,Universities
822,Radboud University Nijmegen Medical Centre,NLD,Health
822,Carl von Ossietzky Universitat Oldenburg,DEU,Universities
824,"California State University, Long Beach",USA,Universities
825,Edith Cowan University,AUS,Universities
826,Pontificia Universidad Javeriana *,COL,Universities
827,Universidad de Antioquia *,COL,Universities
828,"University of Maryland, Baltimore County",USA,Universities
829,"RTI International, United States",USA,Companies
830,Jinan University *,CHN,Universities
831,University of the Philippines Diliman *,PHL,Universities
832,Lviv Polytechnic National University,UKR,Universities
833,Adam Mickiewicz University,POL,Universities
834,Karlstad University,SWE,Universities
835,Binus University,IDN,Universities
836,American University of Sharjah,ARE,Universities
837,National Academy of Sciences of Ukraine *,UKR,Government
838,Shenzhen University,CHN,Universities
839,University of Hertfordshire,GBR,Universities
839,Pontificia Universidade Catolica do Rio Grande do Sul,BRA,Universities
841,Universite de Strasbourg *,FRA,Universities
842,University of Lagos,NGA,Universities
842,Universidad EAFIT,COL,Universities
844,Philipps-Universitat Marburg *,DEU,Universities
845,Universidade Federal de Sao Paulo *,BRA,Universities
846,Universitat Luzern,CHE,Universities
847,Universidad de La Laguna,ESP,Universities
848,Canterbury Christ Church University,GBR,Universities
849,Chalmers University of Technology *,SWE,Universities
850,East China University of Science and Technology,CHN,Universities
851,New Mexico State University,USA,Universities
851,Brawijaya University,IDN,Universities
853,University of the West of Scotland,GBR,Universities
853,University of Szczecin,POL,Universities
855,"Universidad Nacional de San Martin, Argentina *",ARG,Universities
856,"University of the West Indies, Mona Campus *",JAM,Universities
857,Universita degli Studi di Napoli Parthenope,ITA,Universities
857,Northern Arizona University,USA,Universities
859,"University of Colorado, Anschutz Medical Campus",USA,Universities
859,Scuola Superiore S. Anna di Studi Universitari e di Perfezionamento *,ITA,Universities
861,Southern Cross University,AUS,Universities
862,Zhejiang Gongshang University,CHN,Universities
863,Rheinisch-Westfalische Technische Hochschule Aachen,DEU,Universities
864,"University of Massachusetts, Lowell",USA,Universities
865,University of Iceland,ISL,Universities
865,Technische Universitat Braunschweig,DEU,Universities
867,Edinburgh Napier University,GBR,Universities
867,Karlsruher Institut fur Technologie,DEU,Universities
869,Ariel University *,ISR,Universities
869,Jonkoping University,SWE,Universities
871,Chulalongkorn University,THA,Universities
872,Grand Valley State University,USA,Universities
873,Norwegian Institute of Public Health,NOR,Health
874,COMSATS Institute of Information Technology *,PAK,Universities
875,California Institute of Technology *,USA,Universities
875,University of Derby,GBR,Universities
877,Plekhanov Russian University of Economics,RUS,Universities
878,Universitat Trier,DEU,Universities
879,Murdoch University,AUS,Universities
880,Staffordshire University,GBR,Universities
881,Roehampton University *,GBR,Universities
882,University of International Business and Economics,CHN,Universities
883,Hiroshima University *,JPN,Universities
884,BeiHang University *,CHN,Universities
885,Centre de Cooperation Internationale en Recherche Agronomique pour le Developpement *,FRA,Government
886,Universitat Siegen,DEU,Universities
886,Universidad Autonoma Metropolitana,MEX,Universities
886,"University of Technology, Malaysia",MYS,Universities
889,Martin-Luther-Universitat Halle-Wittenberg *,DEU,Universities
890,Heinrich Heine Universitat Dusseldorf  *,DEU,Universities
891,Illinois State University,USA,Universities
892,Hacettepe University,TUR,Universities
892,Universidad Internacional de La Rioja *,MUL,Universities
892,Universidad de Santiago de Chile *,CHL,Universities
895,Guangzhou University,CHN,Universities
895,Nicolaus Copernicus University,POL,Universities
897,"University of Colorado, Colorado Springs",USA,Universities
898,University of South Wales,GBR,Universities
899,Interdisciplinary Center Herzliya,ISR,Universities
900,Cranfield University,GBR,Universities
901,"University of the Punjab, Lahore",PAK,Universities
901,Diponegoro University,IDN,Universities
903,Universita degli Studi di Siena,ITA,Universities
904,Tallinn University,EST,Universities
904,Dutch Scientific Research Institutes *,NLD,Non-Profit
906,Mid Sweden University,SWE,Universities
907,Ohio University,USA,Universities
908,Osaka University *,JPN,Universities
909,Universite Montpellier *,FRA,Universities
909,Universidade Federal de Pernambuco,BRA,Universities
911,Southern Ural State University,RUS,Universities
912,Open University Netherlands,NLD,Universities
913,Universidade de Vigo *,ESP,Universities
914,University of Malta,MLT,Universities
915,Texas Christian University,USA,Universities
916,University Putra Malaysia,MYS,Universities
917,University of Teesside,GBR,Universities
918,Max Planck Institut fur Bildungsforschung,DEU,Government
919,Cardiff Metropolitan University,GBR,Universities
920,University of South-Eastern Norway,NOR,Universities
921,"New York University, Shanghai",CHN,Universities
922,East Tennessee State University,USA,Universities
923,Universitat Witten-Herdecke,DEU,Universities
924,Universidad de Jaen *,ESP,Universities
925,Hogeschool van Amsterdam,NLD,Universities
926,Volgograd State University,RUS,Universities
927,University of South Bohemia,CZE,Universities
928,Kristiania University College,NOR,Universities
929,Syarif Hidayatullah State Islamic University Jakarta,IDN,Universities
930,Universita degli Studi di Cagliari,ITA,Universities
931,Kaunas University of Technology ,LTU,Universities
932,Tomsk State University,RUS,Universities
933,Charles Darwin University *,AUS,Universities
934,Technische Universitat Dortmund *,DEU,Universities
935,Montclair State University,USA,Universities
936,Universidad de Alcala *,ESP,Universities
937,Pontificia Universidade Catolica do Rio de Janeiro,BRA,Universities
938,Fundacao Oswaldo Cruz *,BRA,Health
939,Escola de Administracao de Empresas de Sao Paulo da Fundacao Getulio Vargas,BRA,Universities
939,Universita degli Studi di Roma Tor Vergata,ITA,Universities
941,University of Novi Sad,SRB,Universities
942,Central Michigan University,USA,Universities
942,Rhodes University,ZAF,Universities
944,University of the Sunshine Coast,AUS,Universities
945,York St John University,GBR,Universities
946,"University of Texas, Health Science Center at Houston",USA,Universities
947,Universitas Negeri Semarang,IDN,Universities
948,Technische Universitat Kaiserslautern,DEU,Universities
949,V.N. Karazin Kharkiv National University,UKR,Universities
949,University of Pittsburgh Health Sciences,USA,Universities
951,Ateneo de Manila University,PHL,Universities
952,Jacobs University Bremen *,DEU,Universities
953,Santa Clara University,USA,Universities
954,Universitat Erfurt,DEU,Universities
955,Ecole d'Economie de Paris,FRA,Government
956,Nazarbayev University,KAZ,Universities
957,Taylors University,MYS,Universities
958,Universidad de Costa Rica,CRI,Universities
959,Universitat Bayreuth,DEU,Universities
960,"Vietnam National University, Hanoi",VNM,Universities
961,Universita degli Studi di Modena e Reggio Emilia,ITA,Universities
962,Universita degli Studi di Bari,ITA,Universities
963,Universidad Publica de Navarra *,ESP,Universities
964,Universidad Autonoma de Baja California,MEX,Universities
965,Tohoku University *,JPN,Universities
966,University of St Cyril and Methodius in Trnava,SVK,Universities
967,Universidad de Guadalajara,MEX,Universities
968,Universidad de Concepcion *,CHL,Universities
969,Sichuan Agricultural University,CHN,Universities
970,Lehigh University,USA,Universities
971,Alexandru Ioan Cuza University,ROU,Universities
972,"Heriot-Watt University, United Kingdom",GBR,Universities
973,Universiti Teknologi MARA,MYS,Universities
974,National Chengchi University,TWN,Universities
975,Institucio Catalana de Recerca i Estudis Avancats,ESP,Government
976,National Taiwan Normal University,TWN,Universities
977,MacEwan University,CAN,Universities
978,Czech University of Life Sciences Prague,CZE,Universities
979,National Bureau of Economic Research,USA,Non-Profit
980,Barnard College,USA,Universities
981,Leiden University Medical Center,NLD,Health
982,Escola Superior d'Administracio i Direccio d'Empreses,ESP,Universities
983,Universidad Anahuac,MEX,Universities
984,Universitat Politecnica de Catalunya *,ESP,Universities
985,Zayed University,ARE,Universities
986,UCSI University,MYS,Universities
987,Universidad Nacional de Rosario *,ARG,Universities
988,University of San Francisco,USA,Universities
988,University of Rochester Medical Center,USA,Health
990,KEDGE Business School,FRA,Universities
991,Academia Sinica *,TWN,Government
992,Lebanese American University *,LBN,Universities
993,University of Debrecen,HUN,Universities
994,Kennesaw State University,USA,Universities
995,Chung-Ang University *,KOR,Universities
996,Centro Cientifico Tecnologico de Cordoba,ARG,Government
997,Aegean University,GRC,Universities
998,Southern Methodist University,USA,Universities
999,City University of New York Lehman College,USA,Universities
1000,"California State University, Northridge",USA,Universities
1001,University of Idaho,USA,Universities
1002,Universita degli Studi di Trieste,ITA,Universities
1002,Helmut Schmidt Universitat - Universitat der Bundeswehr Hamburg,DEU,Universities
1004,Agencia Nacional de Investigacion y Desarrollo de Chile *,CHL,Government
1005,Universitas Negeri Sebelas Maret,IDN,Universities
1006,Ankara University,TUR,Universities
1007,University of New Brunswick,CAN,Universities
1007,Lulea University of Technology,SWE,Universities
1009,Southern Federal University,RUS,Universities
1009,Hanken School of Economics,FIN,Universities
1011,"University of Minnesota, Duluth",USA,Universities
1012,Universidade do Vale do Rio dos Sinos,BRA,Universities
1013,University of Rhode Island,USA,Universities
1014,Yarmouk University,JOR,Universities
1014,University of West London,GBR,Universities
1016,North Dakota State University,USA,Universities
1017,Universitat de les Illes Balears *,ESP,Universities
1018,Ecole Normale Superieure de Paris *,FRA,Universities
1019,Universitat de Lleida *,ESP,Universities
1019,Centre for Addiction and Mental Health,CAN,Health
1021,Universite Lumiere Lyon 2 *,FRA,Universities
1022,Universita del Salento,ITA,Universities
1023,Universita degli Studi di Pavia,ITA,Universities
1024,University for Development Studies,GHA,Universities
1025,Universitat Klagenfurt,AUT,Universities
1026,University at Texas Rio Grande Valley,USA,Universities
1027,University of Management and Technology,PAK,Universities
1028,American University of Beirut *,LBN,Universities
1028,Keio University *,JPN,Universities
1030,L. N. Gumilov Eurasian National University,KAZ,Universities
1031,University of West Bohemia,CZE,Universities
1032,Poznan University of Economics and Business ,POL,Universities
1033,Universite du Quebec en Trois-Rivieres,CAN,Universities
1033,The University of Lahore,PAK,Universities
1035,Kozminski University,POL,Universities
1036,University of Athens,GRC,Universities
1037,University of Gavle,SWE,Universities
1037,Quaid-i-Azam University,PAK,Universities
1039,"California State University, Fullerton",USA,Universities
1040,University of Rijeka,HRV,Universities
1041,Peking University Health Science Center,CHN,Universities
1042,Lahore University of Management Sciences,PAK,Universities
1043,"City University of New York, City College",USA,Universities
1044,Cyprus International University,CYP,Universities
1044,The University of Northampton,GBR,Universities
1044,University of Tehran,IRN,Universities
1047,Montreal School of Higher Commercial Studies,CAN,Universities
1048,Towson University,USA,Universities
1049,University of Bedfordshire,GBR,Universities
1050,"Universidad Andres Bello, Chile *",CHL,Universities
1051,Universita degli Studi di Palermo,ITA,Universities
1052,University of Zilina,SVK,Universities
1053,East Carolina University,USA,Universities
1054,Politecnico di Torino *,ITA,Universities
1055,Universidad de Burgos,ESP,Universities
1056,Western Michigan University,USA,Universities
1057,University of Wolverhampton,GBR,Universities
1057,University of Gdansk,POL,Universities
1059,Ohio State University Wexner Medical Center,USA,Health
1060,Ostfold University College,NOR,Universities
1061,Villanova University,USA,Universities
1062,Universidad Austral de Chile *,CHL,Universities
1063,Szechenyi Istvan University,HUN,Universities
1064,National Research and Innovation Agency *,IDN,Government
1065,Murdoch Children's Research Institute,AUS,Health
1066,Williams College,USA,Universities
1067,Makerere University *,UGA,Universities
1068,Central University of Finance and Economics,CHN,Universities
1068,Universidade Federal da Paraiba,BRA,Universities
1070,Istituto Superiore di Sanita,ITA,Health
1071,Universitat Augsburg,DEU,Universities
1072,"University of North Carolina, Wilmington",USA,Universities
1073,"Universidad Iberoamericana, Mexico",MEX,Universities
1074,"Universidad del Norte, Barranquilla *",COL,Universities
1075,Duke Medicine,USA,Health
1075,University of Chester,GBR,Universities
1077,Scientific Research Center Slovenian Academy of Science and Arts,SVN,Government
1078,UC San Diego Health System,USA,Health
1079,Occidental College,USA,Universities
1079,University of Cyprus,CYP,Universities
1079,Al-Balqa Applied University,JOR,Universities
1082,Pontificia Universidad Catolica de Valparaiso *,CHL,Universities
1083,Zhongnan University of Economics and Law,CHN,Universities
1084,Wake Forest University Baptist Medical Center,USA,Health
1085,International Institute for Population Sciences,IND,Universities
1086,Colorado School of Public Health,USA,Universities
1087,Universita degli Studi di Perugia,ITA,Universities
1088,Rush University *,USA,Universities
1088,Fonds de la Recherche Scientifique,BEL,Government
1090,University of Tsukuba *,JPN,Universities
1091,University of Pecs,HUN,Universities
1092,"Indian Institute of Technology, Delhi",IND,Universities
1093,Universita degli Studi di Verona,ITA,Universities
1093,Nanjing Normal University,CHN,Universities
1095,Kobe University *,JPN,Universities
1096,Universidade Federal de Santa Maria,BRA,Universities
1097,Banaras Hindu University,IND,Universities
1098,University of Humanistic Studies,NLD,Universities
1099,Huazhong Normal University,CHN,Universities
1100,Universite Paris Dauphine,FRA,Universities
1101,Universitat Stuttgart,DEU,Universities
1102,Loyola Marymount University,USA,Universities
1103,Universite de Lorraine *,FRA,Universities
1104,"Southern Illinois University, Carbondale *",USA,Universities
1105,Immanuel Kant Baltic Federal University,RUS,Universities
1106,Trent University,CAN,Universities
1107,Claremont Graduate University,USA,Universities
1108,National Cheng Kung University,TWN,Universities
1109,Finnish Environment Institute,FIN,Government
1110,Universita degli Studi della Campania Luigi Vanvitelli,ITA,Universities
1111,"Indian Institute of Technology, Bombay *",IND,Universities
1112,Zhejiang University of Finance and Economics,CHN,Universities
1113,"California State University, San Bernardino",USA,Universities
1114,Hokkaido University *,JPN,Universities
1115,"University of Maine, Orono",USA,Universities
1116,University of Toledo *,USA,Universities
1116,Telethon Kids Institute,AUS,Health
1118,Thammasat University,THA,Universities
1119,Hankuk University of Foreign Studies,KOR,Universities
1119,Stockholm School of Economics,SWE,Universities
1121,King Abdulaziz University *,SAU,Universities
1122,United Arab Emirates University,ARE,Universities
1123,Universidad Pontificia Comillas,ESP,Universities
1124,Universita degli Studi di Ferrara,ITA,Universities
1125,Zurich University of Applied Sciences,CHE,Universities
1126,Nelson Mandela Metropolitan University,ZAF,Universities
1127,Universitas Muhammadiyah Yogyakarta,IDN,Universities
1128,National Institute of Development Administration,THA,Universities
1129,Chinese Academy of Social Sciences,CHN,Government
1130,Icahn School of Medicine at Mount Sinai,USA,Universities
1131,Universidad de Cadiz *,ESP,Universities
1132,University of Northern Colorado *,USA,Universities
1133,Albert Einstein College of Medicine,USA,Universities
1133,Universidade Federal do Para,BRA,Universities
1135,University of Fort Hare,ZAF,Universities
1136,Cleveland State University,USA,Universities
1137,University of Lethbridge,CAN,Universities
1138,"Indian Institute of Technology, Madras",IND,Universities
1139,Universidad Antonio de Nebrija,ESP,Universities
1140,University of Nairobi,KEN,Universities
1141,London South Bank University,GBR,Universities
1142,Dongguk University *,KOR,Universities
1143,Fujian Normal University,CHN,Universities
1144,Universidade Federal do Ceara,BRA,Universities
1144,Universidad Alberto Hurtado,CHL,Universities
1144,Islamic University of Indonesia,IDN,Universities
1147,Warsaw School of Economics,POL,Universities
1148,Moscow Polytechnic University,RUS,Universities
1149,Universita degli Studi di Catania,ITA,Universities
1150,Uniao Brasileira de Educacao e Assistencia *,BRA,Non-Profit
1151,Montefiore Medical Center *,USA,Health
1151,"Universidad del Valle, Colombia",COL,Universities
1153,Malardalen University College,SWE,Universities
1154,"California State University, Sacramento",USA,Universities
1155,Panteion University of Social and Political Sciences,GRC,Universities
1155,South China Normal University,CHN,Universities
1157,University of Zadar,HRV,Universities
1158,Baylor College of Medicine,USA,Universities
1159,Universite Clermont-Auvergne,FRA,Universities
1160,Hasanuddin University,IDN,Universities
1161,Kyung Hee University *,KOR,Universities
1162,Universidad Pontificia Bolivariana *,COL,Universities
1163,University Tunku Abdul Rahman,MYS,Universities
1164,Hungarian University of Agriculture and Life Sciences,HUN,Universities
1165,Pontificia Universidade Catolica do Parana,BRA,Universities
1166,U.S. Air Force,USA,Government
1167,University of Silesia in Katowice,POL,Universities
1168,Universidad Externado de Colombia,COL,Universities
1169,Universidad Nacional del Sur *,ARG,Universities
1170,University of Namibia,NAM,Universities
1171,Oakland University,USA,Universities
1171,Al Ain University,ARE,Universities
1173,Lakehead University,CAN,Universities
1173,Cape Peninsula University of Technology,ZAF,Universities
1175,"Texas A&M University, Corpus Christi",USA,Universities
1176,Aligarh Muslim University,IND,Universities
1177,University of Thessaly,GRC,Universities
1177,"Indian Institute of Technology, Roorkee",IND,Universities
1177,Universidade Federal de Goias,BRA,Universities
1180,Universita degli Studi Gabriele d'Annunzio di Chieti e Pescara,ITA,Universities
1181,Universite Cote d’Azur *,FRA,Universities
1182,Univerzita Mateja Bela v Banskej Bystrici,SVK,Universities
1182,Georgia Southern University,USA,Universities
1184,Pontificia Universidade Catolica de Sao Paulo,BRA,Universities
1185,Universita degli Studi di Parma,ITA,Universities
1186,Moscow State Pedagogical University,RUS,Universities
1187,Universita della Calabria,ITA,Universities
1188,Ecole Normale Superieure de Lyon *,FRA,Universities
1189,University of Latvia,LVA,Universities
1190,Universidad Catolica del Norte,CHL,Universities
1191,Sunway University,MYS,Universities
1191,Universitat Hildesheim,DEU,Universities
1193,Universidad Catolica de Temuco,CHL,Universities
1194,University of Crete,GRC,Universities
1195,Universidade Federal de Uberlandia,BRA,Universities
1196,Universidade Federal do ABC,BRA,Universities
1197,University of Pardubice,CZE,Universities
1198,University of Lapland,FIN,Universities
1199,Symbiosis International University,IND,Universities
1200,Chernivtsi National University,UKR,Universities
1201,"AgroParisTech, Institut des Sciences et Industries du Vivant et de l'Environnement",FRA,Universities
1202,Universidad ICESI,COL,Universities
1203,Universite Paris-Est Creteil *,FRA,Universities
1204,Nagoya University *,JPN,Universities
1205,National Yang Ming Chiao Tung University,TWN,Universities
1206,Indian Council of Agricultural Research *,IND,Government
1207,"Wesleyan University, Middletown",USA,Universities
1207,"Vietnam National University System, Hanoi *",MUL,Universities
1209,Universitatea Lucian Blaga din Sibiu,ROU,Universities
1210,University of Winchester,GBR,Universities
1211,Universite d'Orleans *,FRA,Universities
1212,Universite Gustave Eiffel *,FRA,Universities
1213,Universita degli Studi di Macerata,ITA,Universities
1214,Dalarna University College,SWE,Universities
1215,Princess Nourah bint Abdul Rahman University *,SAU,Universities
1215,Ritsumeikan University,JPN,Universities
1217,"Universidad del Pacifico, Peru",PER,Universities
1217,Universita degli Studi di Bergamo,ITA,Universities
1219,Technische Universitat Chemnitz,DEU,Universities
1220,Sophia University,JPN,Universities
1220,"Lincoln University, Lincoln",NZL,Universities
1222,"Shaanxi Normal University, Xi'an",CHN,Universities
1223,Chungnam National University,KOR,Universities
1223,"National University of Science and Technology, Islamabad",PAK,Universities
1225,Saint John's University,USA,Universities
1226,"California State University, Los Angeles",USA,Universities
1227,University of Ontario Institute of Technology,CAN,Universities
1228,University of Akron,USA,Universities
1229,"University of Montana, Missoula",USA,Universities
1230,University of Regina,CAN,Universities
1231,Slovenian Academy of Sciences and Arts *,SVN,Government
1232,Howard University *,USA,Universities
1233,Universidad Autonoma de Chile,CHL,Universities
1234,Universita degli Studi di Brescia,ITA,Universities
1235,Al Al-Bayt University,JOR,Universities
1236,Bahcesehir University *,TUR,Universities
1237,N.I. Lobachevsky State University of Nizhni Novgorod *,RUS,Universities
1238,Universita degli Studi di Urbino Carlo Bo,ITA,Universities
1239,Universidade Federal do Rio Grande do Norte,BRA,Universities
1240,Universita degli Studi di Messina,ITA,Universities
1240,University of Maribor,SVN,Universities
1242,Herzen State Pedagogical University of Russia,RUS,Universities
1242,Jember University,IDN,Universities
1244,Universidade Federal de Pelotas,BRA,Universities
1245,University of Economics in Bratislava,SVK,Universities
1245,Conselho Nacional de Desenvolvimento Cientifico e Tecnologico *,BRA,Government
1247,Bond University,AUS,Universities
1248,Washington University Medical Center ,USA,Health
1248,Christ University,IND,Universities
1250,Technion - Israel Institute of Technology *,ISR,Universities
1251,Universitat Passau,DEU,Universities
1252,University of Richmond,USA,Universities
1253,Research Institute for Humanity and Nature,JPN,Government
1254,North Carolina A&T State University,USA,Universities
1255,University of San Diego,USA,Universities
1256,Nationwide Children's Hospital ,USA,Health
1257,Universidad de la Costa,COL,Universities
1258,Universidad del Desarrollo,CHL,Universities
1259,University of Limpopo,ZAF,Universities
1260,"California State University, San Marcos",USA,Universities
1261,Universite de Sfax *,TUN,Universities
1261,Osterreichische Akademie der Wissenschaften *,AUT,Government
1263,North Eastern Federal University,RUS,Universities
1264,Western Washington University,USA,Universities
1265,Al-Ahliyya Amman University,JOR,Universities
1266,"Universite Sorbonne Nouvelle, Paris 3 *",FRA,Universities
1267,Universidade Estadual de Maringa,BRA,Universities
1267,University of Hradec Kralove,CZE,Universities
1269,Universidade Federal de Ouro Preto,BRA,Universities
1270,Mendel University in Brno,CZE,Universities
1271,Sakarya University *,TUR,Universities
1272,Southwest University *,CHN,Universities
1273,University of Southern Mississippi,USA,Universities
1274,Amity University *,IND,Universities
1275,Human Sciences Research Council of South Africa,ZAF,Government
1276,Norwegian Research Centre,NOR,Non-Profit
1276,Augusta University *,USA,Universities
1278,VIT University,IND,Universities
1279,Davidson College,USA,Universities
1280,Chiang Mai University,THA,Universities
1281,Western Carolina University,USA,Universities
1282,Universiti Brunei Darussalam,BRN,Universities
1283,Benemerita Universidad Autonoma de Puebla *,MEX,Universities
1284,University of Macedonia,GRC,Universities
1285,Far Eastern Federal University,RUS,Universities
1286,Programa Iniciativa Cientifica Milenio,CHL,Government
1287,Universite Paris-Nord 13 *,FRA,Universities
1287,"Universidad de los Andes, Chile",CHL,Universities
1289,Utah Valley University,USA,Universities
1290,West University of Timisoara,ROU,Universities
1291,Universidade de Tras-os-Montes e Alto Douro,PRT,Universities
1292,Liverpool Hope University,GBR,Universities
1293,Bergische Universitat Wuppertal,DEU,Universities
1293,Institut de Recherche pour le Developpement *,MUL,Government
1295,London Metropolitan University,GBR,Universities
1296,Instituto Nacional de Salud Publica *,MEX,Health
1297,Universitat Rostock *,DEU,Universities
1298,Universidad de la Frontera,CHL,Universities
1298,United States Military Academy at West Point,USA,Universities
1298,Belgorod State University,RUS,Universities
1301,South Dakota State University,USA,Universities
1302,Universita degli Studi del Piemonte Orientale Amedeo Avogadro,ITA,Universities
1303,Prince Sattam Bin Abdulaziz University,SAU,Universities
1304,West Chester University of Pennsylvania,USA,Universities
1304,"Universite Paul Valery, Montpellier III *",FRA,Universities
1304,Anima Holding SA *,BRA,Companies
1307,University of Massachusetts Medical School,USA,Universities
1308,"University of Malaysia, Sarawak",MYS,Universities
1309,University of Zimbabwe,ZWE,Universities
1310,Rowan University,USA,Universities
1311,Prince of Songkla University,THA,Universities
1312,Addis Ababa University,ETH,Universities
1312,Universidad de Tarapaca *,CHL,Universities
1314,Universitat Internacional de Catalunya ,ESP,Universities
1315,Hofstra University *,USA,Universities
1316,Azim Premji University,IND,Universities
1317,Marmara University *,TUR,Universities
1318,Yeditepe University *,TUR,Universities
1318,Bucknell University,USA,Universities
1318,Rochester Institute of Technology *,USA,Universities
1321,Naval Postgraduate School,USA,Universities
1321,Mount Royal College,CAN,Universities
1323,Sabanci University,TUR,Universities
1324,Open University of Israel,ISR,Universities
1325,Birla Institute of Technology and Science *,IND,Universities
1326,University of Malaysia Kelantan,MYS,Universities
1327,Universidad Catolica del Maule,CHL,Universities
1328,"Universidad Internacional de La Rioja, Logroño",ESP,Universities
1329,"University of Tennessee, Chattanooga",USA,Universities
1329,Khon Kaen University,THA,Universities
1331,William Paterson University,USA,Universities
1331,Universidad Nacional de Quilmes,ARG,Universities
1333,Amherst College,USA,Universities
1333,Universitat der Bundeswehr Munchen,DEU,Universities
1335,University of Presov in Presov,SVK,Universities
1336,Universidad de Valparaiso,CHL,Universities
1337,The University of Winnipeg,CAN,Universities
1337,Federation University,AUS,Universities
1339,Colgate University,USA,Universities
1340,Universidade Federal do Espirito Santo,BRA,Universities
1341,Nanjing Agricultural University,CHN,Universities
1342,South China Agricultural University *,CHN,Universities
1343,Medical College of Wisconsin,USA,Universities
1344,University of Baghdad,IRQ,Universities
1344,Skidmore College,USA,Universities
1346,Universidad Michoacana de San Nicolas de Hidalgo,MEX,Universities
1347,"Vietnam National University System, Ho Chi Minh City *",MUL,Universities
1348,Central University of Punjab,IND,Universities
1349,Thomas Jefferson University *,USA,Universities
1350,Universidad de Medellin,COL,Universities
1351,Ashoka University,IND,Universities
1352,Colby College,USA,Universities
1353,University of North Florida,USA,Universities
1354,Universitat Regensburg *,DEU,Universities
1355,Konkuk University *,KOR,Universities
1356,Hitotsubashi University,JPN,Universities
1357,Universite de Bourgogne *,FRA,Universities
1358,"Indian Institute of Technology, Kanpur",IND,Universities
1359,Universidad Nacional de Mar del Plata *,ARG,Universities
1360,Universite Jean Monnet *,FRA,Universities
1361,Universidad de San Andres,ARG,Universities
1362,Universita Politecnica delle Marche,ITA,Universities
1363,"Soochow University, Taipei",TWN,Universities
1364,"Indian Institute of Management, Ahmedabad",IND,Universities
1365,"University of the South Pacific, Fiji",FJI,Universities
1366,Bryn Mawr College,USA,Universities
1367,University of Bialystok,POL,Universities
1368,"University of Alaska, Anchorage",USA,Universities
1369,Universidade de Santa Cruz do Sul,BRA,Universities
1370,University of Mississippi Medical Center,USA,Universities
1371,Istanbul Bilgi University,TUR,Universities
1372,Universidad Industrial de Santander,COL,Universities
1372,Claremont McKenna College,USA,Universities
1374,College of Charleston,USA,Universities
1375,Smith College,USA,Universities
1375,University of Hyderabad,IND,Universities
1377,Ecole de Management de Lyon,FRA,Universities
1378,Constantine the Philosopher University in Nitra,SVK,Universities
1379,"University of Missouri, Kansas City",USA,Universities
1380,National Institute for Economic Research Costin C Kiritescu,ROU,Government
1381,Universidad de Los Lagos,CHL,Universities
1382,Imam Abdulrahman Bin Faisal University *,SAU,Universities
1383,Xi'an Jiaotong-Liverpool University,CHN,Universities
1384,Universidad de Guanajuato,MEX,Universities
1384,"University of the West Indies, St. Augustine Campus",TTO,Universities
1386,Mount Holyoke College,USA,Universities
1387,"Universidad Santo Tomas, Colombia",COL,Universities
1388,Universite de Versailles Saint Quentin en Yvelines *,FRA,Universities
1389,VID Specialized University,NOR,Universities
1390,Obafemi Awolowo University,NGA,Universities
1391,Universita degli Studi dell'Insubria,ITA,Universities
1392,Universidade da Cidade de Macau - City University of Macau,MAC,Universities
1393,Durban University of Technology,ZAF,Universities
1394,Universidad Nacional Mayor de San Marcos,PER,Universities
1394,Elon University,USA,Universities
1396,Pepperdine University,USA,Universities
1397,Eastern Mediterranean University,CYP,Universities
1398,Bard College,USA,Universities
1399,Inland Norway University of Applied Sciences,NOR,Universities
1400,Universidade Federal de Juiz de Fora,BRA,Universities
1401,Hamilton College,USA,Universities
1402,Universita degli Studi di Udine,ITA,Universities
1403,Ankara Yildirim Beyazit University,TUR,Universities
1404,Srinakharinwirot University,THA,Universities
1405,Universidade Federal de Vicosa,BRA,Universities
1406,Hashemite University,JOR,Universities
1406,University of Sharjah,ARE,Universities
1406,University of South Alabama *,USA,Universities
1409,Universidad Panamericana *,MEX,Universities
1410,University of West Florida,USA,Universities
1411,Monash Health *,AUS,Health
1412,University of Defence,CZE,Universities
1413,Adelphi University,USA,Universities
1414,University of Tampa,USA,Universities
1415,"California State University, Fresno",USA,Universities
1416,Seattle University,USA,Universities
1417,University of Anbar,IRQ,Universities
1418,Middle Tennessee State University,USA,Universities
1419,"Kaiser Permanente, Oakland *",USA,Health
1420,Western Kentucky University,USA,Universities
1420,Khalifa University *,ARE,Universities
1422,Universitat de Vic,ESP,Universities
1423,Tyumen State University,RUS,Universities
1424,Gauhati University,IND,Universities
1425,Pontificia Universidad Catolica del Ecuador,ECU,Universities
1425,University of Dar es Salaam,TZA,Universities
1427,Texas Woman's University,USA,Universities
1428,Shahjalal University of Science and Technology,BGD,Universities
1429,Yeshiva University,USA,Universities
1430,"California State Polytechnic University, Pomona",USA,Universities
1431,Nisantasi University,TUR,Universities
1432,St. Francis Xavier University,CAN,Universities
1433,University of Peloponnese,GRC,Universities
1434,Pace University,USA,Universities
1435,Shanghai International Studies University,CHN,Universities
1436,Lafayette College,USA,Universities
1437,Universite de Caen Basse-Normandie *,FRA,Universities
1438,University of Gondar,ETH,Universities
1438,Applied Science Private University,JOR,Universities
1440,University of Calabar,NGA,Universities
1441,Belarusian State University,BLR,Universities
1442,Allameh Tabatabai University,IRN,Universities
1443,Europa-Universitat Flensburg,DEU,Universities
1444,University of Montenegro,MNE,Universities
1445,Institut de Recherche pour le Developpement France,FRA,Government
1446,University of South Dakota,USA,Universities
1447,Tun Hussein Onn University of Malaysia,MYS,Universities
1448,Jadavpur University,IND,Universities
1449,Tribhuvan University *,NPL,Universities
1450,Kuban State University,RUS,Universities
1451,Beijing Foreign Studies University,CHN,Universities
1452,Universidade Federal de Mato Grosso do Sul,BRA,Universities
1453,Instituto Tecnologico Autonomo de Mexico,MEX,Universities
1453,State University of West Georgia,USA,Universities
1455,Institute of Philosophy Russian Academy of Sciences,RUS,Government
1456,"California State University, Chico",USA,Universities
1456,Suffolk University,USA,Universities
1458,University of Santo Tomas,PHL,Universities
1459,Universidade Catolica Portuguesa,PRT,Universities
1460,Bates College,USA,Universities
1460,Pomona College,USA,Universities
1462,Hasselt University,BEL,Universities
1463,Universita degli Studi di Sassari,ITA,Universities
1464,Jamia Millia Islamia Central University,IND,Universities
1465,Universite de Lyon,FRA,Universities
1465,University Mutah,JOR,Universities
1467,Jan Evangelista Purkyne University,CZE,Universities
1468,Universidad Arturo Prat *,CHL,Universities
1469,University of Mumbai,IND,Universities
1470,The American University in Cairo,EGY,Universities
1471,Ruppin Academic Center,ISR,Universities
1472,Northeast Normal University,CHN,Universities
1473,National Chung Cheng University,TWN,Universities
1474,The Catholic University of America,USA,Universities
1475,Southern Illinois University Edwardsville,USA,Universities
1476,University of Dayton,USA,Universities
1477,"University of Wisconsin, Eau Claire",USA,Universities
1478,"California State University, East Bay",USA,Universities
1479,Zhejiang Sci-Tech University,CHN,Universities
1480,Ferdowsi University of Mashhad,IRN,Universities
1481,Duke Kunshan University,CHN,Universities
1482,Kookmin University,KOR,Universities
1483,Midlands State University,ZWE,Universities
1484,University of New Orleans,USA,Universities
1485,Universidade Federal de Alagoas,BRA,Universities
1486,China University of Political Science and Law,CHN,Universities
1487,University of Babylon,IRQ,Universities
1488,Doshisha University,JPN,Universities
1489,Universite de Carthage *,TUN,Universities
1490,High Point University,USA,Universities
1491,University of Sarajevo,BIH,Universities
1491,Missouri State University,USA,Universities
1493,Ss Cyril and Methodius University of Skopje *,MKD,Universities
1494,Tarbiat Modares University,IRN,Universities
1495,Athabasca University,CAN,Universities
1495,United States Naval Academy,USA,Universities
1497,"University of Nottingham, Malaysia Campus",MYS,Universities
1498,Universite de Poitiers *,FRA,Universities
1499,The College of New Jersey,USA,Universities
1500,Henan University *,CHN,Universities
1501,Punjabi University,IND,Universities
1502,Universidade Nove de Julho,BRA,Universities
1503,North South University,BGD,Universities
1504,Universitat Paderborn,DEU,Universities
1505,Universidade Portucalense Infante D Henrique,PRT,Universities
1506,Mustansiriyah University,IRQ,Universities
1507,University of Wisconsin - LaCrosse,USA,Universities
1508,Princess Sumaya University of Technology,JOR,Universities
1509,University of Zambia,ZMB,Universities
1510,Ecole Normale Superieure Paris-Saclay *,FRA,Universities
1511,Higher Colleges of Technology,ARE,Universities
1512,Southern University of Science and Technology,CHN,Universities
1513,National Tsing Hua University,TWN,Universities
1514,Minzu University of China,CHN,Universities
1515,Yunnan University,CHN,Universities
1516,Butler University,USA,Universities
1517,Naresuan University,THA,Universities
1518,Eastern Michigan University,USA,Universities
1519,Laurentian University,CAN,Universities
1520,Amman Arab University,JOR,Universities
1521,University of Southern California Health Sciences Campus,USA,Health
1522,University of Botswana,BWA,Universities
1523,"California Polytechnic State University, San Luis Obispo",USA,Universities
1524,Wichita State University,USA,Universities
1525,Ajman University of Science and Technology,ARE,Universities
1526,Morgan State University,USA,Universities
1527,Universite Bordeaux Montaigne *,FRA,Universities
1528,Panjab University,IND,Universities
1529,Vassar College,USA,Universities
1530,Yildiz Technical University,TUR,Universities
1531,The Max Stern Yezreel Valley College,ISR,Universities
1532,Bahria University,PAK,Universities
1533,Shanghai Normal University,CHN,Universities
1534,College of the Holy Cross,USA,Universities
1535,Sogang University,KOR,Universities
1536,Galgotias University,IND,Universities
1537,Abdul Wali Khan University,PAK,Universities
1538,Guangdong University of Foreign Studies,CHN,Universities
1539,Inha University,KOR,Universities
1540,Universitat Vechta,DEU,Universities
1541,INTI International University & Colleges,MYS,Universities
1542,Vyatka State University,RUS,Universities
1543,Kuban State Agrarian University,RUS,Universities
1544,Incheon National University,KOR,Universities
1545,"Universidad de Las Americas, Chile",CHL,Universities
1546,Soongsil University,KOR,Universities
1547,Tel-Hai College,ISR,Universities
1548,Laureate International Universities *,MUL,Universities
1549,Jain University,IND,Universities
1550,Indian Institute of Management Lucknow,IND,Universities
1551,Hong Kong Shue Yan University,HKG,Universities
1552,King Mongkut's Institute of Technology North Bangkok,THA,Universities
1553,National Institute of Advanced Studies,IND,Non-Profit
1554,Kuwait University *,KWT,Universities
1555,"Presidency University, Kolkata",IND,Universities
1556,U.S. Army *,USA,Government
1557,Sapir Academic College,ISR,Universities
1558,"University of Education, Winneba",GHA,Universities
1559,National Chung Hsing University,TWN,Universities
1560,Gachon University,KOR,Universities
1561,University of Wasit,IRQ,Universities
1562,Tehran University of Medical Sciences *,IRN,Universities
1563,Galgotias Educational Institutions *,IND,Universities
1564,Chonbuk National University *,KOR,Universities
1565,University of Thi-Qar,IRQ,Universities
1566,Universite de Bamenda,CMR,Universities
1567,University of Al-Qadisiyah,IRQ,Universities
1568,University of Kashmir,IND,Universities
1569,Kyambogo University,UGA,Universities
1570,Henan University of Finance and Economics,CHN,Universities
1571,Ministry of Education,IRQ,Government
1572,Al-Farahidi University,IRQ,Universities
