Global Rank,Institution,Country,Sector
1,Ministry of Education of the People's Republic of China,CHN,Government
2,Tongji University *,CHN,Universities
3,Tsinghua University *,CHN,Universities
4,Chinese Academy of Sciences *,CHN,Government
5,"Southeast University, Nanjing *",CHN,Universities
6,State Grid Corporation of China *,CHN,Companies
7,Hong Kong Polytechnic University,HKG,Universities
8,Tianjin University *,CHN,Universities
9,Chongqing University,CHN,Universities
10,"Academy of Mathematics and Systems Science, Chinese Academy of Sciences",CHN,Government
11,Harbin Institute of Technology,CHN,Universities
12,Shanghai Jiao Tong University *,CHN,Universities
13,Delft University of Technology,NLD,Universities
14,Huazhong University of Science and Technology *,CHN,Universities
15,Centre National de la Recherche Scientifique *,FRA,Government
16,Zhejiang University *,CHN,Universities
17,Lawrence Berkeley National Laboratory *,USA,Government
18,Technical University of Denmark,DNK,Universities
19,Ajou University,KOR,Universities
20,National University of Singapore *,SGP,Universities
21,University College London *,GBR,Universities
22,Dalian University of Technology *,CHN,Universities
23,"University of California, Berkeley *",USA,Universities
24,Wuhan University of Technology *,CHN,Universities
25,Central South University *,CHN,Universities
26,Xi'an Jiaotong University *,CHN,Universities
27,Beijing Institute of Technology,CHN,Universities
28,Chang'an University ,CHN,Universities
29,North China Electric Power University,CHN,Universities
30,Shandong University *,CHN,Universities
31,Swiss Federal Institute of Technology,CHE,Universities
32,Helmholtz Gemeinschaft *,DEU,Government
33,University of New South Wales *,AUS,Universities
34,Georgia Institute of Technology *,USA,Universities
35,Imperial College London,GBR,Universities
36,Massachusetts Institute of Technology *,USA,Universities
37,Hunan University,CHN,Universities
38,Nanyang Technological University *,SGP,Universities
39,South China University of Technology,CHN,Universities
40,Norwegian University of Science and Technology,NOR,Universities
41,Xi'an University of Architecture and Technology,CHN,Universities
42,National Renewable Energy Laboratory,USA,Government
43,Politecnico di Milano,ITA,Universities
44,State Grid Zhejiang Electric Power Co,CHN,Companies
44,Shandong JiaoTong University,CHN,Universities
46,University of Cambridge *,GBR,Universities
47,European Commission *,MUL,Government
48,University of Nottingham *,GBR,Universities
49,Carnegie Mellon University *,USA,Universities
50,Aalborg University *,DNK,Universities
51,Northeast Electric Power University,CHN,Universities
52,Southwest Jiaotong University,CHN,Universities
53,Consejo Superior de Investigaciones Cientificas *,ESP,Government
54,China University of Geosciences,CHN,Universities
55,Paul Scherrer Institute,CHE,Government
56,China University of Mining and Technology,CHN,Universities
57,Ecole Polytechnique Federale de Lausanne,CHE,Universities
58,The University of Hong Kong *,HKG,Universities
59,Cardiff University,GBR,Universities
60,Cranfield University,GBR,Universities
61,Qingdao University *,CHN,Universities
62,Flemish Institute for Technological Research,BEL,Government
63,"Texas A&M University, College Station *",USA,Universities
64,University of Groningen *,NLD,Universities
65,Shenzhen Polytechnic,CHN,Universities
66,Shenzhen University,CHN,Universities
67,City University of Hong Kong *,HKG,Universities
68,"University of Michigan, Ann Arbor *",USA,Universities
69,University of Hail,SAU,Universities
70,Shenzhen Municipal People’s Government *,CHN,Government
71,"University of Colorado, Boulder *",USA,Universities
72,Rheinisch-Westfalische Technische Hochschule Aachen,DEU,Universities
73,Swiss Federal Laboratories for Materials Science and Technology,CHE,Government
74,Hohai University,CHN,Universities
75,Qingdao University of Science and Technology,CHN,Universities
76,Universitat Politecnica de Catalunya *,ESP,Universities
77,Universidade de Lisboa *,PRT,Universities
78,University of Southern California *,USA,Universities
79,Duy Tan University,VNM,Universities
80,"Rutgers, The State University of New Jersey",USA,Universities
81,Beijing University of Technology,CHN,Universities
82,Rajshahi University of Engineering and Technology,BGD,Universities
83,Eindhoven University of Technology,NLD,Universities
84,Universita degli Studi di Napoli Federico II,ITA,Universities
85,Islamic University of Gaza,PSE,Universities
86,Lappeenranta University of Technology,FIN,Universities
87,University of Oxford *,GBR,Universities
88,Shenyang University of Technology *,CHN,Universities
89,Purdue University,USA,Universities
90,Wuhan University *,CHN,Universities
91,Sri Lanka Institute of Information Technology,LKA,Universities
92,Royal Melbourne Institute of Technology *,AUS,Universities
93,University of Leeds,GBR,Universities
94,Catholic University of Leuven,BEL,Universities
95,Cornell University *,USA,Universities
96,"University of Technology, Sydney",AUS,Universities
97,Tsinghua-Berkeley Shenzhen Institute,CHN,Government
98,University of Toronto,CAN,Universities
99,University of Chinese Academy of Sciences,CHN,Universities
100,University of Birmingham,GBR,Universities
101,Arizona State University *,USA,Universities
102,Beijing University of Chemical Technology,CHN,Universities
103,Peking University *,CHN,Universities
104,Pontificia Universidad Catolica de Chile *,CHL,Universities
105,Universidad Politecnica de Madrid *,ESP,Universities
106,University of Tokyo *,JPN,Universities
107,University of Sydney *,AUS,Universities
108,European Commission - Joint Research Centre,MUL,Government
109,Universita degli Studi di Roma La Sapienza,ITA,Universities
110,Universidade de Sao Paulo *,BRA,Universities
111,University of Melbourne *,AUS,Universities
112,Loughborough University,GBR,Universities
113,Aalto University,FIN,Universities
114,University of Science and Technology of China *,CHN,Universities
115,Chalmers University of Technology *,SWE,Universities
116,Ministry of Industry and Information Technology,CHN,Government
117,Royal Institute of Technology *,SWE,Universities
118,Stanford University *,USA,Universities
119,National Institute of Standards and Technology *,USA,Government
119,Aston University,GBR,Universities
121,The University of Sheffield,GBR,Universities
122,Technische Universitat Munchen *,DEU,Universities
123,Ghent University,BEL,Universities
124,University of Electronic Science and Technology of China *,CHN,Universities
124,Curtin University *,AUS,Universities
126,San Diego State University,USA,Universities
127,Xinjiang University,CHN,Universities
128,Sichuan University *,CHN,Universities
129,Utrecht University *,NLD,Universities
130,University of Science and Technology Beijing,CHN,Universities
131,Universitat Politecnica de Valencia *,ESP,Universities
132,University of Oulu,FIN,Universities
133,"University of Texas, Austin",USA,Universities
134,National Aeronautics and Space Administration *,USA,Government
135,"European Commission - Joint Research Centre Ispra, Italy",ITA,Government
136,Nanjing Tech University,CHN,Universities
137,Universidad de Sevilla *,ESP,Universities
138,Shandong University of Science and Technology,CHN,Universities
139,Yonsei University *,KOR,Universities
140,University of Bath,GBR,Universities
141,"University of California, Davis *",USA,Universities
142,Michigan Technological University,USA,Universities
143,Harvard University *,USA,Universities
144,Karlsruher Institut fur Technologie,DEU,Universities
145,China University of Petroleum,CHN,Universities
146,"University of Tennessee, Knoxville *",USA,Universities
147,Pennsylvania State University *,USA,Universities
148,Southwestern University of Finance and Economics,CHN,Universities
149,Hanyang University *,KOR,Universities
150,Dongbei University of Finance and Economics,CHN,Universities
151,Forschungszentrum Julich in der Helmholtz Gemeinschaft,DEU,Government
152,University College Cork *,IRL,Universities
153,New York University *,USA,Universities
154,Guangdong University of Technology,CHN,Universities
155,University of Auckland,NZL,Universities
156,Macau University of Science and Technology,MAC,Universities
157,BeiHang University *,CHN,Universities
158,The Hong Kong University of Science and Technology,HKG,Universities
159,Virginia Polytechnic Institute and State University *,USA,Universities
160,North Carolina State University,USA,Universities
161,The University of Manchester *,GBR,Universities
162,Guangxi University,CHN,Universities
163,University of Tehran,IRN,Universities
164,Politecnico di Torino *,ITA,Universities
165,University of Hertfordshire,GBR,Universities
166,Consiglio Nazionale delle Ricerche *,ITA,Government
167,"University of Maryland, College Park *",USA,Universities
168,COMSATS Institute of Information Technology *,PAK,Universities
169,University of Virginia *,USA,Universities
170,Universite de Technologie de Belfort-Montbeliard *,FRA,Universities
171,Lunds University,SWE,Universities
172,Universite PSL *,FRA,Universities
173,The University of Edinburgh *,GBR,Universities
174,Zhejiang Sci-Tech University,CHN,Universities
175,Hebei University of Technology,CHN,Universities
176,East China University of Science and Technology,CHN,Universities
177,University of Illinois at Urbana-Champaign *,USA,Universities
178,Fraunhofer Gesellschaft *,DEU,Government
179,University of Durham,GBR,Universities
180,University of Strathclyde *,GBR,Universities
181,Zhengzhou University *,CHN,Universities
182,"Monash University, Melbourne *",AUS,Universities
183,Northumbria University,GBR,Universities
184,"University of California, San Diego *",USA,Universities
184,University of Alberta,CAN,Universities
186,Iran University of Science and Technology,IRN,Universities
187,University of Peshawar,PAK,Universities
188,"Ohio State University, Columbus *",USA,Universities
189,Columbia University *,USA,Universities
190,"University of Technology, Malaysia",MYS,Universities
190,Hunan Institute of Engineering,CHN,Universities
192,Universidade do Minho,PRT,Universities
193,"University of Texas, Arlington",USA,Universities
194,University of Agder,NOR,Universities
195,University of Florida *,USA,Universities
196,"Institute for Systems and Computer Engineering, Technology and Science",PRT,Non-Profit
197,Jiangsu University *,CHN,Universities
197,University of Macau,MAC,Universities
199,Brunel University,GBR,Universities
200,Universidade do Porto *,PRT,Universities
201,"ParisTech, Institut des Sciences et Technologies de Paris - PRES *",FRA,Government
202,Nanjing University of Aeronautics and Astronautics,CHN,Universities
203,Changsha University of Science and Technology,CHN,Universities
204,University of Waterloo *,CAN,Universities
205,University of Mons,BEL,Universities
206,Concordia University,CAN,Universities
207,"Guangzhou Institute of Energy Conversion, Chinese Academy of Sciences",CHN,Government
208,Guangzhou University,CHN,Universities
209,BASF Group *,MUL,Companies
210,"Northeastern University, China",CHN,Universities
211,Uppsala University,SWE,Universities
212,University of Iceland,ISL,Universities
212,The University of Reading,GBR,Universities
214,California Institute of Technology *,USA,Universities
215,Ministry of Water Resources of China,CHN,Government
216,Aarhus University *,DNK,Universities
216,Universita Politecnica delle Marche,ITA,Universities
218,The Chinese University of Hong Kong *,HKG,Universities
219,Universidad del Bio-Bio,CHL,Universities
220,University of Wyoming,USA,Universities
221,Swinburne University of Technology *,AUS,Universities
222,Recep Tayyip Erdogan University,TUR,Universities
223,"Washington State University, Pullman *",USA,Universities
223,King Fahd University of Petroleum and Minerals,SAU,Universities
225,University of Utah *,USA,Universities
226,Universite Gustave Eiffel *,FRA,Universities
227,University of Shanghai for Science and Technology,CHN,Universities
228,Southwest University of Science and Technology,CHN,Universities
229,"University of California, Los Angeles *",USA,Universities
230,Coventry University,GBR,Universities
231,Geoforschungszentrum Potsdam,DEU,Government
232,Leibniz Gemeinschaft *,DEU,Government
233,University of Western Sydney,AUS,Universities
234,Universidad Carlos III de Madrid *,ESP,Universities
235,"University of Science, Malaysia *",MYS,Universities
236,"Newcastle University, Newcastle upon Tyne",GBR,Universities
237,University of Malaya *,MYS,Universities
238,Xidian University,CHN,Universities
239,Texas A&M University at Qatar,QAT,Universities
240,Universita degli Studi di Firenze,ITA,Universities
241,Oregon State University,USA,Universities
242,University of Glasgow *,GBR,Universities
243,University of Zagreb,HRV,Universities
244,State Key Joint Laboratory of Environmental Simulation and Pollution Control,CHN,Government
245,Northeast Agricultural University,CHN,Universities
246,Xiamen University *,CHN,Universities
247,L'Alma Mater Studiorum - Universita di Bologna,ITA,Universities
248,University of Warwick,GBR,Universities
249,Ecole Nationale Superieure des Mines de Paris,FRA,Universities
250,SINTEF Group *,NOR,Companies
251,Keio University *,JPN,Universities
252,Queensland University of Technology,AUS,Universities
253,University of Central Florida,USA,Universities
254,Ton Duc Thang University,VNM,Universities
255,Seoul National University *,KOR,Universities
256,University of Limerick,IRL,Universities
257,Oak Ridge National Laboratory,USA,Government
258,Beijing Jiaotong University,CHN,Universities
259,Universidad de Granada *,ESP,Universities
260,Griffith University,AUS,Universities
261,Nanjing Forestry University,CHN,Universities
262,University of Twente,NLD,Universities
263,Sun Yat-Sen University *,CHN,Universities
264,Oslo Metropolitan University,NOR,Universities
265,Jilin University *,CHN,Universities
266,Johns Hopkins University *,USA,Universities
267,Universidad del Pais Vasco *,ESP,Universities
268,University of Washington *,USA,Universities
269,University of the West of England *,GBR,Universities
270,Syracuse University,USA,Universities
271,University of Pretoria,ZAF,Universities
272,National Taiwan University,TWN,Universities
273,Iowa State University,USA,Universities
274,State Grid Jiangsu Electric Power Co,CHN,Companies
275,China National Offshore Oil Corp *,CHN,Companies
276,Lancaster University *,GBR,Universities
276,University College Dublin,IRL,Universities
278,"China University of Petroleum, Beijing",CHN,Universities
279,Technische Universitat Berlin *,DEU,Universities
280,China Institute of Water Resources and Hydropower Research,CHN,Government
281,"Northeastern University, USA",USA,Universities
282,The University of Salford,GBR,Universities
283,Universitat Jaume I *,ESP,Universities
284,VTT Technical Research Centre of Finland,FIN,Companies
285,Queen's University Belfast,GBR,Universities
286,"Indian Institute of Technology, Delhi",IND,Universities
286,University of Liverpool *,GBR,Universities
288,Technische Universitat Dresden *,DEU,Universities
289,Robert Gordon University,GBR,Universities
290,National Technical University of Athens,GRC,Universities
291,Qatar University,QAT,Universities
292,"University of Wisconsin, Madison *",USA,Universities
293,Pacific Northwest National Laboratory *,USA,Government
294,Kyoto University *,JPN,Universities
295,Universita degli Studi di Salerno,ITA,Universities
296,University of Portsmouth,GBR,Universities
297,United States Department of Agriculture,USA,Government
298,Nanjing University *,CHN,Universities
299,Deutsches Zentrum fur Luft- und Raumfahrt,DEU,Government
300,Saveetha Institute of Medical and Technical Sciences *,IND,Universities
301,Heriot-Watt University *,MUL,Universities
302,Yildiz Technical University,TUR,Universities
303,Beijing Normal University *,CHN,Universities
304,International Institute for Applied Systems Analysis,AUT,Government
305,"Universidad del Valle, Colombia",COL,Universities
306,"Institute of Rock and Soil Mechanics, Chinese Academy of Sciences",CHN,Government
307,Rice University,USA,Universities
308,"Colorado State University, Fort Collins *",USA,Universities
309,University of Sharjah,ARE,Universities
310,Peter the Great St Petersburg Polytechnic University,RUS,Universities
311,"Louisiana State University, Baton Rouge",USA,Universities
312,"University of Minnesota, Twin Cities *",USA,Universities
313,Chulalongkorn University,THA,Universities
314,University of Waikato,NZL,Universities
315,Qingdao University of Technology,CHN,Universities
316,Yangzhou University,CHN,Universities
317,School of Pedagogical and Technological Education,GRC,Universities
318,The University of British Columbia,CAN,Universities
319,University of Ontario Institute of Technology,CAN,Universities
320,The University of Queensland *,AUS,Universities
321,Fuzhou University,CHN,Universities
322,University of Exeter,GBR,Universities
323,Universita degli Studi di Padova,ITA,Universities
324,Kyung Hee University *,KOR,Universities
325,Universita degli Studi di Pisa,ITA,Universities
326,United States Geological Survey,USA,Government
327,"University of California, Irvine *",USA,Universities
328,National Yang Ming Chiao Tung University,TWN,Universities
328,University of Southampton,GBR,Universities
330,Universidad Nacional de Colombia *,COL,Universities
331,Universidad Nacional Autonoma de Mexico,MEX,Universities
332,Deakin University *,AUS,Universities
333,Korea Advanced Institute of Science and Technology *,KOR,Universities
334,Ahmadu Bello University *,NGA,Universities
335,Hefei University of Technology *,CHN,Universities
336,China National Petroleum Corp *,CHN,Companies
336,"Agency for Science, Technology and Research Singapore *",SGP,Government
338,"Institute of Engineering Thermophysics, Chinese Academy of Sciences",CHN,Government
338,Zhejiang University of Finance and Economics,CHN,Universities
340,"New York University, Abu Dhabi",ARE,Universities
341,Technical University of Crete,GRC,Universities
342,Kyushu University *,JPN,Universities
343,Northwestern Polytechnical University,CHN,Universities
344,Hubei University of Technology,CHN,Universities
345,Universita degli Studi di Perugia,ITA,Universities
346,Universidade de Coimbra *,PRT,Universities
347,Colorado School of Mines,USA,Universities
348,Vrije Universiteit Brussel,BEL,Universities
349,Shanghai University of Electric Power,CHN,Universities
350,The University of Hull,GBR,Universities
351,Birmingham City University,GBR,Universities
352,China Petroleum and Chemical Corporation *,CHN,Companies
353,University of South Australia,AUS,Universities
354,The University of Adelaide,AUS,Universities
355,"Heriot-Watt University, United Kingdom",GBR,Universities
356,Aristotle University of Thessaloniki,GRC,Universities
357,Foshan University,CHN,Universities
358,"University of Nebraska, Lincoln",USA,Universities
359,Commonwealth Scientific and Industrial Research Organization *,AUS,Government
360,Thammasat University,THA,Universities
361,University of Nevada-Las Vegas,USA,Universities
362,Leeds Beckett University,GBR,Universities
363,Consejo Nacional de Investigaciones Cientificas y Tecnicas *,ARG,Government
364,University Putra Malaysia,MYS,Universities
365,"Universidad de los Andes, Colombia *",COL,Universities
366,Umea University *,SWE,Universities
367,University of Western Ontario,CAN,Universities
368,"University of Texas, San Antonio",USA,Universities
369,Sejong University,KOR,Universities
370,"Soochow University, Suzhou *",CHN,Universities
371,Taiyuan University of Technology,CHN,Universities
372,"Northwestern University, Evanston *",USA,Universities
372,University of Ulster,GBR,Universities
374,"University of Malaysia, Pahang",MYS,Universities
375,China Aerospace Science and Technology Corp *,CHN,Government
376,University of Nottingham China Campus,CHN,Universities
377,Sichuan Agricultural University,CHN,Universities
378,Universite Grenoble-Alpes *,FRA,Universities
379,Huaiyin Institute of Technology,CHN,Universities
379,Massey University,NZL,Universities
381,The University of Western Australia,AUS,Universities
382,"Indian Institute of Technology, Madras",IND,Universities
383,Jazan University,SAU,Universities
384,Universita degli Studi Roma Tre,ITA,Universities
385,North University of China,CHN,Universities
386,Osaka University *,JPN,Universities
387,Clemson University,USA,Universities
388,Universidade Estadual do Norte Fluminense Darcy Ribeiro,BRA,Universities
389,Florida State University *,USA,Universities
389,Istanbul Gelisim University,TUR,Universities
391,China Electric Power Research Institute,CHN,Companies
392,University of Southern Denmark,DNK,Universities
393,University of Nevada-Reno,USA,Universities
394,Anhui University of Finance and Economics,CHN,Universities
395,Institute of Fundamental Technological Research Polish Academy of Sciences,POL,Government
396,Srinakharinwirot University,THA,Universities
397,"Indian Institute of Technology, Bombay *",IND,Universities
398,Universita degli Studi di Genova,ITA,Universities
399,George Mason University,USA,Universities
400,University of Houston,USA,Universities
401,Lockheed Martin Corp *,USA,Companies
401,Technische Universitat Wien *,AUT,Universities
403,Universidade Federal Fluminense,BRA,Universities
404,Universite Paris-Saclay *,FRA,Universities
405,Ministerio de Ciencia e Innovacion *,MUL,Government
406,Tokyo Institute of Technology,JPN,Universities
407,Tohoku University *,JPN,Universities
407,Petronas University of Technology,MYS,Universities
409,Dongguan University of Technology,CHN,Universities
410,"University of Alabama, Tuscaloosa",USA,Universities
410,Universidad Austral de Chile *,CHL,Universities
412,University of Tasmania,AUS,Universities
413,Qilu University of Technology,CHN,Universities
414,King Abdulaziz University *,SAU,Universities
415,University of Belgrade,SRB,Universities
416,University of Kentucky *,USA,Universities
417,King Saud University *,SAU,Universities
418,Edith Cowan University,AUS,Universities
419,Universidade Federal do Rio de Janeiro *,BRA,Universities
420,Universidad de Cantabria *,ESP,Universities
421,Universita degli Studi di Pavia,ITA,Universities
422,Prince Sattam Bin Abdulaziz University,SAU,Universities
423,China Agricultural University,CHN,Universities
424,Universidade Federal do Rio Grande do Sul,BRA,Universities
425,"Electricite de France, S.A. *",FRA,Companies
426,Sherbrooke University *,CAN,Universities
427,Universitat d'Alacant *,ESP,Universities
428,Bartin University,TUR,Universities
429,Catholic University of Louvain,BEL,Universities
429,University of Calgary *,CAN,Universities
431,China Medical University Hospital,TWN,Health
432,University of Bristol *,GBR,Universities
432,National Research Council Canada *,CAN,Government
434,Case Western Reserve University,USA,Universities
435,Nanjing University of Science and Technology,CHN,Universities
436,Universitat Stuttgart,DEU,Universities
437,Universidade Federal de Santa Catarina *,BRA,Universities
438,Wuhan Institute of Technology,CHN,Universities
439,University of Teesside,GBR,Universities
440,Princeton University,USA,Universities
441,University of Huddersfield,GBR,Universities
442,Laval University,CAN,Universities
443,Ecole Nationale des Ponts ParisTech,FRA,Universities
444,Xi'an University of Science and Technology,CHN,Universities
445,Utah State University *,USA,Universities
445,Nazarbayev University,KAZ,Universities
447,Australian National University,AUS,Universities
448,Universite du Quebec en Quebec *,CAN,Universities
449,Menoufia University *,EGY,Universities
450,University of Wollongong *,AUS,Universities
451,McGill University *,CAN,Universities
452,University of Indonesia,IDN,Universities
453,Universita degli Studi di Bergamo,ITA,Universities
454,Missouri University of Science & Technology,USA,Universities
455,Wuhan University of Science and Technology,CHN,Universities
456,PetroChina Co Ltd,CHN,Companies
457,Universidad de Castilla-La Mancha *,ESP,Universities
458,Universidade Nova de Lisboa *,PRT,Universities
459,Southwest Petroleum University,CHN,Universities
460,Chosun University *,KOR,Universities
461,Shandong University of Technology,CHN,Universities
462,Fujian Agriculture and Forestry University,CHN,Universities
463,Ozyegin University,TUR,Universities
464,"Centro de Investigaciones Energeticas, Medioambientales y Tecnologicas",ESP,Government
465,Korea University *,KOR,Universities
466,Instituto Tecnologico y de Estudios Superiores de Monterrey *,MEX,Universities
467,Universidade Federal de Minas Gerais,BRA,Universities
467,Lakehead University,CAN,Universities
469,Chung-Ang University *,KOR,Universities
470,Brno University of Technology,CZE,Universities
471,University of Johannesburg,ZAF,Universities
472,Ruhr-Universitat Bochum *,DEU,Universities
473,Commissariat a l'Energie Atomique et aux Energies Alternatives *,FRA,Government
473,Universidad de Malaga *,ESP,Universities
475,Shiraz University,IRN,Universities
476,"University of North Carolina, Chapel Hill *",USA,Universities
477,Zhejiang University of Technology,CHN,Universities
478,University of Surrey,GBR,Universities
479,Michigan State University,USA,Universities
480,Ministerio de Ciencia e Innovacion Madrid,ESP,Government
481,Henan Polytechnic University,CHN,Universities
482,Plymouth University,GBR,Universities
483,Trinity College Dublin *,IRL,Universities
484,Universidade Estadual Paulista Julio de Mesquita Filho,BRA,Universities
485,Natural Resources Canada,CAN,Government
486,West Virginia University *,USA,Universities
487,Lanzhou University *,CHN,Universities
488,Silesian University of Technology,POL,Universities
489,Lulea University of Technology,SWE,Universities
489,McMaster University *,CAN,Universities
491,Czech Technical University in Prague,CZE,Universities
492,"National University of Science and Technology, Islamabad",PAK,Universities
493,The Manchester Metropolitan University,GBR,Universities
494,Nanjing University of Information Science and Technology,CHN,Universities
495,Tampere University,FIN,Universities
496,Universite de Cergy-Pontoise *,FRA,Universities
497,AGH University of Science and Technology,POL,Universities
498,Ryerson University,CAN,Universities
499,Universidade de Vigo *,ESP,Universities
500,Jiangxi University of Science and Technology,CHN,Universities
501,City University of New York *,USA,Universities
502,Fudan University *,CHN,Universities
502,Kwame Nkrumah University of Science and Technology,GHA,Universities
504,Middle East Technical University,TUR,Universities
504,Edinburgh Napier University,GBR,Universities
506,University of Saskatchewan,CAN,Universities
507,Necmettin Erbakan University,TUR,Universities
508,Zhongnan University of Economics and Law,CHN,Universities
509,Universita degli Studi Mediterranea di Reggio Calabria,ITA,Universities
510,Universita degli Studi di Modena e Reggio Emilia,ITA,Universities
511,National Taipei University of Technology,TWN,Universities
512,Kafrelsheikh University,EGY,Universities
513,Universita degli Studi di Parma,ITA,Universities
514,"National University of Ireland, Galway",IRL,Universities
515,China Meteorological Administration,CHN,Government
516,Anhui University of Science and Technology *,CHN,Universities
517,The University of Newcastle,AUS,Universities
518,The Nottingham Trent University,GBR,Universities
519,Universidad Tecnologica Nacional *,ARG,Universities
519,Stellenbosch University,ZAF,Universities
521,Kunming University of Science and Technology,CHN,Universities
521,Universita degli Studi di Trieste,ITA,Universities
523,Democritus University Of Thrace,GRC,Universities
523,Duzce University,TUR,Universities
525,Universite de Liege,BEL,Universities
526,Mansoura University *,EGY,Universities
527,"Universidad de Leon, Spain *",ESP,Universities
528,Indonesia University of Education,IDN,Universities
529,University of Cincinnati *,USA,Universities
530,Universite de Bretagne-Sud *,FRA,Universities
531,University of Ljubljana *,SVN,Universities
531,China Southern Power Grid Co Ltd *,CHN,Companies
533,Tecnologico Nacional de Mexico *,MEX,Government
534,University of Arizona *,USA,Universities
534,University of Jinan,CHN,Universities
536,University of Duhok,IRQ,Universities
537,Pusan National University,KOR,Universities
538,Nanchang University *,CHN,Universities
538,Universita degli Studi di Messina,ITA,Universities
540,Southern Ural State University,RUS,Universities
541,"Sandia National Laboratories, New Mexico",USA,Government
542,Carleton University,CAN,Universities
543,University of Wolverhampton,GBR,Universities
543,Kaunas University of Technology ,LTU,Universities
545,University of Kansas *,USA,Universities
546,Guangzhou Municipal People's Government  *,CHN,Government
547,Hanoi University of Science and Technology,VNM,Universities
547,Najran University,SAU,Universities
549,Renmin University of China,CHN,Universities
549,Tarbiat Modares University,IRN,Universities
551,University of Victoria,CAN,Universities
552,Khon Kaen University,THA,Universities
553,Istanbul Technical University,TUR,Universities
554,Centrale Supelec,FRA,Universities
555,Harbin Engineering University,CHN,Universities
556,Nagoya University *,JPN,Universities
557,Universita della Calabria,ITA,Universities
558,Gdansk University of Technology,POL,Universities
559,"Shenzhen Institutes of Advanced Technology, Chinese Academy of Sciences",CHN,Government
560,Minia University *,EGY,Universities
561,Malaviya National Institute of Technology,IND,Universities
562,Hashemite University,JOR,Universities
563,"China Medical University, Taichung *",TWN,Universities
564,Bandung Institute of Technology,IDN,Universities
564,Universidad de Zaragoza *,ESP,Universities
566,University of West Attica,GRC,Universities
567,Waseda University,JPN,Universities
568,South Dakota State University,USA,Universities
569,Universidad de Chile *,CHL,Universities
570,"Agenzia Nazionale per le nuove Tecnologie, l'Energia e lo Sviluppo Economico Sostenibile",ITA,Government
571,Saint Petersburg State University of Architecture and Civil Engineering,RUS,Universities
572,Drexel University,USA,Universities
573,Universite Paris-Est Creteil *,FRA,Universities
574,National Chung Hsing University,TWN,Universities
575,Universitat Kassel,DEU,Universities
576,Southern University of Science and Technology,CHN,Universities
577,Universita degli Studi di Ferrara,ITA,Universities
578,Yancheng Institute of Technology,CHN,Universities
579,"City University of New York, City College",USA,Universities
580,"State University of New York, Buffalo",USA,Universities
581,Kocaeli University *,TUR,Universities
582,Universidade Tecnologica Federal do Parana,BRA,Universities
582,Laboratoire Navier,FRA,Government
584,Technische Universitat Graz *,AUT,Universities
585,Anhui Jianzhu University,CHN,Universities
586,Ningbo University of Technology,CHN,Universities
587,University Tunku Abdul Rahman,MYS,Universities
588,VIT University,IND,Universities
589,Alexandria University *,EGY,Universities
590,"University of North Carolina, Charlotte",USA,Universities
591,Amirkabir University of Technology,IRN,Universities
592,University of Peradeniya,LKA,Universities
593,Council of Scientific and Industrial Research *,IND,Government
594,Universite Savoie Mont Blanc *,FRA,Universities
595,Universita degli Studi di Camerino,ITA,Universities
596,National Research Centre *,EGY,Government
597,Universita degli Studi di Cassino,ITA,Universities
598,Universite de Lille *,FRA,Universities
599,Universita degli Studi della Basilicata,ITA,Universities
600,American University of Beirut *,LBN,Universities
601,Dalian Minzu University,CHN,Universities
602,Technische Universitat Braunschweig,DEU,Universities
603,China Building Materials Academy,CHN,Government
604,Sahand University of Technology,IRN,Universities
605,Polish Academy of Sciences *,POL,Government
606,Liverpool John Moores University,GBR,Universities
607,Universitat Rovira i Virgili *,ESP,Universities
607,University of Southern Queensland,AUS,Universities
609,Universita degli Studi di Catania,ITA,Universities
610,National Cheng Kung University,TWN,Universities
611,University of Bradford,GBR,Universities
611,University of New Mexico *,USA,Universities
611,"Institute of Geographic Sciences and Natural Resources Research, Chinese Academy of Sciences",CHN,Government
614,University of Vaasa,FIN,Universities
615,Yamaguchi University *,JPN,Universities
616,Ministry of Agriculture,CHN,Government
617,Institute of Science and Innovation in Mechanical and Industrial Engineering,PRT,Non-Profit
618,Universidade de Aveiro,PRT,Universities
619,Guangdong Provincial Laboratory of Southern Marine Science and Engineering,CHN,Government
620,"University of Kurdistan, Sanandaj",IRN,Universities
621,University of Pittsburgh *,USA,Universities
621,West Pomeranian University of Technology,POL,Universities
623,Amran University,YEM,Universities
624,Tianjin University of Commerce China,CHN,Universities
625,Tallinn University of Technology,EST,Universities
626,Florida International University,USA,Universities
627,University of Moratuwa,LKA,Universities
628,Erciyes University,TUR,Universities
629,Universidad de Oviedo *,ESP,Universities
630,Mississippi State University,USA,Universities
631,"Texas State University, San Marcos",USA,Universities
632,"Indian Institute of Technology, Roorkee",IND,Universities
633,Institut Polytechnique de Grenoble *,FRA,Universities
633,Graduate University of Advanced Technology,IRN,Universities
635,University of Transport Technology,VNM,Universities
636,Gadjah Mada University,IDN,Universities
637,University of Jordan,JOR,Universities
638,Wayne State University,USA,Universities
639,"Islamic Azad University, Najafabad Branch",IRN,Universities
640,Bauhaus-Universitat Weimar,DEU,Universities
641,Universidad de Jaen *,ESP,Universities
642,Universidad de Valladolid *,ESP,Universities
643,Kyungpook National University *,KOR,Universities
644,Warsaw University of Technology,POL,Universities
645,Ferdowsi University of Mashhad,IRN,Universities
646,Ecole Nationale Superieure d'Arts et Metiers,FRA,Universities
647,British University in Egypt,EGY,Universities
648,Bogazici University,TUR,Universities
648,Northeast Petroleum University,CHN,Universities
650,University of Cape Town,ZAF,Universities
651,Wroclaw University of Science and Technology,POL,Universities
652,University of New Hampshire,USA,Universities
653,Universita degli Studi di Palermo,ITA,Universities
654,Monash University Malaysia,MYS,Universities
655,Khalifa University *,ARE,Universities
656,Shantou University *,CHN,Universities
656,University of Canterbury,NZL,Universities
658,Universiti Teknologi MARA,MYS,Universities
659,Benha University *,EGY,Universities
660,University of Regina,CAN,Universities
661,Ministry of Transport *,CHN,Government
662,United Arab Emirates University,ARE,Universities
663,University of Ottawa,CAN,Universities
664,Universite de Nantes *,FRA,Universities
665,Sharif University of Technology,IRN,Universities
666,Fujian University of Technology,CHN,Universities
666,Xiangtan University,CHN,Universities
668,Universidad de Salamanca *,ESP,Universities
669,University of Aberdeen,GBR,Universities
670,University of Brighton *,GBR,Universities
671,Technische Universitat Darmstadt,DEU,Universities
672,Jamia Millia Islamia Central University,IND,Universities
673,Universidad de Navarra *,ESP,Universities
674,Hokkaido University *,JPN,Universities
675,Cairo University *,EGY,Universities
676,University of Seoul,KOR,Universities
677,Universite de Yaounde I,CMR,Universities
678,Gaziantep University *,TUR,Universities
679,Gachon University,KOR,Universities
680,Politecnico di Bari,ITA,Universities
681,"Technical Institute of Physics and Chemistry, Chinese Academy of Sciences",CHN,Government
682,City University London,GBR,Universities
683,RISE Research Institutes of Sweden *,SWE,Government
684,Istanbul University Cerrahpasa *,TUR,Universities
685,Budapest University of Technology and Economics,HUN,Universities
686,Norwegian University of Life Sciences,NOR,Universities
687,Nanjing Normal University,CHN,Universities
688,Institut National des Sciences Appliquees de Rennes *,FRA,Universities
689,Ain Shams University *,EGY,Universities
690,"Shanmugha Arts, Science, Technology and Research Academy",IND,Universities
691,Future University in Egypt,EGY,Universities
692,Universita degli Studi di Milano,ITA,Universities
693,Balamand University,LBN,Universities
694,Sorbonne Universite *,FRA,Universities
695,Shanghai University,CHN,Universities
696,Lomonosov  Moscow State University,RUS,Universities
697,Northeast Forestry University,CHN,Universities
698,"Institut National de Recherche pour l'Agriculture, l'Alimentation et l'Environnement *",FRA,Government
699,Universita degli Studi dell Aquila,ITA,Universities
700,Firat University,TUR,Universities
701,Shanghai Maritime University,CHN,Universities
702,Ewha Womans University *,KOR,Universities
702,University of Oklahoma *,USA,Universities
704,Can Tho University,VNM,Universities
705,Xi'an Jiaotong-Liverpool University,CHN,Universities
706,University of Gavle,SWE,Universities
707,University of Antwerp,BEL,Universities
708,Korea Institute of Energy Research,KOR,Government
709,National Institute of Technology Silchar,IND,Universities
710,Nantong University *,CHN,Universities
711,"University of Massachusetts, Amherst",USA,Universities
712,Universite Djillali Liabes de Sidi Bel Abbes,DZA,Universities
712,University of Mazandaran,IRN,Universities
714,China Geological Survey *,CHN,Government
715,"Oklahoma State University, Stillwater *",USA,Universities
716,Universitas Negeri Sebelas Maret,IDN,Universities
717,Universidad de Cadiz *,ESP,Universities
718,University of Miami *,USA,Universities
718,Tokyo City University,JPN,Universities
720,National Chin-Yi University of Technology,TWN,Universities
721,Universita degli Studi del Sannio,ITA,Universities
722,Universidade Estadual de Campinas *,BRA,Universities
723,Singapore University of Technology and Design,SGP,Universities
724,Vilnius Gediminas Technical University,LTU,Universities
725,London South Bank University,GBR,Universities
726,Quchan University of Technology,IRN,Universities
727,Universite de La Rochelle *,FRA,Universities
728,Sumitomo Group *,MUL,Companies
729,Lublin University of Technology,POL,Universities
730,Tun Hussein Onn University of Malaysia,MYS,Universities
731,Visva-Bharati University,IND,Universities
732,University of New Brunswick,CAN,Universities
732,Chonnam National University,KOR,Universities
734,National Institute of Technology Karnataka,IND,Universities
735,Hellenic Open University,GRC,Universities
736,Changzhou Institute of Technology,CHN,Universities
737,VSB-Technical University of Ostrava,CZE,Universities
737,Shandong Jianzhu University,CHN,Universities
739,Chungbuk National University,KOR,Universities
740,Brawijaya University,IDN,Universities
741,Liaoning Technical University,CHN,Universities
742,"University of Malaysia, Perlis",MYS,Universities
743,Northwest A and F University,CHN,Universities
744,Kasetsart University,THA,Universities
745,Hainan University,CHN,Universities
746,National University of Malaysia *,MYS,Universities
746,Universite du Quebec en Chicoutimi,CAN,Universities
746,Academy of Sciences of the Czech Republic *,CZE,Government
749,Universidad Nacional de La Plata *,ARG,Universities
750,Guizhou University,CHN,Universities
751,Khulna University of Engineering and Technology,BGD,Universities
752,Chiba University *,JPN,Universities
752,Azarbaijan Shahid Madani University,IRN,Universities
754,Taif University,SAU,Universities
755,"Indian Institute of Technology, Kharagpur",IND,Universities
755,Universidad de Alcala *,ESP,Universities
757,Universite du Luxembourg,LUX,Universities
758,Universita degli Studi di Trento,ITA,Universities
759,Universite Libre de Bruxelles,BEL,Universities
760,Thapar Institute of Engineering and Technology,IND,Universities
761,Universidad de Burgos,ESP,Universities
761,Basque Research and Technology Alliance *,ESP,Government
761,Lehigh University,USA,Universities
764,Memorial University of Newfoundland,CAN,Universities
765,Universidade Federal de Pernambuco,BRA,Universities
766,Isfahan University of Technology,IRN,Universities
766,National University of Defense Technology,CHN,Universities
768,Sohag University *,EGY,Universities
769,Universite du Quebec en Montreal,CAN,Universities
770,National Institute of Technology Durgapur,IND,Universities
771,Pontificia Universidad Catolica del Peru,PER,Universities
772,National Laboratory for Civil Engineering,PRT,Government
773,Tishk International University,IRQ,Universities
774,Universite de Lorraine *,FRA,Universities
775,Flinders University,AUS,Universities
776,Hacettepe University,TUR,Universities
777,Linyi University,CHN,Universities
778,"University of Illinois, Chicago *",USA,Universities
779,Nankai University *,CHN,Universities
780,Instituto de Engenharia de Sistemas e Computadores *,PRT,Non-Profit
781,Bannari Amman Institute of Technology,IND,Universities
781,Netherlands Organisation for Applied Scientific Research *,MUL,Government
781,Hiroshima University *,JPN,Universities
784,Universidade Federal da Bahia,BRA,Universities
785,Malardalen University College,SWE,Universities
786,National Central University,TWN,Universities
786,Ecole de Technologie Superieure,CAN,Universities
788,"University of Connecticut, Storrs *",USA,Universities
789,Universite de Bordeaux *,FRA,Universities
790,Helwan University Cairo *,EGY,Universities
791,Dalhousie University *,CAN,Universities
792,University of Manitoba,CAN,Universities
793,North Dakota State University,USA,Universities
794,Victoria University,AUS,Universities
795,Tenaga National University,MYS,Universities
796,North China University of Science and Technology,CHN,Universities
797,Universite de Pau et des Pays de l'Adour *,FRA,Universities
798,Beijing Forestry University,CHN,Universities
799,Jordan University of Science and Technology,JOR,Universities
800,"Islamic Azad University, Isfahan Khorasgan Branch",IRN,Universities
800,University of Notre Dame,USA,Universities
802,Guangdong Artificial Intelligence and Digital Economy Laboratory,CHN,Government
803,Aix-Marseille Universite *,FRA,Universities
804,Western Michigan University,USA,Universities
805,Imam Abdulrahman Bin Faisal University *,SAU,Universities
806,Vignan University,IND,Universities
807,University of Management and Technology,PAK,Universities
808,Universita del Salento,ITA,Universities
809, American University of the Middle East,KWT,Universities
810,University of Windsor,CAN,Universities
811,University of Pune,IND,Universities
812,University of Mohaghegh Ardabili,IRN,Universities
813,Universidade de Brasilia,BRA,Universities
813,Jinan University *,CHN,Universities
815,Xi'an University of Technology,CHN,Universities
815,National Taiwan University of Science and Technology,TWN,Universities
817,Ajman University of Science and Technology,ARE,Universities
818,De La Salle University,PHL,Universities
818,Ecole Polytechnique de Montreal,CAN,Universities
820,Semnan University,IRN,Universities
820,Amrita University,IND,Universities
822,Xihua University,CHN,Universities
822,Universidade Federal do Parana,BRA,Universities
824,University of Sulaimani,IRQ,Universities
825,Universidade de Evora,PRT,Universities
826,Izmir Institute of Technology,TUR,Universities
827,University of Patras,GRC,Universities
828,Free University of Bozen,ITA,Universities
829,Ocean University of China,CHN,Universities
829,"University of Engineering and Technology, Lahore",PAK,Universities
831,Delhi Technological University,IND,Universities
831,University of South Africa,ZAF,Universities
833,Anglia Ruskin University,GBR,Universities
834,"University of California, Riverside",USA,Universities
835,Yozgat Bozok University *,TUR,Universities
836,Chiang Mai University,THA,Universities
837,Ecole Normale Superieure Paris-Saclay *,FRA,Universities
838,Jiaxing University,CHN,Universities
839,Syiah Kuala University,IDN,Universities
840,Friedrich-Alexander-Universitat Erlangen-Nurnberg *,DEU,Universities
841,Central South University of Forestry and Technology,CHN,Universities
842,East Carolina University,USA,Universities
843,Anna University,IND,Universities
844,Mustansiriyah University,IRQ,Universities
845,China Academy of Engineering Physics *,CHN,Government
846,University of Greenwich,GBR,Universities
847,Zhejiang University of Science and Technology,CHN,Universities
848,Karadeniz Technical University,TUR,Universities
849,Qassim University,SAU,Universities
850,Universidad de Extremadura *,ESP,Universities
851,University of Science and Technology Liaoning,CHN,Universities
851,Don State Technical University,RUS,Universities
853,Indian Institute of Science,IND,Universities
854,University of Northern British Columbia,CAN,Universities
855,Dalian Maritime University,CHN,Universities
855,University of Georgia,USA,Universities
857,Central Queensland University,AUS,Universities
858,University of Tsukuba *,JPN,Universities
859,Deltares,NLD,Non-Profit
860,Beijing University of Civil Engineering & Architecture,CHN,Universities
861,Riga Technical University,LVA,Universities
862,Zhejiang University City College,CHN,Universities
863,Kangwon National University *,KOR,Universities
864,Maulana Azad National Institute of Technology,IND,Universities
865,Universita degli Studi della Campania Luigi Vanvitelli,ITA,Universities
866,Universita degli Studi di Roma Tor Vergata,ITA,Universities
867,Yanshan University,CHN,Universities
868,Dr BR Ambedkar National Institute of Technology,IND,Universities
869,"University of Engineering and Technology, Taxila",PAK,Universities
869,Shahid Rajaee Teacher Training University,IRN,Universities
869,Linnaeus University,SWE,Universities
872,Sakarya University *,TUR,Universities
873,Nihon University *,JPN,Universities
874,Ministry of Ecology and Environment,CHN,Government
875,Istituto Universitario di Studi Superiori Pavia,ITA,Universities
875,Indian Institute of Technology Guwahati,IND,Universities
877,Guangdong Provincial Laboratory of Southern Marine Science and Engineering Zhuhai,CHN,Government
878,"University of Technology, Iraq",IRQ,Universities
879,Qingdao National Laboratory for Marine Science and Technology,CHN,Government
880,University of Science and Culture,IRN,Universities
881,King Mongkut's Institute of Technology North Bangkok,THA,Universities
882,Covenant University,NGA,Universities
883,The University of Kent,GBR,Universities
884,K.N.Toosi University of Technology,IRN,Universities
885,Universitat Innsbruck *,AUT,Universities
885,University of Split,HRV,Universities
885,Shenyang Jianzhu University,CHN,Universities
888,Chengdu University,CHN,Universities
889,HUTECH University of Technology,VNM,Universities
890,Chongqing Jiaotong University,CHN,Universities
891,Ss Cyril and Methodius University of Skopje *,MKD,Universities
892,China Railway Engineering Corp *,CHN,Companies
893,Auburn University,USA,Universities
894,Centres de Recerca de Catalunya *,ESP,Non-Profit
895,Universidade da Coruna,ESP,Universities
895,Housing and Building National Research Center,EGY,Government
897,Ho Chi Minh City University of Technology,VNM,Universities
898,Sungkyunkwan University,KOR,Universities
898,"National Institute of Technology, Tiruchirappalli",IND,Universities
900,East China Jiaotong University,CHN,Universities
900,Universite Moulay Ismail *,MAR,Universities
902,Illinois Institute of Technology,USA,Universities
903,University of Isfahan,IRN,Universities
904,Universidade Federal do Espirito Santo,BRA,Universities
905,Southwest Forestry University,CHN,Universities
906,Macquarie University *,AUS,Universities
907,Tadeusz Kosciuszko Cracow University of Technology,POL,Universities
908,University of Zilina,SVK,Universities
908,"University of Hawaii, Manoa *",USA,Universities
910,University of Dundee,GBR,Universities
911,University of Tabriz,IRN,Universities
912,Hanbat National University,KOR,Universities
913,Institut Pascal,FRA,Government
914,Universite de Limoges *,FRA,Universities
915,Chongqing University of Science and Technology,CHN,Universities
916,Technion - Israel Institute of Technology *,ISR,Universities
916,Huaqiao University,CHN,Universities
918,Diponegoro University,IDN,Universities
919,University of Lagos,NGA,Universities
920,King Faisal University,SAU,Universities
921,China Three Gorges University,CHN,Universities
922,Far Eastern Federal University,RUS,Universities
923,Pukyong National University,KOR,Universities
924,Chengdu University of Technology,CHN,Universities
925,"Indian Institute of Technology, Indore",IND,Universities
926,Dokuz Eylul University *,TUR,Universities
927,The Florida A&M University and The Florida State University College of Engineering,USA,Universities
928,Jeju National University *,KOR,Universities
929,Wenzhou University,CHN,Universities
930,Shanxi University,CHN,Universities
931,University of Delaware,USA,Universities
932,Chonbuk National University *,KOR,Universities
933,National Research and Innovation Agency *,IDN,Government
934,Universidade Federal de Sao Carlos,BRA,Universities
935,Osaka Metropolitan University *,JPN,Universities
936,Pamukkale University,TUR,Universities
937,University of Nigeria,NGA,Universities
938,Ministry of Natural Resources,CHN,Government
939,IMT Atlantique *,FRA,Universities
940,Universite d'Artois *,FRA,Universities
941,Queen's University,CAN,Universities
942,Amity University *,IND,Universities
943,Karabuk University,TUR,Universities
944,Ege University,TUR,Universities
945,Incheon National University,KOR,Universities
946,Korea Institute of Civil Engineering and Building Technology,KOR,Government
947,Shanghai University of Engineering Science,CHN,Universities
948,York University,CAN,Universities
949,Aligarh Muslim University,IND,Universities
950,Universidad Politecnica de Cartagena *,ESP,Universities
951,Universita degli Studi Gabriele d'Annunzio di Chieti e Pescara,ITA,Universities
952,Moscow State University of Civil Engineering,RUS,Universities
953,Bangladesh University of Engineering and Technology,BGD,Universities
954,Guangxi University of Science and Technology,CHN,Universities
955,"Junia, Grande Ecole d'Ingenieurs *",FRA,Universities
955,Gebze Technical University,TUR,Universities
957,Eastern Mediterranean University,CYP,Universities
958,"Indian Institute of Technology, Kanpur",IND,Universities
959,"Islamic Azad University, Science and Research Branch",IRN,Universities
960,Zagazig University *,EGY,Universities
961,"Suleyman Demirel University, Isparta",TUR,Universities
962,Ritsumeikan University,JPN,Universities
963,Universita degli Studi di Cagliari,ITA,Universities
964,Henan University of Technology,CHN,Universities
965,Universita IUAV di Venezia,ITA,Universities
966,Indian Institute of Technology Patna,IND,Universities
966,Universitat der Bundeswehr Munchen,DEU,Universities
968,Urmia University,IRN,Universities
969,Hasanuddin University,IDN,Universities
969,Gottfried Wilhelm Leibniz Universitat Hannover,DEU,Universities
971,Henan University *,CHN,Universities
972,China Academy of Building Research,CHN,Government
973,Gazi University,TUR,Universities
974,Hakim Sabzevari University,IRN,Universities
975,Shahid Beheshti University,IRN,Universities
976,National Institute of Technology Warangal,IND,Universities
977,Visvesvaraya National Institute of Technology,IND,Universities
978,Tanta University,EGY,Universities
979,University of Babylon,IRQ,Universities
980,Brigham Young University,USA,Universities
980,Netherlands Organisation for Applied Scientific Research,NLD,Government
982,Sepuluh Nopember Institute of Technology,IDN,Universities
982,"Swinburne University of Technology, Sarawak Campus",MYS,Universities
984,Obafemi Awolowo University,NGA,Universities
985,University of Guilan,IRN,Universities
986,University of Peloponnese,GRC,Universities
987,Manipal University,IND,Universities
988,Universidade de Santiago de Compostela *,ESP,Universities
989,Universite Clermont-Auvergne,FRA,Universities
989,Austrian Institute of Technology,AUT,Government
991,Universidade Federal de Santa Maria,BRA,Universities
992,Ningbo University,CHN,Universities
993,Bond University,AUS,Universities
994,Ningxia University,CHN,Universities
995,Auckland University of Technology,NZL,Universities
996,Yarmouk University,JOR,Universities
997,"Indian Institute of Technology, Varanasi",IND,Universities
998,Razi University,IRN,Universities
999,Josip Juraj Strossmayer University of Osijek,HRV,Universities
1000,"University of Arkansas, Fayetteville",USA,Universities
1001,Yeungnam University,KOR,Universities
1002,University of Miskolc,HUN,Universities
1003,Pontificia Universidad Catolica de Valparaiso *,CHL,Universities
1004,Universitat fur Bodenkultur Wien *,AUT,Universities
1005,Umm Al-Qura University,SAU,Universities
1006,King Khalid University,SAU,Universities
1007,Uludag University,TUR,Universities
1008,Ulsan National Institute of Science and Technology *,KOR,Universities
1009,Birla Institute of Technology and Science *,IND,Universities
1010,Dalian Jiaotong University,CHN,Universities
1011,"Laboratoire Sols, Solides, Structures, Risques",FRA,Government
1012,University of Rijeka,HRV,Universities
1012,Inha University,KOR,Universities
1014,Stevens Institute of Technology,USA,Universities
1015,National Institute of Technology Rourkela,IND,Universities
1016,Texas Tech University,USA,Universities
1017,Army Engineering University of PLA,CHN,Universities
1018,Tokyo University of Science,JPN,Universities
1019,Qinghai University,CHN,Universities
1020,Al-Ahliyya Amman University,JOR,Universities
1020,"Nippon Steel Corp, Japan",JPN,Companies
1022,Academic Center for Education Culture and Research *,IRN,Non-Profit
1023,Shibaura Institute of Technology,JPN,Universities
1024,Technical University of Kosice,SVK,Universities
1025,Universidade Federal de Itajuba,BRA,Universities
1026,Port Said University,EGY,Universities
1027,North West Frontier Province University of Engineering and Technology,PAK,Universities
1027,Pontificia Universidade Catolica do Rio de Janeiro,BRA,Universities
1029,Hunan University of Science and Technology,CHN,Universities
1030,Huazhong Agricultural University,CHN,Universities
1031,Kunsan National University,KOR,Universities
1032,University of KwaZulu-Natal *,ZAF,Universities
1033,Universidade Federal do Ceara,BRA,Universities
1034,Universite Mohamed Khider de Biskra,DZA,Universities
1035,Universidade da Beira Interior,PRT,Universities
1036,Dankook University,KOR,Universities
1037,Kastamonu University,TUR,Universities
1038,University of Novi Sad,SRB,Universities
1039,Meijo University,JPN,Universities
1040,Chongqing Technology and Business University,CHN,Universities
1040,Shahrood University of Technology,IRN,Universities
1042,Universidad de Costa Rica,CRI,Universities
1043,Sultan Qaboos University *,OMN,Universities
1044,Universite de Toulouse,FRA,Universities
1044,Suez University,EGY,Universities
1046,State Grid Anhui Electric Power Co,CHN,Companies
1047,University of Baghdad,IRQ,Universities
1048,University of Canberra,AUS,Universities
1049,Victoria University of Wellington,NZL,Universities
1049,WSP Global *,MUL,Companies
1051,AECOM *,MUL,Companies
1051,Universidad Tecnica Federico Santa Maria *,CHL,Universities
1053,Instituto Politecnico do Porto,PRT,Universities
1054,Indian Institute of Technology Bhubaneswar,IND,Universities
1055,University of Kitakyushu,JPN,Universities
1056,China Earthquake Administration,CHN,Government
1057,Kindai University *,JPN,Universities
1057,Universita degli Studi di Brescia,ITA,Universities
1059,Hebei University of Engineering,CHN,Universities
1060,National Kaohsiung University of Science and Technology,TWN,Universities
1061,Guangdong Power Grid Co Ltd,CHN,Companies
1062,Tokyo Metropolitan University,JPN,Universities
1063,Slovak University of Technology,SVK,Universities
1063,Czestochowa University of Technology,POL,Universities
1065,China Railway Group Ltd,CHN,Companies
1066,Jiangnan University *,CHN,Universities
1067,King Mongkut's University of Technology Thonburi,THA,Universities
1068,Sri Ramaswamy Memorial University,IND,Universities
1069,Hanoi University of Mining and Geology,VNM,Universities
1070,"National Institute of Technology, Patna",IND,Universities
1071,Babol Noshirvani University of Technology,IRN,Universities
1072,Zhongkai University of Agriculture and Engineering,CHN,Universities
1073,Indian Institute of Technology,IND,Universities
1074,Jadavpur University,IND,Universities
1075,Technische Universitat Hamburg-Harburg,DEU,Universities
1076,Shimane University *,JPN,Universities
1077,Southwest University *,CHN,Universities
1078,Universidade Federal da Paraiba,BRA,Universities
1079,Shiraz University of Technology,IRN,Universities
1080,Laboratoire de Tribologie et Dynamique des Systemes,FRA,Government
1081,Chinese Academy of Geological Sciences *,CHN,Government
1082,Ben-Gurion University of the Negev *,ISR,Universities
1083,"California Polytechnic State University, San Luis Obispo",USA,Universities
1084,University of Basrah,IRQ,Universities
1085,Ataturk University,TUR,Universities
1085,"University of the Witwatersrand, Johannesburg",ZAF,Universities
1087,University of Warmia and Mazury,POL,Universities
1088,American University of Sharjah,ARE,Universities
1089,"Michael Okpara University of Agriculture, Umudike",NGA,Universities
1090,University of Danang,VNM,Universities
1091,International Islamic University Malaysia,MYS,Universities
1092,Kongu Engineering College,IND,Universities
1092,James Cook University *,AUS,Universities
1094,Pandit Deendayal Petroleum University,IND,Universities
1095,Universite Abdelmalek Essaadi *,MAR,Universities
1096,Gyeongsang National University *,KOR,Universities
1097,Xian Shiyou University,CHN,Universities
1098,KIIT University,IND,Universities
1099,Xian Polytechnic University,CHN,Universities
1100,Chuzhou University,CHN,Universities
1100,Tunghai University,TWN,Universities
1100,"Indian Institute of Engineering Science and Technology, Shibpur",IND,Universities
1103,Assiut University *,EGY,Universities
1104,Shaoxing University,CHN,Universities
1105,Bundesanstalt fur Materialforschung und -Prufung,DEU,Government
1106,Universidade Federal de Ouro Preto,BRA,Universities
1107,Yazd University,IRN,Universities
1108,Muroran Institute of Technology,JPN,Universities
1109,Yokohama National University,JPN,Universities
1109,Universidade Federal de Uberlandia,BRA,Universities
1109,"Indian Institute of Technology, Hyderabad",IND,Universities
1112,Hanoi University of Civil Engineering,VNM,Universities
1113,Al-Balqa Applied University,JOR,Universities
1114,Sathyabama Institute of Science and Technology,IND,Universities
1115,Industrial University of Ho Chi Minh City,VNM,Universities
1116,Peoples'Friendship University of Russia,RUS,Universities
1117,Jimei University,CHN,Universities
1118,Universidad de Concepcion *,CHL,Universities
1119,University of North Texas,USA,Universities
1120,Siksha O Anusandhan University,IND,Universities
1121,Federal University of Technology Akure,NGA,Universities
1122,Sardar Vallabhbhai National Institute of Technology,IND,Universities
1123,University of Sri Jayewardenepura,LKA,Universities
1124,Shihezi University,CHN,Universities
1125,Soongsil University,KOR,Universities
1126,Suzhou University of Science and Technology,CHN,Universities
1127,National Research Institute for Earth Science and Disaster Prevention,JPN,Government
1128,"Universidad del Norte, Barranquilla *",COL,Universities
1129,"Vietnam National University, Ho Chi Minh City",VNM,Universities
1130,Universite Cadi Ayyad *,MAR,Universities
1131,Niigata University *,JPN,Universities
1132,Lanzhou University of Technology,CHN,Universities
1133,Laboratoire de Genie Civil et Geo-Environnement,FRA,Government
1134,Universite Claude Bernard Lyon 1 *,FRA,Universities
1134,Thuy Loi University,VNM,Universities
1136,Central Building Research Institute,IND,Government
1137,GLA University,IND,Universities
1137,Bingol University,TUR,Universities
1139,Yangtze University,CHN,Universities
1140,Nanjing Institute of Technology,CHN,Universities
1140,Poznan University of Technology,POL,Universities
1142,Technische Universitat Bergakademie Freiberg,DEU,Universities
1142,"Vietnam National University System, Ho Chi Minh City *",MUL,Universities
1144,Madan Mohan Malaviya University Of Technology,IND,Universities
1145,Universidade Federal de Vicosa,BRA,Universities
1146,Ecole d'Ingenieurs SIGMA Clermont *,FRA,Universities
1147,"Northwest Institute of Eco-Environment and Resources, Chinese Academy of Sciences",CHN,Government
1148,Veer Surendra Sai University of Technology,IND,Universities
1148,Ecole Centrale de Lyon *,FRA,Universities
1150,L. N. Gumilov Eurasian National University,KAZ,Universities
1151,China Academy of Railway Sciences,CHN,Government
1152,"Vietnam National University System, Hanoi *",MUL,Universities
1153,Jiangsu University of Science and Technology,CHN,Universities
1154,Universite de Monastir,TUN,Universities
1155,Florida Agricultural & Mechanical University *,USA,Universities
1156,Kogakuin University,JPN,Universities
1157,Universita degli Studi di Udine,ITA,Universities
1158,University of Sarajevo,BIH,Universities
1159,Tianjin University of Technology,CHN,Universities
1160,"University of Colorado, Denver *",USA,Universities
1161,University of Stavanger,NOR,Universities
1162,Ufa State Petroleum Technological University,RUS,Universities
1163,Technische Universitat Dortmund *,DEU,Universities
1164,Universite de Tunis El Manar *,TUN,Universities
1165,Ecole Nationale d'Ingenieurs de Tunis,TUN,Universities
1166,U.S. Air Force,USA,Government
1167,Technische Universitat Kaiserslautern,DEU,Universities
1167,Durban University of Technology,ZAF,Universities
1169,Bursa Technical University,TUR,Universities
1169,Guilin University of Technology,CHN,Universities
1169,Prince Sultan University,SAU,Universities
1172,Inonu University,TUR,Universities
1173,Changzhou University,CHN,Universities
1174,Konkuk University *,KOR,Universities
1174,Asian Institute of Technology,THA,Universities
1176,Universite Mohammed V de Rabat *,MAR,Universities
1177,Near East University,CYP,Universities
1178,Beni Suef University *,EGY,Universities
1179,Karunya Institute of Technology and Sciences,IND,Universities
1180,Hebei University *,CHN,Universities
1181,"Jawaharlal Nehru Technological University, Hyderabad",IND,Universities
1182,North China University of Water Conservancy and Electric Power,CHN,Universities
1182,Nanjing Audit University,CHN,Universities
1184,University of Nis,SRB,Universities
1185,University of Anbar,IRQ,Universities
1186,Central University of Finance and Economics,CHN,Universities
1187,Suranaree University of Technology,THA,Universities
1188,Tokyo Denki University,JPN,Universities
1189,University of the Free State,ZAF,Universities
1190,National Institute of Technology Hamirpur,IND,Universities
1191,MIT World Peace University,IND,Universities
1191,The American University in Cairo,EGY,Universities
1193,Politehnica University of Timisoara,ROU,Universities
1193,Kobe University *,JPN,Universities
1195,Chandigarh University,IND,Universities
1196,Shijiazhuang Tiedao University,CHN,Universities
1197,Universite Hassan II de Casablanca *,MAR,Universities
1198,New Jersey Institute of Technology,USA,Universities
1199,Tianjin Chengjian University,CHN,Universities
1200,Nagoya Institute of Technology,JPN,Universities
1201,"Arab Academy for Science, Technology and Maritime Transport",EGY,Universities
1202,Beirut Arab University,LBN,Universities
1203,Saitama University,JPN,Universities
1203,Afyon Kocatepe University *,TUR,Universities
1205,Middle Technical University,IRQ,Universities
1206,"Technical University of Malaysia, Melaka",MYS,Universities
1207,Lodz University of Technology,POL,Universities
1208,Heilongjiang University,CHN,Universities
1208,Seoul National University of Science & Technology,KOR,Universities
1210,Shahrekord University,IRN,Universities
1211,Utsunomiya University,JPN,Universities
1212,Toyohashi University of Technology,JPN,Universities
1213,Nanjing Hydraulic Research Institute,CHN,Government
1214,Manisa Celal Bayar University *,TUR,Universities
1215,University of Al-Qadisiyah,IRQ,Universities
1216,Acharya Nagarjuna University,IND,Universities
1217,Centro Federal de Educacao Tecnologica de Minas Gerais,BRA,Universities
1218,Yantai University,CHN,Universities
1219,King Abdullah City for Atomic and Renewable Energy,SAU,Government
1220,Institut National des Sciences Appliquees de Lyon *,FRA,Universities
1221,Lovely Professional University,IND,Universities
1222,Ohio University,USA,Universities
1223,The Catholic University of America,USA,Universities
1223,Imam Khomeini International University,IRN,Universities
1225,Brandenburgische Technische Universitat Cottbus,DEU,Universities
1226,Universite de Lyon,FRA,Universities
1227,National Institute of Technology Calicut,IND,Universities
1228,"University of Nottingham, Malaysia Campus",MYS,Universities
1228,CCCC Highway Consultants Co Ltd,CHN,Companies
1230,Ecole Nationale des Travaux Publics de l'Etat *,FRA,Universities
1231,Anhui University of Technology,CHN,Universities
1232,Universite Mohamed Boudiaf - M'sila,DZA,Universities
1233,"Institute of Geology and Geophysics, Chinese Academy of Sciences",CHN,Government
1234,Universidad San Francisco de Quito,ECU,Universities
1235,Hebei University of Science and Technology,CHN,Universities
1236,Universita degli Studi del Molise,ITA,Universities
1237,"University of Texas, El Paso",USA,Universities
1237,Academy of Scientific and Innovative Research,IND,Universities
1239,University of Birjand,IRN,Universities
1240,Russian University of Transport,RUS,Universities
1241,Xijing University,CHN,Universities
1242,Donghua University,CHN,Universities
1243,Universidad Industrial de Santander,COL,Universities
1244,"Northwest University, Xi'an",CHN,Universities
1245,Kanazawa University *,JPN,Universities
1246,Tomsk Polytechnic University,RUS,Universities
1246,U.S. Army *,USA,Government
1248,Chinese Academy of Forestry *,CHN,Government
1249,China Three Gorges Corp,CHN,Companies
1250,Payame Noor University,IRN,Universities
1251,Hongik University,KOR,Universities
1251,Mohammed VI Polytechnic University,MAR,Universities
1253,Walailak University,THA,Universities
1254,Shahid Chamran University,IRN,Universities
1255,Ecole Centrale de Nantes *,FRA,Universities
1256,KL University,IND,Universities
1257,Taylors University,MYS,Universities
1258,Centre Internacional en Metodes Numerics en Enginyeria,ESP,Government
1259,Hunan University of Technology,CHN,Universities
1260,Technical University of Civil Engineering of Bucharest,ROU,Universities
1261,University of Malaysia Sabah,MYS,Universities
1262,Bilecik Seyh Edebali University,TUR,Universities
1263,Andhra University,IND,Universities
1264,Agricultural University of Hebei,CHN,Universities
1265,National Institute of Technology Kurukshetra,IND,Universities
1266,Russian Academy of Sciences *,RUS,Government
1267,Universitat Duisburg Essen *,DEU,Universities
1268,Shanghai Municipal Engineering Design Institute Group Co Ltd,CHN,Companies
1269,Addis Ababa University,ETH,Universities
1270,Kanagawa University,JPN,Universities
1271,Lanzhou Jiaotong University,CHN,Universities
1272,Opole University of Technology,POL,Universities
1273,National Institute of Technology Raipur,IND,Universities
1274,China Railway Construction Corp Ltd *,MUL,Companies
1275,Universidad Michoacana de San Nicolas de Hidalgo,MEX,Universities
1276,Al Mustaqbal University College,IRQ,Universities
1277,Chungnam National University,KOR,Universities
1278,Vel Tech University,IND,Universities
1279,Kharazmi University,IRN,Universities
1280,Shri Mata Vaishno Devi University,IND,Universities
1281,NED University of Engineering and Technology,PAK,Universities
1282,Federal University of Technology Owerri,NGA,Universities
1283,Kumoh National Institute of Technology,KOR,Universities
1284,University of the Sunshine Coast,AUS,Universities
1285,Tecnalia Research & Innovation,ESP,Government
1286,Universite de Carthage *,TUN,Universities
1287,Naval University of Engineering,CHN,Universities
1288,Qingdao Agricultural University,CHN,Universities
1289,Nanchang Institute of Technology,CHN,Universities
1290,Manipal Global Education Group *,MUL,Companies
1291,Urmia University of Technology,IRN,Universities
1292,Universitat Siegen,DEU,Universities
1293,Inner Mongolia University of Technology,CHN,Universities
1294,Fayoum University *,EGY,Universities
1295,Gandhi Institute of Technology and Management,IND,Universities
1296,Government College of Technology,IND,Universities
1297,Zhejiang Normal University,CHN,Universities
1298,"Islamic Azad University, South Tehran branch",IRN,Universities
1299,Norwegian Geotechnical Institute,NOR,Government
1300,Al-Azhar University *,EGY,Universities
1301,Tamkang University,TWN,Universities
1302,Kongju National University,KOR,Universities
1303,Technical University of Cluj-Napoca,ROU,Universities
1304,North China University of Technology,CHN,Universities
1305,Shahid Bahonar University of Kerman,IRN,Universities
1306,State Grid Shandong Electric Power Co,CHN,Companies
1307,PSG College of Technology,IND,Universities
1308,Zanjan University,IRN,Universities
1309,Nelson Mandela Metropolitan University,ZAF,Universities
1310,Aswan University *,EGY,Universities
1311,Yasouj University,IRN,Universities
1312,University of South China,CHN,Universities
1313,Annamalai University,IND,Universities
1314,"Indian Institute of Technology, Gandhinagar",IND,Universities
1315,Research Institute of Petroleum Exploration and Development,CHN,Government
1316,Bu-Ali Sina University,IRN,Universities
1317,Henan University of Urban Construction,CHN,Universities
1318,Myongji University,KOR,Universities
1319,Aljouf University,SAU,Universities
1320,Nippon Steel Corp *,MUL,Companies
1321,Ho Chi Minh City University of Technology And Education,VNM,Universities
1322,BMS College of Engineering,IND,Universities
1323,Xi'an Technological University,CHN,Universities
1324,Shandong Agricultural University,CHN,Universities
1325,Inner Mongolia University of Science and Technology,CHN,Universities
1326,Tikrit University,IRQ,Universities
1327,Universite de Sfax *,TUN,Universities
1328,East China Institute of Technology,CHN,Universities
1329,Wuhan Polytechnic University,CHN,Universities
1330,China Academy of Space Technology,CHN,Government
1331,Mepco Schlenk Engineering College,IND,Universities
1332,Istanbul Aydin University,TUR,Universities
1333,Zhejiang A & F University *,CHN,Universities
1334,Jianghan University,CHN,Universities
1335,Salahaddin University-Erbil,IRQ,Universities
1336,Eastern Michigan University,USA,Universities
1337,Kyonggi University,KOR,Universities
1338,Shanghai Institute of Technology,CHN,Non-Profit
1339,China Railway Eryuan Engineering Group Co Ltd,CHN,Companies
1340,Nirma University,IND,Universities
1341,"PowerChina Huadong Engineering Corp Ltd, China",CHN,Companies
1342,Erbil Polytechnic University,IRQ,Universities
1343,Universite de Sousse,TUN,Universities
1344,"Hochschule fur Technik, Wirtschaft und Kultur Leipzig",DEU,Universities
1345,University of Thi-Qar,IRQ,Universities
1346,Zhongyuan University of Technology,CHN,Universities
1347,"Jawaharlal Nehru Technological University, Kakinada",IND,Universities
1348,M. S. Ramaiah Institute of Technology,IND,Universities
1349,Hebei GEO University,CHN,Universities
1350,Anhui Polytechnic University,CHN,Universities
1351,State Grid Gansu Electric Power Co,CHN,Companies
1352,Civil Aviation University of China,CHN,Universities
1353,"Islamic Azad University, Tabriz",IRN,Universities
1354,Shanghai Normal University,CHN,Universities
1355,Xinjiang Agricultural University,CHN,Universities
1356,China Railway Siyuan Survey and Design Group Co Ltd,CHN,Companies
1356,Ministry of Emergency Management,CHN,Government
1358,BS Abdur Rahman Crescent Institute of Science and Technology,IND,Universities
1359,Manhattan College,USA,Universities
1360,Hunan City University,CHN,Universities
1361,Walter Sisulu University,ZAF,Universities
1362,Universite de Gabes *,TUN,Universities
1363,"Islamic Azad University, Central Tehran Branch",IRN,Universities
1364,"Islamic Azad University, Qazvin",IRN,Universities
1365,American University of Ras Al Khaimah,ARE,Universities
1366,Taishan University,CHN,Universities
1367,REVA University,IND,Universities
1368,Xiamen University of Technology,CHN,Universities
1369,Huaihai Institute of Technology,CHN,Universities
1370,Hubei University of Arts and Science,CHN,Universities
1371,Ecole Polytechnique de Tunisie,TUN,Universities
1372,Zhejiang Ocean University,CHN,Universities
1373,Zhejiang University of Water Resources and Electric Power,CHN,Universities
1374,Jinling Institute Of Technology,CHN,Universities
1375,Jilin Jianzhu University,CHN,Universities
1376,Lebanese French University,IRQ,Universities
1377,Cihan University,IRQ,Universities
1378,China Coal Technology and Engineering Group,CHN,Companies
1379,"Yellow River Engineering Consulting Co Ltd, China",CHN,Companies
1380,China Railway Design Corporation,CHN,Companies
