Global Rank,Institution,Country,Sector
1,Veterans Affairs Medical Centers *,USA,Health
2,Harvard University *,USA,Universities
3,Harvard Medical School,USA,Universities
4,University College London *,GBR,Universities
5,Johns Hopkins University *,USA,Universities
6,Vrije Universiteit Amsterdam *,NLD,Universities
7,National Institutes of Health,USA,Health
8,Instituto de Salud Carlos III *,ESP,Health
9,U.S. Department of Health & Human Services *,USA,Health
10,Institut National de la Sante et de la Recherche Medicale *,FRA,Health
11,Mayo Clinic *,USA,Health
12,"University of California, San Francisco *",USA,Universities
13,Kings College London,GBR,Universities
14,University of Amsterdam *,NLD,Universities
15,Capital University of Medical Sciences *,CHN,Universities
16,University of Pittsburgh *,USA,Universities
17,Academisch Medisch Centrum,NLD,Health
18,Columbia University *,USA,Universities
19,University of Melbourne *,AUS,Universities
20,University of Toronto,CAN,Universities
21,Johns Hopkins Medicine,USA,Health
22,Russian Academy of Sciences *,RUS,Government
23,"University of Michigan, Ann Arbor *",USA,Universities
24,University of Pennsylvania *,USA,Universities
25,University of Washington *,USA,Universities
26,McGill University *,CAN,Universities
27,Washington University in Saint Louis *,USA,Universities
28,Karolinska Institute,SWE,Universities
29,National Institute on Aging,USA,Health
30,Massachusetts General Hospital,USA,Health
31,Chinese Academy of Sciences *,CHN,Government
32,Brigham and Women's Hospital *,USA,Health
33,Medical Research Council,GBR,Health
34,Columbia University Irving Medical Center,USA,Health
35,"University of California, Los Angeles *",USA,Universities
36,University of Southern California *,USA,Universities
37,University of Oxford *,GBR,Universities
38,Duke University *,USA,Universities
39,World Health Organization *,MUL,Health
40,Centres de Recerca de Catalunya *,ESP,Non-Profit
41,Douglas Mental Health University Institute,CAN,Government
42,Universitatsklinikum Ulm,DEU,Health
43,University of New South Wales *,AUS,Universities
44,Douglas Hospital,CAN,Health
45,University of Sydney *,AUS,Universities
46,Yale University *,USA,Universities
47,Brown University,USA,Universities
48,Chinese Academy of Medical Sciences and Peking Union Medical College *,CHN,Universities
49,Yale University Health & Medicine,USA,Health
50,Centre National de la Recherche Scientifique *,FRA,Government
51,Stanford University *,USA,Universities
52,University of Exeter,GBR,Universities
53,University of Gothenburg,SWE,Universities
54,"University of California, San Diego *",USA,Universities
55,Washington University Medical Center ,USA,Health
56,Assistance Publique Hopitaux de Paris *,FRA,Health
57,Zhejiang University *,CHN,Universities
58,"University of Wisconsin, Madison *",USA,Universities
59,Helmholtz Gemeinschaft *,DEU,Government
60,National University of Singapore *,SGP,Universities
61,Ministry of Education of the People's Republic of China,CHN,Government
62,Erasmus University Rotterdam *,NLD,Universities
63,Cornell University *,USA,Universities
64,Boston University *,USA,Universities
65,Samsung Corp *,MUL,Companies
66,Shanghai Jiao Tong University *,CHN,Universities
67,University of Florida *,USA,Universities
68,Taipei Veterans General Hospital,TWN,Health
69,University of Pennsylvania Health System,USA,Health
70,"Hoffmann-La Roche Ltd, United States",USA,Companies
71,"Newcastle University, Newcastle upon Tyne",GBR,Universities
72,Fudan University *,CHN,Universities
73,"University of North Carolina, Chapel Hill *",USA,Universities
74,The University of Edinburgh *,GBR,Universities
75,University of Groningen *,NLD,Universities
76,Sorbonne Universite *,FRA,Universities
77,Southern Medical University *,CHN,Universities
78,XuanWu Hospital,CHN,Health
79,Erasmus Medical Center,NLD,Health
80,Centro de Investigacion Biomedica en Red sobre Enfermedades Neurodegenerativas,ESP,Health
81,Peking University *,CHN,Universities
82,"Monash University, Melbourne *",AUS,Universities
83,University of Cambridge *,GBR,Universities
84,The Buck Institute for Research on Aging,USA,Health
85,Xi'an Jiaotong University *,CHN,Universities
86,Duke Medicine,USA,Health
87,Emory University *,USA,Universities
88,Mount Sinai Health System *,USA,Health
89,Massachusetts Institute of Technology *,USA,Universities
90,Boston University Medical Campus ,USA,Health
91,Maastricht University,NLD,Universities
92,University of Pittsburgh Health Sciences,USA,Universities
93,New York University *,USA,Universities
94,Institut Catala de la Salut Barcelona *,ESP,Health
95,Weill Cornell Medicine,USA,Universities
96,Universita degli Studi di Roma La Sapienza,ITA,Universities
97,Leiden University *,NLD,Universities
98,Trinity College Dublin *,IRL,Universities
99,National Center for Geriatrics and Gerontology *,JPN,Health
99,Sahlgrenska University Hospital,SWE,Health
101,Seoul National University *,KOR,Universities
102,University of Aberdeen,GBR,Universities
103,The Chinese University of Hong Kong *,HKG,Universities
104,University of Kansas Medical Center,USA,Health
105,University of Rochester *,USA,Universities
106,The University of Manchester *,GBR,Universities
107,Lomonosov  Moscow State University,RUS,Universities
108,UCLA Health System,USA,Health
109,Rush University *,USA,Universities
110,University of Oklahoma *,USA,Universities
111,L'Alma Mater Studiorum - Universita di Bologna,ITA,Universities
112,University of Kansas *,USA,Universities
113,University of Oklahoma Health Sciences Center,USA,Universities
114,Hungarian Academy of Sciences *,HUN,Government
115,"Centro de Investigacion Biomedica en Red sobre Enfermedades Neurodegenerativas, Madrid",ESP,Health
116,Beth Israel Deaconess Medical Center,USA,Health
117,Universita degli Studi di Napoli Federico II,ITA,Universities
118,Fondazione Policlinico Universitario Agostino Gemelli IRCCS,ITA,Health
119,Karolinska University Hospital,SWE,Health
120,Centre de Recherche de l'Institut du Cerveau et de la Moelle Epiniere,FRA,Government
121,Central South University *,CHN,Universities
122,Universitat de Barcelona *,ESP,Universities
123,The University of British Columbia,CAN,Universities
124,Woodruff Health Sciences Center,USA,Health
125,University of Rochester Medical Center,USA,Health
126,Stanford Medicine,USA,Health
127,Wake Forest University *,USA,Universities
128,National Yang Ming Chiao Tung University,TWN,Universities
129,University Medical Center Groningen,NLD,Health
129,Sichuan University *,CHN,Universities
131,CareGroup Healthcare System *,USA,Health
132,Universitat Ulm *,DEU,Universities
133,Icahn School of Medicine at Mount Sinai,USA,Universities
134,Universita degli Studi di Milano,ITA,Universities
135,Leiden University Medical Center,NLD,Health
136,Cleveland Clinic *,USA,Health
137,Wake Forest University Baptist Medical Center,USA,Health
138,Skane University Hospital,SWE,Health
139,Lunds University,SWE,Universities
140,"Northwestern University, Evanston *",USA,Universities
141,Rush University Medical Center,USA,Health
142,University of Wisconsin Health,USA,Health
143,Peking University Health Science Center,CHN,Universities
144,Istituto Superiore di Sanita,ITA,Health
145,Flanders Interuniversity Institute for Biotechnology *,BEL,Government
146,Indiana University-Bloomington,USA,Universities
147,The University of Hong Kong *,HKG,Universities
148,"University of Minnesota, Twin Cities *",USA,Universities
149,Beijing Institute for Brain Disorders,CHN,Health
150,Novartis *,MUL,Companies
151,Indiana University-Purdue University Indianapolis,USA,Universities
152,Genentech Inc,USA,Companies
153,Catholic University of Leuven,BEL,Universities
154,University Health Network *,CAN,Health
155,Universita Cattolica del Sacro Cuore,ITA,Universities
156,National Health Commission of the People's Republic of China *,CHN,Health
157,The University of Western Australia,AUS,Universities
158,Friedrich-Alexander-Universitat Erlangen-Nurnberg *,DEU,Universities
159,Consejo Nacional de Investigaciones Cientificas y Tecnicas *,ARG,Government
160,Pennsylvania State University *,USA,Universities
161,"University of Maryland, Baltimore",USA,Universities
162,University of Calgary *,CAN,Universities
163,Huazhong University of Science and Technology *,CHN,Universities
164,"University of Alabama, Birmingham *",USA,Universities
165,"Saint Louis University, Saint Louis *",USA,Universities
166,Charite - Universitatsmedizin Berlin *,DEU,Health
167,University of Michigan Health System,USA,Health
168,Universidad Autonoma de Madrid *,ESP,Universities
169,Tulane University *,USA,Universities
170,Peking Union Medical College Hospital Beijing,CHN,Health
171,University of North Texas Health Science Center,USA,Health
172,Universidade de Sao Paulo *,BRA,Universities
173,University of Antwerp,BEL,Universities
174,Centro de Investigacion Biomedica en Red de Fragilidad y Envejecimiento Saludable,ESP,Health
175,Deutsches Zentrum fur Neurodegenerative Erkrankungen,DEU,Government
176,University of Tokyo *,JPN,Universities
177,Eli Lilly *,MUL,Companies
178,Vanderbilt University *,USA,Universities
179,Universitat Autonoma de Barcelona *,ESP,Universities
180,"Ohio State University, Columbus *",USA,Universities
181,Radboud University Nijmegen Medical Centre,NLD,Health
182,University of Miami *,USA,Universities
183,University of Utah *,USA,Universities
184,Semmelweis University,HUN,Universities
185,F Hoffmann-La Roche *,MUL,Companies
186,University of South Florida,USA,Universities
187,Centers for Disease Control and Prevention,USA,Health
188,Jilin University *,CHN,Universities
188,Consiglio Nazionale delle Ricerche *,ITA,Government
190,Dalhousie University *,CAN,Universities
191,"Eli Lilly and Company, United States",USA,Companies
192,"University of Texas, Austin",USA,Universities
193,University Hospital Southampton NHS Foundation Trust,GBR,Health
194,Qingdao University *,CHN,Universities
195,Hopitaux Universitaires de Geneve,CHE,Health
196,University of Helsinki,FIN,Universities
197,University of Miami Health System,USA,Health
198,"University of California, Davis *",USA,Universities
199,Florey Neuroscience Institutes,AUS,Health
200,National Institute for Health and Welfare,FIN,Health
201,NYU Langone Health,USA,Health
202,Royal Melbourne Hospital,AUS,Health
203,Oregon Health & Science University *,USA,Universities
204,Universitat Heidelberg,DEU,Universities
205,"University of California, Irvine *",USA,Universities
206,Institucio Catalana de Recerca i Estudis Avancats,ESP,Government
207,University of Utah Health Care,USA,Health
208,University of Southampton,GBR,Universities
209,University of Southern California Health Sciences Campus,USA,Health
210,University of Western Ontario,CAN,Universities
211,Vanderbilt University Medical Center,USA,Health
212,University of Birmingham,GBR,Universities
213,"National University of Ireland, Galway",IRL,Universities
214,Charles University *,CZE,Universities
215,Centre Hospitalier Universitaire de Toulouse *,FRA,Health
216,McMaster University *,CAN,Universities
217,Broad Institute of MIT and Harvard,USA,Health
218,"University of California, Berkeley *",USA,Universities
219,Tel Aviv University,ISR,Universities
220,Universite de Geneve,CHE,Universities
221,The University of Queensland *,AUS,Universities
222,San Francisco VA Medical Center,USA,Health
223,University of South Florida System *,USA,Universities
224,Fundacio de Recerca Clinic Barcelona-Institut d’Investigacions Biomediques August Pi i Sunyer,ESP,Health
225,University of Chinese Academy of Sciences,CHN,Universities
226,Saint Louis University Care,USA,Health
227,University of Oslo,NOR,Universities
228,University of Nottingham *,GBR,Universities
229,South London and Maudsley NHS Foundation Trust,GBR,Health
230,Universidad Rey Juan Carlos *,ESP,Universities
231,University of Washington Medicine ,USA,Health
232,Kyung Hee University *,KOR,Universities
233,University of Texas Health Science Center at San Antonio ,USA,Universities
234,"World Health Organization, Switzerland",CHE,Health
235,National Heart Lung and Blood Institute,USA,Health
236,Max Planck Gesellschaft *,DEU,Government
237,Utrecht University *,NLD,Universities
238,Universita degli Studi di Firenze,ITA,Universities
239,Montefiore Medical Center *,USA,Health
240,Universitat Hamburg *,DEU,Universities
241,Texas Tech University Health Sciences Center,USA,Universities
242,Sherbrooke University *,CAN,Universities
243,Universitat Zurich,CHE,Universities
244,South Eastern Sydney Local Health District *,AUS,Health
245,Xiangya Hospital Affiliated to Central South University,CHN,Health
246,Universita degli Studi di Padova,ITA,Universities
247,Providence VA Medical Center,USA,Health
248,Seoul National University Bundang Hospital,KOR,Health
249,Universita degli Studi di Brescia,ITA,Universities
250,Cedars-Sinai Medical Center ,USA,Health
251,University of Copenhagen,DNK,Universities
252,Uppsala University,SWE,Universities
253,Tokyo Metropolitan Institute of Gerontology,JPN,Health
254,McGill University Health Centre,CAN,Health
255,Universite du Luxembourg,LUX,Universities
256,Wuhan University *,CHN,Universities
257,Copenhagen University Hospital,DNK,Health
258,"University of Connecticut, Storrs *",USA,Universities
259,Universitatsklinikum Koln,DEU,Health
260,Ruijin Hospital,CHN,Health
261,Hebrew SeniorLife,USA,Health
262,Fondazione IRCCS Istituto Neurologico Carlo Besta,ITA,Health
263,Cardiff University,GBR,Universities
264,Helsinki University Central Hospital,FIN,Health
265,Ghent University,BEL,Universities
266,Austin Health *,AUS,Health
266,University of Bristol *,GBR,Universities
268,Nanfang Hospital,CHN,Health
269,Laval University,CAN,Universities
270,Baylor College of Medicine,USA,Universities
271,"Fondazione IRCCS Ospedale Maggiore Policlinico, Mangiagalli e Regina Elena",ITA,Health
272,Ghent University Hospital,BEL,Health
273,Florida State University *,USA,Universities
274,Universitatsklinikum Hamburg Eppendorf,DEU,Health
275,University of Florida Health Science Center,USA,Health
276,Centre Hospitalier Regional Universitaire de Lille *,FRA,Health
277,Universidade do Minho,PRT,Universities
278,West China Hospital,CHN,Health
279,Universidade do Porto *,PRT,Universities
280,Universidad de Buenos Aires *,ARG,Universities
281,Zhengzhou University *,CHN,Universities
282,University of Kentucky *,USA,Universities
283,The Second Affiliated Hospital of Zhejiang University,CHN,Health
284,Deakin University *,AUS,Universities
285,Macquarie University *,AUS,Universities
286,University of Bergen,NOR,Universities
287,Shandong University *,CHN,Universities
288,University of Cincinnati *,USA,Universities
289,Chongqing Medical University *,CHN,Universities
290,Universidad Complutense de Madrid *,ESP,Universities
291,Arizona State University *,USA,Universities
291,Universite de Montreal,CAN,Universities
293,The University of Adelaide,AUS,Universities
294,Pontificia Universidad Catolica de Chile *,CHL,Universities
295,"University of Maryland, College Park *",USA,Universities
296,Medizinische Universitat Wien,AUT,Universities
297,University of Alberta,CAN,Universities
298,Hospital de la Santa Creu i Sant Pau *,ESP,Health
299,Florida International University,USA,Universities
300,University Hospital Maastricht,NLD,Health
301,Medizinische Universitat Graz *,AUT,Universities
302,Universidad de Chile *,CHL,Universities
302,Hospital Clinic de Barcelona,ESP,Health
304,University of Glasgow *,GBR,Universities
305,University of Connecticut Health Center,USA,Universities
306,Griffith University,AUS,Universities
307,University of Minnesota Health and Medicine,USA,Universities
308,London School of Hygiene and Tropical Medicine,GBR,Universities
309,Universita degli Studi di Palermo,ITA,Universities
310,University of Eastern Finland,FIN,Universities
311,Tan Tock Seng Hospital,SGP,Health
312,Institut Catala de la Salut Metropolitana Nord,ESP,Health
313,Universidad de Antioquia *,COL,Universities
314,University Medical Center Utrecht,NLD,Health
315,Albert Einstein College of Medicine,USA,Universities
316,Leibniz Gemeinschaft *,DEU,Government
316,UC Davis Health System,USA,Health
318,University of East Anglia *,GBR,Universities
319,First Hospital of Jilin University,CHN,Health
320,Instituto de Investigacion Sanitaria de Navarra,ESP,Health
321,Klinikum Ludwig Maximilians Universitat Munchen,DEU,Health
322,Universitat de Valencia *,ESP,Universities
323,Mario Negri Istituto di Ricerche Farmacologiche,ITA,Health
324,National University Health System *,SGP,Health
325,University of Pecs,HUN,Universities
326,"Rutgers, The State University of New Jersey",USA,Universities
327,"Hoffmann-La Roche Ltd, Switzerland",CHE,Companies
328,Pusan National University Hospital,KOR,Health
329,Fred Hutchinson Cancer Research Center *,USA,Health
330,Center for Disease Control and Prevention China,CHN,Health
331,Simon Fraser University,CAN,Universities
332,"University of Colorado, Denver *",USA,Universities
333,Western Health,AUS,Health
334,Hospital Universitari Vall d'Hebron,ESP,Health
335,Case Western Reserve University,USA,Universities
336,Stavanger University Hospital,NOR,Health
337,"Queen Mary, University of London",GBR,Universities
338,Hebrew University of Jerusalem,ISR,Universities
339,Universite Montpellier *,FRA,Universities
340,Hospital Universitario de Getafe,ESP,Health
341,"Texas A&M University, College Station *",USA,Universities
342,University College Cork *,IRL,Universities
343,National Institute of Neurological Disorders and Stroke,USA,Health
344,Vrije Universiteit Brussel,BEL,Universities
345,University of Leeds,GBR,Universities
346,Universita degli Studi di Torino,ITA,Universities
347,Instituto Nacional de Ciencias Medicas y Nutricion Salvador Zubiran,MEX,Health
347,Ministry of Health of the Russian Federation,RUS,Health
349,"University of Missouri, Columbia *",USA,Universities
350,Universite de Liege,BEL,Universities
351,Juntendo University *,JPN,Universities
352,University of Chicago *,USA,Universities
353,Tongji University *,CHN,Universities
354,United States Department of Agriculture,USA,Government
355,West Virginia University *,USA,Universities
356,University of Iowa *,USA,Universities
357,University of Tsukuba *,JPN,Universities
358,University Hospitals Leuven,BEL,Health
359,Julius-Maximilians-Universitat Wurzburg *,DEU,Universities
360,"University of Colorado, Anschutz Medical Campus",USA,Universities
361,Michigan State University,USA,Universities
362,Universite de Bordeaux *,FRA,Universities
363,Oslo University Hospital,NOR,Health
364,Sun Yat-Sen University *,CHN,Universities
365,Cliniques Universitaires Saint-Luc,BEL,Health
366,"Universite Paul Sabatier, Toulouse III *",FRA,Universities
367,USF Health,USA,Universities
368,University College London Hospital NHS Trust,GBR,Health
369,Gobierno de Navarra  *,ESP,Government
370,Drexel University,USA,Universities
371,The University of Sheffield,GBR,Universities
372,University of Liverpool *,GBR,Universities
373,University Hospitals Birmingham NHS Foundation Trust,GBR,Health
374,Universitat Pompeu Fabra *,ESP,Universities
375,"University of Illinois, Chicago *",USA,Universities
376,Australian Catholic University,AUS,Universities
377,National University of Malaysia *,MYS,Universities
378,University of Jyvaskyla,FIN,Universities
379,Newcastle upon Tyne Hospitals NHS Foundation Trust,GBR,Health
380,Beijing Tiantan Hospital,CHN,Health
381,Flinders University,AUS,Universities
382,University of Arizona *,USA,Universities
383,St. James's Hospital,IRL,Health
384,Dartmouth College *,USA,Universities
385,National Institute of Mental Health and Neuro Sciences,IND,Universities
386,Hospital Universitario 12 de Octubre *,ESP,Health
387,Heinrich Heine Universitat Dusseldorf  *,DEU,Universities
388,Radboud University Nijmegen,NLD,Universities
389,Universidad de Castilla-La Mancha *,ESP,Universities
390,Manchester University NHS Foundation Trust,GBR,Health
391,Virginia Commonwealth University *,USA,Universities
392,General Hospital of Tianjin Medical University,CHN,Health
393,Dartmouth-Hitchcock Health Care System,USA,Health
394,Universidade Estadual de Campinas *,BRA,Universities
395,University of Oulu,FIN,Universities
396,"Kaiser Permanente, Oakland *",USA,Health
397,University Hospitals Leicester NHS Trust,GBR,Health
398,University of Otago,NZL,Universities
399,Asan Medical Center Seoul *,KOR,Health
400,University of Texas Medical Branch ,USA,Universities
401,Centre d'Epidemiologie et de Recherche en Sante des POPulations de Toulouse,FRA,Government
402,Tianjin Medical University *,CHN,Universities
403,Lawson Health Research Institute,CAN,Health
404,Universidad del Pais Vasco *,ESP,Universities
405,Stockholm University *,SWE,Universities
406,Edith Cowan University,AUS,Universities
407,McLean Hospital,USA,Health
408,Universita degli Studi della Campania Luigi Vanvitelli,ITA,Universities
409,Yonsei University *,KOR,Universities
410,"Prince of Wales Hospital, Australia",AUS,Health
411,Nanjing University *,CHN,Universities
412,University of Waterloo *,CAN,Universities
413,Keio University *,JPN,Universities
414,UC San Diego Health System,USA,Health
415,University of New Mexico *,USA,Universities
416,Northwestern Medicine,USA,Health
417,University of Ottawa,CAN,Universities
418,Parc de Salut Mar de Barcelona *,ESP,Health
419,University of Nevada-Las Vegas,USA,Universities
420,King Saud University *,SAU,Universities
421,University of Surrey,GBR,Universities
422,Ohio State University Wexner Medical Center,USA,Health
423,VA San Diego Healthcare System,USA,Health
424,Aarhus University *,DNK,Universities
425,The Ottawa Hospital  *,CAN,Health
426,Sunnybrook Health Sciences Centre,CAN,Health
427,Wageningen University and Research Centre,NLD,Universities
428,Wayne State University,USA,Universities
429,William S. Middleton Memorial Veterans Hospital,USA,Health
430,Brunel University,GBR,Universities
431,VA Boston Healthcare System,USA,Health
432,University of Illinois at Urbana-Champaign *,USA,Universities
433,Jackson Laboratory,USA,Health
434,London School of Economics and Political Science,GBR,Universities
435,Navarrabiomed-Fundacion Miguel Servet,ESP,Government
436,Imperial College London,GBR,Universities
437,Centro de Investigacion Biomedica en Red de Salud Mental,ESP,Health
438,Universidad de Malaga *,ESP,Universities
438,Azienda Ospedaliero Universitaria di Bologna - Policlinico di Sant'Orsola Malpighi,ITA,Health
440,Curtin University *,AUS,Universities
441,Chung-Ang University *,KOR,Universities
442,Florida Atlantic University,USA,Universities
443,"University of Hawaii, Manoa *",USA,Universities
444,Universidad Publica de Navarra *,ESP,Universities
445,International Institute for Population Sciences,IND,Universities
446,Zhongshan Hospital,CHN,Health
447,Memorial Sloan-Kettering Cancer Center,USA,Health
448,James J. Peters VA Medical Center,USA,Health
449,University of Western Sydney,AUS,Universities
450,University of North Texas,USA,Universities
451,Norwegian Institute of Public Health,NOR,Health
452,Huashan Hospital,CHN,Health
453,Commonwealth Scientific and Industrial Research Organization *,AUS,Government
454,St Vincent's Hospital Melbourne,AUS,Health
455,California Pacific Medical Center,USA,Health
456,Hospital das Clinicas da Faculdade de Medicina da Universidade de Sao Paulo,BRA,Health
457,Ottawa Hospital Research Institute,CAN,Health
457,Pusan National University,KOR,Universities
459,Russian Academy of Medical Sciences,RUS,Health
460,Neuroscience Research Australia,AUS,Health
461,North Dakota State University,USA,Universities
462,Tokyo Medical and Dental University,JPN,Universities
463,Universidad de Sevilla *,ESP,Universities
464,Clinica Universidad de Navarra,ESP,Health
465,Centre for Addiction and Mental Health,CAN,Health
466,Tohoku University *,JPN,Universities
467,Murdoch Children's Research Institute,AUS,Health
468,Toronto Rehab ,CAN,Health
469,Istanbul University *,TUR,Universities
470,"Colorado State University, Fort Collins *",USA,Universities
471,University of Missouri Health Care ,USA,Health
472,Georgia State University,USA,Universities
473,Oregon State University,USA,Universities
474,Ludwig-Maximilians Universitat Munchen *,DEU,Universities
475,Osaka University *,JPN,Universities
476,Jinan University *,CHN,Universities
476,Nanjing Medical University *,CHN,Universities
478,City University of New York *,USA,Universities
479,University of Hertfordshire,GBR,Universities
480,Universitat zu Koln,DEU,Universities
481,Hong Kong Polytechnic University,HKG,Universities
482,Health Data Research UK,GBR,Non-Profit
483,Nagoya University *,JPN,Universities
483,Ben-Gurion University of the Negev *,ISR,Universities
485,Robert Bosch *,MUL,Companies
486,"Soochow University, Suzhou *",CHN,Universities
487,Istituto Europeo di Oncologia,ITA,Health
488,Arizona Health Sciences Center University of Arizona Tucson,USA,Health
488,University of Athens,GRC,Universities
490,Shanghai Sixth People's Hospital,CHN,Health
491,Rheinische Friedrich-Wilhelms-Universitat Bonn *,DEU,Universities
492,University of Auckland,NZL,Universities
493,Aarhus University Hospital,DNK,Health
494,University College Dublin,IRL,Universities
495,University of Bradford,GBR,Universities
496,Universidad Europea de Madrid *,ESP,Universities
497,University of Leicester,GBR,Universities
498,Norwegian University of Science and Technology,NOR,Universities
499,Klinikum Rechts der Isar der Technische Universitat Munchen,DEU,Health
500,Institut Universitaire de Geriatrie de Montreal *,CAN,Health
501,Army Medical University *,CHN,Universities
502,RAND Corp,USA,Non-Profit
503,Technische Universitat Dresden *,DEU,Universities
504,"Union Hospital, Tongji Medical College",CHN,Health
505,New York State Psychiatric Institute,USA,Health
506,Tsinghua University *,CHN,Universities
507,Yokohama City University *,JPN,Universities
508,Instituto de Investigacion Sanitaria IdIPAZ,ESP,Health
509,"Washington State University, Pullman *",USA,Universities
510,Universitat Duisburg Essen *,DEU,Universities
511,Temple University *,USA,Universities
512,Baycrest Centre for Geriatric Care *,CAN,Health
513,Linkoping University,SWE,Universities
514,University of Southern Denmark,DNK,Universities
515,Cork University Hospital,IRL,Health
516,Tufts University,USA,Universities
517,Kyung Hee University Medical Center,KOR,Health
518,University of Iceland,ISL,Universities
519,Georgia Institute of Technology *,USA,Universities
520,"University of Texas, Health Science Center at Houston",USA,Universities
521,Kyushu University *,JPN,Universities
522,Qingdao Municipal Hospital,CHN,Health
523,Istituto Auxologico Italiano IRCCS,ITA,Health
523,Universidade de Lisboa *,PRT,Universities
525,Shandong Provincial Hospital,CHN,Health
526,Martin-Luther-Universitat Halle-Wittenberg *,DEU,Universities
526,Toronto Western Hospital,CAN,Health
528,Siriraj Hospital,THA,Health
529,University of Virginia *,USA,Universities
530,Northwell Health *,USA,Health
531,"Northeastern University, USA",USA,Universities
532,Universitatsklinikum Greifswald,DEU,Health
533,Universitat Leipzig *,DEU,Universities
534,Catholic University of Louvain,BEL,Universities
535,University of Ulsan *,KOR,Universities
535,Centre de Recherche de l'Institut Universitaire de Geriatrie de Montreal,CAN,Health
537,Singapore General Hospital,SGP,Health
537,Kyoto University *,JPN,Universities
539,Dalian Medical University *,CHN,Universities
540,Tampere University,FIN,Universities
541,Ministerio de Ciencia e Innovacion *,MUL,Government
542,University of Nebraska Medical Center,USA,Universities
543,"City University of New York, Hunter College",USA,Universities
544,VA Ann Arbor Healthcare System,USA,Health
545,Queensland Government *,AUS,Government
545,Umea University *,SWE,Universities
547,Seoul National University Hospital *,KOR,Health
548,University of Johannesburg,ZAF,Universities
549,Royal College of Surgeons *,IRL,Universities
550,Kyoto Prefectural University of Medicine,JPN,Universities
551,University of South Australia,AUS,Universities
552,Technische Universitat Munchen *,DEU,Universities
553,Sheba Medical Center,ISR,Health
554,Consejo Superior de Investigaciones Cientificas *,ESP,Government
555,University of Manitoba,CAN,Universities
556,Hospital Universitario Ramon y Cajal *,ESP,Health
557,Hospital Universitari de Bellvitge,ESP,Health
558,Biogen Inc *,MUL,Companies
559,Ewha Womans University *,KOR,Universities
560,York University,CAN,Universities
561,"University of California, Riverside",USA,Universities
562,"State University of New York, Stony Brook *",USA,Universities
563,Medical University of South Carolina *,USA,Universities
564,Ernst-Moritz-Arndt-Universitat Greifswald *,DEU,Universities
565,Taipei Medical University,TWN,Universities
566,North Bristol NHS Trust,GBR,Health
567,Purdue University,USA,Universities
568,Universitatsklinikum Heidelberg,DEU,Health
568,Universidade Nova de Lisboa *,PRT,Universities
570,Oulu University Hospital,FIN,Health
571,Athinoula A Martinos Center for Biomedical Imaging,USA,Health
572,Turku University Hospital,FIN,Health
573,Max Planck Institut fur Bildungsforschung,DEU,Government
574,University of Turku,FIN,Universities
575,Complejo Universitario de San Carlos *,ESP,Health
576,Instituto Ramon y Cajal de Investigacion Sanitaria,ESP,Health
577,"University of Maryland, Baltimore County",USA,Universities
578,Helmholtz Zentrum Munchen Forschungszentrum fur Umwelt und Gesundheit,DEU,Government
579,Universidade Federal do Rio Grande do Sul,BRA,Universities
580,The University of Newcastle,AUS,Universities
581,Oslo Metropolitan University,NOR,Universities
582,Penn State Milton S. Hershey Medical Center,USA,Health
583,University Hospital Brussels,BEL,Health
584,National Taiwan University,TWN,Universities
585,Tehran University of Medical Sciences *,IRN,Universities
586,Fondazione Santa Lucia IRCCS,ITA,Health
587,Philadelphia VA Medical Center,USA,Health
588,New York Presbyterian Hospital,USA,Health
589,Hong Kong Baptist University,HKG,Universities
590,University General Hospital,CZE,Health
591,Institut Catala de la Salut Metropolitana Sud,ESP,Health
592,Ministerio de Ciencia e Innovacion Madrid,ESP,Government
592,Tabriz University of Medical Sciences,IRN,Universities
594,Royal North Shore Hospital,AUS,Health
595,Universidad de Salamanca *,ESP,Universities
596,"Biogen Inc, USA",USA,Companies
597,Queen's University Belfast,GBR,Universities
598,University of Tasmania,AUS,Universities
599,Hunter Medical Research Institute,AUS,Health
600,Universitatsklinikum Gottingen,DEU,Health
601,University of Saskatchewan,CAN,Universities
602,Bar-Ilan University,ISR,Universities
603,Okayama University *,JPN,Universities
604,Hospital General Universitario Gregorio Maranon *,ESP,Health
605,Durham VA Medical Center ,USA,Health
606,"University of Massachusetts, Boston",USA,Universities
606,La Trobe University *,AUS,Universities
608,Nottingham University Hospitals NHS Trust,GBR,Health
609,VA Puget Sound Health Care System,USA,Health
610,Lancaster University *,GBR,Universities
611,Universite du Quebec en Quebec *,CAN,Universities
612,Universitatsklinikum Bonn,DEU,Health
613,Universita degli Studi di Pavia,ITA,Universities
614,Cambridge University Hospitals NHS Foundation Trust,GBR,Health
615,Centre Hospitalier Universitaire Vaudois ,CHE,Health
616,Aristotle University of Thessaloniki,GRC,Universities
617,National Cheng Kung University,TWN,Universities
618,Universita degli Studi di Pisa,ITA,Universities
619,Glasgow Caledonian University,GBR,Universities
620,University of Houston,USA,Universities
621,I.M. Sechenov First Moscow State Medical University,RUS,Universities
622,National Cancer Institute,USA,Health
623,"Institut National de Recherche pour l'Agriculture, l'Alimentation et l'Environnement *",FRA,Government
624,University of Sussex *,GBR,Universities
625,University of Texas Southwestern Medical Center ,USA,Universities
626, Centre Hospitalier de l'Universite de Montreal,CAN,Health
627,VA Connecticut Healthcare System,USA,Health
628,University of Ulster,GBR,Universities
629,Guys & Saint Thomas NHS Foundation Trust,GBR,Health
630,Universitat Rostock *,DEU,Universities
631,Swansea University,GBR,Universities
632,Anglia Ruskin University,GBR,Universities
633,Samsung Medical Center Seoul,KOR,Health
634,University of South Carolina *,USA,Universities
635,Australian E-Health Research Center,AUS,Government
636,Medizinische Universitat Innsbruck *,AUT,Universities
637,Sungkyunkwan University,KOR,Universities
638,Saitama Medical University *,JPN,Universities
639,University of Haifa,ISR,Universities
640,University of York,GBR,Universities
641,Institut Hospital del Mar d’Investigacions Mediques,ESP,Health
642,Universitat Bern *,CHE,Universities
643,NIHR Nottingham Biomedical Research Centre,GBR,Health
644,Odense University Hospital,DNK,Health
645,Berlin Institute of Health,DEU,Health
646,Universidad de Navarra *,ESP,Universities
647,"National Institutes of Biomedical Innovation, Health and Nutrition",JPN,Health
648,"Southeast University, Nanjing *",CHN,Universities
649,Eberhard-Karls-Universitat Tubingen,DEU,Universities
650,Bangor University,GBR,Universities
651,Universite de Lille *,FRA,Universities
652,Regenstrief Institute,USA,Non-Profit
653,San Diego State University,USA,Universities
654,Royal Prince Alfred Hospital ,AUS,Health
655,"State University of New York, Buffalo",USA,Universities
656,Kent State University,USA,Universities
657,Dokuz Eylul University *,TUR,Universities
658,University of Malaya *,MYS,Universities
659,"Bosch, Germany",DEU,Companies
660,Azienda Ospedaliera Careggi,ITA,Health
661,First Affiliated Jiangsu Province Hospital with Nanjing Medical University,CHN,Health
662,Universita degli Studi di Bari,ITA,Universities
662,Centre Hospitalier Universitaire de Liege,BEL,Health
664,Ehime University *,JPN,Universities
665,Universidade Federal de Minas Gerais,BRA,Universities
666,Virginia Polytechnic Institute and State University *,USA,Universities
667,Augusta University *,USA,Universities
668,National Taiwan University Hospital,TWN,Health
669,University of Massachusetts Medical School,USA,Universities
670,University of Louisville *,USA,Universities
671,Spedali Civili di Brescia,ITA,Health
672,University of Mississippi *,USA,Universities
672,North Carolina State University,USA,Universities
674,Women's College Hospital,CAN,Health
675,Hofstra University *,USA,Universities
676,Monash Health *,AUS,Health
677,Tilburg University,NLD,Universities
678,Universidad de Zaragoza *,ESP,Universities
679,NHS Lothian,GBR,Health
680,The General Hospital of the People's Liberation Army *,CHN,Health
681,Universite de Paris Cite *,FRA,Universities
682,Humboldt-Universitat zu Berlin *,DEU,Universities
683,Universita degli Studi di Milano-Bicocca,ITA,Universities
684,VA Greater Los Angeles Healthcare System,USA,Health
685,Miami University of Ohio,USA,Universities
686,Nanjing Drum Tower Hospital,CHN,Health
686,Australian National University,AUS,Universities
688,Tokyo Metropolitan Geriatric Hospital and Institute of Gerontology,JPN,Health
689,Concord Repatriation General Hospital ,AUS,Health
690,University of Victoria,CAN,Universities
691,University of Rhode Island,USA,Universities
692,Universidad Politecnica de Madrid *,ESP,Universities
693,Universidade Federal de Sao Carlos,BRA,Universities
694,Wenzhou Medical University *,CHN,Universities
695,Universita degli Studi di Messina,ITA,Universities
695,Colorado School of Public Health,USA,Universities
697,Universite Paris-Saclay *,FRA,Universities
698,Jagiellonian University,POL,Universities
699,Yonsei University Health System,KOR,Health
700,City University of Hong Kong *,HKG,Universities
701,"University of Alabama, Tuscaloosa",USA,Universities
702,Universitatsklinikum Schleswig-Holstein,DEU,Health
703,Fujita Health University *,JPN,Universities
703,Paracelsus Medizinische Privatuniversitat,AUT,Universities
705,Bezmialem Vakif University,TUR,Universities
706,Universitatsklinikum Essen,DEU,Health
707,Seoul National University Boramae Hospital,KOR,Health
708,University Hospital of Bern,CHE,Health
709,Westfalische Wilhelms-Universitat Munster *,DEU,Universities
710,Universita degli Studi di Verona,ITA,Universities
711,Azienda Ospedaliera di Parma,ITA,Health
712,Christian-Albrechts-Universitat zu Kiel,DEU,Universities
713,Tel Aviv Sourasky Medical Center,ISR,Health
714,Korea University *,KOR,Universities
715,St Josephs Hospital and Medical Center ,USA,Health
716,Johann Wolfgang Goethe-Universitat Frankfurt am Main *,DEU,Universities
716,University of Mississippi Medical Center,USA,Universities
718,Junta de Andalucia *,MUL,Government
718,Instituto Nacional de Geriatria,MEX,Health
720,St. Anne's University Hospital Brno *,CZE,Health
721,Chung-Ho Memorial Hospital,TWN,Health
722,City of Hope,USA,Health
723,South Australian Health and Medical Research Institute,AUS,Health
724,University of Applied Sciences and Arts Western Switzerland *,CHE,Universities
725,Universitatsspital Zurich,CHE,Health
726,Universitat zu Lubeck,DEU,Universities
727,Minneapolis VA Health Care System,USA,Health
727,St Michaels Hospital Toronto,CAN,Health
729,Orden Hospitalaria de San Juan de Dios *,ESP,Health
730,Universita degli Studi di Perugia,ITA,Universities
731,Queen's University,CAN,Universities
732,Universite de Lausanne,CHE,Universities
733,Ajou University,KOR,Universities
734,Universidad de Murcia *,ESP,Universities
735,Institut de Recerca de l'Hospital de la Santa Creu i Sant Pau    ,ESP,Health
736,Swinburne University of Technology *,AUS,Universities
737,Hospices Civils de Lyon *,FRA,Health
737,University of Tennessee Health Science Center,USA,Health
739,Centre Hospitalier Universitaire de Bordeaux,FRA,Health
740,Hebei Medical University *,CHN,Universities
741,University of Pittsburgh Medical Center  *,USA,Health
742,Max Planck Institut fur Kognitions und Neurowissenschaften,DEU,Government
743,Sun Health  *,USA,Health
743,Kaohsiung Medical University,TWN,Universities
745,Fondazione IRCCS San Raffaele del Monte Tabor,ITA,Health
746,University of Kentucky HealthCare,USA,Health
746,Universita degli Studi di Ferrara,ITA,Universities
748,Alberta Health Services *,CAN,Health
749,University of Georgia,USA,Universities
750,Universidade de Coimbra *,PRT,Universities
751,Georgetown University *,USA,Universities
752,Universita degli Studi Gabriele d'Annunzio di Chieti e Pescara,ITA,Universities
753,Universita degli Studi di Genova,ITA,Universities
754,Grupo Hospitalario Quironsalud *,MUL,Health
755,University of Central Florida,USA,Universities
756,Mackay Memorial Hospital,TWN,Health
757,Ain Shams University *,EGY,Universities
758,Centre de Recherche Bordeaux Population Health,FRA,Government
759,Vancouver Coastal Health,CAN,Health
760,Thomas Jefferson University *,USA,Universities
761,University of Zagreb,HRV,Universities
761,International Clinical Research Center,CZE,Health
763,Waseda University,JPN,Universities
764,The University of Kent,GBR,Universities
765,University Putra Malaysia,MYS,Universities
766,Deutsches Krebsforschungszentrum,DEU,Government
767,Queensland University of Technology,AUS,Universities
768,Boston College,USA,Universities
769,Istituto Neurologico Mediterraneo Neuromed IRCCS,ITA,Health
769,Anhui Medical University *,CHN,Universities
771,Massey University,NZL,Universities
772,Universidade de Aveiro,PRT,Universities
773,Montreal Neurological Institute and Hospital,CAN,Health
774,Second Xiangya Hospital Affiliated to Central South University,CHN,Health
775,Hong Kong Institute of Education,HKG,Universities
776,Universitat Basel *,CHE,Universities
777,"University of Science, Malaysia *",MYS,Universities
778,Michael E. DeBakey VA Medical Center,USA,Health
778,Friedrich-Schiller-Universitat Jena *,DEU,Universities
780,Universidade Federal de Sao Paulo *,BRA,Universities
781,Universita degli Studi di Parma,ITA,Universities
782,"Agency for Science, Technology and Research Singapore *",SGP,Government
783,Baylor University,USA,Universities
784,Dana Farber Cancer Institute ,USA,Health
785,Keele University,GBR,Universities
786,Parc Sanitari de Sant Joan de Deu,ESP,Health
787,Hirosaki University *,JPN,Universities
787,Hiroshima University *,JPN,Universities
789,Freie Universitat Berlin,DEU,Universities
790,Iowa State University,USA,Universities
791,University of North Carolina Health Care,USA,Health
792,George Mason University,USA,Universities
793,Clalit Health Services *,ISR,Health
794,Plymouth University,GBR,Universities
795,VA Palo Alto Health Care System,USA,Health
795,Centro de Investigacion Biomedica en Red de Epidemiologia y Salud Publica,ESP,Health
797,Hokkaido University *,JPN,Universities
798,University of Northern Colorado *,USA,Universities
799,Manchester Academic Health Science Centre,GBR,Health
800,"Centro de Investigacion Biomedica en Red de Epidemiologia y Salud Publica, Madrid",ESP,Health
801,"University of Massachusetts, Amherst",USA,Universities
802,Sir Mortimer B. Davis Jewish General Hospital,CAN,Health
803,Nanyang Technological University *,SGP,Universities
804,Universite Claude Bernard Lyon 1 *,FRA,Universities
805,Akershus University Hospital,NOR,Health
806,Third Hospital of Hebei Medical University,CHN,Health
807,Universita degli Studi di Catania,ITA,Universities
808,Medical College of Wisconsin,USA,Universities
809,Ospedale Policlinico San Martino,ITA,Health
810,George Washington University *,USA,Universities
811,Universidade de Santiago de Compostela *,ESP,Universities
812,Universidad de Granada *,ESP,Universities
813,Japan Society for the Promotion of Science,JPN,Government
814,Medizinische Hochschule Hannover,DEU,Universities
815,Universite PSL *,FRA,Universities
816,Centre Hospitalier Universitaire de Saint-Etienne,FRA,Health
817,Lanzhou University *,CHN,Universities
817,Universita degli Studi Magna Graecia di Catanzaro,ITA,Universities
819,Rotman Research Institute,CAN,Health
820,Institut de Recerca Hospital Universitari Vall d'Hebron,ESP,Health
821,Chiba University *,JPN,Universities
822,Centre Hospitalier Universitaire de Quebec,CAN,Health
823,Te Whatu Ora Health New Zealand *,NZL,Health
824,National Cancer Center,JPN,Health
825,Hospital de Clinicas de Porto Alegre,BRA,Health
826,Kuopio University Hospital,FIN,Health
826,Aichi Medical University *,JPN,Universities
828,Universidad Nacional Autonoma de Mexico,MEX,Universities
829,University of Delaware,USA,Universities
830,Zentralinstitut fur Seelische Gesundheit,DEU,Government
831,Tokyo Womens Medical University *,JPN,Universities
832,"Grupo Hospitalario Quironsalud, Spain",ESP,Health
833,University of Health Sciences,TUR,Universities
834,All India Institute of Medical Sciences,IND,Universities
835,Hacettepe University,TUR,Universities
836,Universita degli Studi di Modena e Reggio Emilia,ITA,Universities
837,University of Arkansas for Medical Sciences,USA,Universities
837,National Health Research Institutes,TWN,Health
839,Universidade Federal de Santa Catarina *,BRA,Universities
840,Oxford University Hospitals NHS Trust,GBR,Health
841,Northumbria University,GBR,Universities
842,Institut d'Investigacio Biomedica de Bellvitge,ESP,Health
843,Sherbrooke's university hospital,CAN,Health
844,Fordham University,USA,Universities
845,University of the Sunshine Coast,AUS,Universities
846,Hospital Regional Universitario de Malaga,ESP,Health
847,Aix-Marseille Universite *,FRA,Universities
848,"University of Technology, Sydney",AUS,Universities
849,Shiraz University of Medical Sciences *,IRN,Universities
850,Philipps-Universitat Marburg *,DEU,Universities
851,Universidade Federal do Rio de Janeiro *,BRA,Universities
852,Pontificia Universidade Catolica do Rio Grande do Sul,BRA,Universities
853,Medical University of Lodz,POL,Universities
854,West China Fourth Hospital,CHN,Health
855,Nagoya City University *,JPN,Universities
856,"Prince of Wales Hospital, Hong Kong",HKG,Health
857,Ministry of Health,MYS,Health
858,Universite de Toulouse,FRA,Universities
859,Fondazione IRCCS Istituto Nazionale Tumori di Milano,ITA,Health
860,Azienda Ospedaliera San Gerardo Monza,ITA,Health
861,Institute for Clinical Evaluative Sciences *,CAN,Health
862,Universidade Federal de Pelotas,BRA,Universities
863,Mahidol University *,THA,Universities
864,Universita degli Studi di Cagliari,ITA,Universities
865,Imperial College Healthcare NHS Trust,GBR,Health
866,Portland State University,USA,Universities
867,Universite du Quebec en Montreal,CAN,Universities
868,Catholic University of Korea *,KOR,Universities
869,Universidade Estadual Paulista Julio de Mesquita Filho,BRA,Universities
870,VA Pittsburgh Healthcare System,USA,Health
871,The Queen Elizabeth Hospital,AUS,Health
872,Universita Campus Bio-Medico di Roma,ITA,Universities
873,Tokyo Womens Medical University Hospital,JPN,Health
874,"University of Texas, Arlington",USA,Universities
875,Xiamen University *,CHN,Universities
876,"University of Wisconsin, Milwaukee",USA,Universities
877,Fundacao Oswaldo Cruz *,BRA,Health
878,Carleton University,CAN,Universities
879,Jiangnan University *,CHN,Universities
880,University Hospitals of Cleveland  *,USA,Health
881,James Cook University *,AUS,Universities
881,Fondazione Don Carlo Gnocchi IRCCS,ITA,Health
883,Wilfrid Laurier University *,CAN,Universities
884,Shahid Beheshti University of Medical Sciences and Health Services *,IRN,Universities
885,"Robert Bosch Krankenhaus, Germany",DEU,Health
886,Hallym University *,KOR,Universities
887,Robert Bosch Stiftung,DEU,Non-Profit
888,University of Iowa Health Care,USA,Health
889,Istituto Oncologico Veneto,ITA,Health
890,Universite de Lorraine *,FRA,Universities
891,Universidade Federal do Rio Grande do Norte,BRA,Universities
892,University of Strathclyde *,GBR,Universities
893,University of Warwick,GBR,Universities
894,University of Vermont,USA,Universities
895,Ohio University,USA,Universities
896,Fujian Medical University *,CHN,Universities
897,National Defense Medical Center,TWN,Health
898,Niigata University *,JPN,Universities
899,University of Oregon,USA,Universities
900,"China Medical University, Shenyang *",CHN,Universities
901,Robarts Research Institute,CAN,Health
901,Ege University,TUR,Universities
903,George Institute for International Health *,AUS,Health
904,Hallym University Medical Center,KOR,Health
905,Clemson University,USA,Universities
906,Complejo Hospitalario Virgen del Rocio,ESP,Health
907,Syracuse University,USA,Universities
908,Concordia University,CAN,Universities
909,Kagoshima University *,JPN,Universities
909,Beijing Normal University *,CHN,Universities
911,University of Limerick,IRL,Universities
912,Tri-Service General Hospital,TWN,Health
913,Universitatsklinikum Rostock,DEU,Health
914,Kobe University *,JPN,Universities
915,Mie University *,JPN,Universities
916,Orebro Universitet,SWE,Universities
917,"Centro de Investigacion Biomedica en Red Fisiopatologia de la Obesidad y Nutricion, Madrid",ESP,Health
918,Centro de Investigacion Biomedica en Red Fisiopatologia de la Obesidad y Nutricion,ESP,Health
919,Alfred Health,AUS,Health
920,Tufts Medical Center,USA,Health
921,Renmin University of China,CHN,Universities
922,Chang Gung University,TWN,Universities
923,University of the Philippines Diliman *,PHL,Universities
924,"Kaiser Permanente Research, Washington",USA,Health
925,Aalborg University *,DNK,Universities
926,Bond University,AUS,Universities
927,Portland VA Medical Center,USA,Health
928,Bruyere Research Institute,CAN,Health
929,Universite Cote d’Azur *,FRA,Universities
930,"University of Minnesota, Duluth",USA,Universities
931,Junta de Andalucia Sevilla,ESP,Government
932,"Chang Gung Memorial Hospital, Taipei *",TWN,Health
933,Gunma University *,JPN,Universities
934,Wuhan Union Hospital,CHN,Health
935,Universite Grenoble-Alpes *,FRA,Universities
936,Hospital Universitario La Paz,ESP,Health
937,Centre Hospitalier Universitaire de Rouen,FRA,Health
938,"University of North Carolina, Charlotte",USA,Universities
938,RIKEN-Institute of Physical and Chemical Research,JPN,Government
940,Harbin Medical University *,CHN,Universities
941,National Cheng Kung University Hospital,TWN,Health
942,Nagasaki University *,JPN,Universities
943,Centre Hospitalier Universitaire de Nancy,FRA,Health
944,University of Regina,CAN,Universities
945,Deutsches Zentrum fur Herz Kreislauf Forschung,DEU,Health
946,First Affilated Hospital of Wenzhou Medical University,CHN,Health
947,University of Social Welfare and Rehabilitation Sciences,IRN,Universities
948,"Chang Gung Memorial Hospital, Kaohsiung",TWN,Health
949,Barts and the London NHS Trust,GBR,Health
950,Universitat Potsdam *,DEU,Universities
951,State University of New York Upstate Medical University *,USA,Universities
952,Istanbul University Cerrahpasa *,TUR,Universities
953,Uniao Brasileira de Educacao e Assistencia *,BRA,Non-Profit
954,Manipal University,IND,Universities
955,Soon Chun Hyang University *,KOR,Universities
956,University of the Philippines Manila,PHL,Universities
957,Universitat Bielefeld,DEU,Universities
958,Rhode Island Hospital ,USA,Health
959,Ankara University,TUR,Universities
960,Universidade do Estado do Rio de Janeiro *,BRA,Universities
961,Auckland University of Technology,NZL,Universities
962,Duke Kunshan University,CHN,Universities
963,The Affiliated Hospital of Qingdao University Medical College,CHN,Health
964,University of Brighton *,GBR,Universities
965,Biodonostia Institute,ESP,Health
966,Universitatsspital Basel *,CHE,Health
967,Fukushima Medical University *,JPN,Universities
968,Showa University *,JPN,Universities
969,"China Medical University, Taichung *",TWN,Universities
970,Korea University Medical Center,KOR,Health
971,Boston Medical Center ,USA,Health
972,University of Science and Technology of China *,CHN,Universities
973,University of Wollongong *,AUS,Universities
974,Fondazione Istituto Neurologico Casimiro Mondino IRCCS,ITA,Health
975,Khoo Teck Puat Hospital,SGP,Health
976,Royal Brisbane and Women's Hospital *,AUS,Health
977,Universidade Federal de Pernambuco,BRA,Universities
978,Wan Fang Hospital,TWN,Health
979,Beijing University of Chinese Medicine *,CHN,Universities
980,"Institute of Psychology, Chinese Academy of Sciences",CHN,Government
981,Eastern Health,AUS,Health
982,Universitatsklinikum Freiburg,DEU,Health
983,Universidad Nacional de Colombia *,COL,Universities
984,Universitat Witten-Herdecke,DEU,Universities
985,Universite Jean Monnet *,FRA,Universities
985,University of Denver,USA,Universities
987,Universitat de Vic,ESP,Universities
988,Center for Health Technology and Services Research,PRT,Non-Profit
989,Sun Yat-sen University First Hospital,CHN,Health
990,Buddhist Tzu Chi Medical Foundation *,TWN,Health
991,Pontificia Universidad Javeriana *,COL,Universities
992,Tennessee Valley Healthcare System,USA,Health
993,"Centro de Investigacion Biomedica en Red de Salud Mental, Barcelona",ESP,Health
994,Universite Francois Rabelais de Tours *,FRA,Universities
995,Inje University *,KOR,Universities
996,"University of Massachusetts, Lowell",USA,Universities
997,University of Notre Dame Australia,AUS,Universities
998,Centre Hospitalier Universitaire de Nantes *,FRA,Health
999,Universitatsklinikum Leipzig,DEU,Health
999,Complejo Hospitalario de Toledo,ESP,Health
1001,Universita Vita-Salute San Raffaele,ITA,Universities
1002,Akita University *,JPN,Universities
1003,Jichi Medical University *,JPN,Universities
1004,Universidad Adolfo Ibanez *,CHL,Universities
1005,Universite de Caen Basse-Normandie *,FRA,Universities
1006,Iran University of Medical Sciences *,IRN,Universities
1007,Tzu Chi University,TWN,Universities
1008,Manipal Global Education Group *,MUL,Companies
1009,Central Queensland University,AUS,Universities
1010,Clinica Alemana de Santiago,CHL,Health
1011,Universite d'Angers *,FRA,Universities
1012,Osaka Metropolitan University *,JPN,Universities
1013,Fuwai Heart Hospital and Cardiovascular Institute,CHN,Health
1014,National Taipei College of Nursing,TWN,Universities
1015,International University of Health and Welfare *,JPN,Universities
1016,Universite de Versailles Saint Quentin en Yvelines *,FRA,Universities
1017,Hospital Universitario Fundacion Jimenez Diaz,ESP,Health
1018,Hangzhou Normal University *,CHN,Universities
1019,Kansai Medical University *,JPN,Universities
1020,Southwest Medical University *,CHN,Universities
1021,"University of Colorado, Colorado Springs",USA,Universities
1022,Universite de Lyon,FRA,Universities
1023,Changi General Hospital ,SGP,Health
1024,"Chang Gung Memorial Hospital, Taoyuan",TWN,Health
1025,George Washington The School of Medicine & Health Sciences,USA,Health
1026,Mackay Medical College,TWN,Universities
1027,Toho University *,JPN,Universities
1028,Universite de Nantes *,FRA,Universities
1029,The Jikei University School of Medicine *,JPN,Universities
1029,Diakonhjemmet Hospital,NOR,Health
1031,Centre Hospitalier Universitaire de Amiens-Picardie,FRA,Health
1032,Jonkoping University,SWE,Universities
1033,VA Salt Lake City Health Care System,USA,Health
1034,Shandong University Qilu Hospital,CHN,Health
1035,Chiba University Hospital,JPN,Health
1036,Seoul St. Mary's Hospital,KOR,Health
1037,Linkou Chang Gung Memorial Hospital,TWN,Health
1038,Shanghai University of Traditional Chinese Medicine *,CHN,Universities
1039,Centre Hospitalier Universitaire d'Angers,FRA,Health
1040,Princess Margaret Cancer Centre,CAN,Health
1041,Nanjing University of Chinese Medicine *,CHN,Universities
1042,Ingham Institute for Applied Medical Research,AUS,Health
1043,Second Affiliated Hospital Harbin Medical University,CHN,Health
1044,Southern Cross University,AUS,Universities
1045,Centre Hospitalier Universitaire de Caen *,FRA,Health
1046,Nippon Medical School *,JPN,Universities
1047,Universidade Cidade de Sao Paulo,BRA,Universities
1048,Sunway University,MYS,Universities
1049,Kindai University *,JPN,Universities
1050,Shandong First Medical University *,CHN,Universities
1051,Hamamatsu University School of Medicine *,JPN,Universities
1052,Normandie Universite,FRA,Universities
1053,Centre de Recherche en Neurosciences de Lyon,FRA,Government
1054,Chang Gung University of Science and Technology,TWN,Universities
1055,"Asia University, Taiwan",TWN,Universities
1056,University of Limpopo,ZAF,Universities
1057,Liverpool Heart and Chest Hospital NHS Foundation Trust,GBR,Health
1058,Kurume University *,JPN,Universities
1059,Pirogov Russian National Research Medical University,RUS,Universities
1060,Osaka Medical and Pharmaceutical University *,JPN,Universities
