Global Rank,Institution,Country,Sector
1,BeiHang University *,CHN,Universities
2,National Aeronautics and Space Administration *,USA,Government
3,Ministry of Education of the People's Republic of China,CHN,Government
4,Northwestern Polytechnical University,CHN,Universities
5,Nanjing University of Aeronautics and Astronautics,CHN,Universities
6,Chinese Academy of Sciences *,CHN,Government
7,Harbin Institute of Technology,CHN,Universities
8,Beijing Institute of Technology,CHN,Universities
9,Tsinghua University *,CHN,Universities
10,Helmholtz Gemeinschaft *,DEU,Government
11,Deutsches Zentrum fur Luft- und Raumfahrt,DEU,Government
12,Shanghai Jiao Tong University *,CHN,Universities
13,China Aerospace Science and Technology Corp *,CHN,Government
14,National University of Defense Technology,CHN,Universities
15,Centre National de la Recherche Scientifique *,FRA,Government
16,"Southeast University, Nanjing *",CHN,Universities
17,Xidian University,CHN,Universities
18,Xi'an Jiaotong University *,CHN,Universities
19,Beijing University of Posts and Telecommunications,CHN,Universities
20,Delft University of Technology,NLD,Universities
21,University of Electronic Science and Technology of China *,CHN,Universities
22,Massachusetts Institute of Technology *,USA,Universities
23,California Institute of Technology *,USA,Universities
24,NASA Langley Research Center,USA,Government
25,Dalian University of Technology *,CHN,Universities
26,Georgia Institute of Technology *,USA,Universities
27,Chongqing University,CHN,Universities
28,Jet Propulsion Laboratory,USA,Government
29,Qatar University,QAT,Universities
30,Samsung Corp *,MUL,Companies
31,Huazhong University of Science and Technology *,CHN,Universities
32,Nanyang Technological University *,SGP,Universities
33,Zhejiang University *,CHN,Universities
34,University of Waterloo *,CAN,Universities
35,Beijing Jiaotong University,CHN,Universities
36,Jeju National University *,KOR,Universities
37,Southwest Jiaotong University,CHN,Universities
38,China Electronics Technology Group Corp No 54 Research Institute,CHN,Non-Profit
39,University of Chinese Academy of Sciences,CHN,Universities
40,Nanjing University of Posts and Telecommunications,CHN,Universities
41,China Academy of Space Technology,CHN,Government
42,NASA Ames Research Center,USA,Government
43,Harbin Engineering University,CHN,Universities
44,Tongji University *,CHN,Universities
45,U.S. Air Force,USA,Government
46,"University of Michigan, Ann Arbor *",USA,Universities
47,Purdue University,USA,Universities
48,Hong Kong Polytechnic University,HKG,Universities
49,State Grid Corporation of China *,CHN,Companies
50,Politecnico di Milano,ITA,Universities
51,Tianjin University *,CHN,Universities
52,European Space Agency *,MUL,Government
53,Cranfield University,GBR,Universities
54,Jilin University *,CHN,Universities
55,University of Southampton,GBR,Universities
56,University of New South Wales *,AUS,Universities
57,Macquarie University *,AUS,Universities
58,Central South University *,CHN,Universities
59,University of Sydney *,AUS,Universities
60,The University of Kent,GBR,Universities
61,National Institute of Information and Communications Technology,JPN,Government
62,Huawei Technologies Co Ltd *,MUL,Companies
63,Guangdong University of Technology,CHN,Universities
64,National University of Singapore *,SGP,Universities
65,Nanjing University of Science and Technology,CHN,Universities
66,The University of Manchester *,GBR,Universities
67,Hunan University,CHN,Universities
68,New Jersey Institute of Technology,USA,Universities
69,Toyota Group *,MUL,Companies
70,"University of California, Berkeley *",USA,Universities
71,"Northeastern University, China",CHN,Universities
72,University of Nevada-Reno,USA,Universities
73,National University of Life and Environmental Sciences of Ukraine,UKR,Universities
74,"University of Technology, Sydney",AUS,Universities
75,Technische Universitat Munchen *,DEU,Universities
76,Russian Academy of Sciences *,RUS,Government
77,Politecnico di Torino *,ITA,Universities
78,Wuhan University *,CHN,Universities
79,Ministry of Industry and Information Technology,CHN,Government
80,South China University of Technology,CHN,Universities
81,Qingdao University of Science and Technology,CHN,Universities
82,Imperial College London,GBR,Universities
83,Duy Tan University,VNM,Universities
84,Stanford University *,USA,Universities
85,Universita degli Studi di Napoli Federico II,ITA,Universities
86,Universita degli Studi di Roma La Sapienza,ITA,Universities
87,University of Illinois at Urbana-Champaign *,USA,Universities
88,Sun Yat-Sen University *,CHN,Universities
89,Airbus SAS *,MUL,Companies
90,Japan Aerospace Exploration Agency,JPN,Government
91,Glenn Research Center,USA,Government
92,Shenzhen University,CHN,Universities
93,University of Houston,USA,Universities
94,Virginia Polytechnic Institute and State University *,USA,Universities
95,University of Western Ontario,CAN,Universities
96,University of Huddersfield,GBR,Universities
97,University of Oxford *,GBR,Universities
98,"Texas A&M University, College Station *",USA,Universities
99,University of Warwick,GBR,Universities
100,McMaster University *,CAN,Universities
101,"University of Maryland, College Park *",USA,Universities
102,European Commission *,MUL,Government
103,"Monash University, Melbourne *",AUS,Universities
104,Norwegian University of Science and Technology,NOR,Universities
105,"Queen Mary, University of London",GBR,Universities
106,Peking University *,CHN,Universities
107,"University of Texas, Austin",USA,Universities
108,"University of Colorado, Boulder *",USA,Universities
109,Embry-Riddle Aeronautical University *,USA,Universities
110,University of Surrey,GBR,Universities
111,Carleton University,CAN,Universities
112,Universite du Quebec en Montreal,CAN,Universities
113,China Electronics Technology Group Corp *,CHN,Companies
114,University of Victoria,CAN,Universities
115,Mitsubishi Electric Corp,MUL,Companies
116,Budapest University of Technology and Economics,HUN,Universities
117,The University of Sheffield,GBR,Universities
118,Korea Advanced Institute of Science and Technology *,KOR,Universities
119,University College London *,GBR,Universities
120,Volkswagen AG *,MUL,Companies
121,Iowa State University,USA,Universities
122,China Aerodynamics Research and Development Center,CHN,Government
123,Imam Khomeini International University,IRN,Universities
124,University of Science and Technology Beijing,CHN,Universities
125,China University of Mining and Technology,CHN,Universities
126,Purple Mountain Laboratory,CHN,Government
127,Australian National University,AUS,Universities
128,Lockheed Martin Corp *,USA,Companies
129,University of Nottingham *,GBR,Universities
130,Shandong University *,CHN,Universities
131,University of Arizona *,USA,Universities
132,Universite du Quebec en Quebec *,CAN,Universities
133,University of Aberdeen,GBR,Universities
134,Catholic University of Leuven,BEL,Universities
135,University of Glasgow *,GBR,Universities
136,Kings College London,GBR,Universities
137,"Ohio State University, Columbus *",USA,Universities
138,University of Bristol *,GBR,Universities
139,Harvard University *,USA,Universities
140,Boeing Co *,MUL,Companies
141,Utah State University *,USA,Universities
142,Swiss Federal Institute of Technology,CHE,Universities
143,The University of British Columbia,CAN,Universities
144,Universidad Politecnica de Madrid *,ESP,Universities
145,Cornell University *,USA,Universities
146,Sichuan University *,CHN,Universities
147,University of Washington *,USA,Universities
148,Royal Institute of Technology *,SWE,Universities
149,Chongqing University of Post and Telecommunications,CHN,Universities
149,European Space Research and Technology Centre,NLD,Government
151,Wuhan University of Technology *,CHN,Universities
152,"Rutgers, The State University of New Jersey",USA,Universities
153,Universite du Luxembourg,LUX,Universities
154,Mitsubishi Corp *,MUL,Companies
155,Pennsylvania State University *,USA,Universities
156,Nanjing University *,CHN,Universities
157,"University of California, Irvine *",USA,Universities
158,Siemens *,MUL,Companies
159,VTT Technical Research Centre of Finland,FIN,Companies
160,Institute for Infocomm Research,SGP,Government
161,Universitat Politecnica de Valencia *,ESP,Universities
162,Universitat Stuttgart,DEU,Universities
163,University of Bath,GBR,Universities
164,University of Science and Technology of China *,CHN,Universities
165,University of Cambridge *,GBR,Universities
166,"Huawei Software Technology Co Ltd, China",CHN,Companies
167,Chalmers University of Technology *,SWE,Universities
168,Royal Melbourne Institute of Technology *,AUS,Universities
169,University of Strathclyde *,GBR,Universities
170,Universite Paris-Saclay *,FRA,Universities
171,City University of Hong Kong *,HKG,Universities
172,Hainan University,CHN,Universities
173,Beijing University of Technology,CHN,Universities
174,Jiangsu University *,CHN,Universities
175,Korea University *,KOR,Universities
176,Queen's University Belfast,GBR,Universities
177,Shanghai University,CHN,Universities
178,Heriot-Watt University *,MUL,Universities
179,Rheinisch-Westfalische Technische Hochschule Aachen,DEU,Universities
180,University of Tokyo *,JPN,Universities
181,Ecole de Technologie Superieure,CAN,Universities
182,Seoul National University *,KOR,Universities
183,University of Florida *,USA,Universities
184,Aalborg University *,DNK,Universities
185,Consiglio Nazionale delle Ricerche *,ITA,Government
186,University of Exeter,GBR,Universities
187,The University of Edinburgh *,GBR,Universities
188,University of Leeds,GBR,Universities
189,Universidade de Lisboa *,PRT,Universities
190,Xiamen University *,CHN,Universities
190,Loughborough University,GBR,Universities
192,Princess Nourah bint Abdul Rahman University *,SAU,Universities
193,University of Alberta,CAN,Universities
194,The Hong Kong University of Science and Technology,HKG,Universities
195,"University of California, Davis *",USA,Universities
196,Universitat Politecnica de Catalunya *,ESP,Universities
197,Florida International University,USA,Universities
198,Consorzio Nazionale Interuniversitario per le Telecomunicazioni,ITA,Government
199,University of Toronto,CAN,Universities
200,Johns Hopkins University *,USA,Universities
201,Linkoping University,SWE,Universities
202,University of Birmingham,GBR,Universities
203,Concordia University,CAN,Universities
204,University of Southern Denmark,DNK,Universities
205,ShanghaiTech University *,CHN,Universities
206,Northumbria University,GBR,Universities
207,Queensland University of Technology,AUS,Universities
208,Curtin University *,AUS,Universities
209,Zhengzhou University *,CHN,Universities
210,"University of Minnesota, Twin Cities *",USA,Universities
211,East China Jiaotong University,CHN,Universities
212,Tohoku University *,JPN,Universities
212,North University of China,CHN,Universities
214,Eindhoven University of Technology,NLD,Universities
215,KBR Inc *,MUL,Companies
216,Kyung Hee University *,KOR,Universities
217,Zhejiang University of Technology,CHN,Universities
218,"Institute of Mechanics, Chinese Academy of Sciences",CHN,Government
219,Trinity College Dublin *,IRL,Universities
220,China Academy of Launch Vehicle Technology,CHN,Government
221,Singapore University of Technology and Design,SGP,Universities
222,Instituto de Telecomunicacoes,PRT,Non-Profit
223,University of Oulu,FIN,Universities
224,Thapar Institute of Engineering and Technology,IND,Universities
225,"University of Wisconsin, Madison *",USA,Universities
226,Office National d'Etudes et de Recherches Aerospatiales Chatillon *,FRA,Government
227,Wuhan Textile University,CHN,Companies
228,China National Petroleum Corp *,CHN,Companies
229,Peng Cheng Laboratory,CHN,Government
230,Fudan University *,CHN,Universities
231,L'Alma Mater Studiorum - Universita di Bologna,ITA,Universities
232,Hefei University of Technology *,CHN,Universities
233,Technische Universitat Berlin *,DEU,Universities
234,University of Central Florida,USA,Universities
235,Dalian Maritime University,CHN,Universities
236,Carnegie Mellon University *,USA,Universities
237,Fraunhofer Gesellschaft *,DEU,Government
238,National Institute of Advanced Industrial Science & Technology,JPN,Government
239,Lappeenranta University of Technology,FIN,Universities
240,Friedrich-Alexander-Universitat Erlangen-Nurnberg *,DEU,Universities
241,"Colorado State University, Fort Collins *",USA,Universities
242,Consejo Superior de Investigaciones Cientificas *,ESP,Government
243,Ton Duc Thang University,VNM,Universities
244,York University,CAN,Universities
245,University of Groningen *,NLD,Universities
246,"KBR Inc, USA",USA,Companies
247,National Yunlin University of Science and Technology,TWN,Universities
248,The University of Hong Kong *,HKG,Universities
249,Qingdao University *,CHN,Universities
250,National Tsing Hua University,TWN,Universities
251,Swedish Defence Research Agency,SWE,Government
252,"University of Tennessee, Knoxville *",USA,Universities
253,Universidade de Vigo *,ESP,Universities
254,James Cook University *,AUS,Universities
255,Aalto University,FIN,Universities
256,Tampere University,FIN,Universities
257,Universite de Toulouse,FRA,Universities
258,Universidade de Sao Paulo *,BRA,Universities
259,Hokkaido University *,JPN,Universities
259,"University of California, Riverside",USA,Universities
261,"Sandia National Laboratories, New Mexico",USA,Government
262,RIKEN-Institute of Physical and Chemical Research,JPN,Government
263,University of Sussex *,GBR,Universities
264,China Petroleum and Chemical Corporation *,CHN,Companies
265,Zayed University,ARE,Universities
266,Institut National de Recherche en Informatique et en Automatique *,FRA,Government
267,The Chinese University of Hong Kong *,HKG,Universities
267,Chang'an University ,CHN,Universities
269,Ryerson University,CAN,Universities
270,University of Macau,MAC,Universities
271,Colorado School of Mines,USA,Universities
272,China Southern Power Grid Co Ltd *,CHN,Companies
273,"University of California, Los Angeles *",USA,Universities
274,Fuzhou University,CHN,Universities
275,"University of Nebraska, Lincoln",USA,Universities
276,Sorbonne Universite *,FRA,Universities
277,McGill University *,CAN,Universities
278,Texas Tech University,USA,Universities
279,"Soochow University, Suzhou *",CHN,Universities
280,Air Force Engineering University,CHN,Universities
281,Universita degli Studi di Pisa,ITA,Universities
282,Ecole Polytechnique Federale de Lausanne,CHE,Universities
283,Commonwealth Scientific and Industrial Research Organization *,AUS,Government
284,Brown University,USA,Universities
285,University of South Florida,USA,Universities
286,Brigham Young University,USA,Universities
287,University of Southern Queensland,AUS,Universities
288,"Boeing Co, USA",USA,Companies
289,"Indian Institute of Technology, Madras",IND,Universities
290,North Carolina State University,USA,Universities
291,"China Medical University, Taichung *",TWN,Universities
292,Laboratoire des Signaux et Systemes,FRA,Government
293,Hohai University,CHN,Universities
294,Universidad Carlos III de Madrid *,ESP,Universities
295,North China Electric Power University,CHN,Universities
296,Amity University *,IND,Universities
297,Universidad de Chile *,CHL,Universities
298,"Institute for Systems and Computer Engineering, Technology and Science",PRT,Non-Profit
299,Yonsei University *,KOR,Universities
300,Technische Universitat Dresden *,DEU,Universities
301,Hanyang University *,KOR,Universities
302,Huaqiao University,CHN,Universities
302,Sharif University of Technology,IRN,Universities
304,Kunming University of Science and Technology,CHN,Universities
305,Flanders Make,BEL,Non-Profit
306,East China Normal University *,CHN,Universities
307,University of Calgary *,CAN,Universities
308,Swinburne University of Technology *,AUS,Universities
309,"Northeastern University, USA",USA,Universities
310,Office National d'Etudes et de Recherches Aerospatiales Toulouse,FRA,Government
311,PetroChina Co Ltd,CHN,Companies
312,University of Cincinnati *,USA,Universities
313,Jinan University *,CHN,Universities
314,Cardiff University,GBR,Universities
314,Princeton University,USA,Universities
316,University of Liverpool *,GBR,Universities
317,University of Oklahoma *,USA,Universities
318,National Taiwan University,TWN,Universities
319,"University of Texas, Dallas",USA,Universities
320,Technische Universitat Braunschweig,DEU,Universities
321,Tarbiat Modares University,IRN,Universities
322,"University of California, San Diego *",USA,Universities
323,University of Melbourne *,AUS,Universities
324,Polish Academy of Sciences *,POL,Government
325,King Abdullah University of Science and Technology,SAU,Universities
326,"National Innovation Institute of Defense Technology, Academy of Military Sciences of PLA",CHN,Government
327,University of Canterbury,NZL,Universities
328,University of New Brunswick,CAN,Universities
329,Universidad de Sevilla *,ESP,Universities
330,University of Notre Dame,USA,Universities
330,Centrale Supelec,FRA,Universities
332,Deakin University *,AUS,Universities
333,Civil Aviation University of China,CHN,Universities
334,Karlsruher Institut fur Technologie,DEU,Universities
335,National Institute of Aerospace,USA,Non-Profit
336,University of New Hampshire,USA,Universities
336,Rajasthan Technical University,IND,Universities
338,University of Kentucky *,USA,Universities
339,U.S. Army *,USA,Government
339,Beijing Institute of Control Engineering,CHN,Government
341,Southern University of Science and Technology,CHN,Universities
342,University of Twente,NLD,Universities
343,San Diego State University,USA,Universities
344,"ParisTech, Institut des Sciences et Technologies de Paris - PRES *",FRA,Government
345,Universita degli Studi di Padova,ITA,Universities
346,"University of California, Merced",USA,Universities
347,Czech Technical University in Prague,CZE,Universities
348,Memorial University of Newfoundland,CAN,Universities
349,Air University,PAK,Universities
350,Changsha University of Science and Technology,CHN,Universities
351,Rolls-Royce Holdings plc *,MUL,Companies
352,University of Patras,GRC,Universities
353,Shandong Jianzhu University,CHN,Universities
354,National Cheng Kung University,TWN,Universities
355,Technical University of Denmark,DNK,Universities
356,Ulsan National Institute of Science and Technology *,KOR,Universities
357,George Washington University *,USA,Universities
358,Brunel University,GBR,Universities
359,Manipal University,IND,Universities
360,Academy of Military Sciences of the Chinese People's Liberation Army *,CHN,Government
361,Pohang University of Science and Technology,KOR,Universities
362,Army Engineering University of PLA,CHN,Universities
363,The University of Queensland *,AUS,Universities
364,"Institute of Acoustics, Chinese Academy of Sciences",CHN,Government
365,China Agricultural University,CHN,Universities
366,"Indian Institute of Technology, Delhi",IND,Universities
367,National Renewable Energy Laboratory,USA,Government
368,Xi'an University of Technology,CHN,Universities
369,General Electric Company *,MUL,Companies
370,Universita degli Studi della Campania Luigi Vanvitelli,ITA,Universities
371,University of Southern California *,USA,Universities
372,Rice University,USA,Universities
372,Indian Institute of Science,IND,Universities
374,Lehigh University,USA,Universities
374,Centre National d'Etudes Spatiales *,FRA,Government
376,Universita degli Studi di Trento,ITA,Universities
376,Arizona State University *,USA,Universities
376,Universidade do Porto *,PRT,Universities
379,NASA Goddard Space Flight Center,USA,Government
380,Aristotle University of Thessaloniki,GRC,Universities
381,Shandong University of Science and Technology,CHN,Universities
382,"Shanghai Astronomical Observatory, Chinese Academy of Sciences ",CHN,Government
383,Southwest Petroleum University,CHN,Universities
384,Technion - Israel Institute of Technology *,ISR,Universities
385,Nirma University,IND,Universities
386,University of Essex,GBR,Universities
387,Universite de Bordeaux *,FRA,Universities
388,"Sandia National Laboratories, California",USA,Government
389,University of Auckland,NZL,Universities
390,"Airbus, Germany",DEU,Companies
391,National Sun Yat-sen University,TWN,Universities
392,Sejong University,KOR,Universities
393,University of Miami *,USA,Universities
394,University of South Carolina *,USA,Universities
395,Qingdao University of Technology,CHN,Universities
396,Istanbul Technical University,TUR,Universities
397,University of Tehran,IRN,Universities
398,University of Ljubljana *,SVN,Universities
399,Jiangnan University *,CHN,Universities
400,"University of Engineering and Technology, Lahore",PAK,Universities
401,I K Gujral Punjab Technical University,IND,Universities
402,Universitat Bern *,CHE,Universities
403,North China University of Technology,CHN,Universities
404,Xi'an University of Post and Telecommunications,CHN,Universities
405,NASA Marshall Space Flight Center,USA,Government
406,"Universite Paul Sabatier, Toulouse III *",FRA,Universities
407,"Northwestern University, Evanston *",USA,Universities
408,North Carolina A&T State University,USA,Universities
409,Universite de Poitiers *,FRA,Universities
410,Defence and Science Technology Organisation Australia,AUS,Government
411,University of Virginia *,USA,Universities
412,National Aviation University,UKR,Universities
413,Institute of Spacecraft System Engineering,CHN,Government
414,"Indian Institute of Technology, Kanpur",IND,Universities
415,"Heriot-Watt University, United Kingdom",GBR,Universities
415,Yanshan University,CHN,Universities
417,University of Defence,CZE,Universities
418,Gottfried Wilhelm Leibniz Universitat Hannover,DEU,Universities
419,Duke University *,USA,Universities
420,Beijing University of Chemical Technology,CHN,Universities
421,Instituto Tecnologico y de Estudios Superiores de Monterrey *,MEX,Universities
422,"Indian Institute of Technology, Kharagpur",IND,Universities
423,Yunnan University,CHN,Universities
424,Bahria University,PAK,Universities
425,Technische Universitat Hamburg-Harburg,DEU,Universities
426,Oak Ridge National Laboratory,USA,Government
427,Iran University of Science and Technology,IRN,Universities
428,Instituto Tecnologico de Aeronautica,BRA,Universities
429,Universita del Salento,ITA,Universities
430,Ghent University,BEL,Universities
431,University of Helsinki,FIN,Universities
432,Ocean University of China,CHN,Universities
433,Universidad de Navarra *,ESP,Universities
434,Tokyo Institute of Technology,JPN,Universities
435,Universite de Lyon,FRA,Universities
435,Hungarian Academy of Sciences *,HUN,Government
437,Binus University,IDN,Universities
438,Centres de Recerca de Catalunya *,ESP,Non-Profit
439,CRRC Group Corp *,MUL,Companies
439,New Mexico Institute of Mining and Technology *,USA,Universities
441,University of Wollongong *,AUS,Universities
442,Poznan University of Technology,POL,Universities
443,COMSATS Institute of Information Technology *,PAK,Universities
444,Wenzhou University,CHN,Universities
445,Amirkabir University of Technology,IRN,Universities
446,Robert Bosch *,MUL,Companies
447,Universidade Estadual de Campinas *,BRA,Universities
447,King Abdulaziz University *,SAU,Universities
449,West Virginia University *,USA,Universities
450,Old Dominion University,USA,Universities
451,University of Iowa *,USA,Universities
452,National Research Council Canada *,CAN,Government
453,University of the West of England *,GBR,Universities
454,NASA Johnson Space Center,USA,Government
454,Universite de Franche-Comte *,FRA,Universities
456,Universidade Nova de Lisboa *,PRT,Universities
457,Ludong University,CHN,Universities
458,"University of Missouri, Columbia *",USA,Universities
459,Beijing Aerospace Automatic Control Institute,CHN,Government
460,University of South Florida System *,USA,Universities
461,"Indian Institute of Technology, Roorkee",IND,Universities
462,"Institute of Automation, Chinese Academy of Sciences",CHN,Government
463,Florida Institute of Technology,USA,Universities
464,Beijing Institute of Tracking and Telecommunications Technology,CHN,Non-Profit
465,Politecnico di Bari,ITA,Universities
465,National Institute of Technology Rourkela,IND,Universities
467,Universidade Federal do Espirito Santo,BRA,Universities
468,Universities Space Research Association,USA,Non-Profit
469,Warsaw University of Technology,POL,Universities
470,Khalifa University *,ARE,Universities
471,"University of Texas, San Antonio",USA,Universities
472,Universita degli Studi di Cagliari,ITA,Universities
473,Universite de Lille *,FRA,Universities
474,Technical University of Kosice,SVK,Universities
475,Southwest University *,CHN,Universities
475,Universite Grenoble-Alpes *,FRA,Universities
477,Nankai University *,CHN,Universities
478,"University of Connecticut, Storrs *",USA,Universities
478,Shandong JiaoTong University,CHN,Universities
480,"Indian Institute of Technology, Bombay *",IND,Universities
481,Coventry University,GBR,Universities
482,"Institute of Engineering Thermophysics, Chinese Academy of Sciences",CHN,Government
483,VIT University,IND,Universities
484,Universita degli Studi di Udine,ITA,Universities
485,"National Astronomical Observatories, Chinese Academy of Science",CHN,Government
486,Case Western Reserve University,USA,Universities
487,Universidade Estadual Paulista Julio de Mesquita Filho,BRA,Universities
488,Istituto Nazionale di Fisica Nucleare *,ITA,Government
488,Universita Politecnica delle Marche,ITA,Universities
490,Shanghai Aerospace Control Technology Institute,CHN,Government
491,Changchun University of Technology,CHN,Universities
491,"CRRC Corp Ltd, China",CHN,Companies
493,Tufts University,USA,Universities
494,Institut National des Sciences Appliquees de Lyon *,FRA,Universities
495,Shanghai Maritime University,CHN,Universities
496,Universitat der Bundeswehr Munchen,DEU,Universities
497,Universidade de Brasilia,BRA,Universities
498,Mississippi State University,USA,Universities
499,Aarhus University *,DNK,Universities
500,San Jose State University,USA,Universities
501,Nanchang University *,CHN,Universities
502,Guangzhou University,CHN,Universities
503,Universita degli Studi Roma Tre,ITA,Universities
503,"University of Illinois, Chicago *",USA,Universities
505,New York University *,USA,Universities
506,Universidad Nacional Autonoma de Mexico,MEX,Universities
507,Alibaba Group *,MUL,Companies
508,Observatoire de Paris,FRA,Government
509,Ecole Polytechnique de Montreal,CAN,Universities
510,China Aerospace Science and Industry Corp *,CHN,Government
511,Universite PSL *,FRA,Universities
512,Queen's University,CAN,Universities
513,Rensselaer Polytechnic Institute,USA,Universities
514,Stevens Institute of Technology,USA,Universities
514,Michigan State University,USA,Universities
514,VNU University of Engineering and Technology,VNM,Universities
517,Manipal Global Education Group *,MUL,Companies
518,Columbia University *,USA,Universities
519,"Moscow Aviation Institute, State University of Aerospace Technologies",RUS,Universities
520,University of Pretoria,ZAF,Universities
520,ITMO University,RUS,Universities
522,Illinois Institute of Technology,USA,Universities
523,Tata Group *,MUL,Companies
524,Ecole Normale Superieure Paris-Saclay *,FRA,Universities
525,Universita degli Studi di Ferrara,ITA,Universities
526,Universita degli Studi di Genova,ITA,Universities
527,University of Utah *,USA,Universities
527,University of Jinan,CHN,Universities
529,Universidade Federal de Minas Gerais,BRA,Universities
530,Beijing Information Science and Technology University,CHN,Universities
531,"Agency for Science, Technology and Research Singapore *",SGP,Government
532,The University of Newcastle,AUS,Universities
533,"National University of Science and Technology, Islamabad",PAK,Universities
534,Xiangtan University,CHN,Universities
535,Lomonosov  Moscow State University,RUS,Universities
536,Chung-Ang University *,KOR,Universities
537,Changzhou University,CHN,Universities
538,Tianjin University of Technology,CHN,Universities
539,"State University of New York, Buffalo",USA,Universities
540,Universitas Negeri Sebelas Maret,IDN,Universities
541,Technische Universitat Darmstadt,DEU,Universities
542,Franche-Comte Electronique Mecanique Thermique et Optique - Sciences et Technologies,FRA,Government
543,Kocaeli University *,TUR,Universities
544,"Shenyang Institute of Automation, Chinese Academy of Sciences",CHN,Government
544,Henan University *,CHN,Universities
546,Argonne National Laboratory *,USA,Government
547,City University London,GBR,Universities
548,Lunds University,SWE,Universities
549,National Yang Ming Chiao Tung University,TWN,Universities
550,Universidade do Minho,PRT,Universities
551,King Saud University *,SAU,Universities
552,Sungkyunkwan University,KOR,Universities
552,Ministry of Transport *,CHN,Government
554,Universita degli Studi di Firenze,ITA,Universities
555,Auburn University,USA,Universities
556,"University of Alabama, Tuscaloosa",USA,Universities
557,University of Kansas *,USA,Universities
558,University of Nottingham China Campus,CHN,Universities
559,Universidad Rey Juan Carlos *,ESP,Universities
560,Lublin University of Technology,POL,Universities
561,Clemson University,USA,Universities
562,Anhui University,CHN,Universities
563,The University of Adelaide,AUS,Universities
564,Technische Universitat Wien *,AUT,Universities
565,Swansea University,GBR,Universities
566,Yantai University,CHN,Universities
567,Universita degli Studi di Bergamo,ITA,Universities
568,Universite de Nantes *,FRA,Universities
569,Ohio University,USA,Universities
570,Waseda University,JPN,Universities
571,Amrita University,IND,Universities
572,Taiyuan University of Technology,CHN,Universities
573,Rzeszow University of Technology,POL,Universities
574,Catholic University of Louvain,BEL,Universities
575,Inha University,KOR,Universities
576,"University of Technology, Malaysia",MYS,Universities
577,Universita degli Studi dell Aquila,ITA,Universities
578,Leibniz Gemeinschaft *,DEU,Government
579,"Rolls-Royce plc, United Kingdom",GBR,Companies
580,China State Shipbuilding Corp *,CHN,Government
581,Institute of Space Technology,PAK,Universities
582,Tokyo Metropolitan University,JPN,Universities
583,University of Shanghai for Science and Technology,CHN,Universities
584,Ecole Nationale Superieure d'Arts et Metiers,FRA,Universities
585,Hangzhou Dianzi University,CHN,Universities
586,Muroran Institute of Technology,JPN,Universities
587,Universite Gustave Eiffel *,FRA,Universities
588,Indian Space Research Organization *,IND,Government
589,"Aerospace Information Research Institute, Chinese Academy of Sciences",CHN,Government
590,Universitat Autonoma de Barcelona *,ESP,Universities
591,Ecole Nationale Superieur de Mecaniques et des MicroTechniques *,FRA,Universities
592,Sherbrooke University *,CAN,Universities
593,University of Cyprus,CYP,Universities
594,University of Zagreb,HRV,Universities
595,Tubitak Scientific and Technical Research Council of Turkey *,TUR,Government
596,Yeungnam University,KOR,Universities
597,Leonardo SpA *,MUL,Companies
598,Ningbo University,CHN,Universities
599,Florida State University *,USA,Universities
600,"Indian Institute of Technology, Indore",IND,Universities
600,"Vietnam National University System, Hanoi *",MUL,Universities
602,University of Kashan,IRN,Universities
603,Donghua University,CHN,Universities
604,Thales Group *,MUL,Companies
604,"University of Texas, Arlington",USA,Universities
606,US Naval Research Laboratory,USA,Government
607,Universite de Technologie de Belfort-Montbeliard *,FRA,Universities
608,Universidad del Pais Vasco *,ESP,Universities
609,Moscow Technical University of Communications and Informatics,RUS,Universities
610,PLA Space Engineering University,CHN,Universities
610,East China University of Science and Technology,CHN,Universities
612,KPR Institute of Engineering and Technology,IND,Universities
613,Ferdowsi University of Mashhad,IRN,Universities
614,China University of Petroleum,CHN,Universities
615,Indian Institute of Technology,IND,Universities
616,Kyungpook National University *,KOR,Universities
617,Lovely Professional University,IND,Universities
618,Universidade de Coimbra *,PRT,Universities
619,Xinjiang University,CHN,Universities
620,Pontificia Universidad Catolica de Chile *,CHL,Universities
621,Helwan University Cairo *,EGY,Universities
621,Brno University of Technology,CZE,Universities
623,University of Leicester,GBR,Universities
623,Raytheon Technologies Corporation *,MUL,Companies
625,Institut Pprime - Recherche et Ingenierie en Materiaux Mecanique et Energetique,FRA,Government
625,Max Planck Gesellschaft *,DEU,Government
625,Zhejiang Sci-Tech University,CHN,Universities
628,Missouri University of Science & Technology,USA,Universities
629,Beijing University of Civil Engineering & Architecture,CHN,Universities
630,"Asia University, Taiwan",TWN,Universities
631,China University of Geosciences,CHN,Universities
632,Pusan National University,KOR,Universities
633,Petronas University of Technology,MYS,Universities
634,Silesian University of Technology,POL,Universities
635,Ecole Centrale de Lille *,FRA,Universities
636,Universita degli Studi di Roma Tor Vergata,ITA,Universities
637,Military University of Technology,POL,Universities
638,Bohai University,CHN,Universities
639,Qufu Normal University,CHN,Universities
640,"Consejo Nacional de Humanidades, Ciencias y Tecnologias *",MEX,Government
641,Guilin University of Electronic Technology,CHN,Universities
642,New Mexico State University,USA,Universities
643,Aviation Industry Corporation of China *,CHN,Government
644,Peoples'Friendship University of Russia,RUS,Universities
645,Universita degli Studi di Modena e Reggio Emilia,ITA,Universities
646,Science and Technology Facilities Council *,GBR,Government
647,"Airbus, France",FRA,Companies
648,Worcester Polytechnic Institute,USA,Universities
649,University of Ottawa,CAN,Universities
650,Nagoya University *,JPN,Universities
651,Technische Universitat Graz *,AUT,Universities
652,George Mason University,USA,Universities
652,Sultan Qaboos University *,OMN,Universities
654,Gwangju Institute of Science and Technology,KOR,Universities
655,Xi'an University of Science and Technology,CHN,Universities
656,Shenyang Aerospace University,CHN,Universities
657,Bialystok University of Technology,POL,Universities
658,Malaviya National Institute of Technology,IND,Universities
659,Wroclaw University of Science and Technology,POL,Universities
660,Universitat Duisburg Essen *,DEU,Universities
661,Ritsumeikan University,JPN,Universities
662,Defence Research and Development Organisation,IND,Government
663,"Chitkara University, Punjab",IND,Universities
664,Universitat Bremen *,DEU,Universities
665,Office National d'Etudes et de Recherches Aerospatiales Palaiseau,FRA,Government
666,Indian Institute of Remote Sensing,IND,Government
667,Universidade Federal do Rio de Janeiro *,BRA,Universities
667,Universita degli Studi di Salerno,ITA,Universities
669,Rutherford Appleton Laboratory,GBR,Government
670,National Technical University of Ukraine - Kyiv Polytechnic Institute,UKR,Universities
671,Universidade Federal do Rio Grande do Sul,BRA,Universities
671,China Three Gorges University,CHN,Universities
673,Shanghai Academy of Spaceflight Technology,CHN,Government
674,Zhejiang Normal University,CHN,Universities
675,Ministerio de Defensa *,MUL,Government
675,Cairo University *,EGY,Universities
677,Universita degli Studi di Milano,ITA,Universities
678,Lulea University of Technology,SWE,Universities
678,Chongqing Jiaotong University,CHN,Universities
680,Central Queensland University,AUS,Universities
681,Electronics Telecommunication Research Institute,KOR,Government
681,Lodz University of Technology,POL,Universities
683,Universite de Technologie de Compiegne *,FRA,Universities
683,China National Offshore Oil Corp *,CHN,Companies
685,Vanderbilt University *,USA,Universities
685,China National Nuclear Corporation *,CHN,Government
687,KL University,IND,Universities
688,Chungnam National University,KOR,Universities
689,Delhi Technological University,IND,Universities
690,Uppsala University,SWE,Universities
690,"Hyundai Motor Co, South Korea",KOR,Companies
692,Lanzhou University of Technology,CHN,Universities
692,Al Mustaqbal University College,IRQ,Universities
694,China Academy of Engineering Physics *,CHN,Government
695,Anna University,IND,Universities
696,Stockholm University *,SWE,Universities
697,Graduate University for Advanced Studies,JPN,Universities
698,Institut Polytechnique de Grenoble *,FRA,Universities
699,Forca Aerea Brasileira *,BRA,Government
700,Technische Universitat Dortmund *,DEU,Universities
700,"Ford Motor Co, USA",USA,Companies
700,Indian Institute of Technology Mandi,IND,Universities
703,Chosun University *,KOR,Universities
704,AGH University of Science and Technology,POL,Universities
705,United Arab Emirates University,ARE,Universities
706,The Florida A&M University and The Florida State University College of Engineering,USA,Universities
707,Indian Institute of Technology Guwahati,IND,Universities
707,Henan Polytechnic University,CHN,Universities
709,Council of Scientific and Industrial Research *,IND,Government
710,Birla Institute of Technology and Science *,IND,Universities
711,Ford Motor Company *,MUL,Companies
712,Beijing Institute of Electronics Systems Engineering,CHN,Government
712,National University of Malaysia *,MYS,Universities
714,"Indian Institute of Technology, Hyderabad",IND,Universities
715,Kyoto University *,JPN,Universities
716,Universita della Calabria,ITA,Universities
717,Shandong Normal University,CHN,Universities
718,PLA Naval Aviation University,CHN,Universities
719,"Oklahoma State University, Stillwater *",USA,Universities
720,National Technical University of Athens,GRC,Universities
721,Sri Siva Subramania Nadar College of Engineering,IND,Universities
722,Kyushu University *,JPN,Universities
723,MITRE Corp *,MUL,Non-Profit
724,Universita degli Studi di Parma,ITA,Universities
725,"Shenzhen Institutes of Advanced Technology, Chinese Academy of Sciences",CHN,Government
726,Universidad de Cantabria *,ESP,Universities
727,University of Ulsan *,KOR,Universities
728,Basque Research and Technology Alliance *,ESP,Government
729,Michigan Technological University,USA,Universities
730,Universite de Liege,BEL,Universities
731,Thuy Loi University,VNM,Universities
732,Ecole Nationale Superieure de Mecanique et d Aerotechnique *,FRA,Universities
733,Istituto Nazionale di Astrofisica *,ITA,Government
734,Nanjing Forestry University,CHN,Universities
735,"University of Nottingham, Malaysia Campus",MYS,Universities
736,Universidad de Zaragoza *,ESP,Universities
736,Kumoh National Institute of Technology,KOR,Universities
738,Universitat Siegen,DEU,Universities
739,Vrije Universiteit Brussel,BEL,Universities
740,Universite de Lorraine *,FRA,Universities
741,Nantong University *,CHN,Universities
742,Universidade Federal de Santa Catarina *,BRA,Universities
743,Qilu University of Technology,CHN,Universities
744,Nanjing University of Information Science and Technology,CHN,Universities
745,Tel Aviv University,ISR,Universities
746,University of Athens,GRC,Universities
747,University of New Mexico *,USA,Universities
748,Universite Claude Bernard Lyon 1 *,FRA,Universities
749,Lviv Polytechnic National University,UKR,Universities
750,Institute of Systems Analysis Russian Academy of Sciences,RUS,Government
751,Naval Postgraduate School,USA,Universities
752,Instituto Politecnico Nacional,MEX,Universities
753,Syracuse University,USA,Universities
754,University of Babylon,IRQ,Universities
755,Hanoi University of Science and Technology,VNM,Universities
756,University of Ontario Institute of Technology,CAN,Universities
757,"Louisiana State University, Baton Rouge",USA,Universities
757,Vel Tech University,IND,Universities
759,Johannes Kepler Universitat Linz,AUT,Universities
760,Harbin University of Science and Technology,CHN,Universities
761,"Indian Institute of Engineering Science and Technology, Shibpur",IND,Universities
762,Maulana Azad National Institute of Technology,IND,Universities
762,Tokyo University of Agriculture and Technology,JPN,Universities
764,"Changchun Institute of Optics Fine Mechanics and Physics, Chinese Academy of Sciences",CHN,Government
765,KIIT University,IND,Universities
766,MIT World Peace University,IND,Universities
767,Consejo Nacional de Investigaciones Cientificas y Tecnicas *,ARG,Government
768,Universite Libre de Bruxelles,BEL,Universities
769,Chitkara Educational Trust *,IND,Universities
770,Nanjing Tech University,CHN,Universities
771,Dalhousie University *,CAN,Universities
772,Bristol Robotics Laboratory,GBR,Government
773,Kyushu Institute of Technology,JPN,Universities
774,Middle East Technical University,TUR,Universities
775,Universidad de Malaga *,ESP,Universities
776,University of West Bohemia,CZE,Universities
777,Suzhou University of Science and Technology,CHN,Universities
778,Washington University in Saint Louis *,USA,Universities
779,University of Western Sydney,AUS,Universities
780,Jamia Millia Islamia Central University,IND,Universities
781,Institut National Polytechnique de Toulouse *,FRA,Universities
782,Ben-Gurion University of the Negev *,ISR,Universities
783,Keio University *,JPN,Universities
784,Centro de Investigacion y de Estudios Avanzados del IPN *,MEX,Universities
785,Conservatoire National des Arts et Metiers *,FRA,Universities
785,State University - Higher School of Economics,RUS,Universities
787,National Kaohsiung University of Science and Technology,TWN,Universities
787,Ruhr-Universitat Bochum *,DEU,Universities
789,Aerospace Corp,USA,Companies
789,Universita degli Studi di Messina,ITA,Universities
791,K.N.Toosi University of Technology,IRN,Universities
792,Universidad Tecnologica Centroamericana,HND,Universities
793,Marmara University *,TUR,Universities
794,Universidade da Coruna,ESP,Universities
795,China Academy of Railway Sciences,CHN,Government
796,China Classification Society *,CHN,Non-Profit
797,University of Zilina,SVK,Universities
798,"Tata Group, India",IND,Companies
799,Universidade Federal de Uberlandia,BRA,Universities
800,Commissariat a l'Energie Atomique et aux Energies Alternatives *,FRA,Government
801,Ecole Centrale de Nantes *,FRA,Universities
801,Agency for Defense Development,KOR,Government
803,University of Dayton,USA,Universities
804,National Technical University - Kharkiv Polytechnic Institute,UKR,Universities
805,"New York University, Abu Dhabi",ARE,Universities
806,Shanghai University of Engineering Science,CHN,Universities
807,People's Government of Zhejiang Province *,CHN,Government
808,Yildiz Technical University,TUR,Universities
809,Institute of Science and Innovation in Mechanical and Industrial Engineering,PRT,Non-Profit
810,King Mongkut's Institute of Technology Ladkrabang,THA,Universities
811,Los Alamos National Laboratory *,USA,Government
812,Naval University of Engineering,CHN,Universities
812,"Centre de Recherche en Informatique, Signal et Automatique de Lille",FRA,Government
812,Xi'an University of Architecture and Technology,CHN,Universities
815,Motilal Nehru National Institute of Technology,IND,Universities
816,Pukyong National University,KOR,Universities
817,"Northrop Grumman Corp, USA",USA,Companies
818,Chengdu University of Technology,CHN,Universities
818,Babol Noshirvani University of Technology,IRN,Universities
818,Shaanxi University of Science and Technology,CHN,Universities
821,Politehnica University of Bucharest,ROU,Universities
822,Bandung Institute of Technology,IDN,Universities
823,Beijing Normal University *,CHN,Universities
824,Saint Petersburg State University,RUS,Universities
825,University of Manitoba,CAN,Universities
826,Sri Ramaswamy Memorial University,IND,Universities
827,Ecole Centrale de Lyon *,FRA,Universities
828,"University of Alabama, Huntsville",USA,Universities
829,Korea Aerospace University,KOR,Universities
830,Jordan University of Science and Technology,JOR,Universities
831,Guizhou University,CHN,Universities
832,Skolkovo Institute of Science and Technology,RUS,Universities
832,"Northwest University, Xi'an",CHN,Universities
834,"Institute of Microelectronics, Chinese Academy of Sciences",CHN,Government
835,University of Wyoming,USA,Universities
836,Southwest Research Institute,USA,Non-Profit
837,Macau University of Science and Technology,MAC,Universities
838,Agenzia Spaziale Italiana,ITA,Government
839,Bauman Moscow State Technical University,RUS,Universities
840,"Raytheon Co, USA",USA,Companies
841,Xihua University,CHN,Universities
841,University of Windsor,CAN,Universities
843,Hanoi University of Civil Engineering,VNM,Universities
844,Foshan University,CHN,Universities
845,Gazi University,TUR,Universities
846,China Ship Development and Design Center,CHN,Government
847,University of Petroleum and Energy Studies,IND,Universities
848,Universidade Tecnologica Federal do Parana,BRA,Universities
848,Hubei University of Technology,CHN,Universities
850,Fraunhofer Institut fur Produktionstechnologie,DEU,Government
851,Aix-Marseille Universite *,FRA,Universities
852,"California Polytechnic State University, San Luis Obispo",USA,Universities
853,Sumy State University,UKR,Universities
853,Henan University of Science and Technology *,CHN,Universities
855,Ecole Polytechnique,FRA,Universities
856,Shiraz University of Technology,IRN,Universities
857,"Alibaba Group, China",CHN,Companies
858,PLA Rocket Force University of Engineering,CHN,Universities
859,Hyundai Motor Group *,MUL,Companies
860,China North Vehicle Research Institute,CHN,Government
861,China Gas Turbine Establishment,CHN,Companies
862,Universitat Paderborn,DEU,Universities
863,University Putra Malaysia,MYS,Universities
864,University of Belgrade,SRB,Universities
865,Banaras Hindu University,IND,Universities
866,Wuhan Institute of Technology,CHN,Universities
867,"State University of New York, Stony Brook *",USA,Universities
868,Gdansk University of Technology,POL,Universities
869,Yangzhou University,CHN,Universities
870,University of Tromso - The Arctic University of Norway,NOR,Universities
871,Chongqing University of Science and Technology,CHN,Universities
872,Wuhan University of Science and Technology,CHN,Universities
873,Universiti Teknologi MARA,MYS,Universities
874,Universite Polytechnique des Hauts-de-France *,FRA,Universities
875,Kalasalingam Academy of Research and Education,IND,Universities
876,Departamento de Ciencia e Tecnologia Aeroespacial,BRA,Government
877,Anhui University of Technology,CHN,Universities
878,Jadavpur University,IND,Universities
879,Moscow Power Engineering Institute - Technical University,RUS,Universities
880,Information Engineering University,CHN,Universities
881,"Indian Institute of Technology, Varanasi",IND,Universities
882,Zurich University of Applied Sciences,CHE,Universities
883,Guangdong University of Petrochemical Technology,CHN,Universities
883,Tecnologico Nacional de Mexico *,MEX,Government
885,Nanjing Institute of Technology,CHN,Universities
886,Oregon State University,USA,Universities
887,Korea Aerospace Research Institute,KOR,Government
888,Academy of Sciences of the Czech Republic *,CZE,Government
889,Florida Agricultural & Mechanical University *,USA,Universities
890,"National Institute of Technology, Tiruchirappalli",IND,Universities
891,Erciyes University,TUR,Universities
891,"University of Massachusetts, Lowell",USA,Universities
893,Sathyabama Institute of Science and Technology,IND,Universities
894,Samara University,RUS,Universities
895,AVIC Shenyang Aircraft Corporation,CHN,Government
896,Gadjah Mada University,IDN,Universities
896,"University of Malaysia, Pahang",MYS,Universities
898,"Junia, Grande Ecole d'Ingenieurs *",FRA,Universities
899,"University of Science, Malaysia *",MYS,Universities
900,National Academy of Sciences of Ukraine *,UKR,Government
901,Universite de Sfax *,TUN,Universities
902,Inner Mongolia University of Technology,CHN,Universities
903,Universita degli Studi della Basilicata,ITA,Universities
904,Hindustan Institute of Technology and Science,IND,Universities
905,Qian Xuesen Laboratory of Space Technology,CHN,Government
906,Pakistan Institute of Engineering and Applied Sciences,PAK,Universities
907,Jiangsu University of Science and Technology,CHN,Universities
907,Hebei University of Technology,CHN,Universities
907,National Institute of Technology Warangal,IND,Universities
910,"MITRE Corp, McLean",USA,Companies
911,"Institute of Optics and Electronics, Chinese Academy of Sciences",CHN,Government
912,Universite de Paris Cite *,FRA,Universities
913,Instituto Nacional de Tecnica Aeroespacial Esteban Terradas,ESP,Government
914,Kumaraguru College of Technology,IND,Universities
915,Pakistan Atomic Energy Commission *,PAK,Government
916,Peter the Great St Petersburg Polytechnic University,RUS,Universities
917,Guangxi University,CHN,Universities
918,Moscow Institute of Physics and Technology,RUS,Universities
918,China Aircraft Strength Research Institute,CHN,Companies
920,Sakarya University *,TUR,Universities
921,University of Guilan,IRN,Universities
922,National Institute of Technology Silchar,IND,Universities
923,Universita degli Studi di Brescia,ITA,Universities
924,Brandenburgische Technische Universitat Cottbus,DEU,Universities
925,Ecole Centrale Marseille *,FRA,Universities
926,International Islamic University Malaysia,MYS,Universities
927,Isfahan University of Technology,IRN,Universities
927,Shahrekord University,IRN,Universities
927,Hunan University of Science and Technology,CHN,Universities
930,CRRC Qingdao Sifang Co Ltd,CHN,Companies
931,National Institute of Technology Karnataka,IND,Universities
932,Zhejiang Lab,CHN,Government
933,"Thales Group France, S.A.",FRA,Companies
934,University of Tsukuba *,JPN,Universities
935,Taif University,SAU,Universities
936,Aero Engine Corporation of China,CHN,Government
937,Osaka University *,JPN,Universities
938,Universidade Federal do ABC,BRA,Universities
939,"Academy of Mathematics and Systems Science, Chinese Academy of Sciences",CHN,Government
940,National Research and Innovation Agency *,IDN,Government
941,National Aerospace University - Kharkiv Aviation Institute,UKR,Universities
942,Sepuluh Nopember Institute of Technology,IDN,Universities
943,Universite du Quebec en Trois-Rivieres,CAN,Universities
944,Bharath Institute of Higher Education and Research,IND,Universities
945,Shantou University *,CHN,Universities
945,Universidade Federal do Rio Grande,BRA,Universities
947,Gandhi Institute of Technology and Management,IND,Universities
948,GLA University,IND,Universities
949,Gyeongsang National University *,KOR,Universities
950,Feng Chia University,TWN,Universities
951,Tokyo University of Science,JPN,Universities
952,University of Tabriz,IRN,Universities
953,Universidade da Beira Interior,PRT,Universities
954,Anhui Jianzhu University,CHN,Universities
955,Umm Al-Qura University,SAU,Universities
956,"Technical University of Malaysia, Melaka",MYS,Universities
957,"Laboratoire d'Automatique, de Mecanique et d'Informatique Industrielles et Humaines",FRA,Government
957,Instituto Politecnico do Cavado e do Ave,PRT,Universities
957,"Xi'an Institute of Optics and Precision Mechanics, Chinese Academy of Sciences",CHN,Government
960,Shanxi University,CHN,Universities
961,National Institute of Technology Raipur,IND,Universities
962,Chonbuk National University *,KOR,Universities
963,Veer Surendra Sai University of Technology,IND,Universities
964,North Dakota State University,USA,Universities
965,"Institute of Metal Research, Chinese Academy of Sciences",CHN,Government
966,Beijing Institute of Aeronautical Materials,CHN,Companies
967,Laboratoire d'Acoustique de l'Universite du Maine,FRA,Government
968,Universita degli Studi di Palermo,ITA,Universities
969,Southern Ural State University,RUS,Universities
970,Visvesvaraya National Institute of Technology,IND,Universities
971,"Siemens AG, Germany",DEU,Companies
972,Mondragon Unibertsitatea,ESP,Universities
973,Hunan Normal University,CHN,Universities
973,University of Electro-Communications,JPN,Universities
975,Universite du Maine *,FRA,Universities
976,Universidad de Alcala *,ESP,Universities
977,Konkuk University *,KOR,Universities
978,Instituto Nacional de Pesquisas Espaciais,BRA,Government
979,HUTECH University of Technology,VNM,Universities
980,Indian Institute of Technology Bhubaneswar,IND,Universities
980,Dr BR Ambedkar National Institute of Technology,IND,Universities
982,Wichita State University,USA,Universities
983,University of Rijeka,HRV,Universities
984,Universidad Autonoma de Nuevo Leon *,MEX,Universities
985,Hunan University of Technology,CHN,Universities
986,University of Kufa,IRQ,Universities
987,Institute of Problems of Mechanical Engineering Russian Academy of Sciences,RUS,Government
988,Beijing Institute of Spacecraft Environment Engineering,CHN,Government
989,Ecole Nationale des Travaux Publics de l'Etat *,FRA,Universities
990,Central South University of Forestry and Technology,CHN,Universities
991,Keldysh Institute for Applied Mathematics Russian Academy of Sciences,RUS,Government
992,Aligarh Muslim University,IND,Universities
993,Phenikaa University,VNM,Universities
994,Pontificia Universidade Catolica do Rio de Janeiro,BRA,Universities
995,Nanchang Hangkong University,CHN,Universities
995,"University of Technology, Iraq",IRQ,Universities
997,National Institute of Technology Kurukshetra,IND,Universities
998,Ecole Militaire Polytechnique,DZA,Universities
999,Shenyang Jianzhu University,CHN,Universities
1000,Guangzhou Municipal People's Government  *,CHN,Government
1001,United States Naval Academy,USA,Universities
1001,Instituto Politecnico do Porto,PRT,Universities
1003,Saveetha Institute of Medical and Technical Sciences *,IND,Universities
1004,Ministerio de Defensa Madrid,ESP,Government
1005,Military Technical College,EGY,Universities
1006,Birla Institute of Technology,IND,Universities
1007,Mansoura University *,EGY,Universities
1008,"Hefei Institutes of Physical Sciences, Chinese Academy of Sciences",CHN,Government
1009,Shenyang University of Technology *,CHN,Universities
1010,Istituto di Astrofisica e Planetologia Spaziali,ITA,Government
1011,China Academy of Aerospace Aerodynamics,CHN,Government
1012,Bulgarian Academy of Sciences *,BGR,Government
1013,Vels Institute of Science Technology and Advanced Studies,IND,Universities
1013,Khristianovich Institute of Theoretical and Applied Mechanics Russian Academy of Sciences,RUS,Government
1015,Shandong University of Technology,CHN,Universities
1016,Tun Hussein Onn University of Malaysia,MYS,Universities
1017,Technical University of Cluj-Napoca,ROU,Universities
1018,Space Research Institute Russian Academy of Sciences,RUS,Government
1019,Sardar Vallabhbhai National Institute of Technology,IND,Universities
1020,Zanjan University,IRN,Universities
1021,South China Normal University,CHN,Universities
1022,Chungbuk National University,KOR,Universities
1023,VSB-Technical University of Ostrava,CZE,Universities
1024,Diponegoro University,IDN,Universities
1025,Chengdu University,CHN,Universities
1026,Mitsubishi Heavy Industries Ltd,MUL,Companies
1026,King Fahd University of Petroleum and Minerals,SAU,Universities
1028,"Shanghai Institute of Technical Physics, Chinese Academy of Sciences",CHN,Government
1029,"Arab Academy for Science, Technology and Maritime Transport",EGY,Universities
1030,"Jawaharlal Nehru Technological University, Hyderabad",IND,Universities
1031,Dokuz Eylul University *,TUR,Universities
1032,Universidad Politecnica de Cartagena *,ESP,Universities
1033,Kazan National Research Technical University named after AN Tupolev,RUS,Universities
1034,Uludag University,TUR,Universities
1035,"National Institute of Technology, Patna",IND,Universities
1036,Odessa National Polytechnic University,UKR,Universities
1037,Xi'an Modern Chemistry Research Institute,CHN,Government
1038,M. S. Ramaiah Institute of Technology,IND,Universities
1039,"Shanmugha Arts, Science, Technology and Research Academy",IND,Universities
1040,Ministry of Natural Resources,CHN,Government
1041,Shiraz University,IRN,Universities
1042,Telkom University,IDN,Universities
1043,Tiangong University,CHN,Universities
1044,Florida Atlantic University,USA,Universities
1045,Indian Institute of Technology Jodhpur,IND,Universities
1045,University of Kuala Lumpur,MYS,Universities
1047,Shahrood University of Technology,IRN,Universities
1048,China Earthquake Administration,CHN,Government
1049,A.Y. Ishlinsky Institute for Problems in Mechanics Russian Academy of Sciences,RUS,Government
1050,Southwest University of Science and Technology,CHN,Universities
1051,Space Applications Centre,IND,Government
1052,National Defense Academy of Japan,JPN,Universities
1053,Anhui Polytechnic University,CHN,Universities
1054,National Institute of Technology Calicut,IND,Universities
1055,Jiangxi University of Science and Technology,CHN,Universities
1056,PES University,IND,Universities
1057,Guilin University of Technology,CHN,Universities
1057,Guangdong Provincial Laboratory of Southern Marine Science and Engineering,CHN,Government
1059,Ho Chi Minh City University of Technology,VNM,Universities
1060,Shijiazhuang Tiedao University,CHN,Universities
1061,National Institute of Technology Jamshedpur,IND,Universities
1062,Universidade Federal do Para,BRA,Universities
1063,Guangdong Provincial Laboratory of Southern Marine Science and Engineering Zhuhai,CHN,Government
1064,"Indian Institute of Technology, Ropar",IND,Universities
1065,Adana Science and Technology University,TUR,Universities
1066,Prince Sattam Bin Abdulaziz University,SAU,Universities
1067,Academy of Scientific and Innovative Research,IND,Universities
1068,"Vietnam National University, Ho Chi Minh City",VNM,Universities
1069,National Taiwan University of Science and Technology,TWN,Universities
1070,Massachusetts General Hospital,USA,Health
1071,Graphic Era University,IND,Universities
1072,China Ordnance Industry Group,CHN,Government
1073,Ural Federal University,RUS,Universities
1074,Chongqing University of Technology,CHN,Universities
1075,Anhui University of Science and Technology *,CHN,Universities
1075,Universidade Federal de Sao Carlos,BRA,Universities
1077,Yasar University,TUR,Universities
1078,University of Danang,VNM,Universities
1079,"University of Malaysia, Perlis",MYS,Universities
1080,University of Lagos,NGA,Universities
1081,South Valley University *,EGY,Universities
1082,Institute of High Performance Computing,SGP,Government
1083,Xi'an Technological University,CHN,Universities
1084,Universite de Monastir,TUN,Universities
1085,Kazan Federal University,RUS,Universities
1086,Chandigarh University,IND,Universities
1087,Baker Hughes *,MUL,Companies
1088,Taiyuan University of Science and Technology,CHN,Universities
1089,Yokohama National University,JPN,Universities
1090,Indian Institute of Space Science and Technology,IND,Universities
1091,Kazan State Power Engineering University,RUS,Universities
1092,BMS College of Engineering,IND,Universities
1093,Karunya Institute of Technology and Sciences,IND,Universities
1094,Universidade Federal de Santa Maria,BRA,Universities
1095,University of Isfahan,IRN,Universities
1095,Tomas Bata University in Zlin,CZE,Universities
1097,Institute of Applied Physics and Computational Mathematics,CHN,Government
1098,Shahid Beheshti University,IRN,Universities
1099,Jiangsu Normal University,CHN,Universities
1100,Lanzhou Institute of Physics,CHN,Government
1101,Vikram Sarabhai Space Centre,IND,Government
1102,Le Quy Don Technical University,VNM,Universities
1103,Planetary Science Institute,USA,Non-Profit
1104,Ho Chi Minh City University of Technology And Education,VNM,Universities
1105,Henan University of Technology,CHN,Universities
1106, American University of the Middle East,KWT,Universities
1107,Lanzhou Jiaotong University,CHN,Universities
1108,Institute of Thermophysics Siberian Branch of the Russian Academy of Science,RUS,Government
1109,Xian Aerospace Propulsion Institute,CHN,Government
1110,Institute of Terrestrial Magnetism Ionosphere and Radiowave Propagation Russian Academy of Sciences,RUS,Government
1111,National Institute of Technology Durgapur,IND,Universities
1112,Shenyang Ligong University,CHN,Universities
1113,Dalian Jiaotong University,CHN,Universities
1114,China Astronaut Research and Training Center,CHN,Non-Profit
1115,Beijing Institute of Space Mechanics and Electricity,CHN,Government
1116,Changchun University of Science and Technology,CHN,Universities
1117,China Jiliang University,CHN,Universities
1118,Institute of Materials Research and Engineering,SGP,Government
1119,P N Lebedev Physics Institute Russian Academy of Sciences,RUS,Government
1120,National Aerospace Laboratories,IND,Government
1121,Gujarat Technological University,IND,Universities
1122,"Vietnam National University System, Ho Chi Minh City *",MUL,Universities
1123,Jain University,IND,Universities
1124,Novosibirsk State University,RUS,Universities
1125,National Research Nuclear University MEPhI,RUS,Universities
1126,"Saint Louis University, Saint Louis *",USA,Universities
1127,Maharishi Markandeshwar University *,IND,Universities
1128,Galgotias University,IND,Universities
1129,Dongguan University of Technology,CHN,Universities
1130,Alexandria University *,EGY,Universities
1131,Indira Gandhi Delhi Technical University for Women,IND,Universities
1132,Industrial University of Ho Chi Minh City,VNM,Universities
1132,Northeast Electric Power University,CHN,Universities
1134,"Mitsubishi Heavy Industries, Japan",JPN,Companies
1135,Bhabha Atomic Research Centre,IND,Government
1136,Physical Research Laboratory,IND,Government
1137,Institute of Biomedical Problems Russian Academy of Sciences,RUS,Government
1138,State Grid Zhejiang Electric Power Co,CHN,Companies
1139,Ningxia University,CHN,Universities
1140,Samara State Technical University,RUS,Universities
1141,Civil Aviation Flight University of China,CHN,Universities
1142,Liaocheng University *,CHN,Universities
1143,Volgograd State Technical University,RUS,Universities
1144,Renmin University of China,CHN,Universities
1145,St Petersburg State University of Aerospace Instrumentation,RUS,Universities
1146,Mohammad Ali Jinnah University,PAK,Universities
1147,Irkutsk State Technical University,RUS,Universities
1148,National Computer Network Emergency Response Technical Team,CHN,Non-Profit
1149,Vietnam Academy of Science and Technology *,VNM,Government
1150,Universite de Tunis El Manar *,TUN,Universities
1151,Liaoning Technical University,CHN,Universities
1152,Shahid Chamran University,IRN,Universities
1153,Malek-Ashtar University of Technology,IRN,Universities
1154,Hung Yen University of Technology and Education,VNM,Universities
1155,Indira Gandhi Centre for Atomic Research,IND,Government
1156,Nagaoka University of Technology,JPN,Universities
1157,North China University of Water Conservancy and Electric Power,CHN,Universities
1158,Shanghai Institute of Technology,CHN,Non-Profit
1159,Veermata Jijabai Technological Institute,IND,Universities
1160,Cochin University of Science and Technology,IND,Universities
1161,Shanghai Electric Group *,CHN,Companies
1162,Ningbo University of Technology,CHN,Universities
1163,Ufa University of Science and Technology,RUS,Universities
1164,Universite de Carthage *,TUN,Universities
1165,Moscow Polytechnic University,RUS,Universities
1166,Korea University of Science and Technology,KOR,Universities
1167,Ecole Nationale d'Ingenieurs de Tunis,TUN,Universities
1168,Perm National Research Polytechnic University,RUS,Universities
1169,Saveetha Engineering College,IND,Universities
1170,Universite de Sousse,TUN,Universities
1171,Galgotias Educational Institutions *,IND,Universities
1172,Hanoi University of Industry,VNM,Universities
1173,Universite de Tunis *,TUN,Universities
1174,China Ship Scientific Research Center,CHN,Government
1175,Ecole Nationale Superieure d'Ingenieurs de Tunis,TUN,Universities
1176,National Remote Sensing Centre,IND,Government
1177,Xiamen University of Technology,CHN,Universities
1178,Xian Shiyou University,CHN,Universities
1179,Wuhan Second Ship Design and Research Institute,CHN,Non-Profit
1180,Tianjin University of Technology and Education,CHN,Universities
1181,"Institute of Systems Engineering, Academy of Military Sciences of PLA",CHN,Government
1182,Sri Ramakrishna Engineering College,IND,Universities
1183,Homi Bhabha National Institute,IND,Universities
1184,"Yeshwantrao Chavan College of Engineering, Nagpur",IND,Universities
1185,Guangdong Academy of Sciences *,CHN,Government
