Global Rank,Institution,Country,Sector
1,Harvard University *,USA,Universities
2,Harvard Medical School,USA,Universities
3,Assistance Publique Hopitaux de Paris *,FRA,Health
4,University of Pennsylvania *,USA,Universities
5,"Northwestern University, Evanston *",USA,Universities
6,Mount Sinai Health System *,USA,Health
7,University of Miami *,USA,Universities
8,Northwestern Medicine,USA,Health
9,Icahn School of Medicine at Mount Sinai,USA,Universities
10,University of Miami Health System,USA,Health
11,Institut National de la Sante et de la Recherche Medicale *,FRA,Health
12,Massachusetts General Hospital,USA,Health
13,University of Pennsylvania Health System,USA,Health
14,"University of California, San Francisco *",USA,Universities
15,Copenhagen University Hospital,DNK,Health
16,Veterans Affairs Medical Centers *,USA,Health
17,Johns Hopkins University *,USA,Universities
18,University of Copenhagen,DNK,Universities
19,Brigham and Women's Hospital *,USA,Health
20,Yale University *,USA,Universities
21,University of Toronto,CAN,Universities
22,"University of California, San Diego *",USA,Universities
23,Charite - Universitatsmedizin Berlin *,DEU,Health
24,Johns Hopkins Medicine,USA,Health
25,New York University *,USA,Universities
26,The University of Manchester *,GBR,Universities
27,Universita degli Studi di Napoli Federico II,ITA,Universities
28,Yale University Health & Medicine,USA,Health
29,Stanford University *,USA,Universities
30,U.S. Department of Health & Human Services *,USA,Health
31,Tehran University of Medical Sciences *,IRN,Universities
32,"University of California, Los Angeles *",USA,Universities
33,Regeneron Pharmaceuticals Inc *,USA,Companies
34,University of Southern California *,USA,Universities
35,NYU Langone Health,USA,Health
36,Janssen,MUL,Companies
37,Universidade de Sao Paulo *,BRA,Universities
38,Cornell University *,USA,Universities
39,Universitat Hamburg *,DEU,Universities
40,Kings College London,GBR,Universities
41,Memorial Sloan-Kettering Cancer Center,USA,Health
42,Mayo Clinic *,USA,Health
43,Oregon Health & Science University *,USA,Universities
44,Stanford Medicine,USA,Health
45,Universita degli Studi di Milano,ITA,Universities
46,Johnson & Johnson *,MUL,Companies
47,Universite de Paris Cite *,FRA,Universities
48,Weill Cornell Medicine,USA,Universities
49,"University of California, Irvine *",USA,Universities
50,Universitatsklinikum Hamburg Eppendorf,DEU,Health
51,Guys & Saint Thomas NHS Foundation Trust,GBR,Health
52,George Washington University *,USA,Universities
53,Tel Aviv University,ISR,Universities
54,University of Washington *,USA,Universities
55,Chinese Academy of Medical Sciences and Peking Union Medical College *,CHN,Universities
56,Janssen Biotech Inc,USA,Companies
57,George Washington The School of Medicine & Health Sciences,USA,Health
58,UCLA Health System,USA,Health
59,Erasmus Medical Center,NLD,Health
60,Erasmus University Rotterdam *,NLD,Universities
61,University of Amsterdam *,NLD,Universities
62,Columbia University *,USA,Universities
63,Peking University *,CHN,Universities
64,National Institutes of Health,USA,Health
65,"University of Minnesota, Twin Cities *",USA,Universities
66,University of Sydney *,AUS,Universities
67,Brown University,USA,Universities
68,Chinese Academy of Sciences *,CHN,Government
69,Shanghai Jiao Tong University *,CHN,Universities
70,Vrije Universiteit Amsterdam *,NLD,Universities
71,University of Groningen *,NLD,Universities
72,Ludwig-Maximilians Universitat Munchen *,DEU,Universities
73,The Rockefeller University *,USA,Universities
74,Henry Ford Health System,USA,Health
75,Salford Royal Hospitals NHS Trust,GBR,Health
76,Emory University *,USA,Universities
77,University Medical Center Groningen,NLD,Health
78,Westfalische Wilhelms-Universitat Munster *,DEU,Universities
79,Universitatsklinikum Schleswig-Holstein,DEU,Health
80,"University of California, Davis *",USA,Universities
81,Sichuan University *,CHN,Universities
82,University of Southern California Health Sciences Campus,USA,Health
83,Fred Hutchinson Cancer Research Center *,USA,Health
84,Medizinische Universitat Wien,AUT,Universities
85,Radboud University Nijmegen Medical Centre,NLD,Health
85,Academisch Medisch Centrum,NLD,Health
87,"University of Michigan, Ann Arbor *",USA,Universities
88,Universitatsspital Zurich,CHE,Health
89,University of Texas Southwestern Medical Center ,USA,Universities
90,Wake Forest University *,USA,Universities
91,Peking University Health Science Center,CHN,Universities
92,Wake Forest University Baptist Medical Center,USA,Health
93,Central South University *,CHN,Universities
94,Washington University in Saint Louis *,USA,Universities
95,Duke University *,USA,Universities
95,UC Davis Health System,USA,Health
97,Universitat zu Lubeck,DEU,Universities
98,"University of Colorado, Denver *",USA,Universities
99,Eli Lilly *,MUL,Companies
100,Centre National de la Recherche Scientifique *,FRA,Government
101,Manchester Academic Health Science Centre,GBR,Health
102,Shahid Beheshti University of Medical Sciences and Health Services *,IRN,Universities
103,"Fondazione IRCCS Ospedale Maggiore Policlinico, Mangiagalli e Regina Elena",ITA,Health
104,University of New South Wales *,AUS,Universities
105,All India Institute of Medical Sciences,IND,Universities
106,Universidade Estadual Paulista Julio de Mesquita Filho,BRA,Universities
107,University of Athens,GRC,Universities
108,Sanofi *,MUL,Companies
109,Samsung Corp *,MUL,Companies
110,"University of North Carolina, Chapel Hill *",USA,Universities
111,Woodruff Health Sciences Center,USA,Health
112,"University of Colorado, Anschutz Medical Campus",USA,Universities
113,Universitatsklinikum Munster,DEU,Health
114,Cleveland Clinic *,USA,Health
115,Columbia University Irving Medical Center,USA,Health
116,Centre Mediterraneen de Medecine Moleculaire,FRA,Government
117,Postgraduate Institute of Medical Education and Research,IND,Universities
118,"Pfizer Inc, United States",USA,Companies
119,Universite Cote d’Azur *,FRA,Universities
120,Universitat Autonoma de Barcelona *,ESP,Universities
121,Universita Cattolica del Sacro Cuore,ITA,Universities
122,Thomas Jefferson University *,USA,Universities
123,University College London *,GBR,Universities
124,Fudan University *,CHN,Universities
125,Ruhr-Universitat Bochum *,DEU,Universities
126,Pfizer *,MUL,Companies
127,"University of Connecticut, Storrs *",USA,Universities
128,Pennsylvania State University *,USA,Universities
129,University of Texas M.D. Anderson Cancer Center ,USA,Health
130,Washington University Medical Center ,USA,Health
131,University of Melbourne *,AUS,Universities
132,Seoul National University *,KOR,Universities
133,Clalit Health Services *,ISR,Health
134,Duke Medicine,USA,Health
135,Universite Paris-Est Creteil *,FRA,Universities
136,Yonsei University *,KOR,Universities
136,Women's College Hospital,CAN,Health
138,Universita degli Studi di Roma La Sapienza,ITA,Universities
139,University of Arizona *,USA,Universities
140,L'Alma Mater Studiorum - Universita di Bologna,ITA,Universities
141,Universitat zu Koln,DEU,Universities
142,Fondazione Policlinico Universitario Agostino Gemelli IRCCS,ITA,Health
143,UC San Diego Health System,USA,Health
144,Northwell Health *,USA,Health
145,Centers for Disease Control and Prevention,USA,Health
146,SUNY Downstate Medical Center,USA,Universities
147,Centres de Recerca de Catalunya *,ESP,Non-Profit
148,University of Utah *,USA,Universities
149,University Medical Center Utrecht,NLD,Health
150,"Eli Lilly and Company, United States",USA,Companies
151,"Ohio State University, Columbus *",USA,Universities
152,AbbVie *,MUL,Companies
153,Utrecht University *,NLD,Universities
154,"Sanofi, United States",USA,Companies
155,Helmholtz Gemeinschaft *,DEU,Government
156,Wroclaw Medical University,POL,Universities
157,"University of Alabama, Birmingham *",USA,Universities
158,Universitat Zurich,CHE,Universities
159,University of Connecticut Health Center,USA,Universities
160,Rady Children's Hospital-San Diego,USA,Health
161,Centre Hospitalier Universitaire de Nantes *,FRA,Health
162,Centre Hospitalier Universitaire de Nice *,FRA,Health
163,Technische Universitat Munchen *,DEU,Universities
164,"AbbVie Inc, United States",USA,Companies
165,Case Western Reserve University,USA,Universities
166,Ministry of Education of the People's Republic of China,CHN,Government
167,Hospital Clinic de Barcelona,ESP,Health
168,University Hospital of Bern,CHE,Health
169,Philadelphia VA Medical Center,USA,Health
170,The University of Queensland *,AUS,Universities
171,Queen's University,CAN,Universities
172,West China Hospital,CHN,Health
173,"Rutgers, The State University of New Jersey",USA,Universities
174,"Saint Louis University, Saint Louis *",USA,Universities
175,Hofstra University *,USA,Universities
175,Donald and Barbara Zucker School of Medicine at Hofstra/Northwell,USA,Universities
177,University of Pittsburgh *,USA,Universities
178,Huazhong University of Science and Technology *,CHN,Universities
179,Institut Catala de la Salut Barcelona *,ESP,Health
180,Novartis *,MUL,Companies
181,Universitat Bern *,CHE,Universities
182,Sorbonne Universite *,FRA,Universities
183,Istituto Ortopedico Galeazzi,ITA,Health
184,The University of Sheffield,GBR,Universities
185,CareGroup Healthcare System *,USA,Health
186,Zealand University Hospital,DNK,Health
187,McGill University *,CAN,Universities
188,Universidade de Coimbra *,PRT,Universities
189,"Chang Gung Memorial Hospital, Taipei *",TWN,Health
190,"Agency for Science, Technology and Research Singapore *",SGP,Government
191,Aarhus University *,DNK,Universities
192,Skane University Hospital,SWE,Health
193,Klinikum Ludwig Maximilians Universitat Munchen,DEU,Health
194,Beth Israel Deaconess Medical Center,USA,Health
195,Cardiff University,GBR,Universities
196,Institut des Maladies Genetiques Imagine,FRA,Government
197,Baylor College of Medicine,USA,Universities
198,Lunds University,SWE,Universities
199,University of Nottingham *,GBR,Universities
200,Hospital Infantil Universitario Nino Jesus *,ESP,Health
201,The University of British Columbia,CAN,Universities
202,Xi'an Jiaotong University *,CHN,Universities
203,Universita degli Studi della Campania Luigi Vanvitelli,ITA,Universities
204,Hospital de la Santa Creu i Sant Pau *,ESP,Health
205,Medical College of Wisconsin,USA,Universities
206,Karolinska Institute,SWE,Universities
207,Tufts Medical Center,USA,Health
208,Universita degli Studi di Roma Tor Vergata,ITA,Universities
209,University of Western Ontario,CAN,Universities
210,Cairo University *,EGY,Universities
211,"Monash University, Melbourne *",AUS,Universities
212,Universita degli Studi di Torino,ITA,Universities
213,Medical Research Council,GBR,Health
214,Centre Hospitalier Universitaire de Bordeaux,FRA,Health
215,Universita degli Studi di Modena e Reggio Emilia,ITA,Universities
216,Johannes Gutenberg-Universitat Mainz *,DEU,Universities
217,"Novartis, Switzerland",CHE,Companies
218,Dalhousie University *,CAN,Universities
219,Zhejiang University *,CHN,Universities
220,University of Rochester *,USA,Universities
221,Canisius Wilhelmina Ziekenhuis,NLD,Health
222,Friedrich-Alexander-Universitat Erlangen-Nurnberg *,DEU,Universities
223,Medizinische Universitat Graz *,AUT,Universities
224,Imperial College London,GBR,Universities
225,Universitat Duisburg Essen *,DEU,Universities
226,Rheinische Friedrich-Wilhelms-Universitat Bonn *,DEU,Universities
227,Aristotle University of Thessaloniki,GRC,Universities
228,Centre Hospitalier Universitaire de Toulouse *,FRA,Health
229,Sunnybrook Health Sciences Centre,CAN,Health
229,Universitat de Barcelona *,ESP,Universities
231,Boston University *,USA,Universities
232,Hospital Universitario Ramon y Cajal *,ESP,Health
233,Centre Hospitalier Universitaire de Rouen,FRA,Health
234,University of Rochester Medical Center,USA,Health
235,Aarhus University Hospital,DNK,Health
236,Iran University of Medical Sciences *,IRN,Universities
237,University of Florida *,USA,Universities
238,Universita degli Studi di Firenze,ITA,Universities
239,Chang Gung University,TWN,Universities
240,Universita degli Studi di Verona,ITA,Universities
241,Medical University of Warsaw,POL,Universities
242,Universitatsklinikum Essen,DEU,Health
243,Public Health England,GBR,Health
244,Penn State Milton S. Hershey Medical Center,USA,Health
245,Southern Medical University *,CHN,Universities
246,NHS Tayside,GBR,Health
247,Universitatsmedizin der Johannes Gutenberg-Universitat Mainz,DEU,Health
248,Boston University Medical Campus ,USA,Health
249,Istituto Dermopatico Dell'Immacolata IRCCS,ITA,Health
250,Instituto de Salud Carlos III *,ESP,Health
251,University of Cincinnati *,USA,Universities
252,Istituti Fisioterapici Ospitalieri IRCCS *,ITA,Health
253,Hokkaido University *,JPN,Universities
254,University of Dundee,GBR,Universities
255,Ohio State University Wexner Medical Center,USA,Health
256,Nanyang Technological University *,SGP,Universities
257,London School of Hygiene and Tropical Medicine,GBR,Universities
258,South Eastern Sydney Local Health District *,AUS,Health
259,University Hospitals of Cleveland  *,USA,Health
260,Universite Paris-Nord 13 *,FRA,Universities
261,Universidade do Porto *,PRT,Universities
262,Helmholtz Zentrum Munchen Forschungszentrum fur Umwelt und Gesundheit,DEU,Government
263,Howard University Health Sciences,USA,Health
264,Universite Libre de Bruxelles,BEL,Universities
265,Wuhan Union Hospital,CHN,Health
266,Istituto Clinico Humanitas,ITA,Health
267,Arizona Health Sciences Center University of Arizona Tucson,USA,Health
268,Medical University of Lodz,POL,Universities
269,Catholic University of Korea *,KOR,Universities
270,"Queen Mary, University of London",GBR,Universities
271,National University of Singapore *,SGP,Universities
272,University of Health Sciences,TUR,Universities
273,Huashan Hospital,CHN,Health
274,Leiden University *,NLD,Universities
275,"University of Illinois, Chicago *",USA,Universities
275,Drexel University,USA,Universities
277,Tufts University,USA,Universities
278,Universita degli Studi di Padova,ITA,Universities
279,University of Debrecen,HUN,Universities
280,Universitatsklinikum Koln,DEU,Health
281,Xiangya Hospital Affiliated to Central South University,CHN,Health
282,University of Oxford *,GBR,Universities
283,Melanoma Institute Australia,AUS,Government
284,Howard University *,USA,Universities
285,Universitatsspital Basel *,CHE,Health
286,Sun Yat-Sen University *,CHN,Universities
287,Ann & Robert H Lurie Children s Hospital,USA,Health
288,University of Utah Health Care,USA,Health
289,University of Glasgow *,GBR,Universities
290,Universita degli Studi di Genova,ITA,Universities
291,Consejo Superior de Investigaciones Cientificas *,ESP,Government
292,Vanderbilt University *,USA,Universities
293,National Cancer Institute,USA,Health
294,"Universite Paul Sabatier, Toulouse III *",FRA,Universities
295,University of Ottawa,CAN,Universities
296,The Jikei University School of Medicine *,JPN,Universities
297,University of Minnesota Health and Medicine,USA,Universities
298,University College Dublin,IRL,Universities
299,Georgetown University *,USA,Universities
300,Universitatsklinikum Heidelberg,DEU,Health
301,"University of Texas, Austin",USA,Universities
302,University of Washington Medicine ,USA,Health
303,Christian-Albrechts-Universitat zu Kiel,DEU,Universities
304,Universita degli Studi Magna Graecia di Catanzaro,ITA,Universities
305,Universita degli Studi Guglielmo Marconi,ITA,Universities
306,Kyoto University *,JPN,Universities
307,Peking Union Medical College Hospital Beijing,CHN,Health
307,Dana Farber Cancer Institute ,USA,Health
307,University of Pittsburgh Medical Center  *,USA,Health
310,Humanitas University *,ITA,Universities
311,Albany Medical Center *,USA,Health
311,Sheba Medical Center,ISR,Health
313,King Saud University *,SAU,Universities
314,Leiden University Medical Center,NLD,Health
315,Karolinska University Hospital,SWE,Health
316,Zagazig University *,EGY,Universities
317,"Chang Gung Memorial Hospital, Taoyuan",TWN,Health
318,Hopital Erasme,BEL,Health
319,"Institut National de Recherche pour l'Agriculture, l'Alimentation et l'Environnement *",FRA,Government
320,Adnan Menderes University,TUR,Universities
321,Deutsches Krebsforschungszentrum,DEU,Government
322,Eastern Virginia Medical School,USA,Universities
323,National Heart Lung and Blood Institute,USA,Health
324,Universitat Heidelberg,DEU,Universities
325,University of Southern Denmark,DNK,Universities
326,Children's Hospital of Philadelphia,USA,Health
327,Albany Medical College,USA,Universities
328,University of Tokyo *,JPN,Universities
329,VA Palo Alto Health Care System,USA,Health
330,Universidad Autonoma de Madrid *,ESP,Universities
331,Hamad Medical Corp *,QAT,Health
332,Universitatsklinikum Gottingen,DEU,Health
333,Philipps-Universitat Marburg *,DEU,Universities
334,City of Hope,USA,Health
335,University Hospital Maastricht,NLD,Health
336,Ospedale Pediatrico Bambino Gesu,VAT,Health
337,"Weill Cornell Medicine, Qatar",QAT,Universities
338,Tel Aviv Sourasky Medical Center,ISR,Health
339,University College Cork *,IRL,Universities
340,Cardiff and Vale University Health Board,GBR,Health
341,Royal Prince Alfred Hospital ,AUS,Health
342,Universitatsklinikum Freiburg,DEU,Health
343,Vanderbilt University Medical Center,USA,Health
344,University of Tsukuba *,JPN,Universities
345,Universitatsklinikum Erlangen,DEU,Health
346,Centre Hospitalier Universitaire de Brest,FRA,Health
347,Mahidol University *,THA,Universities
348,Helsinki University Central Hospital,FIN,Health
349,Oslo University Hospital,NOR,Health
350,Montefiore Medical Center *,USA,Health
351,Centro Hospitalar Universitario de Santo Antonio,PRT,Health
352,Linkou Chang Gung Memorial Hospital,TWN,Health
353,Eberhard-Karls-Universitat Tubingen,DEU,Universities
354,Martin-Luther-Universitat Halle-Wittenberg *,DEU,Universities
355,Heinrich Heine Universitat Dusseldorf  *,DEU,Universities
356,Hopitaux Universitaires de Geneve,CHE,Health
357,University of Zagreb,HRV,Universities
358,Seoul National University Hospital *,KOR,Health
359,University of Pittsburgh Health Sciences,USA,Universities
360,Yonsei University Health System,KOR,Health
361,"University of Wisconsin, Madison *",USA,Universities
362,Odense University Hospital,DNK,Health
363,Rabin Medical Center,ISR,Health
364,"State University of New York, Buffalo",USA,Universities
365,Capital University of Medical Sciences *,CHN,Universities
366,Asan Medical Center Seoul *,KOR,Health
367,New York City Health and Hospitals Corp *,USA,Health
368,Universidade de Lisboa *,PRT,Universities
369,University of Michigan Health System,USA,Health
370,Medical University of South Carolina *,USA,Universities
371,Universidade Federal de Sao Paulo *,BRA,Universities
372,Tulane University *,USA,Universities
373,Statens Serum Institut,DNK,Health
373,St. Vincent's University Hospital,IRL,Health
375,Qatar University,QAT,Universities
376,Universita degli Studi di Trieste,ITA,Universities
377,Liverpool Hospital ,AUS,Health
378,Air Force Medical University *,CHN,Universities
379,Shandong University *,CHN,Universities
380,Keio University *,JPN,Universities
381,Tongji University *,CHN,Universities
382,Grupo Hospitalario Quironsalud *,MUL,Health
383,Jinan University *,CHN,Universities
384,Barts and the London NHS Trust,GBR,Health
385,National Cheng Kung University Hospital,TWN,Health
386,Aix-Marseille Universite *,FRA,Universities
387,Julius-Maximilians-Universitat Wurzburg *,DEU,Universities
388,Shiraz University of Medical Sciences *,IRN,Universities
389,Tohoku University *,JPN,Universities
390,"University of Texas, Health Science Center at Houston",USA,Universities
391,Catholic University of Leuven,BEL,Universities
392,National Taiwan University Hospital,TWN,Health
393,"China Medical University, Shenyang *",CHN,Universities
394,Royal Free London NHS Foundation Trust,GBR,Health
395,Hospices Civils de Lyon *,FRA,Health
396,Freie Universitat Berlin,DEU,Universities
397,Complexo Hospitalario Universitario de Vigo,ESP,Health
398,St George Hospital ,AUS,Health
399,Universite Paris-Saclay *,FRA,Universities
400,Leibniz Gemeinschaft *,DEU,Government
401,Trinity College Dublin *,IRL,Universities
402,Lake Erie College,USA,Universities
403,Korea University *,KOR,Universities
404,McGill University Health Centre,CAN,Health
405,Royal North Shore Hospital,AUS,Health
406,University of Ljubljana *,SVN,Universities
407,University Hospitals Birmingham NHS Foundation Trust,GBR,Health
408,Ghent University,BEL,Universities
409,Universidade Estadual de Campinas *,BRA,Universities
410,Pontificia Universidad Catolica de Chile *,CHL,Universities
411,University of Oslo,NOR,Universities
412,Universita degli Studi di Messina,ITA,Universities
413,Xijing Hospital,CHN,Health
414,Queensland University of Technology,AUS,Universities
415,Fondazione IRCCS San Raffaele del Monte Tabor,ITA,Health
416,University of Chicago *,USA,Universities
417,Hallym University *,KOR,Universities
418,"Newcastle University, Newcastle upon Tyne",GBR,Universities
419,Universita degli Studi del Molise,ITA,Universities
420,Queensland Institute of Medical Research,AUS,Health
421,Universidad Europea de Madrid *,ESP,Universities
422,University of Florida Health Science Center,USA,Health
423,Dartmouth College *,USA,Universities
424,Universita degli Studi di Catania,ITA,Universities
425,Otto-von-Guericke-Universitat Magdeburg *,DEU,Universities
425,University of Iowa *,USA,Universities
427,Universidad Complutense de Madrid *,ESP,Universities
428,Parc de Salut Mar de Barcelona *,ESP,Health
429,Ospedale Policlinico San Martino,ITA,Health
430,Universita degli Studi di Pisa,ITA,Universities
431,San Francisco VA Medical Center,USA,Health
432,Siriraj Hospital,THA,Health
433,University of Rzeszow,POL,Universities
434,Nagoya City University *,JPN,Universities
435,Medizinische Universitat Innsbruck *,AUT,Universities
436,Anhui Medical University *,CHN,Universities
437,Uppsala University,SWE,Universities
437,The General Hospital of the People's Liberation Army *,CHN,Health
439,Institut Curie,FRA,Health
440,Friedrich-Schiller-Universitat Jena *,DEU,Universities
441,"Grupo Hospitalario Quironsalud, Spain",ESP,Health
442,Hospital das Clinicas da Faculdade de Medicina da Universidade de Sao Paulo,BRA,Health
443,National Cheng Kung University,TWN,Universities
444,University of Alberta,CAN,Universities
445,Ramathibodi Hospital,THA,Health
446,Teikyo University *,JPN,Universities
447,Universidade Federal de Minas Gerais,BRA,Universities
448,Medical University of Gdansk,POL,Universities
449,University of Cincinnati Medical Center,USA,Health
450,Chongqing Medical University *,CHN,Universities
451,Universitatsklinikum Bonn,DEU,Health
452,Universitatsklinikum Jena,DEU,Health
453,Universita degli Studi di Perugia,ITA,Universities
454,Centro Hospitalar e Universitario de Coimbra,PRT,Health
455,Medizinische Hochschule Hannover,DEU,Universities
456,Universita Politecnica delle Marche,ITA,Universities
457,Hospital Universitario de La Princesa *,ESP,Health
458,German Cancer Consortium,DEU,Government
459,Technische Universitat Dresden *,DEU,Universities
460,"Razi Hospital, Tehran",IRN,Health
460,Chulalongkorn University,THA,Universities
462,Universita degli Studi di Siena,ITA,Universities
463,Alfred Health,AUS,Health
464,Universitat Witten-Herdecke,DEU,Universities
465,Universite Claude Bernard Lyon 1 *,FRA,Universities
466,Temple University *,USA,Universities
467,Azienda Ospedaliero Universitaria di Bologna - Policlinico di Sant'Orsola Malpighi,ITA,Health
468,Albert Einstein College of Medicine,USA,Universities
469,Wayne State University,USA,Universities
470,Loma Linda University *,USA,Universities
471,Linkoping University,SWE,Universities
472,University of Szeged,HUN,Universities
473,University of Belgrade,SRB,Universities
474,University of Oklahoma *,USA,Universities
475,Nippon Medical School *,JPN,Universities
476,Universite PSL *,FRA,Universities
477,Universitat de Valencia *,ESP,Universities
478,Universitatsklinikum Wurzburg,DEU,Health
479,Baylor Scott & White Health,USA,Health
480,Universitat Osnabruck,DEU,Universities
481,University College London Hospital NHS Trust,GBR,Health
482,Ain Shams University *,EGY,Universities
483,Johann Wolfgang Goethe-Universitat Frankfurt am Main *,DEU,Universities
484,Tsinghua University *,CHN,Universities
485,Taipei Medical University,TWN,Universities
486,Kumamoto University *,JPN,Universities
487,Westmead Hospital ,AUS,Health
488,Jilin University *,CHN,Universities
488,Institut Hospital del Mar d’Investigacions Mediques,ESP,Health
490,Ministry of Health *,TUR,Health
491,Tanta University,EGY,Universities
492,Hospital Universitario La Paz,ESP,Health
493,Universidad Autonoma de Nuevo Leon *,MEX,Universities
494,University Hospitals Leuven,BEL,Health
494,Universitatsklinikum Carl Gustav Carus Dresden,DEU,Health
496,Third Hospital Affiliated to Central South University,CHN,Health
497,Hacettepe University,TUR,Universities
498,University Hospital Antwerp,BEL,Health
499,"Kaiser Permanente, Oakland *",USA,Health
500,Wuhan University *,CHN,Universities
501,Kyushu University *,JPN,Universities
502,Ospedale Luigi Sacco,ITA,Health
503,Maastricht University,NLD,Universities
504,Albert-Ludwigs-Universitat Freiburg im Breisgau,DEU,Universities
505,National Health Commission of the People's Republic of China *,CHN,Health
506,Academic Center for Education Culture and Research *,IRN,Non-Profit
507,National Institute of Arthritis and Musculoskeletal and Skin Diseases,USA,Health
508,Georgetown University Medical Center,USA,Health
509,Children's Hospital Boston  *,USA,Health
510,Kaohsiung Medical University,TWN,Universities
511,Temple Health,USA,Health
512,Ohio University,USA,Universities
513,Great Ormond Street Hospital for Children NHS Trust,GBR,Health
514,Army Medical University *,CHN,Universities
515,McMaster University *,CAN,Universities
516,University Hospital Centre Zagreb,HRV,Health
517,West Virginia University *,USA,Universities
518,Universite Francois Rabelais de Tours *,FRA,Universities
519,National Health Laboratory Services,ZAF,Government
520,Ghent University Hospital,BEL,Health
521,Osaka University *,JPN,Universities
522,Universitat Regensburg *,DEU,Universities
523,University of Massachusetts Medical School,USA,Universities
524,University of Virginia *,USA,Universities
525,Universite de Geneve,CHE,Universities
526,University of Southampton,GBR,Universities
527,Consiglio Nazionale delle Ricerche *,ITA,Government
528,University of Calgary *,CAN,Universities
529,University of Louisville *,USA,Universities
530,Chung-Ang University *,KOR,Universities
531,Semmelweis University,HUN,Universities
532,Nottingham University Hospitals NHS Trust,GBR,Health
533,St Vincent's Hospital Melbourne,AUS,Health
534,Universita degli Studi di Cagliari,ITA,Universities
535,University Health Network *,CAN,Health
536,Nanjing Medical University *,CHN,Universities
537,National Yang Ming Chiao Tung University,TWN,Universities
538,Orebro Universitet,SWE,Universities
539,Second Xiangya Hospital Affiliated to Central South University,CHN,Health
540,University of Bristol *,GBR,Universities
541,University of Mississippi *,USA,Universities
541,Hospital for Sick Children,CAN,Health
543,Chung-Ho Memorial Hospital,TWN,Health
544,Lanzhou University *,CHN,Universities
545,Indiana University-Purdue University Indianapolis,USA,Universities
546,"University of California, Riverside",USA,Universities
547,Hospital Universitario Virgen de las Nieves,ESP,Health
548,Singapore General Hospital,SGP,Health
549,Emek Medical Center,ISR,Health
550,University of Cape Town,ZAF,Universities
551,H. Lee Moffitt Cancer Center and Research Institute,USA,Health
552,Cedars-Sinai Medical Center ,USA,Health
553,"Chang Gung Memorial Hospital, Kaohsiung",TWN,Health
554,Shandong Provincial Hospital,CHN,Health
555,Universita degli Studi di Brescia,ITA,Universities
556,Justus-Liebig-Universitat Giessen *,DEU,Universities
557,National Taiwan University,TWN,Universities
558,Universite Grenoble-Alpes *,FRA,Universities
559,Kochi University *,JPN,Universities
560,Iuliu Hatieganu University of Medicine and Pharmacy Cluj Napoca,ROU,Universities
561,Cliniques Universitaires Saint-Luc,BEL,Health
562,University of South Florida,USA,Universities
563,Universite de Bordeaux *,FRA,Universities
564,Manchester University NHS Foundation Trust,GBR,Health
565,"Chang Gung Memorial Hospital, Keelung",TWN,Health
566,Hospital Universitario La Fe *,ESP,Health
567,Universita degli Studi di Bari,ITA,Universities
568,Centre Hospitalier Universitaire de Montpellier *,FRA,Health
568,Nationwide Children's Hospital ,USA,Health
568,Laval University,CAN,Universities
571,Mount Sinai Hospital,USA,Health
572,IRCCS Istituto delle Scienze Neurologiche di Bologna,ITA,Health
573,Universita degli Studi di Milano-Bicocca,ITA,Universities
574,Instituto Ramon y Cajal de Investigacion Sanitaria,ESP,Health
575,Nanfang Hospital,CHN,Health
576,Central Michigan University,USA,Universities
577,University of Mississippi Medical Center,USA,Universities
578,Fiona Stanley Fremantle Hospitals Group *,AUS,Health
579,Hospital Universitario Dr Jose Eleuterio Gonzalez,MEX,Health
580,Kunming Medical University *,CHN,Universities
580,Ruijin Hospital,CHN,Health
582,University of Manitoba,CAN,Universities
583,Paracelsus Medizinische Privatuniversitat,AUT,Universities
584,Second Hospital of Xi'an Jiaotong University,CHN,Health
585,Universita degli Studi di Salerno,ITA,Universities
586,Universite Montpellier *,FRA,Universities
587,Hospital Universitari Germans Trias i Pujol,ESP,Health
588,Universitatsklinikum Frankfurt,DEU,Health
589,Medical University of Sofia *,BGR,Universities
590,Saint Louis University Care,USA,Health
591,Kyung Hee University *,KOR,Universities
592,Kobe University *,JPN,Universities
593,Universitatsklinikum Tubingen,DEU,Health
594,Mazandaran University of Medical Sciences,IRN,Universities
595,Chiba University *,JPN,Universities
596,Universita degli Studi di Parma,ITA,Universities
597,Fundacio de Recerca Clinic Barcelona-Institut d’Investigacions Biomediques August Pi i Sunyer,ESP,Health
598,Charles University *,CZE,Universities
599,Universidad de Granada *,ESP,Universities
600,First Affiliated Hospital of China Medical University,CHN,Health
601,Inonu University,TUR,Universities
602,Airlangga university,IDN,Universities
603,"University of Maryland, Baltimore",USA,Universities
604,Hallym University Medical Center,KOR,Health
604,"University of California, Irvine Healthcare",USA,Health
606,Hospital Universitari Vall d'Hebron,ESP,Health
607,University of KwaZulu-Natal *,ZAF,Universities
608,Centre Hospitalier Universitaire de Reims,FRA,Health
609,Nihon University *,JPN,Universities
610,Universidade Nove de Julho,BRA,Universities
611,"Soochow University, Suzhou *",CHN,Universities
612,Complejo Hospitalario Regional Reina Sofia,ESP,Health
612,The University of Hong Kong *,HKG,Universities
614,Poznan University of Medical Sciences,POL,Universities
615,Marmara University *,TUR,Universities
615,University of Wisconsin Health,USA,Health
617,Shanghai Ninth People's Hospital,CHN,Health
618,Fondazione IRCCS Istituto Neurologico Carlo Besta,ITA,Health
619,"China Medical University, Taichung *",TWN,Universities
620,Guangzhou Medical University *,CHN,Universities
621,University of Leeds,GBR,Universities
622,Anima Holding SA *,BRA,Companies
623,The First Affilliated Hospital of Kunming Medical College,CHN,Health
624,Nagoya University *,JPN,Universities
625,American University of Beirut *,LBN,Universities
626,Institut Catala de la Salut Metropolitana Nord,ESP,Health
627,Universita degli Studi Gabriele d'Annunzio di Chieti e Pescara,ITA,Universities
628,Medical University of Silesia,POL,Universities
629,Centre Hospitalier Universitaire Vaudois ,CHE,Health
630,Wan Fang Hospital,TWN,Health
631,Dartmouth-Hitchcock Health Care System,USA,Health
632,Al-Azhar University *,EGY,Universities
633,Universitat Internacional de Catalunya ,ESP,Universities
634,Virginia Commonwealth University *,USA,Universities
635,"State University of New York, Stony Brook *",USA,Universities
636,Juntendo University *,JPN,Universities
637,Centre Hospitalier Universitaire de Rennes,FRA,Health
638,Clinica Universidad de Navarra,ESP,Health
639,Ben-Gurion University of the Negev *,ISR,Universities
640,Beijing Technology and Business University,CHN,Universities
641,Tokyo Medical University *,JPN,Universities
642,Istanbul University *,TUR,Universities
643,Hospital General Universitario de Alicante *,ESP,Health
644,Universita Vita-Salute San Raffaele,ITA,Universities
645,Saitama Medical University *,JPN,Universities
646,MedStar Health *,USA,Health
647,Imperial College Healthcare NHS Trust,GBR,Health
648,Kings College Hospital NHS Foundation Trust,GBR,Health
649,Universidade Federal do Rio de Janeiro *,BRA,Universities
650,Kyungpook National University *,KOR,Universities
651,Newcastle upon Tyne Hospitals NHS Foundation Trust,GBR,Health
652,Universita degli Studi di Ferrara,ITA,Universities
653,Michigan State University,USA,Universities
654,University of Ulsan *,KOR,Universities
655,New York Institute of Technology *,USA,Universities
656,University of Johannesburg,ZAF,Universities
657,Shandong University Qilu Hospital,CHN,Health
658,Hospital General Universitario de Valencia,ESP,Health
658,Chelsea and Westminster Hospital NHS Foundation Trust,GBR,Health
660,Hamadan University of Medical Sciences,IRN,Universities
661,Universitat Leipzig *,DEU,Universities
662,Russian Academy of Sciences *,RUS,Government
663,Ljubljana University Medical Centre,SVN,Health
664,University of Gothenburg,SWE,Universities
665,Mansoura University *,EGY,Universities
666,Manipal University,IND,Universities
667,Taipei Veterans General Hospital,TWN,Health
668,Universidad de Navarra *,ESP,Universities
669,Samsung Medical Center Seoul,KOR,Health
670,Tabriz University of Medical Sciences,IRN,Universities
671,Kyoto Prefectural University of Medicine,JPN,Universities
671,Murdoch Children's Research Institute,AUS,Health
673,Fiona Stanley Hospital,AUS,Health
674,National Research Centre *,EGY,Government
675,Midwestern University,USA,Universities
676,The University of Western Australia,AUS,Universities
677,Universidade Federal do Parana,BRA,Universities
678,University of Helsinki,FIN,Universities
679,The Leeds Teaching Hospitals NHS Trust,GBR,Health
680,Gunma University *,JPN,Universities
681,Universidade Nova de Lisboa *,PRT,Universities
682,University of Occupational and Environmental Health,JPN,Universities
683,Cancer Research UK,GBR,Health
684,Universidade Federal da Bahia,BRA,Universities
685,Seattle Children's Hospital *,USA,Health
686,Oulu University Hospital,FIN,Health
687,Instituto de Investigacion Biosanitaria,ESP,Health
688,Loyola University of Chicago *,USA,Universities
689,University of Antwerp,BEL,Universities
690,Universita degli Studi di Udine,ITA,Universities
691,Vrije Universiteit Brussel,BEL,Universities
692,Hamamatsu University School of Medicine *,JPN,Universities
693,Hospital Universitario San Cecilio,ESP,Health
694,Centro Hospitalar de Lisboa Norte,PRT,Health
694,Necmettin Erbakan University,TUR,Universities
696,"University of Illinois, College of Medicine at Chicago",USA,Health
697,Nanjing University of Chinese Medicine *,CHN,Universities
698,Technion - Israel Institute of Technology *,ISR,Universities
699,New York Medical College,USA,Universities
700,University of South Florida System *,USA,Universities
701,St Petersburg Pavlov State Medical University,RUS,Universities
702,Medical University of Lublin,POL,Universities
703,Rush University *,USA,Universities
704,Hadassah University Medical Center *,ISR,Health
705,Griffith University,AUS,Universities
706,Jagiellonian University,POL,Universities
706,Kanazawa Medical University *,JPN,Universities
708,Seoul National University Boramae Hospital,KOR,Health
709,Florida Atlantic University,USA,Universities
710,Jichi Medical University *,JPN,Universities
711,Ankara Yildirim Beyazit University,TUR,Universities
712,Istanbul Medipol University *,TUR,Universities
713,Pasteur Network *,MUL,Health
714,Taipei Medical University Hospital,TWN,Health
715,Guru Tegh Bahadur Hospital,IND,Health
716,Polish Academy of Sciences *,POL,Government
717,Prince Sattam Bin Abdulaziz University,SAU,Universities
718,Spedali Civili di Brescia,ITA,Health
719,Fenway Institute,USA,Health
720,Tokyo Medical and Dental University,JPN,Universities
721,Zhengzhou University *,CHN,Universities
722,Hospital Universitario 12 de Octubre *,ESP,Health
723,St Georges Healthcare NHS Trust,GBR,Health
724,University of Huddersfield,GBR,Universities
725,University of Kansas *,USA,Universities
726,Azienda Sanitaria Ulss 6 Vicenza,ITA,Health
726,Hebrew University of Jerusalem,ISR,Universities
728,Kyorin University *,JPN,Universities
729,Universita degli Studi dell'Insubria,ITA,Universities
730,Hanyang University *,KOR,Universities
731,Universita degli Studi dell Aquila,ITA,Universities
731,Assistance Publique Hopitaux de Marseille *,FRA,Health
733,Vancouver Coastal Health,CAN,Health
734,Universidad de Buenos Aires *,ARG,Universities
735,University Hospitals Leicester NHS Trust,GBR,Health
736,I.M. Sechenov First Moscow State Medical University,RUS,Universities
737,University Hospital Brussels,BEL,Health
738,Seoul National University Bundang Hospital,KOR,Health
739,Norfolk and Norwich University Hospitals NHS Foundation Trust,GBR,Health
740,"Kaiser Permanente Medical Center, Los Angeles",USA,Health
741,Ege University,TUR,Universities
742,Akdeniz University,TUR,Universities
743,Azienda Usl di Reggio Emilia,ITA,Health
744,Hospital General Universitario Gregorio Maranon *,ESP,Health
745,Royal College of Surgeons *,IRL,Universities
746,Universidad de Chile *,CHL,Universities
746,Centre Hospitalier Regional Universitaire de Lille *,FRA,Health
748,Benha University *,EGY,Universities
749,Aalborg University *,DNK,Universities
750,The Ottawa Hospital  *,CAN,Health
751,Universidade Federal de Goias,BRA,Universities
752,University Hospital Vinohrady,CZE,Health
753,Universitatsklinikum Regensburg,DEU,Health
754,Fundacao Oswaldo Cruz *,BRA,Health
755,Princess Alexandra Hospital ,AUS,Health
756,Universidade do Estado do Rio de Janeiro *,BRA,Universities
757,Radboud University Nijmegen,NLD,Universities
758,USF Health,USA,Universities
759,Nicolaus Copernicus University,POL,Universities
760,China Medical University Hospital,TWN,Health
761,Cambridge University Hospitals NHS Foundation Trust,GBR,Health
762,University of Turku,FIN,Universities
763,Guangxi Medical University *,CHN,Universities
764,Tianjin Medical University *,CHN,Universities
765,Fujita Health University *,JPN,Universities
766,Universidad Miguel Hernandez *,ESP,Universities
767,Ehime University *,JPN,Universities
768,Xinjiang University,CHN,Universities
769,University of Birmingham,GBR,Universities
770,Centro de Investigacion Biomedica en Red de Enfermedades Raras,ESP,Health
771,University of Auckland,NZL,Universities
772,Koc University,TUR,Universities
773,Scripps Health,USA,Health
774,Rush University Medical Center,USA,Health
775,Loyola Medicine,USA,Health
776,Manipal Global Education Group *,MUL,Companies
777,Oxford University Hospitals NHS Trust,GBR,Health
778,First Affiliated Hospital of Soochow University,CHN,Health
779,Universite de Tunis El Manar *,TUN,Universities
780,Peter Maccallum Cancer Centre,AUS,Health
781,Fujian Medical University *,CHN,Universities
782,Humboldt-Universitat zu Berlin *,DEU,Universities
783,VCU Medical Center,USA,Health
784,Universite de Rennes 1 *,FRA,Universities
785,Shandong First Medical University *,CHN,Universities
786,University of Virginia Health System,USA,Health
787,Centre Hospitalier Universitaire de Quebec,CAN,Health
788,NHS Greater Glasgow and Clyde,GBR,Health
789,Imam Khomeini Hospital Complex,IRN,Health
790,First Affiliated Hospital of Anhui Medical University,CHN,Health
791,Universidad Nacional Autonoma de Mexico,MEX,Universities
792,Nanjing University *,CHN,Universities
792,St Michaels Hospital Toronto,CAN,Health
794,VA NY Harbor Healthcare System,USA,Health
795,Xiamen University *,CHN,Universities
795,Hospital Universitario Miguel Servet,ESP,Health
795,Sanming First Hospital Affiliated to Fujian Medical University,CHN,Health
798,Mae Fah Luang University,THA,Universities
799,Universita degli Studi di Pavia,ITA,Universities
800,National Defense Medical Center,TWN,Health
801,Konkuk University *,KOR,Universities
802,Istituto Auxologico Italiano IRCCS,ITA,Health
803,Osaka Metropolitan University *,JPN,Universities
804,University of Texas Health Science Center at San Antonio ,USA,Universities
805,Complejo Hospitalario Dr Negrin,ESP,Health
806,The First Affiliated Hospital of Zhejiang University,CHN,Health
807,Tri-Service General Hospital,TWN,Health
808,Universidade Federal do Ceara,BRA,Universities
809,Kurume University *,JPN,Universities
810,Universidad de Alcala *,ESP,Universities
810,Universidade Federal do Rio Grande do Sul,BRA,Universities
812,Centre Hospitalier Universitaire de Grenoble,FRA,Health
813,Ankara University,TUR,Universities
814,First Affiliated Southwest Hospital to Third Military Medical University,CHN,Health
815,MetroHealth System ,USA,Health
815,St Josef-Hospital,DEU,Health
817,Gangnam Severance Hospital,KOR,Health
818,Yonsei University Severance Hospital,KOR,Health
819,Cancer Council *,MUL,Non-Profit
820,Novo Nordisk *,MUL,Companies
820,University Hospital Southampton NHS Foundation Trust,GBR,Health
822,Northeast Ohio Medical University,USA,Universities
823,Shinshu University *,JPN,Universities
824,Hospital Universitario Fundacion Jimenez Diaz,ESP,Health
825,University of Arkansas for Medical Sciences,USA,Universities
826,Universidade Federal de Sao Carlos,BRA,Universities
827,Center for Disease Control and Prevention China,CHN,Health
828,University of Cambridge *,GBR,Universities
829,Hospital General de Mexico Dr Eduardo Liceaga,MEX,Health
830,Hiroshima University *,JPN,Universities
831,Washington Hospital Center,USA,Health
832,Kagoshima University *,JPN,Universities
833,University of Texas Medical Branch ,USA,Universities
834,University of Toledo *,USA,Universities
835,"University of Hawaii, Manoa *",USA,Universities
836,Universidade Federal de Ciencias da Saude de Porto Alegre,BRA,Universities
837,University of Chicago Medical Center ,USA,Health
838,Hospital del Mar,ESP,Health
839,Aalborg University Hospital,DNK,Health
840,Netherlands Cancer Institute - Antoni van Leeuwenhoek Hospital,NLD,Health
841,Santa Casa de Misericordia de Porto Alegre,BRA,Health
842,Generalitat Valenciana *,MUL,Government
843,The Christie NHS Trust,GBR,Health
843,Tan Tock Seng Hospital,SGP,Health
845,University of Iowa Health Care,USA,Health
846,Sungkyunkwan University,KOR,Universities
847,Minia University *,EGY,Universities
848,Clinica Alemana de Santiago,CHL,Health
849,Universite de Montreal,CAN,Universities
849,Universita degli Studi del Piemonte Orientale Amedeo Avogadro,ITA,Universities
851,Yokohama City University *,JPN,Universities
851,Universitatsklinikum Dusseldorf,DEU,Health
853,Memorial University of Newfoundland,CAN,Universities
854,China-Japan Friendship Hospital,CHN,Health
855,Kookmin University,KOR,Universities
856,Instituto Tecnologico y de Estudios Superiores de Monterrey *,MEX,Universities
857,Universitat d'Alacant *,ESP,Universities
858,Sahlgrenska University Hospital,SWE,Health
858,Complejo Asistencial Universitario de Salamanca,ESP,Health
860,Nantong University *,CHN,Universities
861,"Louisiana State University, Health Sciences Center *",USA,Universities
862,University College of Medical Sciences,IND,Universities
863,Sapporo Medical University *,JPN,Universities
864,Istanbul Medeniyet University,TUR,Universities
865,Augusta University *,USA,Universities
866,Montreal General Hospital,CAN,Health
867,University of Kansas Medical Center,USA,Health
868,Belfast Health and Social Care Trust,GBR,Health
869,"Islamic Azad University, Tehran Medical Sciences",IRN,Universities
870,Creighton University,USA,Universities
870,Chonnam National University,KOR,Universities
872,American University of Beirut Medical Center,LBN,Health
873,"Union Hospital, Tongji Medical College",CHN,Health
874,Sun Yat-sen University First Hospital,CHN,Health
875,Universita Campus Bio-Medico di Roma,ITA,Universities
875,University of Electronic Science and Technology of China *,CHN,Universities
877,Kandang Kerbau Women's and Children's Hospital,SGP,Health
878,Universitatsklinikum Leipzig,DEU,Health
878,Universidade Federal Fluminense,BRA,Universities
880,Nanchang University *,CHN,Universities
881,Alexandria University *,EGY,Universities
882,Mersin University,TUR,Universities
883,Chungnam National University,KOR,Universities
884,"Nova Southeastern University, Estados Unidos",USA,Universities
885,Universite de Lausanne,CHE,Universities
886,Fondazione Istituto Neurologico Casimiro Mondino IRCCS,ITA,Health
887,Tokyo Womens Medical University *,JPN,Universities
888,Mashhad University of Medical Sciences,IRN,Universities
889,Carol Davila University of Medicine and Pharmacy,ROU,Universities
890,Centro Hospitalar de Sao Joao,PRT,Health
891,Minneapolis VA Health Care System,USA,Health
892,Second Military Medical University *,CHN,Universities
893,Gazi University,TUR,Universities
893,Niigata University *,JPN,Universities
895,Wenzhou Medical University *,CHN,Universities
896,Isfahan University of Medical Sciences *,IRN,Universities
897,Stellenbosch University,ZAF,Universities
898,Universidad de Antioquia *,COL,Universities
899,Novo Nordisk A/S,DNK,Companies
900,University of Chinese Academy of Sciences,CHN,Universities
901,Inje University *,KOR,Universities
902,"Southeast University, Nanjing *",CHN,Universities
902,Shuang Ho Hospital,TWN,Health
904,"Sisters of Charity Hospital, Zagreb",HRV,Health
905,Xinhua Hospital,CHN,Health
906,Ministry of Public Health,THA,Health
907,Uniformed Services University of the Health Sciences,USA,Universities
908,Dongguk University *,KOR,Universities
909,Azienda Ospedaliera Sant Andrea,ITA,Health
910,Sun Yat-sen University Third Hospital,CHN,Health
911,Royal Children's Hospital Melbourne,AUS,Health
911,University of Indonesia,IDN,Universities
913,Royal Melbourne Hospital,AUS,Health
914,The University of Hull,GBR,Universities
915,Babol University of Medical Sciences,IRN,Universities
915,Hebei Medical University *,CHN,Universities
917,Chiang Mai University,THA,Universities
918,Hospital Universitario Infanta Leonor,ESP,Health
919,Centro Hospitalar de Lisboa Central,PRT,Health
920,Seoul St. Mary's Hospital,KOR,Health
921,University of Nebraska Medical Center,USA,Universities
922,Istituto Giannina Gaslini Ospedale Pediatrico IRCCS,ITA,Health
923,Monash Health *,AUS,Health
924,First Affiliated Hospital of Chongqing Medical University,CHN,Health
925,Kyungpook National University Hospital,KOR,Health
926,Istanbul University Cerrahpasa *,TUR,Universities
927,Rowan University,USA,Universities
928,The Chinese University of Hong Kong *,HKG,Universities
929,Centre Hospitalier Universitaire d'Angers,FRA,Health
930,National University Health System *,SGP,Health
931,Universidad de Zaragoza *,ESP,Universities
932,"Novartis Pharmaceuticals, United States",USA,Companies
933,Children's Hospital Fudan University,CHN,Health
934,Kermanshah University of Medical Sciences,IRN,Universities
935,Fundacion Instituto Valenciano de Oncologia,ESP,Health
936,Fukushima Medical University *,JPN,Universities
937,Uludag University,TUR,Universities
938,University of Warmia and Mazury,POL,Universities
939,Pusan National University,KOR,Universities
940,Hospital de Clinicas de Porto Alegre,BRA,Health
941,Dankook University,KOR,Universities
942,National Cancer Center,JPN,Health
943,Irmandade da Santa Casa de Misericordia de Sao Paulo,BRA,Health
944,Fondazione Don Carlo Gnocchi IRCCS,ITA,Health
945,Hospital Clinico Universitario Lozano Blesa,ESP,Health
946,The Second Affiliated Hospital of Zhejiang University,CHN,Health
947,Bar-Ilan University,ISR,Universities
948,Hospital Clinico Universitario de Valencia *,ESP,Health
949,Thammasat University,THA,Universities
950,First Affiliated Hospital of Zhengzhou University,CHN,Health
951,Dokkyo Medical University *,JPN,Universities
952,Centre Hospitalier Regional et Universitaire de Besancon,FRA,Health
953,"University of Missouri, Columbia *",USA,Universities
954,Second Affiliated Hospital of China Medical University-Sheng Jing Hospital,CHN,Health
955,Inje University Sanggye-Paik Hospital,KOR,Health
956,"Centro de Investigacion Biomedica en Red de Enfermedades Raras, Barcelona",ESP,Health
957,University of New Mexico *,USA,Universities
958,Faculdade de Medicina do ABC,BRA,Universities
959,Universitatsklinikum Mannheim,DEU,Health
960,Centre Hospitalier Universitaire de Saint-Etienne,FRA,Health
961,Afyonkarahisar Health Sciences University *,TUR,Universities
962,St Marianna University School of Medicine *,JPN,Universities
963,US Food and Drug Administration,USA,Government
964,Policlinico Tor Vergata,ITA,Health
965,Medical University of Kerman,IRN,Universities
966,Complejo Asistencial Universitario de Leon,ESP,Health
967,Universite de Strasbourg *,FRA,Universities
968,University of Malaya *,MYS,Universities
969,Fukuoka University *,JPN,Universities
970,Texas Children's Hospital ,USA,Health
971,Qingdao University *,CHN,Universities
972,Hospital Universitari de Bellvitge,ESP,Health
972,Korea University Medical Center,KOR,Health
974,University Hospitals Bristol NHS Foundation Trust,GBR,Health
975,Hospital Universitario Marques de Valdecilla,ESP,Health
976,Third Affiliated Daping Hospital to Third Military Medical University,CHN,Health
977,Menoufia University *,EGY,Universities
978,Maria Sklodowska-Curie Memorial Institute of Oncology,POL,Health
979,Complexo Hospitalario Universitario a Coruna,ESP,Health
980,Liverpool University Hospitals NHS Foundation Trust,GBR,Health
980,Bezmialem Vakif University,TUR,Universities
982,Geisinger Medical System,USA,Health
983,Suez Canal University *,EGY,Universities
984,Centre Hospitalier Universitaire Farhat Hached de Sousse,TUN,Health
985,Jawaharlal Institute of Postgraduate Medical Education and Research,IND,Universities
986,International University of Health and Welfare *,JPN,Universities
987,Mackay Memorial Hospital,TWN,Health
988,Complejo Hospitalario Universitario de Santiago,ESP,Health
989,Pusan National University Hospital,KOR,Health
990,Ministerio de Ciencia e Innovacion *,MUL,Government
991,University of Patras,GRC,Universities
992,Florida State University *,USA,Universities
993,Nagasaki University *,JPN,Universities
994,Instituto Nacional de Ciencias Medicas y Nutricion Salvador Zubiran,MEX,Health
994,Ajou University,KOR,Universities
996,Universidade de Santiago de Compostela *,ESP,Universities
997,Complejo Universitario de San Carlos *,ESP,Health
998,University of New Mexico Health Sciences Center,USA,Health
999,"Centro de Investigaciones Energeticas, Medioambientales y Tecnologicas",ESP,Government
1000,Yamaguchi University *,JPN,Universities
1001,Indian Council of Medical Research *,IND,Health
1002,Cincinnati Children's Hospital Medical Center,USA,Health
1003,First Affiliated Jiangsu Province Hospital with Nanjing Medical University,CHN,Health
1004,King Abdulaziz University *,SAU,Universities
1005,Universite de Lyon,FRA,Universities
1006,Institut Catala de la Salut Metropolitana Sud,ESP,Health
1007,Hirosaki University *,JPN,Universities
1008,Fondazione IRCCS Policlinico San Matteo ,ITA,Health
1009,Universite de Lille *,FRA,Universities
1010,The First Affiliated Hospital of Fujian Medical University,CHN,Health
1010,Baskent University *,TUR,Universities
1010,Texas Tech University Health Sciences Center,USA,Universities
1013,"Christian Medical College, Vellore",IND,Universities
1014,Tottori University *,JPN,Universities
1015,Generalitat Valenciana Alicante,ESP,Government
1015,Conselleria de Sanitat Universal i Salut Publica Alacant,ESP,Health
1017,"University of California, Berkeley *",USA,Universities
1018,"University of Missouri, Kansas City",USA,Universities
1019,Medical College and Hospital Kolkata,IND,Health
1020,Erciyes University,TUR,Universities
1021,University of Toledo Medical Center,USA,Health
1022,Dalian Medical University *,CHN,Universities
1023,Okayama University *,JPN,Universities
1024,Second Affiliated Hospital of Lanzhou University,CHN,Health
1025,Hopitaux Universitaires de Strasbourg,FRA,Health
1026,Nara Medical University *,JPN,Universities
1027,Srinakharinwirot University,THA,Universities
1028,Bahcesehir University *,TUR,Universities
1029,Lady Hardinge Medical College,IND,Health
1030,Complejo Hospitalario Virgen del Rocio,ESP,Health
1031,Ministry of Health and Population of Egypt,EGY,Health
1032,Ospedale Niguarda,ITA,Health
1033,Gadjah Mada University,IDN,Universities
1034,Istituto Neurologico Mediterraneo Neuromed IRCCS,ITA,Health
1035,Xinjiang Medical University *,CHN,Universities
1036,Acibadem University,TUR,Universities
1037,Te Whatu Ora Health New Zealand *,NZL,Health
1038,Klinikum Rechts der Isar der Technische Universitat Munchen,DEU,Health
1039,Armed Forces Medical College,IND,Universities
1040,Ministerio de Ciencia e Innovacion Madrid,ESP,Government
1041,Instituto de Investigacion Sanitaria y Biomedica de Alicante,ESP,Government
1042,Hospital Universitario Son Espases,ESP,Health
1043,St. Vincent's Hospital,KOR,Health
1044,U.S. Army *,USA,Government
1045,Asahikawa Medical University,JPN,Universities
1046,West Virginia University Health Sciences Center,USA,Health
1047,Universitat Rostock *,DEU,Universities
1048,Aja University of Medical Sciences,IRN,Universities
1049,A. M. Prokhorov General Physics Institute Russian Academy of Sciences,RUS,Government
1050,Azienda Ospedaliera Careggi,ITA,Health
1051,Universitatsklinikum Rostock,DEU,Health
1052,Complejo Hospitalario Virgen de La Victoria,ESP,Health
1053,Hospital Universitario Principe de Asturias,ESP,Health
1054,Universidade da Coruna,ESP,Universities
1055,The Children's Hospital of Chongqing Medical University,CHN,Health
1056,Kindai University *,JPN,Universities
1057,National Research Institute for Child Health and Development,JPN,Health
1058,Hospital General Dr Manuel Gea Gonzalez,MEX,Health
1059,OHSU Knight Cancer Institute,USA,Health
1060,Universidad Nacional de Colombia *,COL,Universities
1061,Portsmouth Hospitals NHS Trust,GBR,Health
1062,King Faisal Specialist Hospital and Research Centre ,SAU,Health
1063,University of Otago,NZL,Universities
1064,East Carolina University,USA,Universities
1065,RWJBarnabas Health *,USA,Health
1066,Universitat des Saarlandes *,DEU,Universities
1067,Universidad de Malaga *,ESP,Universities
1068,Universitatsklinikums Aachen,DEU,Health
1069,University of Sussex *,GBR,Universities
1070,Trakya University,TUR,Universities
1071,Sun Yat-sen University Second Hospital,CHN,Health
1072,Hospital Universitario Fundacion Alcorcon,ESP,Health
1073,Safdarjang Hospital,IND,Health
1074,Showa University *,JPN,Universities
1075,The Affiliated Hospital of Qingdao University Medical College,CHN,Health
1076,Harbor–UCLA Medical Center,USA,Health
1077,Azienda Ospedaliera San Gerardo Monza,ITA,Health
1078,Istituto Scientifico Romagnolo per lo Studio e la Cura dei Tumori,ITA,Health
1079,University of Toyama *,JPN,Universities
1080,Kawasaki Medical School *,JPN,Universities
1081,Tohoku Medical and Pharmaceutical University *,JPN,Universities
1082,First Affiliated Hospital of Xi'an Jiaotong University,CHN,Health
1083,Imam Abdulrahman Bin Faisal University *,SAU,Universities
1084,Southwest Medical University *,CHN,Universities
1084,Royal Brisbane and Women's Hospital *,AUS,Health
1086,First Hospital of Jilin University,CHN,Health
1087,First Affilated Hospital of Wenzhou Medical University,CHN,Health
1088,Robert Wood Johnson University Hospital at New Brunswick,USA,Health
1089,"Touro University, California",USA,Universities
1090,King Faisal University,SAU,Universities
1091,Pontificia Universidad Javeriana *,COL,Universities
1092,Affiliated Hospital of Southwest Medical University,CHN,Health
1093,Renji Hospital,CHN,Health
1094,Guilan University of Medical Sciences,IRN,Universities
1095,Hasanuddin University,IDN,Universities
1096,Houston Methodist,USA,Health
1097,Azienda Ospedaliera Universitaria Senese,ITA,Health
1098,Virginia Polytechnic Institute and State University *,USA,Universities
1099,Universidad del Desarrollo,CHL,Universities
1100,Indiana University-Bloomington,USA,Universities
1101,Schneider Children's Medical Center of Israel,ISR,Health
1102,Walter Reed National Military Medical Center,USA,Health
1103,Universite Saint-Joseph *,LBN,Universities
1104,Instituto de Investigacion e Innovacion Parc Tauli,ESP,Health
1105,Binzhou Medical University *,CHN,Universities
1106,King Saud bin Abdulaziz University for Health Sciences *,SAU,Universities
1107,Harbin Medical University *,CHN,Universities
1108,Shizuoka Cancer Center,JPN,Health
1109,Western University of Health Sciences,USA,Universities
1110,University General Hospital,CZE,Health
1111,University of Brighton *,GBR,Universities
1112,Changhai Hospital of Shanghai,CHN,Health
1113,Lomonosov  Moscow State University,RUS,Universities
1114,The University of Newcastle,AUS,Universities
1115,Lehigh Valley Health Network *,USA,Health
1116,University of Missouri Health Care ,USA,Health
1117,University of Baghdad,IRQ,Universities
1118,Peoples'Friendship University of Russia,RUS,Universities
1119,Incheon St. Mary's Hospital,KOR,Health
1120,Universidad de la Republica *,URY,Universities
1121,Hospital Quironsalud Barcelona,ESP,Health
1122,Jiangsu University *,CHN,Universities
1123,"Pfizer Inc, United Kingdom",GBR,Companies
1124,Pamukkale University,TUR,Universities
1125,Fayoum University *,EGY,Universities
1126,Centre Hospitalier Universitaire de Nancy,FRA,Health
1127,Centre Hospitalier Universitaire de Clermont-Ferrand,FRA,Health
1128,Shanghai Tenth People's Hospital,CHN,Health
1129,Instituto de Investigacion Hospital 12 de Octubre,ESP,Health
1130,Maharishi Markandeshwar University *,IND,Universities
1131,Pirogov Russian National Research Medical University,RUS,Universities
1132,Complexo Hospitalario Universitario de Pontevedra,ESP,Health
1133,General Hospital of Tianjin Medical University,CHN,Health
1134,University of Yamanashi *,JPN,Universities
1135,Complejo Hospitalario de Toledo,ESP,Health
1136,Center for Drug Evaluation & Research,USA,Government
1137,Russian Academy of Medical Sciences,RUS,Health
1137,Iwate Medical University *,JPN,Universities
1139,Kocaeli University *,TUR,Universities
1140,Amrita Institute for Medical Science and Research,IND,Health
1141,Maharishi Markandeshwar Institute of Medical Sciences and Research,IND,Health
1142,Osaka National Hospital,JPN,Health
1143,Philadelphia College of Osteopathic Medicine,USA,Universities
1144,Datta Meghe Institute of Higher Education and Research *,IND,Universities
1145,Zhejiang Chinese Medical University *,CHN,Universities
1146,Fattouma Bourguiba University Hospital,TUN,Health
1147,Beaumont Hospital,IRL,Health
1148,Azienda Ospedaliera di Parma,ITA,Health
1149,Universidade Federal de Juiz de Fora,BRA,Universities
1150,Universidad CES *,COL,Universities
1151,Universite du Quebec en Quebec *,CAN,Universities
1152,Hospital Universitario de Fuenlabrada,ESP,Health
1153,Princess Nourah bint Abdul Rahman University *,SAU,Universities
1154,Oakland University,USA,Universities
1155,Instituto Nacional de Pediatria,MEX,Health
1156,Mater Dei Hospital,MLT,Health
1157,Chung-Ang University Hospital,KOR,Health
1158,Heart of England NHS Foundation Trust,GBR,Health
1159,Second Affiliated Hospital & Yuying Children's Hospital of Wenzhou Medical University,CHN,Health
1160,Universitatsklinikum Graz,AUT,Health
1161,Hospital Universitario Puerta de Hierro Majadahonda *,ESP,Health
1162,Shiga University of Medical Science *,JPN,Universities
1163,Tokyo Womens Medical University Hospital,JPN,Health
1164,"University of Medicine and Pharmacy, Ho Chi Minh City",VNM,Universities
1164,Beijing Tiantan Hospital,CHN,Health
1166,Hospital Regional Universitario de Malaga,ESP,Health
1167,Zhongda Hospital,CHN,Health
1168,Instituto de Investigacion Biomedica de A Coruna,ESP,Health
1169,Kyung Hee University Medical Center,KOR,Health
1170,Hospital Universitario Doctor Peset,ESP,Health
1171,Baghdad Medical City,IRQ,Health
1172,King Abdullah International Medical Research Center,SAU,Health
1173,Universite de Monastir,TUN,Universities
1174,Second Clinical Hospital of Jilin University,CHN,Health
1175,Centre Hospitalier Ibn Sina Rabat *,MAR,Health
1176,Osaka International Cancer Institute,JPN,Health
1177,Centre Hospitalo Universitaire Hedi Chaker,TUN,Health
1178,Weifang Medical University,CHN,Universities
1179,Hospital Clinico Universidad de Chile Jose Joaquin Aguirre,CHL,Health
1180,Tokyo Metropolitan Komagome Hospital,JPN,Health
1181,Second Hospital of Shandong University,CHN,Health
1182,University Hospitals Plymouth NHS Trust,GBR,Health
1183,Second Affiliated Hospital Harbin Medical University,CHN,Health
1184,Hyogo Cancer Center,JPN,Government
1185,"King Abdulaziz Medical City, Riyadh",SAU,Health
1186,Instituto de Investigacion en Ciencias de la Salud Germans Trias i Pujol,ESP,Health
1187,Shanghai East Hospital,CHN,Health
