Global Rank,Institution,Country,Sector
1,Moorfields Eye Hospital NHS Trust,GBR,Health
2,Harvard University *,USA,Universities
3,Harvard Medical School,USA,Universities
4,Johns Hopkins University *,USA,Universities
5,Singapore National Eye Centre *,SGP,Health
6,University of Miami *,USA,Universities
7,"University of California, Los Angeles *",USA,Universities
8,University of Miami Health System,USA,Health
9,Johns Hopkins Medicine,USA,Health
10,Singapore Eye Research Institute,SGP,Health
11,Sun Yat-Sen University *,CHN,Universities
12,L. V. Prasad Eye Institute,IND,Health
13,National University of Singapore *,SGP,Universities
14,University College London *,GBR,Universities
15,Duke University *,USA,Universities
16,UCLA Health System,USA,Health
17,University of Melbourne *,AUS,Universities
18,All India Institute of Medical Sciences,IND,Universities
19,University of Sydney *,AUS,Universities
20,National Institutes of Health,USA,Health
21,Wills Eye Hospital,USA,Health
22,Stanford University *,USA,Universities
23,University of New South Wales *,AUS,Universities
24,Cleveland Clinic *,USA,Health
25,Shanghai Jiao Tong University *,CHN,Universities
26,Cedars-Sinai Medical Center ,USA,Health
27,Veterans Affairs Medical Centers *,USA,Health
28,U.S. Department of Health & Human Services *,USA,Health
29,Centre for Eye Research Australia,AUS,Health
30,"University of California, San Francisco *",USA,Universities
31,Royal Victorian Eye and Ear Hospital ,AUS,Health
32,Institut National de la Sante et de la Recherche Medicale *,FRA,Health
33,Capital University of Medical Sciences *,CHN,Universities
34,University of Toronto,CAN,Universities
35,Fudan University *,CHN,Universities
36,F Hoffmann-La Roche *,MUL,Companies
37,"University of Michigan, Ann Arbor *",USA,Universities
38,Oregon Health & Science University *,USA,Universities
39,National Eye Institute,USA,Health
40,Doheny Eye Institute,USA,Health
41,"University of California, San Diego *",USA,Universities
42,Columbia University *,USA,Universities
43,University of Southern California *,USA,Universities
44,Genentech Inc,USA,Companies
45,Mayo Clinic *,USA,Health
46,"Hoffmann-La Roche Ltd, United States",USA,Companies
47,Chinese Academy of Sciences *,CHN,Government
48,New York University *,USA,Universities
49,University of Washington *,USA,Universities
50,Duke Medicine,USA,Health
51,Tel Aviv University,ISR,Universities
52,University of Pennsylvania *,USA,Universities
53,"University of Illinois, Chicago *",USA,Universities
54,Assistance Publique Hopitaux de Paris *,FRA,Health
55,"Eye, Ear, Nose and Throat Hospital Fudan University",CHN,Health
56,Columbia University Irving Medical Center,USA,Health
57,Medizinische Universitat Wien,AUT,Universities
58,The Chinese University of Hong Kong *,HKG,Universities
59,Radboud University Nijmegen Medical Centre,NLD,Health
60,"University of Alabama, Birmingham *",USA,Universities
61,Centre National de la Recherche Scientifique *,FRA,Government
62,Centre de Recherche Bordeaux Population Health,FRA,Government
63,Novartis *,MUL,Companies
64,Rheinische Friedrich-Wilhelms-Universitat Bonn *,DEU,Universities
65,Massachusetts Eye and Ear Infirmary ,USA,Health
66,University of Utah *,USA,Universities
67,University of Auckland,NZL,Universities
68,University of Michigan Health System,USA,Health
69,NYU Langone Health,USA,Health
70,Queen's University Belfast,GBR,Universities
71,"University of Wisconsin, Madison *",USA,Universities
72,Universite de Bordeaux *,FRA,Universities
73,Erasmus University Rotterdam *,NLD,Universities
74,Erasmus Medical Center,NLD,Health
75,Mount Sinai Health System *,USA,Health
76,Stanford Medicine,USA,Health
77,University of Utah Health Care,USA,Health
78,Chinese Academy of Medical Sciences and Peking Union Medical College *,CHN,Universities
79,Samsung Corp *,MUL,Companies
80,University of Oxford *,GBR,Universities
81,Seoul National University *,KOR,Universities
82,Eberhard-Karls-Universitat Tubingen,DEU,Universities
83,University of Southern California Health Sciences Campus,USA,Health
84,"Northwestern University, Evanston *",USA,Universities
85,Max Planck Gesellschaft *,DEU,Government
86,University of Pennsylvania Health System,USA,Health
87,Leiden University *,NLD,Universities
88,Sorbonne Universite *,FRA,Universities
89,University of Houston,USA,Universities
90,Ospedale Luigi Sacco,ITA,Health
91,Fondazione IRCCS San Raffaele del Monte Tabor,ITA,Health
92,University of Pittsburgh *,USA,Universities
93,Tianjin Medical University *,CHN,Universities
94,Tufts University,USA,Universities
95,Leiden University Medical Center,NLD,Health
96,Universita degli Studi di Milano,ITA,Universities
97,"Newcastle University, Newcastle upon Tyne",GBR,Universities
98,University of Iowa *,USA,Universities
99,Tufts Medical Center,USA,Health
100,Radboud University Nijmegen,NLD,Universities
101,Universidade Federal de Sao Paulo *,BRA,Universities
102,Peking University *,CHN,Universities
103,University College Dublin,IRL,Universities
104,Universita degli Studi di Messina,ITA,Universities
105,Zhejiang University *,CHN,Universities
106,Copenhagen University Hospital,DNK,Health
107,Universita Vita-Salute San Raffaele,ITA,Universities
108,First People's Hospital Affiliated to Shanghai Jiao Tong University,CHN,Health
109,"University of California, Berkeley *",USA,Universities
110,Central South University *,CHN,Universities
111,Emory University *,USA,Universities
112,Wenzhou Medical University *,CHN,Universities
113,University of Amsterdam *,NLD,Universities
114,"University of Colorado, Denver *",USA,Universities
115,"Ohio State University, Columbus *",USA,Universities
116,Cornell University *,USA,Universities
117,Vrije Universiteit Amsterdam *,NLD,Universities
118,"University of California, Davis *",USA,Universities
119,University of Copenhagen,DNK,Universities
120,Case Western Reserve University,USA,Universities
121,Tianjin Eye Hospital,CHN,Health
121,Queensland University of Technology,AUS,Universities
123,University of North Texas Health Science Center,USA,Health
124,"University of California, Irvine *",USA,Universities
125,"Novartis, Switzerland",CHE,Companies
126,University Hospital Maastricht,NLD,Health
127,Peking University Health Science Center,CHN,Universities
128,Tan Tock Seng Hospital,SGP,Health
129,Shahid Beheshti University of Medical Sciences and Health Services *,IRN,Universities
130,Huazhong University of Science and Technology *,CHN,Universities
131,Medical Research Council,GBR,Health
132,Academisch Medisch Centrum,NLD,Health
133,Instituto Tecnologico y de Estudios Superiores de Monterrey *,MEX,Universities
134,Thomas Jefferson University *,USA,Universities
135,University Hospitals Bristol NHS Foundation Trust,GBR,Health
136,Tehran University of Medical Sciences *,IRN,Universities
137,Postgraduate Institute of Medical Education and Research,IND,Universities
138,The University of Western Australia,AUS,Universities
139,Maastricht University,NLD,Universities
140,South Eastern Sydney Local Health District *,AUS,Health
141,Baylor College of Medicine,USA,Universities
142,Clalit Health Services *,ISR,Health
143,Keio University *,JPN,Universities
144,University of Tokyo *,JPN,Universities
145,Universitat Heidelberg,DEU,Universities
146,Yale University *,USA,Universities
147,Newcastle upon Tyne Hospitals NHS Foundation Trust,GBR,Health
148,University Hospital of Bern,CHE,Health
149,Tokyo Medical and Dental University,JPN,Universities
150,Northwestern Medicine,USA,Health
151,"University of Minnesota, Twin Cities *",USA,Universities
152,"University of Colorado, Anschutz Medical Campus",USA,Universities
153,Oxford University Hospitals NHS Trust,GBR,Health
154,Yale University Health & Medicine,USA,Health
155,Liverpool University Hospitals NHS Foundation Trust,GBR,Health
156,Universidade de Sao Paulo *,BRA,Universities
157,Weill Cornell Medicine,USA,Universities
158,Vanderbilt University *,USA,Universities
159,Asan Medical Center Seoul *,KOR,Health
160,Woodruff Health Sciences Center,USA,Health
160,Tel Aviv Sourasky Medical Center,ISR,Health
162,University of Leeds,GBR,Universities
163,UC Davis Health System,USA,Health
164,Johnson & Johnson *,MUL,Companies
165,Massachusetts Institute of Technology *,USA,Universities
166,City Hospitals Sunderland NHS Foundation Trust,GBR,Health
167,Technological University Dublin,IRL,Universities
168,Second Xiangya Hospital Affiliated to Central South University,CHN,Health
169,University of Birmingham,GBR,Universities
170,Westfalische Wilhelms-Universitat Munster *,DEU,Universities
170,Icahn School of Medicine at Mount Sinai,USA,Universities
172,Bayer *,MUL,Companies
173,University of Waterloo *,CAN,Universities
174,Indiana University-Purdue University Indianapolis,USA,Universities
175,Centre Hospitalier Universitaire de Bordeaux,FRA,Health
176,Indiana University-Bloomington,USA,Universities
177,Seoul National University Hospital *,KOR,Health
178,University of Liverpool *,GBR,Universities
179,ZEISS Group *,MUL,Companies
180,Houston Methodist,USA,Health
181,Universitat Regensburg *,DEU,Universities
182,Guys & Saint Thomas NHS Foundation Trust,GBR,Health
183,Peking Union Medical College Hospital Beijing,CHN,Health
184,University of Bristol *,GBR,Universities
185,Yonsei University *,KOR,Universities
186,Manchester University NHS Foundation Trust,GBR,Health
187,Nanyang Technological University *,SGP,Universities
188,Centro Hospitalar e Universitario de Coimbra,PRT,Health
189,Universidad Complutense de Madrid *,ESP,Universities
190,Eastern Virginia Medical School,USA,Universities
191,Georgia Institute of Technology *,USA,Universities
192,Catholic University of Korea *,KOR,Universities
193,University of Health Sciences,TUR,Universities
194,Washington University in Saint Louis *,USA,Universities
195,Xi'an Jiaotong University *,CHN,Universities
196,University of Wisconsin Health,USA,Health
197,Universitat Hamburg *,DEU,Universities
198,The University of Manchester *,GBR,Universities
199,University of Pittsburgh Health Sciences,USA,Universities
200,University of Iowa Health Care,USA,Health
201,Universitat Bern *,CHE,Universities
202,"Fondazione IRCCS Ospedale Maggiore Policlinico, Mangiagalli e Regina Elena",ITA,Health
203,Aston University,GBR,Universities
204,Universitatsspital Basel *,CHE,Health
205,Kings College London,GBR,Universities
206,Tongji University *,CHN,Universities
207,Universitat Basel *,CHE,Universities
208,Washington University Medical Center ,USA,Health
209,University of Alberta,CAN,Universities
210,University College London Hospital NHS Trust,GBR,Health
211,Farabi Hospital,IRN,Health
212,Brigham and Women's Hospital *,USA,Health
213,Cambridge University Hospitals NHS Foundation Trust,GBR,Health
214,Linkoping University,SWE,Universities
215,Institut de la Vision,FRA,Government
216,Tohoku University *,JPN,Universities
217,Imperial College London,GBR,Universities
218,Instituto de Salud Carlos III *,ESP,Health
219,Miami VA Healthcare System,USA,Health
220,University of Canberra,AUS,Universities
221,University of South Florida,USA,Universities
222,National Health Commission of the People's Republic of China *,CHN,Health
223,University of Cambridge *,GBR,Universities
224,University of Southampton,GBR,Universities
225,Universita degli Studi di Roma Tor Vergata,ITA,Universities
226,Catholic University of Leuven,BEL,Universities
227,Universite de Paris Cite *,FRA,Universities
228,Sunnybrook Health Sciences Centre,CAN,Health
229,Jilin University *,CHN,Universities
230,Wuhan Union Hospital,CHN,Health
231,Universitatsklinikum Hamburg Eppendorf,DEU,Health
232,Johannes Gutenberg-Universitat Mainz *,DEU,Universities
233,University of Nottingham *,GBR,Universities
234,McGill University *,CAN,Universities
235,University of Ulsan *,KOR,Universities
236,Karolinska Institute,SWE,Universities
237,Hong Kong Polytechnic University,HKG,Universities
238,Universidade de Coimbra *,PRT,Universities
239,Cardiff University,GBR,Universities
240,Universita degli Studi Gabriele d'Annunzio di Chieti e Pescara,ITA,Universities
241,Institute of Molecular and Clinical Ophthalmology Basel,CHE,Government
242,University of the Ryukyus *,JPN,Universities
243,London School of Hygiene and Tropical Medicine,GBR,Universities
244,Yonsei University Health System,KOR,Health
245,Renmin Hospital of Wuhan University,CHN,Health
246,"Bayer AG, Germany",DEU,Companies
247,Ludwig-Maximilians Universitat Munchen *,DEU,Universities
248,Pontificia Universidad Catolica de Chile *,CHL,Universities
249,Flinders University,AUS,Universities
250,Universitat zu Koln,DEU,Universities
250,University of Texas Southwestern Medical Center ,USA,Universities
252,University of Rochester *,USA,Universities
253,University of Durham,GBR,Universities
254,University Medical Center Utrecht,NLD,Health
255,BeiHang University *,CHN,Universities
256,Universidad del Pais Vasco *,ESP,Universities
257,University of Florida *,USA,Universities
258,Universita degli Studi di Catania,ITA,Universities
259,Qingdao University *,CHN,Universities
260,Nottingham University Hospitals NHS Trust,GBR,Health
261,Children's Hospital of Philadelphia,USA,Health
262,"Rutgers, The State University of New Jersey",USA,Universities
263,Friedrich-Alexander-Universitat Erlangen-Nurnberg *,DEU,Universities
264,Children's Hospital Boston  *,USA,Health
265,University of Cincinnati *,USA,Universities
266,Universidad de Buenos Aires *,ARG,Universities
267,The University of Hong Kong *,HKG,Universities
268,Sichuan University *,CHN,Universities
269,Kyoto Prefectural University of Medicine,JPN,Universities
270,St Michaels Hospital Toronto,CAN,Health
271,Universidad Miguel Hernandez *,ESP,Universities
272,Zhengzhou University *,CHN,Universities
273,Sir Charles Gairdner Hospital ,AUS,Health
274,Uppsala University,SWE,Universities
275,University Hospital Southampton NHS Foundation Trust,GBR,Health
275,San Francisco VA Medical Center,USA,Health
277,University of KwaZulu-Natal *,ZAF,Universities
278,University of Western Ontario,CAN,Universities
279,University of South Florida System *,USA,Universities
280,Centro Hospitalar de Sao Joao,PRT,Health
281,Oslo University Hospital,NOR,Health
282,Universitatsklinikum Koln,DEU,Health
283,Jinan University *,CHN,Universities
284,Kyoto University *,JPN,Universities
284,University of Pittsburgh Medical Center  *,USA,Health
286,Kings College Hospital NHS Foundation Trust,GBR,Health
287,Universitat Zurich,CHE,Universities
288,Helmholtz Gemeinschaft *,DEU,Government
289,Bradford Teaching Hospitals NHS Foundation Trust,GBR,Health
290,Universita degli Studi di Pavia,ITA,Universities
291,Universita degli Studi di Roma La Sapienza,ITA,Universities
292,Massachusetts General Hospital,USA,Health
293,"Centro de Investigacion Biomedica en Red en Bioingenieria, Biomateriales y Nanomedicina",ESP,Health
294,National University Health System *,SGP,Health
295,Seoul National University Bundang Hospital,KOR,Health
296,Istituto Clinico Humanitas,ITA,Health
296,Utrecht University *,NLD,Universities
298,Joslin Diabetes Center,USA,Health
299,University of Oklahoma *,USA,Universities
300,VA Greater Los Angeles Healthcare System,USA,Health
301,Cairo University *,EGY,Universities
302,Vanderbilt University Medical Center,USA,Health
303,Shaare Zedek Medical Center,ISR,Health
304,University of Arizona *,USA,Universities
305,Institut Catala de la Salut Barcelona *,ESP,Health
306,University of Rochester Medical Center,USA,Health
307,Universitatsmedizin der Johannes Gutenberg-Universitat Mainz,DEU,Health
308,Aarhus University *,DNK,Universities
309,The First Affiliated Hospital of Zhejiang University,CHN,Health
310,Universitatsklinikum Tubingen,DEU,Health
311,King Saud University *,SAU,Universities
312,Universidade do Minho,PRT,Universities
313,Universita degli Studi di Firenze,ITA,Universities
314,Helsinki University Central Hospital,FIN,Health
314,Centro Hospitalar de Lisboa Norte,PRT,Health
316,"Johnson & Johnson, United States",USA,Companies
317,Lunds University,SWE,Universities
318,Shanghai Ninth People's Hospital,CHN,Health
319,Russian Academy of Sciences *,RUS,Government
320,Universitat Leipzig *,DEU,Universities
321,Brown University,USA,Universities
322,"Novartis Pharmaceuticals, United States",USA,Companies
323,Aarhus University Hospital,DNK,Health
324,Boston University *,USA,Universities
325,New York Presbyterian Hospital,USA,Health
326,University of Tennessee Health Science Center,USA,Health
327,Great Ormond Street Hospital for Children NHS Trust,GBR,Health
328,University of Nevada-Reno,USA,Universities
329,USF Health,USA,Universities
330,The Affiliated Hospital of Qingdao University Medical College,CHN,Health
331,Wuhan University *,CHN,Universities
332,Grupo Hospitalario Quironsalud *,MUL,Health
333,"Prince of Wales Hospital, Hong Kong",HKG,Health
334,University of Helsinki,FIN,Universities
335,University Hospitals Leuven,BEL,Health
336,Complejo Universitario de San Carlos *,ESP,Health
337,Osaka University *,JPN,Universities
338,The University of British Columbia,CAN,Universities
339,The University of Edinburgh *,GBR,Universities
340,First Affiliated Hospital of Zhengzhou University,CHN,Health
341,University of Texas M.D. Anderson Cancer Center ,USA,Health
342,Sheffield Teaching Hospitals NHS Trust,GBR,Health
343,"Chang Gung Memorial Hospital, Taipei *",TWN,Health
344,Consejo Superior de Investigaciones Cientificas *,ESP,Government
345,Tampere University Hospital,FIN,Health
346,First Affiliated Hospital of Xi'an Jiaotong University,CHN,Health
347,University of Athens,GRC,Universities
348,"University of North Carolina, Chapel Hill *",USA,Universities
349,Universitat des Saarlandes *,DEU,Universities
350,Universidad Nacional Autonoma de Mexico,MEX,Universities
351,Samsung Medical Center Seoul,KOR,Health
352,Nanjing Medical University *,CHN,Universities
353,Universita degli Studi di Padova,ITA,Universities
354,Medizinische Universitat Graz *,AUT,Universities
355,Chongqing Medical University *,CHN,Universities
356,Universite Clermont-Auvergne,FRA,Universities
357,Air Force Medical University *,CHN,Universities
358,North Carolina State University,USA,Universities
359,University of Delhi *,IND,Universities
360,Augusta University *,USA,Universities
361,Tanta University,EGY,Universities
362,"University of Texas, Austin",USA,Universities
363,University of Ioannina,GRC,Universities
364,Trinity College Dublin *,IRL,Universities
365,Chang Gung University,TWN,Universities
366,Azienda Ospedaliero Universitaria di Bologna - Policlinico di Sant'Orsola Malpighi,ITA,Health
367,"Kaiser Permanente, Oakland *",USA,Health
368,"Grupo Hospitalario Quironsalud, Spain",ESP,Health
369,Iran University of Medical Sciences *,IRN,Universities
370,University of Virginia *,USA,Universities
371,Skane University Hospital,SWE,Health
372,"Union Hospital, Tongji Medical College",CHN,Health
373,Universite de Montreal,CAN,Universities
374,Huashan Hospital,CHN,Health
374,"State University of New York, Stony Brook *",USA,Universities
376,King Khaled Eye Specialist Hospital,SAU,Health
377,National Taiwan University,TWN,Universities
378,University Hospitals Birmingham NHS Foundation Trust,GBR,Health
378,University Medical Center Groningen,NLD,Health
380,Universitatsklinikum Heidelberg,DEU,Health
381,Istanbul University *,TUR,Universities
382,Universidade do Porto *,PRT,Universities
383,University of Washington Medicine ,USA,Health
384,NHS Lothian,GBR,Health
385,Mashhad University of Medical Sciences,IRN,Universities
386,Kyushu University *,JPN,Universities
387,The Second Affiliated Hospital of Zhejiang University,CHN,Health
388,University of Calgary *,CAN,Universities
389,Oakland University,USA,Universities
390,University of Groningen *,NLD,Universities
391,Northwell Health *,USA,Health
392,Tampere University,FIN,Universities
393,Universitatsspital Zurich,CHE,Health
394,"University of Maryland, Baltimore",USA,Universities
395,University of Oslo,NOR,Universities
396,Universite de Lausanne,CHE,Universities
397,Universitat de Valencia *,ESP,Universities
398,Russian Academy of Medical Sciences,RUS,Health
399,Sungkyunkwan University,KOR,Universities
400,Semmelweis University,HUN,Universities
401,University of Chicago *,USA,Universities
402,Sheba Medical Center,ISR,Health
403,Boston University Medical Campus ,USA,Health
404,Michigan State University,USA,Universities
405,Humanitas University *,ITA,Universities
406,Cleveland Clinic Abu Dhabi,ARE,Health
407,Universitat d'Alacant *,ESP,Universities
408,Hospital Universitario Miguel Servet,ESP,Health
409,Clinica Universidad de Navarra,ESP,Health
410,Children's Hospital Los Angeles ,USA,Health
411,Ohio State University Wexner Medical Center,USA,Health
412,Memorial Sloan-Kettering Cancer Center,USA,Health
413,National Taiwan University Hospital,TWN,Health
414,Universitatsklinikum des Saarlandes,DEU,Health
415,Centre Hospitalier Universitaire Dijon,FRA,Health
416,Hebrew University of Jerusalem,ISR,Universities
417,Odense University Hospital,DNK,Health
418,Universita degli Studi di Genova,ITA,Universities
419,University of Warmia and Mazury,POL,Universities
420,First Affiliated Hospital of Chongqing Medical University,CHN,Health
421,Anglia Ruskin University,GBR,Universities
422,Hospital Universitari Vall d'Hebron,ESP,Health
423,Kagoshima University *,JPN,Universities
424,Universitatsklinikum Freiburg,DEU,Health
425,Albert-Ludwigs-Universitat Freiburg im Breisgau,DEU,Universities
426,Universidade de Lisboa *,PRT,Universities
427,Universita Campus Bio-Medico di Roma,ITA,Universities
428,The University of Adelaide,AUS,Universities
429,Centre de Recherche des Cordeliers,FRA,Government
430,Universidad de Sevilla *,ESP,Universities
431,Universidad de Zaragoza *,ESP,Universities
432,Universitatsklinikum Bonn,DEU,Health
433,University of Ottawa,CAN,Universities
434,Pennsylvania State University *,USA,Universities
435,Hospital Universitario Puerta de Hierro Majadahonda *,ESP,Health
436,Hacettepe University,TUR,Universities
437,Belfast Health and Social Care Trust,GBR,Health
438,University of Texas Health Science Center at San Antonio ,USA,Universities
439,Universidad de Navarra *,ESP,Universities
440,West China Hospital,CHN,Health
441,Universitatsklinikum Leipzig,DEU,Health
442,Stavanger University Hospital,NOR,Health
443,"Shenzhen Peoples Hospital, 2nd Clinical Medical College of Jinan University",CHN,Health
444,Universidade Federal de Minas Gerais,BRA,Universities
445,Southern Medical University *,CHN,Universities
446,Alexandria University *,EGY,Universities
447,Charite - Universitatsmedizin Berlin *,DEU,Health
448,Maulana Azad Medical College,IND,Health
449,Rush University Medical Center,USA,Health
450,"University of California, Irvine Healthcare",USA,Health
451,University of Ulster,GBR,Universities
452,City University London,GBR,Universities
453,University of Chinese Academy of Sciences,CHN,Universities
454,Kunming Medical University *,CHN,Universities
455,University Hospital Antwerp,BEL,Health
456,Universitatsklinikum Munster,DEU,Health
456,Tokyo Womens Medical University *,JPN,Universities
458,University Hospitals Leicester NHS Trust,GBR,Health
459,Xijing Hospital,CHN,Health
460,Seoul St. Mary's Hospital,KOR,Health
461,University of Pecs,HUN,Universities
462,Hospices Civils de Lyon *,FRA,Health
463,Mater Misericordiae University Hospital,IRL,Health
464,Universitatsklinikum Regensburg,DEU,Health
465,Gazi University,TUR,Universities
466,"University of Hawaii, Manoa *",USA,Universities
467,Hospital Clinic de Barcelona,ESP,Health
468,Technische Universitat Dresden *,DEU,Universities
469,Universidad Europea de Madrid *,ESP,Universities
470,Medical University of Lublin,POL,Universities
471,Universidad de Oviedo *,ESP,Universities
472,University Health Network *,CAN,Health
473,University of Electronic Science and Technology of China *,CHN,Universities
474,Hospital for Sick Children,CAN,Health
475,Shanghai Tenth People's Hospital,CHN,Health
476,Heinrich Heine Universitat Dusseldorf  *,DEU,Universities
477,Medical College of Wisconsin,USA,Universities
478,Kyorin University *,JPN,Universities
479,"Institut National de Recherche pour l'Agriculture, l'Alimentation et l'Environnement *",FRA,Government
480,Aix-Marseille Universite *,FRA,Universities
481,Arizona Health Sciences Center University of Arizona Tucson,USA,Health
482,Dokuz Eylul University *,TUR,Universities
483,Universita degli Studi di Pisa,ITA,Universities
483,Seattle Children's Hospital *,USA,Health
485,Linkou Chang Gung Memorial Hospital,TWN,Health
486,"Soochow University, Suzhou *",CHN,Universities
487,Hospital Universitari de Bellvitge,ESP,Health
488,Shandong University *,CHN,Universities
489,Okayama University *,JPN,Universities
490,The Leeds Teaching Hospitals NHS Trust,GBR,Health
491,Rabin Medical Center,ISR,Health
491,Konyang University *,KOR,Universities
493,University of Science and Technology of China *,CHN,Universities
494,Imperial College Healthcare NHS Trust,GBR,Health
495,Ege University,TUR,Universities
496,Harbin Medical University *,CHN,Universities
496,Royal Free London NHS Foundation Trust,GBR,Health
498,University of Oklahoma Health Sciences Center,USA,Universities
499,National Yang Ming Chiao Tung University,TWN,Universities
500,Universita degli Studi di Napoli Federico II,ITA,Universities
501,"University of Illinois, College of Medicine at Chicago",USA,Health
502,The Royal Wolverhampton Hospitals NHS Trust,GBR,Health
503,Juntendo University *,JPN,Universities
504,Rush University *,USA,Universities
505,University of Southern Denmark,DNK,Universities
506,"Chang Gung Memorial Hospital, Taoyuan",TWN,Health
507,Toronto Western Hospital,CAN,Health
508,Universitatsklinikum Schleswig-Holstein,DEU,Health
509,Ramathibodi Hospital,THA,Health
510,University of Kentucky *,USA,Universities
511,Penn State Milton S. Hershey Medical Center,USA,Health
512,Inje University *,KOR,Universities
513,Mahidol University *,THA,Universities
514,Centre Hospitalier Universitaire de Clermont-Ferrand,FRA,Health
515,University of Ljubljana *,SVN,Universities
516,Xiamen University *,CHN,Universities
517,Royal Melbourne Hospital,AUS,Health
518,Institut Catala de la Salut Metropolitana Sud,ESP,Health
519,Te Whatu Ora Health New Zealand *,NZL,Health
520,West Virginia University *,USA,Universities
521,Australian National University,AUS,Universities
521,Sandwell and West Birmingham Hospitals NHS Trust,GBR,Health
523,Ministry of Education of the People's Republic of China,CHN,Government
524,University of Nebraska Medical Center,USA,Universities
525,Universita degli Studi di Siena,ITA,Universities
526,Wayne State University,USA,Universities
527,Hallym University *,KOR,Universities
528,World Health Organization *,MUL,Health
529,University of Kansas *,USA,Universities
530,Nanchang University *,CHN,Universities
531,Hallym University Medical Center,KOR,Health
532,"Monash University, Melbourne *",AUS,Universities
533,Hospital Clinico Universitario Lozano Blesa,ESP,Health
534,University of Bergen,NOR,Universities
535,Dalian Medical University *,CHN,Universities
536,Korea University *,KOR,Universities
537,California Pacific Medical Center,USA,Health
538,Koc University,TUR,Universities
539,"University of Missouri, Columbia *",USA,Universities
540,Ljubljana University Medical Centre,SVN,Health
541,Universitatsklinikum Jena,DEU,Health
542,Taipei Veterans General Hospital,TWN,Health
543,Justus-Liebig-Universitat Giessen *,DEU,Universities
544,Universita degli Studi di Torino,ITA,Universities
545,Chulalongkorn University,THA,Universities
546,Yokohama City University *,JPN,Universities
547,Second Clinical Hospital of Jilin University,CHN,Health
548,Hubei University of Medicine,CHN,Universities
549,University of Missouri Health Care ,USA,Health
550,Generalitat Valenciana *,MUL,Government
551,University of Leicester,GBR,Universities
552,Barts and the London NHS Trust,GBR,Health
553,"University of Texas, Health Science Center at Houston",USA,Universities
554,Chiang Mai University,THA,Universities
555,Institut Curie,FRA,Health
556,Garvan Institute of Medical Research,AUS,Health
557,King Chulalongkorn Memorial Hospital,THA,Health
558,Ankara University,TUR,Universities
559,Dalhousie University *,CAN,Universities
560,Montefiore Medical Center *,USA,Health
561,Universita Cattolica del Sacro Cuore,ITA,Universities
562,"China Medical University, Shenyang *",CHN,Universities
563,Universidad Politecnica de Madrid *,ESP,Universities
564,Wake Forest University Baptist Medical Center,USA,Health
565,Universite PSL *,FRA,Universities
566,Universita degli Studi Magna Graecia di Catanzaro,ITA,Universities
566,Boehringer Ingelheim *,MUL,Companies
568,Paracelsus Medizinische Privatuniversitat,AUT,Universities
569,The General Hospital of the People's Liberation Army *,CHN,Health
570,Brighton and Sussex University Hospitals NHS Trust,GBR,Health
571,Manchester Academic Health Science Centre,GBR,Health
572,Instituto de Investigacion Sanitaria Aragon,ESP,Health
572,Macquarie University *,AUS,Universities
574,American University of Beirut *,LBN,Universities
575,King Faisal University,SAU,Universities
576,Ministry of Health *,TUR,Health
577,Universitat Duisburg Essen *,DEU,Universities
578,"Universidad de Puerto Rico, Ciencias Medicas",PRI,Universities
579,Hiroshima University *,JPN,Universities
580,University of Patras,GRC,Universities
581,Shandong First Medical University *,CHN,Universities
582,Medizinische Universitat Innsbruck *,AUT,Universities
582,George Washington University *,USA,Universities
584,Ghent University Hospital,BEL,Health
585,First Affiliated Jiangsu Province Hospital with Nanjing Medical University,CHN,Health
586,Klinikum Ludwig Maximilians Universitat Munchen,DEU,Health
587,Kyung Hee University *,KOR,Universities
588,Universitatsklinikum Gottingen,DEU,Health
589,Te Whatu Ora Te Toka Tumai Auckland,NZL,Health
590,Nagoya University *,JPN,Universities
591,Universita degli Studi di Verona,ITA,Universities
592,Medical University of Silesia,POL,Universities
593,Friedrich-Schiller-Universitat Jena *,DEU,Universities
594,Klinikum Rechts der Isar der Technische Universitat Munchen,DEU,Health
595,Kyungpook National University *,KOR,Universities
596,Centres de Recerca de Catalunya *,ESP,Non-Profit
597,Ain Shams University *,EGY,Universities
598,"Materiaux, Ingenierie et Sciences",FRA,Government
599,Ankara Training and Research Hospital,TUR,Health
600,Johann Wolfgang Goethe-Universitat Frankfurt am Main *,DEU,Universities
601,Consiglio Nazionale delle Ricerche *,ITA,Government
601,Fujian Medical University *,CHN,Universities
603,Wake Forest University *,USA,Universities
604,Texas Tech University Health Sciences Center,USA,Universities
605,Medizinische Hochschule Hannover,DEU,Universities
606,Azienda Ospedaliera Careggi,ITA,Health
607,University of Antwerp,BEL,Universities
608,Universite Paris-Est Creteil *,FRA,Universities
609,University of Tasmania,AUS,Universities
610,Shantou University Medical College,CHN,Universities
611,Royal Perth Hospital ,AUS,Health
612,Meir Medical Center,ISR,Health
613,The University of Queensland *,AUS,Universities
614,Universidade Estadual de Campinas *,BRA,Universities
615,Universita degli Studi della Campania Luigi Vanvitelli,ITA,Universities
616,Tokyo Medical University *,JPN,Universities
617,Institut National des Sciences Appliquees de Lyon *,FRA,Universities
618,Charles University *,CZE,Universities
619,NHS Greater Glasgow and Clyde,GBR,Health
620,Universidad del Rosario *,COL,Universities
621,University of Bradford,GBR,Universities
622,Poznan University of Medical Sciences,POL,Universities
623,Anhui Medical University *,CHN,Universities
624,Siriraj Hospital,THA,Health
625,Glasgow Caledonian University,GBR,Universities
626,Dartmouth College *,USA,Universities
627,Aristotle University of Thessaloniki,GRC,Universities
628,"Government Medical College and Hospital, Chandigarh",IND,Health
629,Universidad de Puerto Rico *,PRI,Universities
630,Shinshu University *,JPN,Universities
631,The Jikei University School of Medicine *,JPN,Universities
632,McMaster University *,CAN,Universities
633,Grupo Vithas *,ESP,Health
634,Universita degli Studi di Perugia,ITA,Universities
635,Kitasato University *,JPN,Universities
636,Yonsei University Severance Hospital,KOR,Health
637,Xinhua Hospital,CHN,Health
638,Ghent University,BEL,Universities
639,Universidad de Valladolid *,ESP,Universities
640,Kocaeli University *,TUR,Universities
641,Hadassah University Medical Center *,ISR,Health
642,National Hospital Organization Tokyo Medical Center,JPN,Health
643,Universidade Federal do Rio de Janeiro *,BRA,Universities
644,Albert Einstein College of Medicine,USA,Universities
645,I.M. Sechenov First Moscow State Medical University,RUS,Universities
646,Conselleria de Sanitat Universal i Salut Publica Valencia,ESP,Health
647,First Affiliated Hospital of Anhui Medical University,CHN,Health
648,University of Kansas Medical Center,USA,Health
649,Fundacio per al Foment de la Investigacio Sanitaria i Biomedica,ESP,Non-Profit
649,Centro Superior de Investigacion en Salud Publica *,ESP,Health
649,Universita degli Studi di Milano-Bicocca,ITA,Universities
652,Universite Claude Bernard Lyon 1 *,FRA,Universities
653,Fondazione Policlinico Universitario Agostino Gemelli IRCCS,ITA,Health
654,Hospital Universitario Ramon y Cajal *,ESP,Health
655,University of Arkansas for Medical Sciences,USA,Universities
656,Kochi University *,JPN,Universities
657,Mie University *,JPN,Universities
658,Queen's University,CAN,Universities
659,Universita degli Studi di Cagliari,ITA,Universities
660,St. Vincent's Hospital,KOR,Health
661,Hospital Universitario La Fe *,ESP,Health
661,Kindai University *,JPN,Universities
663,Universita degli Studi di Ferrara,ITA,Universities
664,Army Medical University *,CHN,Universities
665,VA Palo Alto Health Care System,USA,Health
666,"Chang Gung Memorial Hospital, Keelung",TWN,Health
667,Henry Ford Health System,USA,Health
668,University of Gothenburg,SWE,Universities
669,Chung-Ang University *,KOR,Universities
670,"Saint Louis University, Saint Louis *",USA,Universities
671,Universidad Autonoma de Madrid *,ESP,Universities
672,Hokkaido University *,JPN,Universities
673,South China University of Technology,CHN,Universities
673,York University,CAN,Universities
675,Nantong University *,CHN,Universities
676,Flinders Medical Centre,AUS,Health
677,Ospedale Policlinico San Martino,ITA,Health
678,Technion - Israel Institute of Technology *,ISR,Universities
679,Hanyang University *,KOR,Universities
680,University of Florida Health Science Center,USA,Health
681,Chiba University *,JPN,Universities
682,Medical University of South Carolina *,USA,Universities
683,Gangnam Severance Hospital,KOR,Health
684,The Ottawa Hospital  *,CAN,Health
685,Universita degli Studi di Brescia,ITA,Universities
686,Instituto de Investigacion Sanitaria del Hospital Clinico San Carlos,ESP,Health
687,Westmead Hospital ,AUS,Health
688,Kangwon National University *,KOR,Universities
689,Philipps-Universitat Marburg *,DEU,Universities
690,Boehringer Ingelheim GmbH Germany,DEU,Companies
691,Hofstra University *,USA,Universities
692,Donald and Barbara Zucker School of Medicine at Hofstra/Northwell,USA,Universities
693,Baskent University *,TUR,Universities
694,SUNY Downstate Medical Center,USA,Universities
695,Manipal University,IND,Universities
696,Consejo Nacional de Investigaciones Cientificas y Tecnicas *,ARG,Government
697,Yeouido St Marys Hospital,KOR,Health
698,Imam Abdulrahman Bin Faisal University *,SAU,Universities
699,Chonbuk National University *,KOR,Universities
700,First Affiliated Hospital Harbin Medical University,CHN,Health
701,Hospital Universitario Fundacion Jimenez Diaz,ESP,Health
702,University of Cincinnati Medical Center,USA,Health
703,Fondazione IRCCS Policlinico San Matteo ,ITA,Health
704,Umberto I Policlinico di Roma,ITA,Health
705,L'Alma Mater Studiorum - Universita di Bologna,ITA,Universities
706,Hopitaux Universitaires de Strasbourg,FRA,Health
707,Hospital Universitario Rio Hortega,ESP,Health
708,Centro Hospitalar Universitario de Santo Antonio,PRT,Health
709,Shiraz University of Medical Sciences *,IRN,Universities
710,Technische Universitat Munchen *,DEU,Universities
711,Kobe University *,JPN,Universities
712,Taichung Veterans General Hospital,TWN,Health
713,Universitat Politecnica de Catalunya *,ESP,Universities
714,Fundacio de Recerca Clinic Barcelona-Institut d’Investigacions Biomediques August Pi i Sunyer,ESP,Health
715,University of Tsukuba *,JPN,Universities
716,Gyeongsang National University *,KOR,Universities
717,Banaras Hindu University,IND,Universities
718,Sahlgrenska University Hospital,SWE,Health
719,Universitat de Barcelona *,ESP,Universities
719,Oslo Metropolitan University,NOR,Universities
721,"World Health Organization, Switzerland",CHE,Health
722,University of York,GBR,Universities
723,Hospital Clinico Universitario de Valladolid,ESP,Health
724,Kirov Military Medical Academy,RUS,Universities
724,International University of Health and Welfare *,JPN,Universities
726,Universitat Autonoma de Barcelona *,ESP,Universities
727,St. Joseph's Healthcare Hamilton,CAN,Health
728,Universita degli Studi di Bari,ITA,Universities
729,University of Texas Medical Branch ,USA,Universities
730,Hospital das Clinicas da Faculdade de Medicina da Universidade de Sao Paulo,BRA,Health
731,Toho University *,JPN,Universities
732,Universite Paris-Saclay *,FRA,Universities
733,Universite de Geneve,CHE,Universities
734,Universidade Nova de Lisboa *,PRT,Universities
735,Minia University *,EGY,Universities
736,Benha University *,EGY,Universities
737,Shantou University *,CHN,Universities
738,Pusan National University Hospital,KOR,Health
739,Ben-Gurion University of the Negev *,ISR,Universities
740,King Hussein Cancer Center,JOR,Health
741,State University of New York Upstate Medical University *,USA,Universities
742,Kaohsiung Medical University,TWN,Universities
743,Jawaharlal Institute of Postgraduate Medical Education and Research,IND,Universities
744, Centre Hospitalier de l'Universite de Montreal,CAN,Health
745,Royal Adelaide Hospital ,AUS,Health
746,Mansoura University *,EGY,Universities
747,Laval University,CAN,Universities
748,Mid and South Essex NHS Foundation Trust,GBR,Health
748,China Medical University Hospital,TWN,Health
750,Selcuk University *,TUR,Universities
751,Fundacao Oswaldo Cruz *,BRA,Health
752,Centre Hospitalier Universitaire de Montpellier *,FRA,Health
753,University of Minnesota Health and Medicine,USA,Universities
754,Pusan National University,KOR,Universities
755,Princess Margaret Cancer Centre,CAN,Health
756,Marmara University *,TUR,Universities
757,"State University of New York, Buffalo",USA,Universities
758,Sohag University *,EGY,Universities
759,Kanazawa University *,JPN,Universities
760,Generalitat Valenciana Valencia,ESP,Government
760,Medical University of Bialystok,POL,Universities
762,Universite Grenoble-Alpes *,FRA,Universities
763,"Prince of Wales Hospital, Australia",AUS,Health
764,Saitama Medical University *,JPN,Universities
765,Nihon University *,JPN,Universities
766,Hospital de Cruces,ESP,Health
767,Manipal Global Education Group *,MUL,Companies
768,Universiti Teknologi MARA,MYS,Universities
769,Yeungnam University,KOR,Universities
770,Julius-Maximilians-Universitat Wurzburg *,DEU,Universities
771,First Affiliated Hospital of Nanchang University,CHN,Health
772,Medical University of Warsaw,POL,Universities
772,Steno Diabetes Center,DNK,Health
774,Universidad de Granada *,ESP,Universities
775,Universidade Federal do Estado do Rio de Janeiro,BRA,Universities
776,Universidade Estadual Paulista Julio de Mesquita Filho,BRA,Universities
777,Public Health Foundation of India *,IND,Health
778,University of Georgia,USA,Universities
779,Rambam Health Care Campus,ISR,Health
780,Cincinnati Children's Hospital Medical Center,USA,Health
781,University of Sussex *,GBR,Universities
782,Shamir Medical Center,ISR,Health
783,Korea University Medical Center,KOR,Health
784,Universite de Monastir,TUN,Universities
785,Universitatsklinikum Essen,DEU,Health
786,Dicle University *,TUR,Universities
787,Virginia Commonwealth University *,USA,Universities
788,Shandong University of Traditional Chinese Medicine *,CHN,Universities
789,"University of the Witwatersrand, Johannesburg",ZAF,Universities
790,King Saud bin Abdulaziz University for Health Sciences *,SAU,Universities
791,Pomeranian Medical University,POL,Universities
792,Hospital General Universitario de Valencia,ESP,Health
793,Fattouma Bourguiba University Hospital,TUN,Health
794,University of Indonesia,IDN,Universities
795,Jordan University of Science and Technology,JOR,Universities
796,Hyogo College of Medicine *,JPN,Universities
797,Universidad Autonoma de Bucaramanga,COL,Universities
798,Shimane University *,JPN,Universities
799,Deakin University *,AUS,Universities
800,Affiliated Hospital of Nantong University,CHN,Health
801,Ottawa Hospital Research Institute,CAN,Health
802,Assiut University *,EGY,Universities
803,"China Medical University, Taichung *",TWN,Universities
804,Riga Stradins University,LVA,Universities
805,Universitatsklinikum Carl Gustav Carus Dresden,DEU,Health
806,Erciyes University,TUR,Universities
807,Teikyo University *,JPN,Universities
808,Alfred Health,AUS,Health
809,University of Johannesburg,ZAF,Universities
810,Universitatsklinikum Dusseldorf,DEU,Health
810,Loma Linda University *,USA,Universities
810,Universidade Federal de Goias,BRA,Universities
813,Kyung Hee University Medical Center,KOR,Health
814,Azienda Ospedaliera Sant Andrea,ITA,Health
815,Second Affiliated Hospital of Dalian Medical University ,CHN,Health
816,Cukurova University,TUR,Universities
817,Shandong University Qilu Hospital,CHN,Health
818,Albany Medical Center *,USA,Health
819,National University of Malaysia *,MYS,Universities
820,Freie Universitat Berlin,DEU,Universities
821,The Open University,GBR,Universities
822,Complejo Hospitalario Universitario de Santiago,ESP,Health
823,Centre Hospitalier Universitaire de Quebec,CAN,Health
824,Centre Hospitalier Universitaire de Grenoble,FRA,Health
825,King Abdullah International Medical Research Center,SAU,Health
826,Zhongshan Hospital,CHN,Health
827,Pirogov Russian National Research Medical University,RUS,Universities
828,Jichi Medical University *,JPN,Universities
829,Ann & Robert H Lurie Children s Hospital,USA,Health
830,Aichi Medical University *,JPN,Universities
831,Plymouth University,GBR,Universities
832,Universidad de Alcala *,ESP,Universities
833,Universidade de Santiago de Compostela *,ESP,Universities
834,Chung-Ho Memorial Hospital,TWN,Health
835,Center for Disease Control and Prevention China,CHN,Health
836,Sun Yat-sen University Second Hospital,CHN,Health
837,Centre Hospitalier Universitaire de Saint-Etienne,FRA,Health
838,Johannes Kepler Universitat Linz,AUT,Universities
839,General Hospital of Tianjin Medical University,CHN,Health
840,King Saud University Medical City,SAU,Health
841,Instituto Ramon y Cajal de Investigacion Sanitaria,ESP,Health
842,University of Hyderabad,IND,Universities
842,Instituto de Investigación Sanitaria Biocruces Bizkaia,ESP,Health
844,Medical University of Lodz,POL,Universities
845,Ernst-Moritz-Arndt-Universitat Greifswald *,DEU,Universities
846,Universite de Lille *,FRA,Universities
847,Uniformed Services University of the Health Sciences,USA,Universities
848,Drexel University,USA,Universities
849,Yamagata University *,JPN,Universities
850,Qassim University,SAU,Universities
851,Boston Medical Center ,USA,Health
852,"University of Science, Malaysia *",MYS,Universities
853,Irmandade da Santa Casa de Misericordia de Sao Paulo,BRA,Health
854,Orden Hospitalaria de San Juan de Dios *,ESP,Health
855,Isfahan University of Medical Sciences *,IRN,Universities
856,Universitat Ulm *,DEU,Universities
857,Armed Forces Medical College,IND,Universities
858,Kansai Medical University *,JPN,Universities
859,Hopitaux Universitaires de Geneve,CHE,Health
860,Tzu Chi University,TWN,Universities
860,Hospital Universitario Principe de Asturias,ESP,Health
862,"Suleyman Demirel University, Isparta",TUR,Universities
863,Universitatsklinikum Greifswald,DEU,Health
864,University of Malaya *,MYS,Universities
865,Universita Politecnica delle Marche,ITA,Universities
866,Siksha O Anusandhan University,IND,Universities
867,Chung Shan Medical University,TWN,Universities
868,University of Toyama *,JPN,Universities
869,National Cheng Kung University,TWN,Universities
870,Beth Israel Deaconess Medical Center,USA,Health
871,University of Manitoba,CAN,Universities
872,Uludag University,TUR,Universities
872,Universitatsklinikum Giessen und Marburg GmbH Standort Giessen,DEU,Health
874,Hospital Universitario La Paz,ESP,Health
875,Shanghai University of Traditional Chinese Medicine *,CHN,Universities
876,Midwestern University,USA,Universities
877,Shandong Provincial Hospital,CHN,Health
878,Hospital Universitario 12 de Octubre *,ESP,Health
879,Mississippi State University,USA,Universities
880,Universite Libre de Bruxelles,BEL,Universities
881,Russian Medical Academy of Continuous Professional Education,RUS,Health
882,Universidad Francisco de Vitoria *,ESP,Universities
883,Fourth Hospital of China Medical University,CHN,Health
884,Zagazig University *,EGY,Universities
885,University of Brighton *,GBR,Universities
886,Daegu Catholic University *,KOR,Universities
887,University of Cape Coast,GHA,Universities
887,"Texas A&M University, Health Science Center",USA,Universities
889,Tabriz University of Medical Sciences,IRN,Universities
890,The First Affiliated Hospital of Fujian Medical University,CHN,Health
891,Federal Medical Biological Agency *,RUS,Health
892,U.S. Army *,USA,Government
893,Universite de Tunis El Manar *,TUN,Universities
894,Hebei Medical University *,CHN,Universities
895,Martin-Luther-Universitat Halle-Wittenberg *,DEU,Universities
896,King Faisal Specialist Hospital and Research Centre ,SAU,Health
897,Sanming First Hospital Affiliated to Fujian Medical University,CHN,Health
898,Chengdu University of Traditional Chinese Medicine,CHN,Universities
899,Moscow State University of Medicine and Dentistry,RUS,Universities
900,Peoples'Friendship University of Russia,RUS,Universities
901,VCU Medical Center,USA,Health
902,New York Medical College,USA,Universities
902,First Affiliated Hospital of Soochow University,CHN,Health
904,Jeju National University *,KOR,Universities
905,Istanbul University Cerrahpasa *,TUR,Universities
906,Walter Reed National Military Medical Center,USA,Health
907,Mugla University,TUR,Universities
908,Belarusian State Medical University,BLR,Universities
909,Albany Medical College,USA,Universities
910,University of South Carolina *,USA,Universities
911,CareGroup Healthcare System *,USA,Health
912,Hospital Regional Universitario de Malaga,ESP,Health
913,Hitit University,TUR,Universities
914,Complejo Hospitalario Virgen del Rocio,ESP,Health
915,Zahedan University of Medical Sciences,IRN,Universities
916,Western Michigan University,USA,Universities
917,Gaziantep University *,TUR,Universities
918,Aichi Medical University Hospital,JPN,Health
919,Assistance Publique Hopitaux de Marseille *,FRA,Health
920,Shahroud University of Medical Sciences,IRN,Universities
921,Jeju National University Hospital,KOR,Health
922,Hospital Universitario Virgen de las Nieves,ESP,Health
923,Mazandaran University of Medical Sciences,IRN,Universities
924,Portsmouth Hospitals NHS Trust,GBR,Health
925,Ankara Ataturk Training and Research Hospital,TUR,Health
926,Ecole Normale Superieure Paris-Saclay *,FRA,Universities
927,St Vincent's Hospital Melbourne,AUS,Health
928,Research Centre for Medical Genetics,RUS,Health
