Global Rank,Institution,Country,Sector
1,Chinese Academy of Sciences *,CHN,Government
2,National Aeronautics and Space Administration *,USA,Government
3,Centre National de la Recherche Scientifique *,FRA,Government
4,Max Planck Gesellschaft *,DEU,Government
5,California Institute of Technology *,USA,Universities
6,Istituto Nazionale di Astrofisica *,ITA,Government
7,Google International LLC,MUL,Companies
8,Harvard University *,USA,Universities
9,"Google Inc, USA",USA,Companies
10,Alphabet Inc *,MUL,Companies
11,Smithsonian Institution *,USA,Government
12,Harvard-Smithsonian Center for Astrophysics,USA,Government
13,Jet Propulsion Laboratory,USA,Government
14,"National Astronomical Observatories, Chinese Academy of Science",CHN,Government
15,University of Chinese Academy of Sciences,CHN,Universities
16,Sorbonne Universite *,FRA,Universities
17,Helmholtz Gemeinschaft *,DEU,Government
18,NASA Goddard Space Flight Center,USA,Government
19,Consejo Superior de Investigaciones Cientificas *,ESP,Government
20,University of Arizona *,USA,Universities
21,Max Planck Institut fur Astronomie,DEU,Government
22,Met Office,GBR,Government
23,Universite PSL *,FRA,Universities
24,European Southern Observatory *,DEU,Government
25,University of Tokyo *,JPN,Universities
26,Massachusetts Institute of Technology *,USA,Universities
27,University of Cambridge *,GBR,Universities
28,"University of California, Berkeley *",USA,Universities
29,Russian Academy of Sciences *,RUS,Government
30,Observatoire de Paris,FRA,Government
31,Universite de Paris Cite *,FRA,Universities
32,Princeton University,USA,Universities
33,Leiden University *,NLD,Universities
34,"University of Colorado, Boulder *",USA,Universities
35,Taif University,SAU,Universities
36,Johns Hopkins University *,USA,Universities
37,Ministry of Education of the People's Republic of China,CHN,Government
38,Max Planck Institut fur Extraterrestrische Physik,DEU,Government
39,Istituto Nazionale di Fisica Nucleare *,ITA,Government
40,University of Washington *,USA,Universities
41,National Astronomical Observatory of Japan *,JPN,Government
42,Space Telescope Science Institute,USA,Government
43,Tsinghua University *,CHN,Universities
44,Ludwig-Maximilians Universitat Munchen *,DEU,Universities
45,Deutsches Zentrum fur Luft- und Raumfahrt,DEU,Government
46,European Space Agency *,MUL,Government
47,Queensland University of Technology,AUS,Universities
48,Technische Universitat Munchen *,DEU,Universities
49,Australian Research Council *,AUS,Government
50,"University of Michigan, Ann Arbor *",USA,Universities
51,Stanford University *,USA,Universities
52,China University of Petroleum,CHN,Universities
53,University of Chicago *,USA,Universities
54,Kavli Institute for Cosmology,GBR,Government
55,Commissariat a l'Energie Atomique et aux Energies Alternatives *,FRA,Government
56,NASA Goddard Institute for Space Studies,USA,Government
57,Max Planck Institut fur Astrophysik,DEU,Government
58,University of Oxford *,GBR,Universities
59,Universidad Nacional Autonoma de Mexico,MEX,Universities
60,Instituto de Astrofisica de Canarias *,ESP,Government
61,Pennsylvania State University *,USA,Universities
62,Kitami Institute of Technology,JPN,Universities
63,Simons Foundation,USA,Non-Profit
64,Institut Mediterrani d'Estudis Avancats,ESP,Government
65,University College London *,GBR,Universities
66,"University of Texas, Austin",USA,Universities
67,"University of Maryland, College Park *",USA,Universities
68,Kavli Institute for Particle Astrophysics and Cosmology,USA,Non-Profit
69,"Northwestern University, Evanston *",USA,Universities
70,Columbia University *,USA,Universities
71,Science and Technology Facilities Council *,GBR,Government
72,"University of California, Santa Cruz",USA,Universities
73,China National Petroleum Corp *,CHN,Companies
74,Carnegie Institution for Science *,USA,Non-Profit
75,Universite Paris-Saclay *,FRA,Universities
76,Universite Grenoble-Alpes *,FRA,Universities
77,Peking University *,CHN,Universities
78,Osservatorio Astronomico di Padova,ITA,Government
79,Cornell University *,USA,Universities
80,"University of California, Los Angeles *",USA,Universities
81,Centres de Recerca de Catalunya *,ESP,Non-Profit
82,Leibniz Gemeinschaft *,DEU,Government
83,Universite de Geneve,CHE,Universities
84,Universidad de La Laguna,ESP,Universities
85,"Ohio State University, Columbus *",USA,Universities
86,University of Durham,GBR,Universities
87,Australian National University,AUS,Universities
88,"Soochow University, Suzhou *",CHN,Universities
89,Max Planck Institut fur Radioastronomie,DEU,Government
89,UK Astronomy Technology Centre,GBR,Government
91,The University of Edinburgh *,GBR,Universities
92,"University of Hawaii, Manoa *",USA,Universities
93,"University of California, Santa Barbara",USA,Universities
94,Universita degli Studi di Messina,ITA,Universities
94,University of Amsterdam *,NLD,Universities
96,Universitat Heidelberg,DEU,Universities
97,Astroparticule et Cosmologie,FRA,Government
98,Swiss Federal Institute of Technology,CHE,Universities
99,ARC Centre of Excellence for All-Sky Astrophysics in 3 Dimensions,AUS,Government
100,Shanghai Jiao Tong University *,CHN,Universities
101,Osservatorio di Astrofisica e Scienza dello Spazio di Bologna ,ITA,Government
102,SLAC National Accelerator Laboratory,USA,Government
103,NASA Ames Research Center,USA,Government
104,Dutch Scientific Research Institutes *,NLD,Non-Profit
105,University of Toronto,CAN,Universities
106,University of Nevada-Reno,USA,Universities
107,University of Science and Technology of China *,CHN,Universities
108,Max Planck Institute fur Gravitationsphysik,DEU,Government
109,Institut National de Physique Nucleaire et de Physique des Particules,FRA,Government
110,Infrared Processing and Analysis Center,USA,Government
111,Institut d'Estudis Espacials de Catalunya,ESP,Government
112,Mayo Clinic *,USA,Health
113,Kansas State University,USA,Universities
114,Yale University *,USA,Universities
115,National Oceanic and Atmospheric Administration,USA,Government
116,Lunds University,SWE,Universities
117,Heidelberger Institut fur Theoretische Studien,DEU,Non-Profit
118,Purdue University,USA,Universities
118,Academia Sinica *,TWN,Government
120,Wuhan University *,CHN,Universities
121,Institute for Advanced Study,USA,Non-Profit
122,Kunming University of Science and Technology,CHN,Universities
123,Aix-Marseille Universite *,FRA,Universities
124,National Radio Astronomy Observatory Charlottesville,USA,Government
125,Institut de Recherche pour le Developpement *,MUL,Government
126,L'Alma Mater Studiorum - Universita di Bologna,ITA,Universities
127,Arizona State University *,USA,Universities
128,"University of California, Irvine *",USA,Universities
129,National Center for Atmospheric Research,USA,Government
130,Universitat Bern *,CHE,Universities
131,Ministerio de Defensa *,MUL,Government
132,Universitat de Barcelona *,ESP,Universities
133,Osservatorio Astrofisico di Arcetri,ITA,Government
134,"Institute of Astrophysics and Astronomy, Academia Sinica",TWN,Government
135,"Monash University, Melbourne *",AUS,Universities
136,Barcelona Institute of Science and Technology *,ESP,Government
137,National Research Council Canada *,CAN,Government
138,Universita degli Studi di Padova,ITA,Universities
139,Northwestern Polytechnical University,CHN,Universities
140,Institut de Recherche pour le Developpement France,FRA,Government
141,Institut de Fisica d'Altes Energies,ESP,Government
142,BeiHang University *,CHN,Universities
143,Zhejiang University *,CHN,Universities
144,Korea Astronomy and Space Science Institute *,KOR,Government
145,Universidad de Chile *,CHL,Universities
146,Institut de Planetologie et Astrophysique de Grenoble,FRA,Government
147,Ikerbasque-Basque Foundation for Science,ESP,Government
147,Eusko Jaurlaritza *,MUL,Government
149,University of South Carolina *,USA,Universities
150,Instituto Nacional de Tecnica Aeroespacial Esteban Terradas,ESP,Government
151,Nanjing University *,CHN,Universities
152,Kyoto University *,JPN,Universities
153,Instituto de Astrofisica de Andalucia ,ESP,Government
154,University of Copenhagen,DNK,Universities
155,Australian Research Council Centre of Excellence for Gravitational Wave Discovery,AUS,Government
156,Leibniz-Institut fur Astrophysik Potsdam,DEU,Government
157,"Shenyang Institute of Automation, Chinese Academy of Sciences",CHN,Government
158,The University of Manchester *,GBR,Universities
159,University of Groningen *,NLD,Universities
160,"University of California, Merced",USA,Universities
161,China Aerospace Science and Technology Corp *,CHN,Government
162,University of Southampton,GBR,Universities
163,Shanghai University,CHN,Universities
164,Institut d'Astrophysique de Paris,FRA,Government
165,Japan Aerospace Exploration Agency,JPN,Government
166,University of Surrey,GBR,Universities
167,Liverpool John Moores University,GBR,Universities
168,Stephen F Austin State University,USA,Universities
169,Laboratoire d'Etudes Spatiales et d'Instrumentation en Astrophysique,FRA,Government
170,Ministerio de Defensa Madrid,ESP,Government
171,"Universite Paul Sabatier, Toulouse III *",FRA,Universities
172,Tohoku University *,JPN,Universities
173,Netherlands Institute for Radio Astronomy,NLD,Government
174,University of Illinois at Urbana-Champaign *,USA,Universities
175,"University of Wisconsin, Madison *",USA,Universities
176,Norwegian University of Science and Technology,NOR,Universities
177,Harbin Institute of Technology,CHN,Universities
178,"Rutgers, The State University of New Jersey",USA,Universities
179,Los Alamos National Laboratory *,USA,Government
180,University of Pennsylvania *,USA,Universities
181,Agencia Nacional de Investigacion y Desarrollo de Chile *,CHL,Government
182,Universite d'Orleans *,FRA,Universities
183,McGill University *,CAN,Universities
184,Western Washington University,USA,Universities
185,"University of California, Davis *",USA,Universities
186,Manipal University,IND,Universities
187,Centro de Astrobiologia,ESP,Government
188,"Texas A&M University, College Station *",USA,Universities
189,"University of California, Riverside",USA,Universities
190,Stockholm University *,SWE,Universities
191,U.S. Air Force,USA,Government
192,University of East Anglia *,GBR,Universities
193,Commonwealth Scientific and Industrial Research Organization *,AUS,Government
194,"Astrophysique, Instrumentation et Modelisation",FRA,Government
195,Observatorio Europeo Austral *,CHL,Government
196,Instituto de Fisica Fundamental,ESP,Government
197,Qingdao National Laboratory for Marine Science and Technology,CHN,Government
198,Nagoya University *,JPN,Universities
199,Laboratori Nazionali del Gran Sasso,ITA,Government
200,Polish Academy of Sciences *,POL,Government
201,University of Warwick,GBR,Universities
202,University of Victoria,CAN,Universities
203,Istituto di Radioastronomia,ITA,Government
204,Laboratoire de Physique Nucleaire et de Hautes Energies,FRA,Government
205,Imperial College London,GBR,Universities
206,The Oskar Klein Centre for Cosmoparticle Physics,SWE,Government
207,North Carolina State University,USA,Universities
208,China University of Geosciences,CHN,Universities
209,KBR Inc *,MUL,Companies
210,Perimeter Institute for Theoretical Physics,CAN,Non-Profit
211,National Institute for Subatatomic Physics,NLD,Government
212,College de France,FRA,Universities
213,United States Geological Survey,USA,Government
214,Universita degli Studi di Udine,ITA,Universities
215,Swinburne University of Technology *,AUS,Universities
216,University of Virginia *,USA,Universities
217,Instituto de Fisica Teorica,ESP,Government
218,Institut de Recherches sur les lois Fondamentales de l'Univers,FRA,Government
219,"University of California, San Diego *",USA,Universities
220,Lawrence Berkeley National Laboratory *,USA,Government
221,American Museum of Natural History,USA,Government
222,High Energy Accelerator Research Organization,JPN,Government
223,Argonne National Laboratory *,USA,Government
224,Centro de Fisica Teorica y Matematicas CS,ESP,Government
225,Cardiff University,GBR,Universities
226,University of Exeter,GBR,Universities
227,University of Utah *,USA,Universities
228,Rutherford Appleton Laboratory,GBR,Government
229,Universite de Strasbourg *,FRA,Universities
230,Ministerio de Ciencia e Innovacion *,MUL,Government
231,Osservatorio Astronomico di Trieste,ITA,Government
232,European Space Research and Technology Centre,NLD,Government
232,Rheinische Friedrich-Wilhelms-Universitat Bonn *,DEU,Universities
234,Osservatorio Astronomico di Roma,ITA,Government
235,Observatoire des Sciences de l Univers Institut Pytheas,FRA,Government
236,University of Birmingham,GBR,Universities
237,Centro de Fisica Miguel Antonio Catalan CS,ESP,Government
238,European Space Astronomy Centre,ESP,Government
239,The University of Western Australia,AUS,Universities
240,Universities Space Research Association,USA,Non-Profit
241,"KBR Inc, USA",USA,Companies
242,Gottfried Wilhelm Leibniz Universitat Hannover,DEU,Universities
243,Universita degli Studi di Sassari,ITA,Universities
244,Universita degli Studi di Roma La Sapienza,ITA,Universities
245,Abdus Salam International Centre for Theoretical Physics *,ITA,Government
246,University of KwaZulu-Natal *,ZAF,Universities
247,"Xinjiang Institute of Ecology and Geography, Chinese Academy of Sciences",CHN,Government
248,Curtin University *,AUS,Universities
249,University of New South Wales *,AUS,Universities
250,RIKEN-Institute of Physical and Chemical Research,JPN,Government
251,Brandeis University,USA,Universities
252,Lockheed Martin Corp *,USA,Companies
253,Radboud University Nijmegen,NLD,Universities
254,Universite Cote d’Azur *,FRA,Universities
255,University of Leeds,GBR,Universities
256,Woods Hole Oceanographic Institution,USA,Non-Profit
257,University of Portsmouth,GBR,Universities
258,"University of North Carolina, Chapel Hill *",USA,Universities
259,Gran Sasso Science Institute,ITA,Universities
260,Institut de Ciencies de l'Espai,ESP,Government
261,University of Sydney *,AUS,Universities
262,Manipal Global Education Group *,MUL,Companies
262,PetroChina Co Ltd,CHN,Companies
264,University of Pittsburgh *,USA,Universities
264,"University of Massachusetts, Amherst",USA,Universities
266,Max Planck Institut fur Sonnensystemforschung,DEU,Government
267,Ecole Nationale du Genie de l'Eau et de l'Environnement de Strasbourg *,FRA,Universities
267,SETI Institute,USA,Non-Profit
269,University of St. Andrews,GBR,Universities
270,Observatoire de la Cote d'Azur *,FRA,Government
271,Donostia International Physics Center ,ESP,Government
272,Trento Institute for Fundamental Physics and Applications,ITA,Government
273,Tokai University *,JPN,Universities
274,University of Notre Dame,USA,Universities
275,Ministerio de Ciencia e Innovacion Madrid,ESP,Government
276,Nanjing University of Aeronautics and Astronautics,CHN,Universities
276,"Shanghai Astronomical Observatory, Chinese Academy of Sciences ",CHN,Government
278,Institut d'Astrophysique Spatiale,FRA,Government
279,University of Hertfordshire,GBR,Universities
280,Brown University,USA,Universities
281,National Institute of Water & Atmospheric Research,NZL,Government
282,Scuola Normale Superiore Pisa *,ITA,Universities
283,Universidad de Antofagasta *,CHL,Universities
284,China Agricultural University,CHN,Universities
285,"Newcastle University, Newcastle upon Tyne",GBR,Universities
286,Osservatorio Astronomico di Brera,ITA,Government
287,"Centro de Investigaciones Energeticas, Medioambientales y Tecnologicas",ESP,Government
288,Osservatorio Astrofisico di Torino,ITA,Government
289,Vanderbilt University *,USA,Universities
290,Max Planck Institut fur Physik,DEU,Government
291,Duke University *,USA,Universities
292,Ecole Polytechnique Federale de Lausanne,CHE,Universities
293,China Academy of Space Technology,CHN,Government
294,Centre de Physique des Particules de Marseille,FRA,Government
295,Harbin Engineering University,CHN,Universities
296,"Indian Institute of Technology, Kanpur",IND,Universities
297,Space Science Institute,USA,Non-Profit
298,Universidad Autonoma de Madrid *,ESP,Universities
299,Pontificia Universidad Catolica de Chile *,CHL,Universities
300,Technical University of Denmark,DNK,Universities
301,"National Radio Astronomy Observatory, Socorro",USA,Government
302,Institut Polytechnique de Grenoble *,FRA,Universities
303,Institut de Recherche en Astrophysique et Planetologie,FRA,Government
304,Universidade de Sao Paulo *,BRA,Universities
305,Universite Claude Bernard Lyon 1 *,FRA,Universities
306,Universite Clermont-Auvergne,FRA,Universities
307,Hungarian Academy of Sciences *,HUN,Government
308,Carnegie Mellon University *,USA,Universities
309,Institut Pierre Simon Laplace,FRA,Government
310,Indian Institute of Science,IND,Universities
311,University of Florida *,USA,Universities
312,Universitat Bielefeld,DEU,Universities
313,University of Ioannina,GRC,Universities
314,City University of New York Graduate Center,USA,Universities
315,Universitat Hamburg *,DEU,Universities
316,Instituto Geografico Nacional *,ESP,Government
317,The University of Queensland *,AUS,Universities
318,"University of Minnesota, Twin Cities *",USA,Universities
318,Southwest Research Institute,USA,Non-Profit
320,George Mason University,USA,Universities
321,The Open University,GBR,Universities
322,Canadian Institute for Advanced Research,CAN,Non-Profit
322,Consejo Nacional de Investigaciones Cientificas y Tecnicas *,ARG,Government
324,Delft University of Technology,NLD,Universities
325,New York University *,USA,Universities
325,China University of Mining and Technology,CHN,Universities
327,University of Bristol *,GBR,Universities
327,Hokkaido University *,JPN,Universities
329,Smith College,USA,Universities
330,Catholic University of Leuven,BEL,Universities
331,Ministry of Agriculture,CHN,Government
332,Deutsche Elektronen-Synchrotron Desy,DEU,Government
333,Universidad Diego Portales,CHL,Universities
334,National Institute of Standards and Technology *,USA,Government
335,Istituto di Astrofisica e Planetologia Spaziali,ITA,Government
336,Universitat Zurich,CHE,Universities
337,University of Nottingham *,GBR,Universities
338,"Colorado State University, Fort Collins *",USA,Universities
338,Observatoire Astronomique de Strasbourg,FRA,Government
340,University of Sussex *,GBR,Universities
341,SRON Netherlands Institute for Space Research,NLD,Government
342,Smithsonian National Museum of Natural History,USA,Government
343,University of Melbourne *,AUS,Universities
344,Universita degli Studi di Napoli Federico II,ITA,Universities
345,Universite de Bordeaux *,FRA,Universities
346,Tokyo Institute of Technology,JPN,Universities
347,University of Oslo,NOR,Universities
348,Osterreichische Akademie der Wissenschaften *,AUT,Government
349,Beijing Normal University *,CHN,Universities
350,Graduate University for Advanced Studies,JPN,Universities
351,University of Helsinki,FIN,Universities
352,University of New Brunswick,CAN,Universities
353,Tel Aviv University,ISR,Universities
354,Fermi National Accelerator Laboratory,USA,Government
355,University of Waterloo *,CAN,Universities
356,Universite de Toulouse,FRA,Universities
357,Basque Excellence Research Centre *,ESP,Government
358,University of Leicester,GBR,Universities
359,Hiroshima University *,JPN,Universities
360,Georg-August-Universitat Gottingen,DEU,Universities
361,National Oceanography Centre Southampton,GBR,Government
362,Kings College London,GBR,Universities
363,University of Tampa,USA,Universities
364,Laboratoire d'Annecy-le-Vieux de Physique des Particules,FRA,Government
365,"Institute of Geology and Geophysics, Chinese Academy of Sciences",CHN,Government
366,Laboratoire de Physique Subatomique et de Cosmologie,FRA,Government
367,Laboratoire d'Astrophysique de Bordeaux - Observatoire de Bordeaux,FRA,Government
368,University of Delaware,USA,Universities
369,Norwegian Polar Institute,NOR,Government
370,Yunnan Astronomical Observatory,CHN,Government
371,University of Twente,NLD,Universities
372,Universidad Bernardo O'Higgins,CHL,Universities
373,Universidade Federal do Espirito Santo,BRA,Universities
374,Programa Iniciativa Cientifica Milenio,CHL,Government
375,Scuola Internazionale Superiore di Studi Avanzati *,ITA,Universities
376,National University of Defense Technology,CHN,Universities
377,"Institute of Atmospheric Physics, Chinese Academy of Sciences",CHN,Government
378,"Sandia National Laboratories, New Mexico",USA,Government
379,Universite de Haute-Alsace Mulhouse-Colmar *,FRA,Universities
380,"Institute of Tibetan Plateau Research, Chinese Academy of Sciences",CHN,Government
381,Ecole Normale Superieure de Lyon *,FRA,Universities
382,Tufts University,USA,Universities
383,Academy of Sciences of the Czech Republic *,CZE,Government
384,Georgia Institute of Technology *,USA,Universities
385,Instituto de Fisica de Cantabria,ESP,Government
386,"University of Alabama, Huntsville",USA,Universities
387,Junta de Andalucia *,MUL,Government
388,National Institute of Information and Communications Technology,JPN,Government
389,Rhodes University,ZAF,Universities
390,Universitat zu Koln,DEU,Universities
391,Sun Yat-Sen University *,CHN,Universities
391,"National Time Service Center, Chinese Academy of Sciences",CHN,Government
393,Indiana University-Purdue University Indianapolis,USA,Universities
394,Universidade de Lisboa *,PRT,Universities
395,Universite de Montreal,CAN,Universities
396,University of Oregon,USA,Universities
397,Environment Canada,CAN,Government
398,Institut de Physique du Globe de Paris,FRA,Government
399,University Corporation for Atmospheric Research,USA,Non-Profit
400,Institut fur Weltraumforschung Osterreichische Akademie der Wissenschaften,AUT,Government
401,University of Bath,GBR,Universities
402,GNS Science,NZL,Companies
403,Seoul National University *,KOR,Universities
403,Ulsan National Institute of Science and Technology *,KOR,Universities
405,Geoforschungszentrum Potsdam,DEU,Government
406,"Purple Mountain Observatory, Chinese Academy of Sciences",CHN,Government
407,China Meteorological Administration,CHN,Government
408,Institute for Fundamental Physics of the Universe,ITA,Government
409,Institut National des Sciences de l'Univers,FRA,Government
410,Iowa State University,USA,Universities
411,Chalmers University of Technology *,SWE,Universities
412,University of Nevada-Las Vegas,USA,Universities
413,University of Iowa *,USA,Universities
414,Istituto Nazionale di Geofisica e Vulcanologia,ITA,Government
415,Shandong University *,CHN,Universities
416,"University of Missouri, Columbia *",USA,Universities
417,Osservatorio Astronomico di Capodimonte,ITA,Government
418,National University of Singapore *,SGP,Universities
419,Nanjing University of Information Science and Technology,CHN,Universities
419,Universita degli Studi di Firenze,ITA,Universities
421,Consiglio Nazionale delle Ricerche *,ITA,Government
422,Space Research Institute Russian Academy of Sciences,RUS,Government
423,Virginia Polytechnic Institute and State University *,USA,Universities
424,Vrije Universiteit Amsterdam *,NLD,Universities
425,University of Tehran,IRN,Universities
425,University of Oklahoma *,USA,Universities
427,Michigan State University,USA,Universities
427,Instituto Milenio de Astrofisica,CHL,Government
429,The University of Reading,GBR,Universities
430,Macquarie University *,AUS,Universities
431,Universita degli Studi di Torino,ITA,Universities
432,Universite de Versailles Saint Quentin en Yvelines *,FRA,Universities
433,"Institute of High Energy Physics, Chinese Academy of Science",CHN,Government
434,Beijing Institute of Technology,CHN,Universities
435,US Naval Research Laboratory,USA,Government
436,Universita degli Studi di Pisa,ITA,Universities
437,Aarhus University *,DNK,Universities
438,Institut Universitaire de France,FRA,Government
439,University of the Pacific,USA,Universities
440,Chengdu University of Technology,CHN,Universities
441,Boston University *,USA,Universities
442,Universitat Innsbruck *,AUT,Universities
443,Malmo University,SWE,Universities
444,Banaras Hindu University,IND,Universities
444,University of Central Florida,USA,Universities
446,"University of Connecticut, Storrs *",USA,Universities
447,Pacific Northwest National Laboratory *,USA,Government
448,Chinese Academy of Geological Sciences *,CHN,Government
449,City University of New York *,USA,Universities
450,Japan Science & Technology Agency,JPN,Government
451,Nicolaus Copernicus Astronomical Center Polish Academy of Sciences,POL,Government
452,Universitat de les Illes Balears *,ESP,Universities
453,Joint Institute for Laboratory Astrophysics,USA,Government
454,GSI Helmholtzzentrum fur Schwerionenforschung GmbH,DEU,Government
455,Meteo-France *,FRA,Government
456,NASA Johnson Space Center,USA,Government
457,US National Science Foundation *,USA,Government
458,"Queen Mary, University of London",GBR,Universities
459,"China Medical University, Taichung *",TWN,Universities
460,Instituto de Geociencias,ESP,Government
461,Universidad Complutense de Madrid *,ESP,Universities
461,Laboratori Nazionali di Frascati,ITA,Government
463,Universita degli Studi di Ferrara,ITA,Universities
463,"Wesleyan University, Middletown",USA,Universities
465,Keele University,GBR,Universities
466,University of Bergen,NOR,Universities
467,Istituto di Astrofisica Spaziale e Fisica Cosmica di Milano,ITA,Government
467,Instituto de Fisica Corpuscular,ESP,Government
469,National Research Foundation *,ZAF,Government
470,Uppsala University,SWE,Universities
471,Florida International University,USA,Universities
472,Royal Institute of Technology *,SWE,Universities
473,Laboratoire d'Etudes en Geophysique et Oceanographie Spatiales,FRA,Government
474,"Northwest Institute of Eco-Environment and Resources, Chinese Academy of Sciences",CHN,Government
475,"State University of New York, Stony Brook *",USA,Universities
476,Institut de Physique des 2 Infinis de Lyon,FRA,Government
477,Pusan National University,KOR,Universities
478,Weizmann Institute of Science,ISR,Universities
479,Hebrew University of Jerusalem,ISR,Universities
480,Hohai University,CHN,Universities
481,Universita degli Studi di Trento,ITA,Universities
482,Research Centre for Astronomy and Earth Sciences Hungarian Academy of Sciences,HUN,Government
483,American University,USA,Universities
484,King Abdullah University of Science and Technology,SAU,Universities
485,Ruhr-Universitat Bochum *,DEU,Universities
486,Friedrich-Alexander-Universitat Erlangen-Nurnberg *,DEU,Universities
487,Westfalische Wilhelms-Universitat Munster *,DEU,Universities
488,Indian Institute of Remote Sensing,IND,Government
489,Tata Institute of Fundamental Research,IND,Universities
490,Universita degli Studi dell'Insubria,ITA,Universities
491,Lawrence Livermore National Laboratory *,USA,Government
492,Osservatorio Astronomico Cagliari,ITA,Government
493,"Indian Institute of Technology, Varanasi",IND,Universities
493,Williams College,USA,Universities
495,Universitat Potsdam *,DEU,Universities
496,Washington University in Saint Louis *,USA,Universities
497,National Research Institute for Earth Science and Disaster Prevention,JPN,Government
498,Yonsei University *,KOR,Universities
499,University of Southern California *,USA,Universities
500,Universita degli Studi di Milano,ITA,Universities
501,Universite de Lorraine *,FRA,Universities
502,National Institute of Advanced Industrial Science & Technology,JPN,Government
503,Laboratoire de Physique des 2 Infinis Irene Joliot-Curie,FRA,Government
504,Universitat Wien,AUT,Universities
505,Tongji University *,CHN,Universities
506,Universitat de Valencia *,ESP,Universities
507,"University of Maryland, Baltimore County",USA,Universities
508,University of Warsaw,POL,Universities
509,Fudan University *,CHN,Universities
510,Alibaba Group *,MUL,Companies
511,Tianjin University *,CHN,Universities
512,The University of Sheffield,GBR,Universities
513,"Laboratoire Atmospheres, Milieux, Observations Spatiales",FRA,Government
514,Institut Francais de Recherche pour l'Exploitation de la Mer *,FRA,Government
515,Central South University *,CHN,Universities
516,Utrecht University *,NLD,Universities
517,Technische Universitat Darmstadt,DEU,Universities
518,Clemson University,USA,Universities
519,Max Planck Institut fur Kernphysik,DEU,Government
520,Southern University of Science and Technology,CHN,Universities
521,Jilin University *,CHN,Universities
522,South African Astronomical Observatory,ZAF,Government
523,Universidad de Granada *,ESP,Universities
524,GLA University,IND,Universities
525,"Guangzhou Institute of Geochemistry, Chinese Academy of Sciences",CHN,Government
526,Universita degli Studi di Salerno,ITA,Universities
527,Universita degli Studi di Milano-Bicocca,ITA,Universities
528,Centre National d'Etudes Spatiales *,FRA,Government
529,Onsala Space Observatory,SWE,Government
530,University of Otago,NZL,Universities
531,Universite Montpellier *,FRA,Universities
532,"Southeast University, Nanjing *",CHN,Universities
533,Royal Belgian Institute for Space Aeronomy,BEL,Government
534,University of Athens,GRC,Universities
535,Ocean University of China,CHN,Universities
535,Museum National d'Histoire Naturelle *,FRA,Government
537,Planetary Science Institute,USA,Non-Profit
537,Universite de Lille *,FRA,Universities
537,Lomonosov  Moscow State University,RUS,Universities
540,Alfred Wegener Institut fur Polar und Meeresforschung,DEU,Government
541,Universita degli Studi Roma Tre,ITA,Universities
542,Marquette University,USA,Universities
543,University of Alberta,CAN,Universities
544,"Indian Institute of Technology, Hyderabad",IND,Universities
545,NASA Marshall Space Flight Center,USA,Government
546,University of Malta,MLT,Universities
547,University of Strathclyde *,GBR,Universities
548,Universitat Autonoma de Barcelona *,ESP,Universities
548,Natural Environment Research Council *,GBR,Government
550,European Organization for Nuclear Research,CHE,Government
551,Queen's University Belfast,GBR,Universities
552,Villanova University,USA,Universities
553,Laboratoire d'Etude du Rayonnement et de la Matiere en Astrophysique et Atmospheres,FRA,Government
554,Karlsruher Institut fur Technologie,DEU,Universities
555,Universidade de Aveiro,PRT,Universities
556,The Catholic University of America,USA,Universities
557,Finnish Meteorological Institute,FIN,Government
558,Missouri University of Science & Technology,USA,Universities
559,University of Aizu,JPN,Universities
560,Universite d'Angers *,FRA,Universities
561,Trinity College Dublin *,IRL,Universities
562,Huazhong Agricultural University,CHN,Universities
563,Universitat Stuttgart,DEU,Universities
564,Indiana University-Bloomington,USA,Universities
565,Northern Arizona University,USA,Universities
566,Universitat Bremen *,DEU,Universities
567,Fukuoka University *,JPN,Universities
568,University of New Mexico *,USA,Universities
569,Inter-University Centre for Astronomy and Astrophysics,IND,Government
570,Dartmouth College *,USA,Universities
571,Beijing Institute of Tracking and Telecommunications Technology,CHN,Non-Profit
572,Universidad Rey Juan Carlos *,ESP,Universities
573,University of Wroclaw,POL,Universities
574,Cranfield University,GBR,Universities
574,Centrale Supelec,FRA,Universities
576,West Virginia University *,USA,Universities
577,Universita degli Studi di Trieste,ITA,Universities
577,Japan Agency for Marine-Earth Science and Technology,JPN,Government
579,The Chinese University of Hong Kong *,HKG,Universities
580,Brookhaven National Laboratory *,USA,Government
581,Swedish Research Council *,SWE,Government
582,Lancaster University *,GBR,Universities
583,Japan Meteorological Agency,JPN,Government
584,Laboratorio Nacional de Astrofisica *,BRA,Government
585,China Earthquake Administration,CHN,Government
586,Colorado School of Mines,USA,Universities
586,Universite de Liege,BEL,Universities
588,Eotvos Lorand University,HUN,Universities
589,Charles University *,CZE,Universities
590,Universidad de Cantabria *,ESP,Universities
591,Universite de Lyon,FRA,Universities
592,Humboldt-Universitat zu Berlin *,DEU,Universities
593,Rice University,USA,Universities
594,Gemini Observatory Northern Operations Center,USA,Non-Profit
595,Catholic University of Louvain,BEL,Universities
596,National Research Nuclear University MEPhI,RUS,Universities
597,Ministry of Ecology and Environment,CHN,Government
598,Natural History Museum London,GBR,Government
599,Kyung Hee University *,KOR,Universities
599,Universidad Politecnica de Madrid *,ESP,Universities
601,Astronomical Institute of the ASCR,CZE,Government
601,George Washington University *,USA,Universities
603,Gemini Observatory,USA,Non-Profit
604,Xi'an University of Science and Technology,CHN,Universities
605,Eberhard-Karls-Universitat Tubingen,DEU,Universities
606,Universidade do Porto *,PRT,Universities
607,National Research and Innovation Agency *,IDN,Government
608,Laboratoire Magmas et Volcans,FRA,Government
609,National Institute of Science Education and Research,IND,Government
610,Ecole Normale Superieure de Paris *,FRA,Universities
611,University of Miami *,USA,Universities
612,University of Kentucky *,USA,Universities
613,Laboratoire Leprince-Ringuet,FRA,Government
614,Carleton College,USA,Universities
615,ESA Centre for Earth Observation,ITA,Government
615,Waseda University,JPN,Universities
617,Universidad de La Serena,CHL,Universities
618,Technische Universitat Braunschweig,DEU,Universities
619,Texas Tech University,USA,Universities
620,Technische Universitat Berlin *,DEU,Universities
621,Kanazawa University *,JPN,Universities
622,Helmholtz-Zentrum fur Ozeanforschung Kiel Umgewandelt,DEU,Government
623,Technische Universitat Graz *,AUT,Universities
624,Agenzia Spaziale Italiana,ITA,Government
625,Case Western Reserve University,USA,Universities
625,Universidad Adolfo Ibanez *,CHL,Universities
625,Laboratoire Univers et Particules de Montpellier,FRA,Government
628,Universita degli Studi di Roma Tor Vergata,ITA,Universities
629,Ecole Polytechnique,FRA,Universities
630,NASA Langley Research Center,USA,Government
630,Universitat Politecnica de Valencia *,ESP,Universities
632,University of South Florida System *,USA,Universities
633,University of Malaya *,MYS,Universities
634,University of Houston,USA,Universities
635,Baylor University,USA,Universities
636,University of Western Ontario,CAN,Universities
637,Konkoly Observatory Hungarian Academy of Sciences,HUN,Government
638,Northumbria University,GBR,Universities
639,Frankfurt Institute for Advanced Studies,DEU,Non-Profit
640,Hunan Normal University,CHN,Universities
641,Chiba University *,JPN,Universities
642,China Electronics Technology Group Corp *,CHN,Companies
643,Laboratoire d'Oceanographie et du Climat: Experimentations et Approches Numeriques,FRA,Government
644,Universite de Cergy-Pontoise *,FRA,Universities
645,Kyungpook National University *,KOR,Universities
645,Christian-Albrechts-Universitat zu Kiel,DEU,Universities
647,Universidade de Coimbra *,PRT,Universities
648,Raytheon Technologies Corporation *,MUL,Companies
649,University of Rochester *,USA,Universities
650,Universidad Catolica de la Santisima Concepcion,CHL,Universities
651,National Observatory of Athens,GRC,Government
652,"Consejo Nacional de Humanidades, Ciencias y Tecnologias *",MEX,Government
653,British Antarctic Survey,GBR,Government
653,University of New Hampshire,USA,Universities
655,Universita degli Studi della Campania Luigi Vanvitelli,ITA,Universities
656,Royal Netherlands Institute for Sea Research,NLD,Government
657,Universite Savoie Mont Blanc *,FRA,Universities
658,Romanian Academy *,ROU,Government
659,University of Pune,IND,Universities
660,Chongqing University,CHN,Universities
661,"Institut National de Recherche pour l'Agriculture, l'Alimentation et l'Environnement *",FRA,Government
662,University of Wollongong *,AUS,Universities
663,Universita degli Studi di Cagliari,ITA,Universities
664,Universidad Nacional de La Plata *,ARG,Universities
664,University Putra Malaysia,MYS,Universities
666,Technische Universitat Dresden *,DEU,Universities
667,Henryk Niewodniczanski Institute of Nuclear Physics Polish Academy of Sciences,POL,Government
667,Universita degli Studi di Perugia,ITA,Universities
669,Centro Cientifico Tecnologico La Plata,ARG,Government
670,Rheinisch-Westfalische Technische Hochschule Aachen,DEU,Universities
671,Florida State University *,USA,Universities
672,Oak Ridge National Laboratory,USA,Government
673,Korea Advanced Institute of Science and Technology *,KOR,Universities
674,"Louisiana State University, Baton Rouge",USA,Universities
674,Ministry of Natural Resources,CHN,Government
676,Glenn Research Center,USA,Government
677,Observatorio Nacional,BRA,Government
678,"Institute of Oceanology, Chinese Academy of Sciences",CHN,Government
679,Al-Azhar University *,EGY,Universities
680,Boston College,USA,Universities
681,Osservatorio Astronomico di Palermo,ITA,Government
682,National Taiwan University,TWN,Universities
683,University of Tasmania,AUS,Universities
684,University at Texas Rio Grande Valley,USA,Universities
685,Osaka University *,JPN,Universities
686,Bjerknes Centre for Climate Research,NOR,Government
687,Karl Franzens Universitat Graz *,AUT,Universities
688,Dublin City University,IRL,Universities
689,Rochester Institute of Technology *,USA,Universities
690,Huazhong University of Science and Technology *,CHN,Universities
691,European University of Cyprus,CYP,Universities
692,Lehigh University,USA,Universities
693,Instituto de Salud Carlos III *,ESP,Health
694,"ParisTech, Institut des Sciences et Technologies de Paris - PRES *",FRA,Government
695,Institut des Sciences de la Terre,FRA,Government
696,"Institute of Geographic Sciences and Natural Resources Research, Chinese Academy of Sciences",CHN,Government
697,University of Warmia and Mazury,POL,Universities
698,Universidad de Malaga *,ESP,Universities
699,Peoples'Friendship University of Russia,RUS,Universities
700,"Texas State University, San Marcos",USA,Universities
701,University of Toledo *,USA,Universities
702,Tokyo Metropolitan University,JPN,Universities
703,"Laboratoire de Geologie de Lyon: Terre, Planetes et Environnement",FRA,Government
704,University of Central Lancashire,GBR,Universities
704,Johann Wolfgang Goethe-Universitat Frankfurt am Main *,DEU,Universities
706,Foundation for Research and Technology Hellas *,GRC,Government
707,University of Glasgow *,GBR,Universities
708,"Montana State University, Bozeman",USA,Universities
709,Indian Institute of Tropical Meteorology,IND,Government
710,Xiamen University *,CHN,Universities
711,"California Polytechnic State University, San Luis Obispo",USA,Universities
712,University of Szeged,HUN,Universities
713,University of Turku,FIN,Universities
714,National Yang Ming Chiao Tung University,TWN,Universities
715,"Institute of Physics, Academia Sinica",TWN,Government
716,University College Dublin,IRL,Universities
717,Eindhoven University of Technology,NLD,Universities
718,Assistance Publique Hopitaux de Paris *,FRA,Health
719,P N Lebedev Physics Institute Russian Academy of Sciences,RUS,Government
720,"China University of Petroleum, Beijing",CHN,Universities
721,Birla Institute of Technology and Science *,IND,Universities
722,Jagiellonian University,POL,Universities
723,Korea University of Science and Technology,KOR,Universities
724,North University of China,CHN,Universities
725,McMaster University *,CAN,Universities
725,Shanghai Normal University,CHN,Universities
727,"University of Arkansas, Fayetteville",USA,Universities
728,University of Auckland,NZL,Universities
729,Hirosaki University *,JPN,Universities
730,Universidad de Salamanca *,ESP,Universities
731,University of Wyoming,USA,Universities
732,Institut de Mecanique Celeste et de Calcul des Ephemerides,FRA,Government
733,Queen's University,CAN,Universities
734,Beijing Institute of Control Engineering,CHN,Government
735,Universidad de Valparaiso,CHL,Universities
736,Kyushu University *,JPN,Universities
737,Shenzhen University,CHN,Universities
738,AlbaNova University Center,SWE,Universities
739,Nanyang Technological University *,SGP,Universities
740,Kyushu Institute of Technology,JPN,Universities
741,Bureau of Meteorology *,AUS,Government
742,Universitatsklinikums Aachen,DEU,Health
743,Universitat Bayreuth,DEU,Universities
744,University of the Western Cape,ZAF,Universities
745,Moscow Institute of Physics and Technology,RUS,Universities
746,Kyoto Sangyo University,JPN,Universities
747,University of Liverpool *,GBR,Universities
748,Brigham Young University,USA,Universities
749,University of Manitoba,CAN,Universities
750,"New York University, Abu Dhabi",ARE,Universities
751,"University of Missouri, Kansas City",USA,Universities
752,National Tsing Hua University,TWN,Universities
753,Georgia State University,USA,Universities
754,New Jersey Institute of Technology,USA,Universities
755,Universite de Bretagne Occidentale *,FRA,Universities
756,Victoria University of Wellington,NZL,Universities
757,Wayne State University,USA,Universities
758,Wroclaw Medical University,POL,Universities
759,Universidad Catolica del Norte,CHL,Universities
760,Simon Fraser University,CAN,Universities
761,Ministry of Emergency Management,CHN,Government
762,Universite de Nantes *,FRA,Universities
763,Oregon State University,USA,Universities
764,San Diego State University,USA,Universities
765,Osservatorio Astrofisico di Catania,ITA,Government
766,"Institute of Geochemistry, Chinese Academy of Sciences",CHN,Government
767,Comision de Investigaciones Cientificas *,ARG,Government
768,Universite de Franche-Comte *,FRA,Universities
769,Universidad de Concepcion *,CHL,Universities
770,"Washington State University, Pullman *",USA,Universities
771,Dublin Institute For Advanced Studies,IRL,Non-Profit
772,Georgetown University *,USA,Universities
773,King Saud University *,SAU,Universities
774,Technion - Israel Institute of Technology *,ISR,Universities
775,Technische Universitat Dortmund *,DEU,Universities
776,Universita degli Studi di Pavia,ITA,Universities
777,Universidad del Pais Vasco *,ESP,Universities
778,"University of the Punjab, Lahore",PAK,Universities
778,Xidian University,CHN,Universities
780,"Universidad Andres Bello, Chile *",CHL,Universities
781,Universitat Politecnica de Catalunya *,ESP,Universities
782,Universidad Nacional de Cordoba *,ARG,Universities
783,Institut de Mineralogie et de Physique des Milieux Condenses,FRA,Government
784,Geosciences Environnement Toulouse,FRA,Government
785,University of Calgary *,CAN,Universities
786,The University of British Columbia,CAN,Universities
787,Istituto di Fisica Applicata Nello Carrara,ITA,Government
788,Syracuse University,USA,Universities
789,Xi'an Jiaotong University *,CHN,Universities
789,Rikkyo University,JPN,Universities
791,Lowell Observatory,USA,Non-Profit
792,Natural Resources Canada,CAN,Government
793,Universite Gustave Eiffel *,FRA,Universities
794,Istituto di Astrofisica Spaziale e Fisica Cosmica di Palermo,ITA,Government
795,"Indian Institute of Technology, Indore",IND,Universities
796,Universita degli Studi di Urbino Carlo Bo,ITA,Universities
796,University of Johannesburg,ZAF,Universities
798,Dalhousie University *,CAN,Universities
799,Harvard Medical School,USA,Universities
800,Universidad Carlos III de Madrid *,ESP,Universities
801,Airbus SAS *,MUL,Companies
802,Universidade Federal do Rio Grande do Sul,BRA,Universities
803,"Aerospace Information Research Institute, Chinese Academy of Sciences",CHN,Government
804,King Khalid University,SAU,Universities
804,The Hong Kong University of Science and Technology,HKG,Universities
806,Ewha Womans University *,KOR,Universities
807,Embry-Riddle Aeronautical University *,USA,Universities
808,Indian Institute of Astrophysics,IND,Government
809,Chinese Academy of Meteorological Sciences,CHN,Government
809,"Indian Institute of Technology, Bombay *",IND,Universities
811,Guangzhou University,CHN,Universities
812,"University of Tennessee, Knoxville *",USA,Universities
813,University of Cape Town,ZAF,Universities
814,University of Georgia,USA,Universities
815,Ehime University *,JPN,Universities
816,Institut National de la Sante et de la Recherche Medicale *,FRA,Health
817,"Indian Institute of Science Education and Research, Kolkata",IND,Government
818,Office National d'Etudes et de Recherches Aerospatiales Chatillon *,FRA,Government
818,North-West University,ZAF,Universities
820,Politecnico di Milano,ITA,Universities
821,University of Western Sydney,AUS,Universities
821,"University of Maryland, Baltimore",USA,Universities
823,Kobe University *,JPN,Universities
824,Ghent University,BEL,Universities
825,Institute for Basic Science,KOR,Government
826,China Medical University Hospital,TWN,Health
827,"Northeastern University, China",CHN,Universities
828,Universitat Duisburg Essen *,DEU,Universities
828,University of Tsukuba *,JPN,Universities
830,Pomona College,USA,Universities
831,Centro Cientifico Tecnologico de Cordoba,ARG,Government
832,Uzbekistan Academy of Sciences *,UZB,Government
833,Universidade Federal de Santa Catarina *,BRA,Universities
834,US Environmental Protection Agency,USA,Government
835,Universite Paris-Est Creteil *,FRA,Universities
836,Freie Universitat Berlin,DEU,Universities
837,"Northeastern University, USA",USA,Universities
838,Guangzhou Municipal People's Government  *,CHN,Government
839,"University of Texas, San Antonio",USA,Universities
840,Universidad de Buenos Aires *,ARG,Universities
841,"Northrop Grumman Corp, USA",USA,Companies
842,"Science System and Applications, Inc",USA,Companies
843,University of Oulu,FIN,Universities
844,New Mexico State University,USA,Universities
845,Southern Methodist University,USA,Universities
846,Istanbul Technical University,TUR,Universities
847,Okayama University *,JPN,Universities
848,Chiang Mai University,THA,Universities
849,Vrije Universiteit Brussel,BEL,Universities
850,Howard University *,USA,Universities
851,Centre de Recherches Petrographiques et Geochimiques,FRA,Government
852,"National University of Ireland, Galway",IRL,Universities
853,The University of Adelaide,AUS,Universities
854,Universitat Rostock *,DEU,Universities
854,Universidad de Santiago de Chile *,CHL,Universities
856,Utah State University *,USA,Universities
856,Nanchang University *,CHN,Universities
856,Universite de Lausanne,CHE,Universities
859,Friedrich-Schiller-Universitat Jena *,DEU,Universities
860,"Institute of Earth Environment, Chinese Academy of Science",CHN,Government
861,Aerospace Corp,USA,Companies
862,University of Ottawa,CAN,Universities
863,Universita degli Studi di Siena,ITA,Universities
864,Universite de Rennes 1 *,FRA,Universities
865,York University,CAN,Universities
865,The University of Kent,GBR,Universities
867,Instituto de Astronomia y Fisica del Espacio,ARG,Government
868,Observatoire Midi Pyrenees,FRA,Government
869,University of Kansas *,USA,Universities
870,Xunta de Galicia *,MUL,Government
871,Max Planck Institut fur Chemie,DEU,Government
872,University of Saskatchewan,CAN,Universities
873,"University of Hawaii, Hilo",USA,Universities
873,Haverford College in Pennsylvania,USA,Universities
875,Laboratoire Univers et Theories,FRA,Government
876,University of Canterbury,NZL,Universities
877,Meteorological Research Institute,JPN,Government
878,Western Michigan University,USA,Universities
879,Kafrelsheikh University,EGY,Universities
879,Lanzhou University *,CHN,Universities
881,Ibaraki University,JPN,Universities
882,Universidad de Atacama,CHL,Universities
882,Aalto University,FIN,Universities
884,"Xi'an Institute of Optics and Precision Mechanics, Chinese Academy of Sciences",CHN,Government
885,Aristotle University of Thessaloniki,GRC,Universities
885,Politecnico di Torino *,ITA,Universities
887,Laboratoire des Sciences du Climat et l'Environnement,FRA,Government
888,Sichuan University *,CHN,Universities
889,Information Engineering University,CHN,Universities
890,Geosciences Montpellier,FRA,Government
891,"University of Agriculture, Faisalabad",PAK,Universities
892,University of Ljubljana *,SVN,Universities
893,University of Crete,GRC,Universities
894,Instituto de Astrofisica e Ciencias do Espaco,PRT,Universities
895,"Universite des Antilles, Guadeloupe *",GLP,Universities
896,National Changhua University of Education,TWN,Universities
897,Institucio Catalana de Recerca i Estudis Avancats,ESP,Government
898,Universita degli Studi di Palermo,ITA,Universities
898,Academy of Athens,GRC,Government
900,Kagoshima University *,JPN,Universities
901,Yunnan University,CHN,Universities
901,National Centre for Nuclear Research,POL,Government
903,Zhengzhou University *,CHN,Universities
904,Universidad de Sevilla *,ESP,Universities
905,"Innovation Academy for Precision Measurement Science and Technology, Chinese Academy of Sciences",CHN,Government
906,Universite Libre de Bruxelles,BEL,Universities
907,Universidade Estadual de Campinas *,BRA,Universities
908,University of Southern Queensland,AUS,Universities
909,"University of Alabama, Tuscaloosa",USA,Universities
909,Guangdong Provincial Laboratory of Southern Marine Science and Engineering,CHN,Government
911,"South China Sea Institute of Oceanology, Chinese Academy of Sciences",CHN,Government
912,University of Iceland,ISL,Universities
913,Drexel University,USA,Universities
914,Universidad de Almeria *,ESP,Universities
915,Universidad Autonoma del Estado de Hidalgo,MEX,Universities
916,Ruder Boskovic Institute *,HRV,Government
917,Chang'an University ,CHN,Universities
917,Hampton University,USA,Universities
919,Ben-Gurion University of the Negev *,ISR,Universities
920,Keio University *,JPN,Universities
921,Nanjing Normal University,CHN,Universities
922,Swedish Institute of Space Physics,SWE,Government
922,Horia Hulubei National Institute of Physics and Nuclear Engineering,ROU,Government
924,East China Normal University *,CHN,Universities
925,Anhui Normal University,CHN,Universities
926,Universite Mohammed V de Rabat *,MAR,Universities
927,"University of Alaska, Fairbanks",USA,Universities
928,Johannes Gutenberg-Universitat Mainz *,DEU,Universities
929,Universidad de Oviedo *,ESP,Universities
930,University of Zagreb,HRV,Universities
931,"University of Wisconsin, Milwaukee",USA,Universities
932,Hong Kong Polytechnic University,HKG,Universities
933,Aryabhatta Research Institute of Observational Sciences,IND,Government
934,Saitama University,JPN,Universities
935,Silesian University in Opava,CZE,Universities
936,Auburn University,USA,Universities
937,Qassim University,SAU,Universities
938,Saint Mary's University,CAN,Universities
939,Universita degli Studi di Genova,ITA,Universities
940,Institute of Physics of the ASCR,CZE,Government
941,Pontificia Universidad Catolica de Valparaiso *,CHL,Universities
942,National Academy of Sciences of Ukraine *,UKR,Government
943,Chungnam National University,KOR,Universities
944,University of Pecs,HUN,Universities
945,The University of Hong Kong *,HKG,Universities
946,Instituto Nacional de Pesquisas Espaciais,BRA,Government
947,Korea Institute for Advanced Study,KOR,Government
948,National Central University,TWN,Universities
949,Universitat Basel *,CHE,Universities
950,King Abdulaziz University *,SAU,Universities
951,Carleton University,CAN,Universities
952,Physical Research Laboratory,IND,Government
953,Taipei Medical University,TWN,Universities
954,Universidade Estadual de Santa Cruz,BRA,Universities
955,Nicolaus Copernicus University,POL,Universities
956,Universitat d'Alacant *,ESP,Universities
957,University of Belgrade,SRB,Universities
958,Barnard College,USA,Universities
959,Universidade Federal da Paraiba,BRA,Universities
960,Michigan Technological University,USA,Universities
961,"University of Michigan, Dearborn",USA,Universities
962,People's Government of Zhejiang Province *,CHN,Government
963,Pondicherry University,IND,Universities
964,Chungbuk National University,KOR,Universities
965,"University of Texas, Dallas",USA,Universities
966,Masaryk University,CZE,Universities
967,Universidade Estadual Paulista Julio de Mesquita Filho,BRA,Universities
968,National Taiwan Normal University,TWN,Universities
969,Universidade Federal do Rio de Janeiro *,BRA,Universities
970,Hanyang University *,KOR,Universities
971,National Technical University of Athens,GRC,Universities
972,The University of Newcastle,AUS,Universities
973,University of Louisville *,USA,Universities
974,Institut de Physique de Rennes,FRA,Government
975,Universidade Federal de Minas Gerais,BRA,Universities
976,"Alibaba Group, China",CHN,Companies
977,Palacky University *,CZE,Universities
978,Universita degli Studi di Catania,ITA,Universities
979,Indian Institute of Technology,IND,Universities
980,"Indian Institute of Technology, Gandhinagar",IND,Universities
981,Universita del Salento,ITA,Universities
982,Deen Dayal Upadhyay Gorakhpur University,IND,Universities
983,Christ University,IND,Universities
984,Tokyo University of Agriculture and Technology,JPN,Universities
985,"Ministerio da Ciencia, Tecnologia e Inovacao, Brasil",BRA,Government
986,The Institute of Statistical Mathematics,JPN,Government
987,University of Texas Medical Branch ,USA,Universities
987,Princeton Plasma Physics Laboratory,USA,Government
989,Saint Petersburg State University,RUS,Universities
990,University of Aberdeen,GBR,Universities
991,Paul Scherrer Institute,CHE,Government
992,Okinawa Institute of Science and Technology Graduate University,JPN,Universities
993,Jinan University *,CHN,Universities
994,San Jose State University,USA,Universities
994,College of Charleston,USA,Universities
996,"University of Texas, Arlington",USA,Universities
996,Benemerita Universidad Autonoma de Puebla *,MEX,Universities
998,Civil Aviation University of China,CHN,Universities
999,Luoyang Normal University,CHN,Universities
1000,Universidad de Alcala *,ESP,Universities
1001,Dalian University of Technology *,CHN,Universities
1002,Laval University,CAN,Universities
1003,Universita degli Studi di Parma,ITA,Universities
1004,Instituto Gallego de Fisica de Altas Energias,ESP,Government
1005,New Mexico Institute of Mining and Technology *,USA,Universities
1006,University of Namur,BEL,Universities
1007,Raman Research Institute,IND,Government
1007,Universita degli Studi di Bari,ITA,Universities
1009,Chiba Institute of Technology,JPN,Universities
1009,Bard College,USA,Universities
1011,Council of Scientific and Industrial Research *,IND,Government
1011,Niigata University *,JPN,Universities
1013,Universita degli Studi di Camerino,ITA,Universities
1014,Saha Institute of Nuclear Physics,IND,Government
1015,University of North Texas,USA,Universities
1015,"Institute of Earth Sciences, Academia Sinica",TWN,Government
1017,Guangxi University,CHN,Universities
1018,University of Electro-Communications,JPN,Universities
1019,Sofia University,BGR,Universities
1019,Royal Military College of Canada,CAN,Universities
1019,Helsinki Institute of Physics,FIN,Government
1022,King Faisal University,SAU,Universities
1023,"State University of New York, Buffalo",USA,Universities
1024,National Sun Yat-sen University,TWN,Universities
1024,United Arab Emirates University,ARE,Universities
1024,Universidad Nacional de Rio Negro,ARG,Universities
1027,Guangdong Provincial Laboratory of Southern Marine Science and Engineering Zhuhai,CHN,Government
1028,The University of Hull,GBR,Universities
1029,Museum fur Naturkunde Berlin,DEU,Non-Profit
1030,University of Delhi *,IND,Universities
1030,Vilnius University,LTU,Universities
1032,Nanjing Agricultural University,CHN,Universities
1033,Bulgarian Academy of Sciences *,BGR,Government
1034,Office National d'Etudes et de Recherches Aerospatiales Palaiseau,FRA,Government
1035,Julius-Maximilians-Universitat Wurzburg *,DEU,Universities
1036,"Institute of Modern Physics, Chinese Academy of Sciences",CHN,Government
1037,Sungkyunkwan University,KOR,Universities
1038,University of Rhode Island,USA,Universities
1039,Skolkovo Institute of Science and Technology,RUS,Universities
1039,Adam Mickiewicz University,POL,Universities
1041,Sejong University,KOR,Universities
1042,Thales Group *,MUL,Companies
1043,Instituto Nacional de Astrofisica Optica y Electronica,MEX,Government
1044,Open University of Israel,ISR,Universities
1045,Jadavpur University,IND,Universities
1046,"Changchun Institute of Optics Fine Mechanics and Physics, Chinese Academy of Sciences",CHN,Government
1047,Instituto Politecnico Nacional,MEX,Universities
1048,Gifu University *,JPN,Universities
1049,Nankai University *,CHN,Universities
1050,Universidad Michoacana de San Nicolas de Hidalgo,MEX,Universities
1051,University of Cincinnati *,USA,Universities
1052,"University of Alaska, Anchorage",USA,Universities
1053,University of Idaho,USA,Universities
1054,Old Dominion University,USA,Universities
1055,Universidade Federal de Santa Maria,BRA,Universities
1056,Osaka Metropolitan University *,JPN,Universities
1057,Institute of Spacecraft System Engineering,CHN,Government
1058,Universita degli Studi Gabriele d'Annunzio di Chieti e Pescara,ITA,Universities
1059,Institute of Space Technology,PAK,Universities
1060,Amherst College,USA,Universities
1060,Universite de Reims Champagne-Ardenne *,FRA,Universities
1062,National Institute of Polar Research,JPN,Government
1063,The University of Winnipeg,CAN,Universities
1064,Centro Brasileiro de Pesquisas Fisicas,BRA,Government
1065,Tokyo University of Science,JPN,Universities
1066,Universidade de Brasilia,BRA,Universities
1067,"State University of New York, Albany",USA,Universities
1067,Indian Space Research Organization *,IND,Government
1069,"Indian Institute of Science Education and Research, Mohali",IND,Government
1070,Zhejiang Lab,CHN,Government
1071,Xi'an Technological University,CHN,Universities
1072,"California State University, Northridge",USA,Universities
1073,Universidade Federal do ABC,BRA,Universities
1074,Chang Gung University,TWN,Universities
1075,Karolinska Institute,SWE,Universities
1075,Universite Cadi Ayyad *,MAR,Universities
1077,Princess Nourah bint Abdul Rahman University *,SAU,Universities
1078,Universitat Augsburg,DEU,Universities
1079,Universita della Calabria,ITA,Universities
1080,Universita degli Studi dell Aquila,ITA,Universities
1081,Istanbul University *,TUR,Universities
1082,Lulea University of Technology,SWE,Universities
1083,University of Tromso - The Arctic University of Norway,NOR,Universities
1084,Mississippi State University,USA,Universities
1085,Huazhong Normal University,CHN,Universities
1086,Umea University *,SWE,Universities
1087,Universidad Nacional de Cuyo *,ARG,Universities
1088,Massey University,NZL,Universities
1089,Chulalongkorn University,THA,Universities
1090,Universita degli Studi della Basilicata,ITA,Universities
1091,Laboratori Nazionali del Sud,ITA,Government
1092,Semmelweis University,HUN,Universities
1092,Institut National des Sciences Appliquees de Lyon *,FRA,Universities
1094,Bar-Ilan University,ISR,Universities
1095,Australian Nuclear Science & Technology Organisation,AUS,Government
1096,Special Astrophysical Observatory Russian Academy of Sciences,RUS,Government
1097,"Institute of Optics and Electronics, Chinese Academy of Sciences",CHN,Government
1098,University of Gothenburg,SWE,Universities
1099,Ioffe Institute Russian Academy of Sciences,RUS,Government
1100,Pandit Ravishankar Shukla University,IND,Universities
1101,Universidad de Valladolid *,ESP,Universities
1102,Universidad de Cadiz *,ESP,Universities
1103,Fairfield University,USA,Universities
1104,Minia University *,EGY,Universities
1105,Carol Davila University of Medicine and Pharmacy,ROU,Universities
1106,University College Cork *,IRL,Universities
1107,University of Nova Gorica,SVN,Universities
1108,Tianjin Normal University,CHN,Universities
1109,Hebei Normal University,CHN,Universities
1110,Xinjiang Astronomical Observatory,CHN,Government
1111,National Center for Theoretical Sciences,TWN,Universities
1112,University of Patras,GRC,Universities
1113,Wellesley College,USA,Universities
1114,Universidad de Guanajuato,MEX,Universities
1115,Florida Institute of Technology,USA,Universities
1116,Institute of Atomic Physics *,ROU,Government
1117,East Tennessee State University,USA,Universities
1118,State Key Laboratory of Remote Sensing Science,CHN,Government
1119,Aoyama Gakuin University,JPN,Universities
1120,Kumaun University,IND,Universities
1121,University of Tartu,EST,Universities
1122,University of Jeddah,SAU,Universities
1122,Kogakuin University,JPN,Universities
1122,Institute of Astronomy Russian Academy of Sciences,RUS,Government
1125,Iuliu Hatieganu University of Medicine and Pharmacy Cluj Napoca,ROU,Universities
1126,Xunta de Galicia A Coruna,ESP,Government
1127,Institute of Solar-Terrestrial Physics Russian Academy of Sciences,RUS,Government
1128,University of the Free State,ZAF,Universities
1129,Space Research Centre Polish Academy of Sciences,POL,Government
1130,Aberystwyth University,GBR,Universities
1131,Southwest Jiaotong University,CHN,Universities
1131,Nanjing University of Science and Technology,CHN,Universities
1133,"Presidency University, Kolkata",IND,Universities
1134,"University of the Witwatersrand, Johannesburg",ZAF,Universities
1135,Slovak Academy of Sciences *,SVK,Government
1136,Bandung Institute of Technology,IDN,Universities
1137,Universidad Autonoma de Chiapas *,MEX,Universities
1138,Universidad de Guadalajara,MEX,Universities
1139,Dezhou University,CHN,Universities
1140,Leonardo SpA *,MUL,Companies
1141,"University of Massachusetts, Lowell",USA,Universities
1142,China Academy of Engineering Physics *,CHN,Government
1143,National Research Council of the National Academies,USA,Government
1144,China Geological Survey *,CHN,Government
1145,Macau University of Science and Technology,MAC,Universities
1146,University of Lodz,POL,Universities
1147,State University - Higher School of Economics,RUS,Universities
1148,Instituto Presbiteriano Mackenzie *,BRA,Non-Profit
1149,Naval Postgraduate School,USA,Universities
1150,China Aerodynamics Research and Development Center,CHN,Government
1151,Universidad Nacional de Colombia *,COL,Universities
1152,United States Naval Academy,USA,Universities
1153,Charite - Universitatsmedizin Berlin *,DEU,Health
1153,Institute for Research in Fundamental Sciences,IRN,Government
1155,Universidade Federal do Rio Grande do Norte,BRA,Universities
1156,Konan University,JPN,Universities
1157,American University of Sharjah,ARE,Universities
1157,Universitat Leipzig *,DEU,Universities
1159,Universidad de Extremadura *,ESP,Universities
1159,A.Alikhanyan National Laboratory,ARM,Government
1161,Nazarbayev University,KAZ,Universities
1162,University of Pretoria,ZAF,Universities
1163,"Indian Institute of Science Education and Research, Tirupati",IND,Government
1164,Fondazione Policlinico Universitario Agostino Gemelli IRCCS,ITA,Health
1165,Ural Federal University,RUS,Universities
1166,Universita degli Studi di Foggia,ITA,Universities
1167,Fachhochschule Nordwestschweiz,CHE,Universities
1167,Deutsches Zentrum fur Herz Kreislauf Forschung,DEU,Health
1169,"University of Massachusetts, Dartmouth",USA,Universities
1170,Korea Polar Research Institute,KOR,Government
1171,National Institutes for Quantum Science and Technology *,JPN,Health
1172,Universita Cattolica del Sacro Cuore,ITA,Universities
1173,China Electronics Technology Group Corp No 22 Research Institute,CHN,Non-Profit
1173,Akdeniz University,TUR,Universities
1175,"Raytheon Co, USA",USA,Companies
1176,University of Calcutta,IND,Universities
1176,Universita della Svizzera Italiana *,CHE,Universities
1178,Tennessee State University,USA,Universities
1179,Beijing Academy of Science and Technology *,CHN,Government
1180,Universidade de Santiago de Compostela *,ESP,Universities
1181,University of Zielona Gora,POL,Universities
1182,"Birkbeck, University of London",GBR,Universities
1183,Yamagata University *,JPN,Universities
1184,Universidad de Zaragoza *,ESP,Universities
1185,COMSATS Institute of Information Technology *,PAK,Universities
1186,U.S. Army *,USA,Government
1187,Middle East Technical University,TUR,Universities
1187,Bhabha Atomic Research Centre,IND,Government
1189,Vietnam Academy of Science and Technology *,VNM,Government
1190,Nihon University *,JPN,Universities
1191,Institute of Applied Physics Russian Academy of Sciences,RUS,Government
1192,Polar Research Institute of China,CHN,Government
1192,University of Mississippi *,USA,Universities
1194,Pedagogical University of Cracow,POL,Universities
1195,University of Shizuoka,JPN,Universities
1196,Yokohama National University,JPN,Universities
1197,Institute of Nuclear Research Hungarian Academy of Sciences,HUN,Government
1198,Universidad Politecnica de Cartagena *,ESP,Universities
1199,University of Rijeka,HRV,Universities
1200,"National University of Science and Technology, Islamabad",PAK,Universities
1201,Yangzhou University,CHN,Universities
1202,Russian Research Centre Kurchatov Institute,RUS,Government
1203,Universidad de Tarapaca *,CHL,Universities
1204,Universidad Autonoma de Chile,CHL,Universities
1205,"Indian Institute of Technology, Kharagpur",IND,Universities
1206,Central Astronomical Observatory Russian Academy of Sciences,RUS,Government
1207,"Indian Institute of Science Education and Research, Bhopal",IND,Government
1208,Nara Women's University,JPN,Universities
1209,"Shanghai Institute of Technical Physics, Chinese Academy of Sciences",CHN,Government
1210,Chennai Mathematical Institute,IND,Universities
1211,The College of New Jersey,USA,Universities
1212,China Three Gorges University,CHN,Universities
1213,Bauman Moscow State Technical University,RUS,Universities
1214,University of Toyama *,JPN,Universities
1215,Franklin & Marshall College,USA,Universities
1216,Taras Shevchenko National University of Kyiv,UKR,Universities
1217,Ministry of Industry and Information Technology,CHN,Government
1218,Kumamoto University *,JPN,Universities
1219,"Indian Institute of Technology, Delhi",IND,Universities
1220,Khalifa University *,ARE,Universities
1221,Bergische Universitat Wuppertal,DEU,Universities
1222,"Chang Gung Memorial Hospital, Taipei *",TWN,Health
1223,University of Electronic Science and Technology of China *,CHN,Universities
1224,Swarthmore College,USA,Universities
1225,Universite du Quebec en Quebec *,CAN,Universities
1226,Medizinische Universitat Wien,AUT,Universities
1227,Indian Institute of Space Science and Technology,IND,Universities
1227,S.N. Bose National Centre for Basic Sciences ,IND,Government
1229,Rensselaer Polytechnic Institute,USA,Universities
1230,Xiangtan University,CHN,Universities
1231,Universidad Tecnica Federico Santa Maria *,CHL,Universities
1232,East China Institute of Technology,CHN,Universities
1233,National Cheng Kung University,TWN,Universities
1234,Shahid Beheshti University,IRN,Universities
1235,Kazan Federal University,RUS,Universities
1236,Universidade Tecnologica Federal do Parana,BRA,Universities
1237,Samara University,RUS,Universities
1238,"Universidad Nacional de San Martin, Argentina *",ARG,Universities
1239,Homi Bhabha National Institute,IND,Universities
1240,Quaid-i-Azam University,PAK,Universities
1241,Comenius University in Bratislava,SVK,Universities
1242,Chinese Academy of Agricultural Sciences *,CHN,Government
1243,Institut National des Sciences Appliquees de Rennes *,FRA,Universities
1243,Tabuk University,SAU,Universities
1245,University of Sharjah,ARE,Universities
1246,"Northwest University, Xi'an",CHN,Universities
1247,N.I. Lobachevsky State University of Nizhni Novgorod *,RUS,Universities
1248,Indian Institute of Technology Guwahati,IND,Universities
1249,Institute for Nuclear Research Russian Academy of Sciences,RUS,Government
1250,University of Medicine and Pharmacy Craiova,ROU,Universities
1251,Tokushima University *,JPN,Universities
1252,Tamkang University,TWN,Universities
1253,Shinshu University *,JPN,Universities
1254,Centro Federal de Educacao Tecnologica Celso Suckow da Fonseca,BRA,Universities
1255,Southern Federal University,RUS,Universities
1256,Mansoura University *,EGY,Universities
1257,"Indian Institute of Technology, Madras",IND,Universities
1258,Memorial University of Newfoundland,CAN,Universities
1259,Royal Melbourne Institute of Technology *,AUS,Universities
1260,Tezpur University,IND,Universities
1261,Ain Shams University *,EGY,Universities
1262,University of Hyogo,JPN,Universities
1263,China Academy of Launch Vehicle Technology,CHN,Government
1264,University of Kerala,IND,Universities
1265,"Indian Institute of Technology, Roorkee",IND,Universities
1266,KL University,IND,Universities
1267,National University of Malaysia *,MYS,Universities
1268,Alexandria University *,EGY,Universities
1269,Institute of Terrestrial Magnetism Ionosphere and Radiowave Propagation Russian Academy of Sciences,RUS,Government
1270,National University of Uzbekistan,UZB,Universities
1271,Universidad Nacional de San Juan *,ARG,Universities
1272,Ege University,TUR,Universities
1273,University of Veterinary Medicine and Pharmacy,SVK,Universities
1274,Auckland University of Technology,NZL,Universities
1275,University of Southern Denmark,DNK,Universities
1276,Guilin University of Technology,CHN,Universities
1277,National Research Institute of Astronomy and Geophysics,EGY,Government
1278,Universidade Federal do Parana,BRA,Universities
1279,Ariel University *,ISR,Universities
1280,Universita degli Studi di Napoli Parthenope,ITA,Universities
1281,Guizhou University,CHN,Universities
1282,Instituto Tecnologico de Aeronautica,BRA,Universities
1283,Erciyes University,TUR,Universities
1284,Zanjan University,IRN,Universities
1285,Qufu Normal University,CHN,Universities
1286,Odessa National I.I. Mechnikov University,UKR,Universities
1286,Space Applications Centre,IND,Government
1288,Cairo University *,EGY,Universities
1289,Pavol Jozef Safarik University in Kosice,SVK,Universities
1290,Andhra University,IND,Universities
1291,Tomsk State University,RUS,Universities
1292,Sharif University of Technology,IRN,Universities
1293,Tokyo City University,JPN,Universities
1294,Kochi University *,JPN,Universities
1295,Umm Al-Qura University,SAU,Universities
1296,National Chung Hsing University,TWN,Universities
1297,Universidade Federal de Campina Grande,BRA,Universities
1297,Maria Curie Sklodowska University,POL,Universities
1299,"Indian Institute of Science Education and Research, Pune",IND,Government
1300,Canakkale Onsekiz Mart Universitesi *,TUR,Universities
1301,Keldysh Institute for Applied Mathematics Russian Academy of Sciences,RUS,Government
1302,"Southern University, Baton Rouge",USA,Universities
1303,University of Antwerp,BEL,Universities
1304,"Universite de Picardie Jules Verne, Amiens *",FRA,Universities
1305,China West Normal University,CHN,Universities
1306,K.N.Toosi University of Technology,IRN,Universities
1307,Ilia State University,GEO,Universities
1308,Isfahan University of Technology,IRN,Universities
1309,National Academy of Sciences of Armenia *,ARM,Government
1309,Wigner Research Centre for Physics,HUN,Government
1311,V.N. Karazin Kharkiv National University,UKR,Universities
1312,Universidade Presbiteriana Mackenzie,BRA,Universities
1313,University of Nigeria,NGA,Universities
1314,Immanuel Kant Baltic Federal University,RUS,Universities
1315,University Centre in Svalbard,NOR,Universities
1315,Institute for Space Sciences,ROU,Government
1317,Henan Agricultural University,CHN,Universities
1318,Universita degli Studi del Sannio,ITA,Universities
1319,Zagazig University *,EGY,Universities
1320,University of Occupational and Environmental Health,JPN,Universities
1321,University of Mons,BEL,Universities
1322,National Geophysical Research Institute,IND,Government
1323,Czech Technical University in Prague,CZE,Universities
1324,"Hefei Institutes of Physical Sciences, Chinese Academy of Sciences",CHN,Government
1325,"Moscow Aviation Institute, State University of Aerospace Technologies",RUS,Universities
1326,Yunnan Normal University,CHN,Universities
1327,Chengdu University of Information Technology,CHN,Universities
1328,Chongqing University of Post and Telecommunications,CHN,Universities
1329,United Schmidt Institute of Physics of the Earth Russian Academy of Sciences,RUS,Government
1329,Beijing University of Technology,CHN,Universities
1331,Universite de Tunis El Manar *,TUN,Universities
1332,Institute for Advanced Studies in Basic Sciences,IRN,Universities
1333,Vikram Sarabhai Space Centre,IND,Government
1334,National Remote Sensing Centre,IND,Government
1335,Cochin University of Science and Technology,IND,Universities
1336,Universidade Cidade de Sao Paulo,BRA,Universities
1336,Anhui University,CHN,Universities
1338,Tashkent Institute of Irrigation and Agricultural Mechanization Engineers,UZB,Universities
1339,Hebei University of Technology,CHN,Universities
1340,Xinjiang University,CHN,Universities
1341,Politecnico di Bari,ITA,Universities
1342,Guizhou Normal University,CHN,Universities
1343,PLA Rocket Force University of Engineering,CHN,Universities
1344,China Aircraft Strength Research Institute,CHN,Companies
1345,Nantong University *,CHN,Universities
1346,Qian Xuesen Laboratory of Space Technology,CHN,Government
1347,Air Force Engineering University,CHN,Universities
1348,Kola Science Centre Russian Academy of Sciences,RUS,Government
1349,ShanghaiTech University *,CHN,Universities
1350,O. Ya. Usikov Institute for Radio Physics and Electronics National Academy of Sciences of Ukraine,UKR,Government
1351,Western Norway University of Applied Sciences,NOR,Universities
1352,Vernadsky Institute of Geochemistry and Analytical Chemistry Russian Academy of Sciences,RUS,Government
1353,Nanchang Hangkong University,CHN,Universities
1354,China Aerospace Science and Industry Corp *,CHN,Government
1355,China Ordnance Industry Group,CHN,Government
1356,Beijing Institute of Space Mechanics and Electricity,CHN,Government
1357,AVIC Shenyang Aircraft Corporation,CHN,Government
1358,Changchun University of Science and Technology,CHN,Universities
1359,Tribhuvan University *,NPL,Universities
1360,Aviation Industry Corporation of China *,CHN,Government
1361,Army Engineering University of PLA,CHN,Universities
1362,Shanghai Academy of Spaceflight Technology,CHN,Government
1363,Tibet University,CHN,Universities
1364,St Petersburg State University of Aerospace Instrumentation,RUS,Universities
1365,China Academy of Aerospace Aerodynamics,CHN,Government
