Global Rank,Institution,Country,Sector
1,Harvard University *,USA,Universities
2,Harvard Medical School,USA,Universities
3,Memorial Sloan-Kettering Cancer Center,USA,Health
4,Mayo Clinic *,USA,Health
5,Massachusetts General Hospital,USA,Health
6,Johns Hopkins University *,USA,Universities
7,Brigham and Women's Hospital *,USA,Health
8,Institut National de la Sante et de la Recherche Medicale *,FRA,Health
9,University of Texas M.D. Anderson Cancer Center ,USA,Health
10,U.S. Department of Health & Human Services *,USA,Health
11,University College London *,GBR,Universities
12,National Institutes of Health,USA,Health
13,"University of California, San Francisco *",USA,Universities
14,Helmholtz Gemeinschaft *,DEU,Government
15,University of Amsterdam *,NLD,Universities
16,Johns Hopkins Medicine,USA,Health
17,University of Pennsylvania *,USA,Universities
18,University of Toronto,CAN,Universities
19,Assistance Publique Hopitaux de Paris *,FRA,Health
20,Vrije Universiteit Amsterdam *,NLD,Universities
21,Massachusetts Institute of Technology *,USA,Universities
22,University of Washington *,USA,Universities
23,Chinese Academy of Sciences *,CHN,Government
24,Centre National de la Recherche Scientifique *,FRA,Government
25,Cornell University *,USA,Universities
26,University of Pennsylvania Health System,USA,Health
27,Yale University *,USA,Universities
28,Broad Institute of MIT and Harvard,USA,Health
29,Deutsches Krebsforschungszentrum,DEU,Government
30,"University of Michigan, Ann Arbor *",USA,Universities
31,Stanford University *,USA,Universities
32,Academisch Medisch Centrum,NLD,Health
33,Weill Cornell Medicine,USA,Universities
34,Veterans Affairs Medical Centers *,USA,Health
35,University of Pittsburgh Medical Center  *,USA,Health
36,University of Sydney *,AUS,Universities
37,German Cancer Consortium,DEU,Government
38,Mount Sinai Health System *,USA,Health
39,Erasmus University Rotterdam *,NLD,Universities
40,University of Cambridge *,GBR,Universities
41,Shanghai Jiao Tong University *,CHN,Universities
42,Fudan University *,CHN,Universities
43,Cleveland Clinic *,USA,Health
44,Erasmus Medical Center,NLD,Health
45,Instituto de Salud Carlos III *,ESP,Health
46,Yale University Health & Medicine,USA,Health
47,"Northwestern University, Evanston *",USA,Universities
48,All India Institute of Medical Sciences,IND,Universities
49,Kings College London,GBR,Universities
50,Sichuan University *,CHN,Universities
51,Columbia University *,USA,Universities
52,Stanford Medicine,USA,Health
53,University of Pittsburgh *,USA,Universities
54,Emory University *,USA,Universities
55,Leiden University *,NLD,Universities
56,Centres de Recerca de Catalunya *,ESP,Non-Profit
57,University Health Network *,CAN,Health
58,Indiana University-Purdue University Indianapolis,USA,Universities
59,Howard Hughes Medical Institute *,USA,Health
60,Samsung Corp *,MUL,Companies
61,Icahn School of Medicine at Mount Sinai,USA,Universities
62,International Agency for Research on Cancer,FRA,Health
63,Utrecht University *,NLD,Universities
64,University of Texas Southwestern Medical Center ,USA,Universities
65,"Ohio State University, Columbus *",USA,Universities
66,Medical Research Council,GBR,Health
67,Capital University of Medical Sciences *,CHN,Universities
68,Washington University in Saint Louis *,USA,Universities
69,Sorbonne Universite *,FRA,Universities
70,Universite de Paris Cite *,FRA,Universities
71,Ministry of Education of the People's Republic of China,CHN,Government
72,Universitatsklinikum Heidelberg,DEU,Health
73,Central South University *,CHN,Universities
74,National Cancer Institute,USA,Health
75,Universidade de Sao Paulo *,BRA,Universities
76,The University of British Columbia,CAN,Universities
77,Radboud University Nijmegen Medical Centre,NLD,Health
78,"University of California, Los Angeles *",USA,Universities
79,University of Chicago *,USA,Universities
80,Universitat Zurich,CHE,Universities
81,Zhejiang University *,CHN,Universities
82,University of Oxford *,GBR,Universities
83,Dana Farber Cancer Institute ,USA,Health
84,Columbia University Irving Medical Center,USA,Health
85,Leiden University Medical Center,NLD,Health
86,Catholic University of Leuven,BEL,Universities
87,Peking University *,CHN,Universities
88,"University of California, San Diego *",USA,Universities
89,Northwestern Medicine,USA,Health
90,Washington University Medical Center ,USA,Health
91,Russian Academy of Sciences *,RUS,Government
92,Vanderbilt University *,USA,Universities
93,University Medical Center Groningen,NLD,Health
94,Charite - Universitatsmedizin Berlin *,DEU,Health
95,New York University *,USA,Universities
96,University Medical Center Utrecht,NLD,Health
97,The University of Queensland *,AUS,Universities
98,Max Planck Gesellschaft *,DEU,Government
99,University of Melbourne *,AUS,Universities
100,Karolinska Institute,SWE,Universities
101,Princeton University,USA,Universities
102,Woodruff Health Sciences Center,USA,Health
103,University Hospitals Leuven,BEL,Health
104,Duke University *,USA,Universities
105,Seoul National University *,KOR,Universities
106,Netherlands Cancer Institute - Antoni van Leeuwenhoek Hospital,NLD,Health
107,Friedrich-Alexander-Universitat Erlangen-Nurnberg *,DEU,Universities
108,Augusta University *,USA,Universities
109,University of Groningen *,NLD,Universities
110,Huazhong University of Science and Technology *,CHN,Universities
111,Chinese Academy of Medical Sciences and Peking Union Medical College *,CHN,Universities
112,Universita degli Studi di Milano,ITA,Universities
113,Universitat Hamburg *,DEU,Universities
114,Houston Methodist,USA,Health
115,The University of Edinburgh *,GBR,Universities
116,Universita degli Studi di Padova,ITA,Universities
117,NYU Langone Health,USA,Health
118,Universitat Heidelberg,DEU,Universities
119,University of Utah *,USA,Universities
120,Institut Catala de la Salut Barcelona *,ESP,Health
121,University of Pittsburgh Health Sciences,USA,Universities
122,University of Copenhagen,DNK,Universities
123,Universitatsklinikum Hamburg Eppendorf,DEU,Health
124,The Francis Crick Institute,GBR,Health
125,Charles University *,CZE,Universities
126,F Hoffmann-La Roche *,MUL,Companies
127,Universitatsspital Basel *,CHE,Health
128,Vanderbilt University Medical Center,USA,Health
129,University of Gothenburg,SWE,Universities
130,Universite de Lausanne,CHE,Universities
131,Lunds University,SWE,Universities
132,University of Virginia *,USA,Universities
133,Peking University Health Science Center,CHN,Universities
134,Imperial College London,GBR,Universities
135,University of Florida *,USA,Universities
136,Consejo Superior de Investigaciones Cientificas *,ESP,Government
137,University of Calgary *,CAN,Universities
138,"University of California, Irvine *",USA,Universities
139,Genentech Inc,USA,Companies
140,Pennsylvania State University *,USA,Universities
141,Shahid Beheshti University of Medical Sciences and Health Services *,IRN,Universities
142,Boston University *,USA,Universities
143,University of Southern California *,USA,Universities
144,Ohio State University Wexner Medical Center,USA,Health
145,The University of Western Australia,AUS,Universities
146,"University of North Carolina, Chapel Hill *",USA,Universities
147,Case Western Reserve University,USA,Universities
148,Oslo University Hospital,NOR,Health
149,National University of Singapore *,SGP,Universities
150,British Columbia Cancer Agency *,CAN,Health
151,"University of Alabama, Birmingham *",USA,Universities
152,Universitatsspital Zurich,CHE,Health
153,Universitat Bern *,CHE,Universities
153,"University of Wisconsin, Madison *",USA,Universities
155,Xi'an Jiaotong University *,CHN,Universities
156,"University of California, Davis *",USA,Universities
157,Universidade do Porto *,PRT,Universities
158,Nanjing Medical University *,CHN,Universities
159,Deutsches Zentrum fur Neurodegenerative Erkrankungen,DEU,Government
160,Flanders Interuniversity Institute for Biotechnology *,BEL,Government
161,UCLA Health System,USA,Health
162,Boston University Medical Campus ,USA,Health
163,University of Oslo,NOR,Universities
164,"Hoffmann-La Roche Ltd, United States",USA,Companies
165,Cancer Research UK,GBR,Health
166,Copenhagen University Hospital,DNK,Health
167,Imperial College Healthcare NHS Trust,GBR,Health
168,"Monash University, Melbourne *",AUS,Universities
169,University of Miami *,USA,Universities
170,University of Cincinnati *,USA,Universities
171,Sun Yat-Sen University *,CHN,Universities
172,Merck & Co Inc *,MUL,Companies
173,Sahlgrenska University Hospital,SWE,Health
174,Arizona State University *,USA,Universities
175,Johannes Kepler Universitat Linz,AUT,Universities
176,Centre Hospitalier Universitaire Vaudois ,CHE,Health
177,"Newcastle University, Newcastle upon Tyne",GBR,Universities
178,Medizinische Universitat Wien,AUT,Universities
179,McGill University *,CAN,Universities
180,Shandong University *,CHN,Universities
181,Fred Hutchinson Cancer Research Center *,USA,Health
182,Heinrich Heine Universitat Dusseldorf  *,DEU,Universities
183,Vancouver Coastal Health,CAN,Health
184,Universita degli Studi di Torino,ITA,Universities
185,University of Nottingham *,GBR,Universities
186,"Soochow University, Suzhou *",CHN,Universities
187,Universitat de Barcelona *,ESP,Universities
188,Duke Medicine,USA,Health
189,Cedars-Sinai Medical Center ,USA,Health
190,St Jude Childrens Research Hospital,USA,Health
191,University of Helsinki,FIN,Universities
192,L'Alma Mater Studiorum - Universita di Bologna,ITA,Universities
193,"Merck & Co Inc, United States",USA,Companies
194,Universite PSL *,FRA,Universities
195,Johnson & Johnson *,MUL,Companies
196,Airlangga university,IDN,Universities
197,Michigan State University,USA,Universities
198,"Queen Mary, University of London",GBR,Universities
199,Ludwig-Maximilians Universitat Munchen *,DEU,Universities
200,Tsinghua University *,CHN,Universities
201,Tongji University *,CHN,Universities
202,Universitat Autonoma de Barcelona *,ESP,Universities
203,"Rutgers, The State University of New Jersey",USA,Universities
204,"University of Colorado, Denver *",USA,Universities
205,Janssen,MUL,Companies
206,Wuhan University *,CHN,Universities
207,Cardiff University,GBR,Universities
208,University of Michigan Health System,USA,Health
209,Universita degli Studi di Roma La Sapienza,ITA,Universities
210,University of Washington Medicine ,USA,Health
211,Aarhus University *,DNK,Universities
212,Catholic University of Louvain,BEL,Universities
213,Queen's University Belfast,GBR,Universities
214,Southern Medical University *,CHN,Universities
215,National Institute of Standards and Technology *,USA,Government
216,Zhongnan Hospital of Wuhan University,CHN,Health
217,Baylor College of Medicine,USA,Universities
218,University of New South Wales *,AUS,Universities
219,University of Utah Health Care,USA,Health
220,Westfalische Wilhelms-Universitat Munster *,DEU,Universities
221,Karolinska University Hospital,SWE,Health
222,University Hospital Antwerp,BEL,Health
223,Institut Curie,FRA,Health
224,"State University of New York, Stony Brook *",USA,Universities
225,Children's Hospital Boston  *,USA,Health
226,Rheinische Friedrich-Wilhelms-Universitat Bonn *,DEU,Universities
227,Pfizer *,MUL,Companies
228,Princess Maxima Center,NLD,Health
229,Universitatsklinikum Erlangen,DEU,Health
230,University of Tokyo *,JPN,Universities
231,Oregon Health & Science University *,USA,Universities
232,"University of Colorado, Anschutz Medical Campus",USA,Universities
233,Flinders University,AUS,Universities
234,University of Birmingham,GBR,Universities
235,University of Southampton,GBR,Universities
236,Universita Cattolica del Sacro Cuore,ITA,Universities
237,Universita degli Studi di Verona,ITA,Universities
238,University of Leeds,GBR,Universities
239,Linkoping University,SWE,Universities
240,Universita degli Studi di Napoli Federico II,ITA,Universities
241,Yonsei University *,KOR,Universities
242,Skane University Hospital,SWE,Health
243,Children's Hospital of Philadelphia,USA,Health
244,University of Antwerp,BEL,Universities
245,Ministry of Public Security,CHN,Government
246,Zhengzhou University *,CHN,Universities
247,Florida State University *,USA,Universities
247,Royal North Shore Hospital,AUS,Health
249,University of Southern California Health Sciences Campus,USA,Health
250,National Cancer Center,JPN,Health
251,Belfast Health and Social Care Trust,GBR,Health
252,Universidad Autonoma de Madrid *,ESP,Universities
253,Institute of Cancer Research,GBR,Health
254,Yonsei University Health System,KOR,Health
255,"University of Minnesota, Twin Cities *",USA,Universities
256,The University of Sheffield,GBR,Universities
257,University of Miami Health System,USA,Health
258,University of Rochester *,USA,Universities
259,Manipal University,IND,Universities
260,"Northeastern University, USA",USA,Universities
261,The University of Adelaide,AUS,Universities
262,British Columbia Cancer Research Centre,CAN,Health
263,Freie Universitat Berlin,DEU,Universities
264,Hospital Clinic de Barcelona,ESP,Health
265,Technische Universitat Munchen *,DEU,Universities
266,Universidade Federal de Minas Gerais,BRA,Universities
267,UC Davis Health System,USA,Health
268,Postgraduate Institute of Medical Education and Research,IND,Universities
269,Universitatsklinikum Gottingen,DEU,Health
270,"China Medical University, Shenyang *",CHN,Universities
271,Jilin University *,CHN,Universities
272,Universitat Leipzig *,DEU,Universities
273,Cambridge University Hospitals NHS Foundation Trust,GBR,Health
274,Beth Israel Deaconess Medical Center,USA,Health
275,Ghent University,BEL,Universities
276,Technische Universitat Dresden *,DEU,Universities
277,Sun Health  *,USA,Health
278,"State University of New York, Albany",USA,Universities
279,Kyushu University *,JPN,Universities
280,Uppsala University,SWE,Universities
281,Asan Medical Center Seoul *,KOR,Health
282,Peter Maccallum Cancer Centre,AUS,Health
283,Universitatsklinikum Munster,DEU,Health
284,ARUP Laboratories,USA,Companies
285,Seattle Children's Hospital *,USA,Health
286,City University of New York *,USA,Universities
287,Sam Houston State University,USA,Universities
288,University of Chinese Academy of Sciences,CHN,Universities
289,Centro de Investigacion Biomedica en Red de Cancer,ESP,Health
290,Kumamoto University *,JPN,Universities
291,The Chinese University of Hong Kong *,HKG,Universities
292,University of Kansas *,USA,Universities
293,University of Iowa *,USA,Universities
294,Griffith University,AUS,Universities
295,Universidade Estadual de Campinas *,BRA,Universities
296,Manipal Global Education Group *,MUL,Companies
297,"University of Texas, Health Science Center at Houston",USA,Universities
298,Shandong University Qilu Hospital,CHN,Health
299,"Union Hospital, Tongji Medical College",CHN,Health
300,Oxford University Hospitals NHS Trust,GBR,Health
301,VA Boston Healthcare System,USA,Health
302,Mount Sinai Hospital Joseph and Wolf Lebovic Health Complex,CAN,Health
303,University of Otago,NZL,Universities
304,Saveetha Institute of Medical and Technical Sciences *,IND,Universities
305,Wayne State University,USA,Universities
306,Medizinische Universitat Graz *,AUT,Universities
307,Carol Davila University of Medicine and Pharmacy,ROU,Universities
308,"Fondazione IRCCS Ospedale Maggiore Policlinico, Mangiagalli e Regina Elena",ITA,Health
309,First Affiliated Southwest Hospital to Third Military Medical University,CHN,Health
310,Samsung Medical Center Seoul,KOR,Health
311,National Taiwan University,TWN,Universities
312,Helsinki University Central Hospital,FIN,Health
313,The Royal Marsden NHS Foundation Trust,GBR,Health
314,Kobe University *,JPN,Universities
315,Centre Leon-Berard,FRA,Health
316,CareGroup Healthcare System *,USA,Health
317,University of Central Florida,USA,Universities
318,Institut Bergonie *,FRA,Government
319,Albert-Ludwigs-Universitat Freiburg im Breisgau,DEU,Universities
320,Universitatsklinikum Freiburg,DEU,Health
321,Universidad Europea de Madrid *,ESP,Universities
322,Fondazione Policlinico Universitario Agostino Gemelli IRCCS,ITA,Health
323,The University of Hong Kong *,HKG,Universities
324,Hospital for Sick Children,CAN,Health
325,University of Ulsan *,KOR,Universities
325,Universite Paris-Saclay *,FRA,Universities
327,University of Southern Denmark,DNK,Universities
328,Westmead Hospital ,AUS,Health
329,Barts and the London NHS Trust,GBR,Health
330,Princess Margaret Cancer Centre,CAN,Health
331,University of Portsmouth,GBR,Universities
332,Universite Claude Bernard Lyon 1 *,FRA,Universities
333,Army Medical University *,CHN,Universities
334,Brown University,USA,Universities
335,University of Kentucky *,USA,Universities
336,Simon Fraser University,CAN,Universities
337,Universite de Montreal,CAN,Universities
338,Tehran University of Medical Sciences *,IRN,Universities
339,Swiss Federal Institute of Technology,CHE,Universities
340,McGill University Health Centre,CAN,Health
341,"University of Maryland, College Park *",USA,Universities
342,Universite de Bordeaux *,FRA,Universities
343,University of Rochester Medical Center,USA,Health
344,Odense University Hospital,DNK,Health
345,Humboldt-Universitat zu Berlin *,DEU,Universities
346,Emory Healthcare,USA,Health
347,Klinikum Rechts der Isar der Technische Universitat Munchen,DEU,Health
348,Semmelweis University,HUN,Universities
349,Sunnybrook Health Sciences Centre,CAN,Health
350,Roswell Park Cancer Institute,USA,Health
351,Grupo Hospitalario Quironsalud *,MUL,Health
352,Universite de Lille *,FRA,Universities
353,Fundacao Oswaldo Cruz *,BRA,Health
354,Norwegian University of Science and Technology,NOR,Universities
355,National University Health System *,SGP,Health
355,University of Warwick,GBR,Universities
357,Universidade de Santiago de Compostela *,ESP,Universities
358,University of Nebraska Medical Center,USA,Universities
359,Florida International University,USA,Universities
360,University of Kansas Medical Center,USA,Health
361,Fraunhofer Gesellschaft *,DEU,Government
362,Toronto Western Hospital,CAN,Health
363,Medical College of Wisconsin,USA,Universities
364,Royal College of Surgeons *,IRL,Universities
365,Eberhard-Karls-Universitat Tubingen,DEU,Universities
366,Universitatsklinikums Aachen,DEU,Health
367,Novartis *,MUL,Companies
368,Medizinische Hochschule Hannover,DEU,Universities
369,"Texas A&M University, College Station *",USA,Universities
370,Second Xiangya Hospital Affiliated to Central South University,CHN,Health
371,University College London Hospital NHS Trust,GBR,Health
372,Xiangya Hospital Affiliated to Central South University,CHN,Health
373,University Hospital Maastricht,NLD,Health
374,Dartmouth College *,USA,Universities
374,University of Auckland,NZL,Universities
376,Aix-Marseille Universite *,FRA,Universities
377,Centers for Disease Control and Prevention,USA,Health
377,Royal Prince Alfred Hospital ,AUS,Health
379,University of North Texas Health Science Center,USA,Health
380,The University of Manchester *,GBR,Universities
381,Temple University *,USA,Universities
382,Harbin Medical University *,CHN,Universities
383,University Hospitals of Cleveland  *,USA,Health
384,Cincinnati Children's Hospital Medical Center,USA,Health
385,Universitatsklinikum Koln,DEU,Health
386,"Pfizer Inc, United States",USA,Companies
387,University of South Florida,USA,Universities
388,Nantong University *,CHN,Universities
389,Northwell Health *,USA,Health
390,Jagiellonian University,POL,Universities
391,Institut Gustave Roussy *,FRA,Health
392,University of South Florida System *,USA,Universities
393,Peking Union Medical College Hospital Beijing,CHN,Health
394,Sir Mortimer B. Davis Jewish General Hospital,CAN,Health
395,University of Medicine and Pharmacy Craiova,ROU,Universities
396,Shanghai Medical College of Fudan University,CHN,Universities
396,Centro de Investigacion Biomedica en Red sobre Enfermedades Neurodegenerativas,ESP,Health
398,Klinikum Ludwig Maximilians Universitat Munchen,DEU,Health
399,Albany Medical Center *,USA,Health
400,Nottingham University Hospitals NHS Trust,GBR,Health
401,H. Lee Moffitt Cancer Center and Research Institute,USA,Health
402,"University of Technology, Sydney",AUS,Universities
403,"Grupo Hospitalario Quironsalud, Spain",ESP,Health
404,First Affiliated Hospital of Zhengzhou University,CHN,Health
405,Medical University of South Carolina *,USA,Universities
406,West Virginia University *,USA,Universities
407,Tel Aviv University,ISR,Universities
408,"City University of New York, John Jay College of Criminal Justice",USA,Universities
409,University of Athens,GRC,Universities
410,Consiglio Nazionale delle Ricerche *,ITA,Government
411,Aston University,GBR,Universities
412,Queen's University,CAN,Universities
413,Azienda Ospedaliera di Padova,ITA,Health
414,Osaka University *,JPN,Universities
415,Centre Hospitalier Regional Universitaire de Lille *,FRA,Health
416,Tianjin Medical University *,CHN,Universities
417,University of Wisconsin Health,USA,Health
418,Lancaster University *,GBR,Universities
419,University of Alberta,CAN,Universities
420,Universitat Pompeu Fabra *,ESP,Universities
421,First Affiliated Hospital of Soochow University,CHN,Health
422,Universitat de Valencia *,ESP,Universities
423,Ospedale Pediatrico Bambino Gesu,VAT,Health
424,Keio University *,JPN,Universities
425,Seoul National University Hospital *,KOR,Health
426,Nagoya University *,JPN,Universities
427,University of Arizona *,USA,Universities
428,University of Exeter,GBR,Universities
429,University of Pretoria,ZAF,Universities
430,"University of Illinois, Chicago *",USA,Universities
431,George Washington University *,USA,Universities
432,West China Hospital,CHN,Health
433,Universidade de Coimbra *,PRT,Universities
434,Universitatsklinikum Carl Gustav Carus Dresden,DEU,Health
435,University of Texas Medical Branch ,USA,Universities
436,National Taiwan University Hospital,TWN,Health
437,Fundacio de Recerca Clinic Barcelona-Institut d’Investigacions Biomediques August Pi i Sunyer,ESP,Health
438,Ecole Polytechnique Federale de Lausanne,CHE,Universities
439,Tata Memorial Centre,IND,Government
440,University of Leicester,GBR,Universities
441,Medizinische Universitat Innsbruck *,AUT,Universities
442,Tokyo Medical and Dental University,JPN,Universities
443,University College Dublin,IRL,Universities
444,University of Florida Health Science Center,USA,Health
445,Montefiore Medical Center *,USA,Health
446,University Hospitals Birmingham NHS Foundation Trust,GBR,Health
447,University of Glasgow *,GBR,Universities
448,Virginia Commonwealth University *,USA,Universities
449,Junta de Andalucia *,MUL,Government
450,Catholic University of Korea *,KOR,Universities
451,Dalhousie University *,CAN,Universities
452,National Center of Neurology and Psychiatry,JPN,Health
453,Stockholm University *,SWE,Universities
454,Guys & Saint Thomas NHS Foundation Trust,GBR,Health
455,University of Liverpool *,GBR,Universities
456,Universitat Duisburg Essen *,DEU,Universities
457,Great Ormond Street Hospital for Children NHS Trust,GBR,Health
458,"University of Texas, Austin",USA,Universities
459,Universitatsklinikum Dusseldorf,DEU,Health
460,University of Dundee,GBR,Universities
461,Universidad de Granada *,ESP,Universities
462,Hebei Medical University *,CHN,Universities
463,University of Strathclyde *,GBR,Universities
464,Thomas Jefferson University *,USA,Universities
465, Centre Hospitalier de l'Universite de Montreal,CAN,Health
466,Laval University,CAN,Universities
467,Universitatsklinikum Tubingen,DEU,Health
468,Tulane University *,USA,Universities
469,Juntendo University *,JPN,Universities
470,"University of Nebraska, Lincoln",USA,Universities
471,Maastricht University,NLD,Universities
472,Friedrich-Schiller-Universitat Jena *,DEU,Universities
473,Universitatsklinikum Bonn,DEU,Health
474,Iowa State University,USA,Universities
475,Johann Wolfgang Goethe-Universitat Frankfurt am Main *,DEU,Universities
476,Universidad Complutense de Madrid *,ESP,Universities
477,UC San Diego Health System,USA,Health
478,Aarhus University Hospital,DNK,Health
479,Universita degli Studi di Bari,ITA,Universities
480,Fondazione IRCCS San Raffaele del Monte Tabor,ITA,Health
481,Nanjing University *,CHN,Universities
482,Shanxi Medical University *,CHN,Universities
483,Ministry of Health of the Russian Federation,RUS,Health
484,Hospital Universitario Fundacion Jimenez Diaz,ESP,Health
485,Helmholtz Zentrum Munchen Forschungszentrum fur Umwelt und Gesundheit,DEU,Government
486,"Universite Paul Sabatier, Toulouse III *",FRA,Universities
487,Hebrew University of Jerusalem,ISR,Universities
488,University of New Mexico *,USA,Universities
489,Universitat Ulm *,DEU,Universities
490,Tufts University,USA,Universities
491,Universita degli Studi di Trento,ITA,Universities
492,Tokyo Medical University *,JPN,Universities
493,The First Affiliated Hospital of Zhejiang University,CHN,Health
494,Taipei Medical University,TWN,Universities
495,Institut d'Investigacio Biomedica de Bellvitge,ESP,Health
496,University of South Carolina *,USA,Universities
497,Hospital Universitari de Bellvitge,ESP,Health
498,University of Szeged,HUN,Universities
499,University of Virginia Health System,USA,Health
500,Kings College Hospital NHS Foundation Trust,GBR,Health
501,Dartmouth-Hitchcock Health Care System,USA,Health
502,Royal Brisbane and Women's Hospital *,AUS,Health
503,McMaster University *,CAN,Universities
504,Northumbria University,GBR,Universities
505,University of Western Ontario,CAN,Universities
505,University of Turku,FIN,Universities
507,University of Chicago Medical Center ,USA,Health
508,University of Cape Town,ZAF,Universities
509,Hokkaido University *,JPN,Universities
510,"University of Texas, San Antonio",USA,Universities
511,Qingdao University *,CHN,Universities
512,Penn State Milton S. Hershey Medical Center,USA,Health
513,Centre Hospitalier Regional et Universitaire de Tours,FRA,Health
514,Universitat zu Koln,DEU,Universities
515,The Leeds Teaching Hospitals NHS Trust,GBR,Health
516,George Mason University,USA,Universities
517,Assistance Publique Hopitaux de Marseille *,FRA,Health
518,University of Texas Health Science Center at San Antonio ,USA,Universities
518,Shanghai Pulmonary Hospital,CHN,Health
520,Hospital Universitari Vall d'Hebron,ESP,Health
521,"University of Colorado, Boulder *",USA,Universities
522,Queensland University of Technology,AUS,Universities
523,Universitatsklinikum Mannheim,DEU,Health
524,"University of Maryland, Baltimore",USA,Universities
525,Wuhan Union Hospital,CHN,Health
525,Ospedale Casa Sollievo della Sofferenza IRCCS,ITA,Health
527,Institut Catala de la Salut Metropolitana Sud,ESP,Health
528,Air Force Medical University *,CHN,Universities
529,Hospices Civils de Lyon *,FRA,Health
530,Singapore General Hospital,SGP,Health
531,Universita degli Studi di Firenze,ITA,Universities
532,University of Minnesota Health and Medicine,USA,Universities
533,Cairo University *,EGY,Universities
534,"University of Nebraska, Omaha",USA,Universities
535,Hospital do Cancer AC Camargo,BRA,Health
536,University of Saskatchewan,CAN,Universities
537,Nanchang University *,CHN,Universities
538,Drexel University,USA,Universities
539,Georgia State University,USA,Universities
540,Ann & Robert H Lurie Children s Hospital,USA,Health
541,Uniformed Services University of the Health Sciences,USA,Universities
542,Tohoku University *,JPN,Universities
543,Saveetha Dental College Hospital,IND,Health
544,Universite Cote d’Azur *,FRA,Universities
545,Kyoto University *,JPN,Universities
546,University of Louisville *,USA,Universities
547,Universita degli Studi di Genova,ITA,Universities
548,Universita Politecnica delle Marche,ITA,Universities
549,Shanghai Cancer Center Fudan University,CHN,Health
550,"State University of New York, Buffalo",USA,Universities
550,Azienda Ospedaliera di Verona,ITA,Health
552,Hopitaux Universitaires de Geneve,CHE,Health
553,Universitat Basel *,CHE,Universities
554,University Hospitals Coventry and Warwickshire NHS Trust,GBR,Health
555,City of Hope,USA,Health
556,Texas Children's Hospital ,USA,Health
557,University Putra Malaysia,MYS,Universities
558,First Affiliated Hospital of Xi'an Jiaotong University,CHN,Health
559,Universidade Federal do Rio Grande do Sul,BRA,Universities
560,University of Tennessee Health Science Center,USA,Health
560,Children's Healthcare of Atlanta ,USA,Health
562,Henry Ford Health System,USA,Health
563,Renmin Hospital of Wuhan University,CHN,Health
564,University of Surrey,GBR,Universities
565,Istituto Neurologico Mediterraneo Neuromed IRCCS,ITA,Health
565,Azienda Ospedaliero Universitaria di Bologna - Policlinico di Sant'Orsola Malpighi,ITA,Health
567,University of Western Sydney,AUS,Universities
568,Nanfang Hospital,CHN,Health
569,Wenzhou Medical University *,CHN,Universities
569,Julius-Maximilians-Universitat Wurzburg *,DEU,Universities
571,New York Presbyterian Hospital,USA,Health
572,Newcastle upon Tyne Hospitals NHS Foundation Trust,GBR,Health
573,University of Belgrade,SRB,Universities
574,Temple Health,USA,Health
575,"Prince of Wales Hospital, Hong Kong",HKG,Health
576,Universita degli Studi di Pavia,ITA,Universities
577,Russian Academy of Medical Sciences,RUS,Health
578,Shiraz University of Medical Sciences *,IRN,Universities
579,Hospital de la Santa Creu i Sant Pau *,ESP,Health
580,"University of Massachusetts, Lowell",USA,Universities
581,General Hospital of Tianjin Medical University,CHN,Health
582,Universidad de Salamanca *,ESP,Universities
583,Wake Forest University *,USA,Universities
584,Universita degli Studi di Pisa,ITA,Universities
585,Arizona Health Sciences Center University of Arizona Tucson,USA,Health
586,Universitatsklinikum Essen,DEU,Health
587,Yokohama City University *,JPN,Universities
588,Rheinisch-Westfalische Technische Hochschule Aachen,DEU,Universities
589,Universita degli Studi di Palermo,ITA,Universities
590,"University of Missouri, Columbia *",USA,Universities
591,Polish Academy of Sciences *,POL,Government
592,Maria Sklodowska-Curie Memorial Institute of Oncology,POL,Health
593,Sun Yat-sen University Cancer Center,CHN,Health
594,Wake Forest University Baptist Medical Center,USA,Health
595,South Eastern Sydney Local Health District *,AUS,Health
596,University of Science and Technology of China *,CHN,Universities
597,Dutch Scientific Research Institutes *,NLD,Non-Profit
598,University Hospital Southampton NHS Foundation Trust,GBR,Health
599,Nagasaki University *,JPN,Universities
600,Radboud University Nijmegen,NLD,Universities
601,Rush University *,USA,Universities
602,University of Massachusetts Medical School,USA,Universities
603,Universidad de Navarra *,ESP,Universities
604,Mashhad University of Medical Sciences,IRN,Universities
605,Hacettepe University,TUR,Universities
606,The University of Newcastle,AUS,Universities
607,Ghent University Hospital,BEL,Health
608,Aristotle University of Thessaloniki,GRC,Universities
609,"University of Texas, Dallas",USA,Universities
609,NHS Greater Glasgow and Clyde,GBR,Health
611,University of Kentucky HealthCare,USA,Health
612,Sheba Medical Center,ISR,Health
613,University of Aberdeen,GBR,Universities
614,XuanWu Hospital,CHN,Health
615,"Centro de Investigacion Biomedica en Red sobre Enfermedades Neurodegenerativas, Madrid",ESP,Health
616,Clinica Universidad de Navarra,ESP,Health
617,University of Tsukuba *,JPN,Universities
618,Korea University *,KOR,Universities
619,Universidade Federal do Rio de Janeiro *,BRA,Universities
620,University of Arkansas for Medical Sciences,USA,Universities
621,Trinity College Dublin *,IRL,Universities
622,"Cancer Institute and Hospital, Chinese Academy of Medical Sciences",CHN,Health
623,Leibniz Gemeinschaft *,DEU,Government
624,Shuang Ho Hospital,TWN,Health
625,State University of New York Upstate Medical University *,USA,Universities
626,"Louisiana State University, Health Sciences Center *",USA,Universities
627,Tokyo Womens Medical University *,JPN,Universities
628,Universidad de Cordoba *,ESP,Universities
629,Hofstra University *,USA,Universities
630,Parc de Salut Mar de Barcelona *,ESP,Health
631,Dalian Medical University *,CHN,Universities
632,Anhui Medical University *,CHN,Universities
633,Istituto Europeo di Oncologia,ITA,Health
634,Medical University of Lodz,POL,Universities
635,Hospital Universitario 12 de Octubre *,ESP,Health
636,Donald and Barbara Zucker School of Medicine at Hofstra/Northwell,USA,Universities
637,Rush University Medical Center,USA,Health
638,Victoria University of Wellington,NZL,Universities
639,Universidade Estadual Paulista Julio de Mesquita Filho,BRA,Universities
639,Johannes Gutenberg-Universitat Mainz *,DEU,Universities
641,Universidad de Alcala *,ESP,Universities
642,Albert Einstein College of Medicine,USA,Universities
642,Universita degli Studi della Campania Luigi Vanvitelli,ITA,Universities
644,National University of Malaysia *,MYS,Universities
645,Spedali Civili di Brescia,ITA,Health
646,Australian National University,AUS,Universities
647,Saitama Medical University *,JPN,Universities
648,Universitat Regensburg *,DEU,Universities
649,Universita degli Studi di Modena e Reggio Emilia,ITA,Universities
650,University Hospital of Bern,CHE,Health
651,Xijing Hospital,CHN,Health
652,Taipei Veterans General Hospital,TWN,Health
653,I.M. Sechenov First Moscow State Medical University,RUS,Universities
654,Kurume University *,JPN,Universities
655,NHS Lothian,GBR,Health
656,Niigata University *,JPN,Universities
657,Aichi Medical University *,JPN,Universities
658,Universidad del Pais Vasco *,ESP,Universities
659,Universitatsklinikum Schleswig-Holstein,DEU,Health
660,Hiroshima University *,JPN,Universities
660,Universite Montpellier *,FRA,Universities
662,University of Iowa Health Care,USA,Health
663,Universita degli Studi di Milano-Bicocca,ITA,Universities
664,Universite Grenoble-Alpes *,FRA,Universities
665,Ospedale Policlinico San Martino,ITA,Health
666,University of Bristol *,GBR,Universities
667,Ruijin Hospital,CHN,Health
668,Children's Hospital Los Angeles ,USA,Health
669,Universitatsklinikum Frankfurt,DEU,Health
669,Universidade do Minho,PRT,Universities
671,Nationwide Children's Hospital ,USA,Health
672,Hospital Universitari Germans Trias i Pujol,ESP,Health
673,Shanghai Sixth People's Hospital,CHN,Health
674,University of New Haven,USA,Universities
674,National Health Commission of the People's Republic of China *,CHN,Health
676,University of Debrecen,HUN,Universities
677,University of Ljubljana *,SVN,Universities
678,University of Ottawa,CAN,Universities
679,University of Cincinnati Medical Center,USA,Health
680,Sungkyunkwan University,KOR,Universities
681,Hirosaki University *,JPN,Universities
682,"Saint Louis University, Saint Louis *",USA,Universities
683,Otto-von-Guericke-Universitat Magdeburg *,DEU,Universities
684,Koc University,TUR,Universities
685,Institut de Psychiatrie et Neurosciences de Paris,FRA,Government
686,"University of Missouri, Kansas City",USA,Universities
687,Universita degli Studi di Trieste,ITA,Universities
688,The Ottawa Hospital  *,CAN,Health
689,Zhongshan Hospital,CHN,Health
690,The Second Affiliated Hospital of Zhejiang University,CHN,Health
691,Palacky University *,CZE,Universities
692,King Chulalongkorn Memorial Hospital,THA,Health
693,University of Vermont,USA,Universities
694,Centre Hospitalier Universitaire de Toulouse *,FRA,Health
695,Medical University of Warsaw,POL,Universities
696,Universite Paris-Est Creteil *,FRA,Universities
697,Kitasato University *,JPN,Universities
698,Shanghai Ninth People's Hospital,CHN,Health
699,Third Hospital Affiliated to Central South University,CHN,Health
700,Universita degli Studi di Roma Tor Vergata,ITA,Universities
701,"Prince of Wales Hospital, Australia",AUS,Health
702,Justus-Liebig-Universitat Giessen *,DEU,Universities
703,Nanjing Drum Tower Hospital,CHN,Health
704,The General Hospital of the People's Liberation Army *,CHN,Health
705,Fujian Medical University *,CHN,Universities
706,Universitatsmedizin der Johannes Gutenberg-Universitat Mainz,DEU,Health
707,Universite Libre de Bruxelles,BEL,Universities
708,Masaryk University,CZE,Universities
709,Alexandria University *,EGY,Universities
710,Tampere University,FIN,Universities
711,Aga Khan University *,PAK,Universities
712,Chongqing Medical University *,CHN,Universities
713,University of Pecs,HUN,Universities
714,Hospital Universitario La Paz,ESP,Health
714,"University of Science, Malaysia *",MYS,Universities
716,Iran University of Medical Sciences *,IRN,Universities
717,Rowan University,USA,Universities
718,Institut Catala de la Salut Metropolitana Nord,ESP,Health
718,Second Military Medical University *,CHN,Universities
720,"University of Missouri, Saint Louis",USA,Universities
721,University of Teesside,GBR,Universities
722,Carleton University,CAN,Universities
723,Universite de Versailles Saint Quentin en Yvelines *,FRA,Universities
724,University of North Texas,USA,Universities
725,Universidad de Malaga *,ESP,Universities
726,Universidade Federal de Sao Paulo *,BRA,Universities
727,"Chang Gung Memorial Hospital, Kaohsiung",TWN,Health
728,Cranfield University,GBR,Universities
729,Universite de Strasbourg *,FRA,Universities
730,Sapporo Medical University *,JPN,Universities
731,"University of the Witwatersrand, Johannesburg",ZAF,Universities
732,National Health Laboratory Services,ZAF,Government
733,Universidade de Lisboa *,PRT,Universities
734,American University of Beirut *,LBN,Universities
735,First Hospital of Jilin University,CHN,Health
735,Christian-Albrechts-Universitat zu Kiel,DEU,Universities
737,Huashan Hospital,CHN,Health
738,Deakin University *,AUS,Universities
739,University of Oklahoma *,USA,Universities
740,Guangxi Medical University *,CHN,Universities
741,University Hospital Centre Zagreb,HRV,Health
742,Universidad Nacional Autonoma de Mexico,MEX,Universities
743,Universita degli Studi dell'Insubria,ITA,Universities
744,Universita degli Studi di Brescia,ITA,Universities
745,Okayama University *,JPN,Universities
746,Wakayama Medical University *,JPN,Universities
747,Women's Hospital School of Medicine Zhejiang University,CHN,Health
748,Jinan University *,CHN,Universities
749,Centro de Investigacion Biomedica en Red de Enfermedades Raras,ESP,Health
750,Swinburne University of Technology *,AUS,Universities
751,King Abdulaziz University *,SAU,Universities
752,Jinling Hospital,CHN,Health
753,La Trobe University *,AUS,Universities
754,Chulalongkorn University,THA,Universities
755,"University of Medicine, Pharmacy, Science and Technology of Targu Mures",ROU,Universities
756,Rhode Island Hospital ,USA,Health
757,Universitatsklinikum Jena,DEU,Health
758,Jackson Health System,USA,Health
759,Iuliu Hatieganu University of Medicine and Pharmacy Cluj Napoca,ROU,Universities
760,Tianjin Medical University Cancer Institute and Hospital,CHN,Health
761,Manchester University NHS Foundation Trust,GBR,Health
762,"RTI International, United States",USA,Companies
763,University of Manitoba,CAN,Universities
764,University of Mississippi *,USA,Universities
765,Dokuz Eylul University *,TUR,Universities
766,Curtin University *,AUS,Universities
767,Centre Hospitalier Universitaire de Bordeaux,FRA,Health
768,Universite Francois Rabelais de Tours *,FRA,Universities
769,Centre Hospitalier Universitaire de Nancy,FRA,Health
770,Old Dominion University,USA,Universities
771,Centre Hospitalier Sainte Anne,FRA,Health
772,Japanese Foundation for Cancer Research,JPN,Health
773,St. Vincent's University Hospital,IRL,Health
774,University of Huddersfield,GBR,Universities
775,The Jikei University School of Medicine *,JPN,Universities
776,Ankara University,TUR,Universities
777,National Yang Ming Chiao Tung University,TWN,Universities
778,Amity University *,IND,Universities
778,Universitatsklinikum Leipzig,DEU,Health
780,Tabriz University of Medical Sciences,IRN,Universities
781,Memorial University of Newfoundland,CAN,Universities
782,Hospital Universitario Ramon y Cajal *,ESP,Health
783,Northshore University HealthSystem,USA,Health
784,The Nottingham Trent University,GBR,Universities
785,University of Medicine and Pharmacy Victor Babes,ROU,Universities
786,"Institut National de Recherche pour l'Agriculture, l'Alimentation et l'Environnement *",FRA,Government
787,Hospital Universitario de La Princesa *,ESP,Health
788,University of Miyazaki *,JPN,Universities
789,Virginia Polytechnic Institute and State University *,USA,Universities
789,Kanazawa University *,JPN,Universities
791,Sheffield Teaching Hospitals NHS Trust,GBR,Health
792,National Institute of Oncology,HUN,Government
792,"Kaiser Permanente, Oakland *",USA,Health
794,Loyola University of Chicago *,USA,Universities
795,Xiamen University *,CHN,Universities
796,Chiang Mai University,THA,Universities
797,University of Indonesia,IDN,Universities
798,Chang Gung University,TWN,Universities
799,First Affiliated Hospital of Nanchang University,CHN,Health
800,Institut Hospital del Mar d’Investigacions Mediques,ESP,Health
801,Ain Shams University *,EGY,Universities
802,Monash Health *,AUS,Health
803,London Health Sciences Centre,CAN,Health
804,University of Delhi *,IND,Universities
805,University of Malaya *,MYS,Universities
806,Universidad de Antioquia *,COL,Universities
807,University of Notre Dame Australia,AUS,Universities
808,Murdoch University,AUS,Universities
809,University of Canberra,AUS,Universities
810,Menoufia University *,EGY,Universities
811,Gifu University *,JPN,Universities
812,Istituto Giannina Gaslini Ospedale Pediatrico IRCCS,ITA,Health
813,University of Health Sciences,TUR,Universities
814,Universidade Nova de Lisboa *,PRT,Universities
815,Tilburg University,NLD,Universities
816,National Defense Medical College *,JPN,Universities
817,SUNY Downstate Medical Center,USA,Universities
817,Chi Mei Medical Center,TWN,Health
819,King Saud University *,SAU,Universities
820,Istanbul University *,TUR,Universities
821,Macquarie University *,AUS,Universities
821,Shinshu University *,JPN,Universities
823,Hamamatsu University School of Medicine *,JPN,Universities
824,Gunma University *,JPN,Universities
825,"Chang Gung Memorial Hospital, Taipei *",TWN,Health
826,Turku University Hospital,FIN,Health
827,The Affiliated Hospital of Qingdao University Medical College,CHN,Health
828,First Affiliated Jiangsu Province Hospital with Nanjing Medical University,CHN,Health
829,"University of Connecticut, Storrs *",USA,Universities
830,George Washington The School of Medicine & Health Sciences,USA,Health
831,University of Twente,NLD,Universities
832,Hanyang University *,KOR,Universities
833,University of Medicine and Pharmacy Grigore T. Popa of Iasi,ROU,Universities
834,Saint Louis University Care,USA,Health
835,Panjab University,IND,Universities
836,Universita degli Studi di Catania,ITA,Universities
837,Institut Mondor de Recherche Biomedicale,FRA,Government
838,Kagoshima University *,JPN,Universities
838,Universidade de Brasilia,BRA,Universities
840,Homi Bhabha National Institute,IND,Universities
841,Council of Scientific and Industrial Research *,IND,Government
841,"Christian Medical College, Vellore",IND,Universities
843,Universita degli Studi di Messina,ITA,Universities
844,Universite du Quebec en Quebec *,CAN,Universities
845,University of Oklahoma Health Sciences Center,USA,Universities
846,First Affiliated Hospital of Anhui Medical University,CHN,Health
847,Shandong Provincial Hospital,CHN,Health
848,Mahidol University *,THA,Universities
849,Detroit Medical Center,USA,Health
850,Zagazig University *,EGY,Universities
851,Eli Lilly *,MUL,Companies
852,Showa University *,JPN,Universities
853,Shiga University of Medical Science *,JPN,Universities
854,Universita degli Studi di Foggia,ITA,Universities
855,Oita University *,JPN,Universities
856,"Islamic Azad University, Tehran Medical Sciences",IRN,Universities
857,Fourth Hospital of Hebei Medical University,CHN,Health
858,Children's National Health System,USA,Health
859,Sun Yat-sen University First Hospital,CHN,Health
860,Hospital Clinico Universitario de Valencia *,ESP,Health
861,Fujita Health University *,JPN,Universities
862,Universiti Teknologi MARA,MYS,Universities
863,Auckland City Hospital,NZL,Health
864,"Texas State University, San Marcos",USA,Universities
865,Tufts Medical Center,USA,Health
866,Pirogov Russian National Research Medical University,RUS,Universities
867,Jawaharlal Institute of Postgraduate Medical Education and Research,IND,Universities
868,Centre Hospitalier Universitaire de Nice *,FRA,Health
869,Philipps-Universitat Marburg *,DEU,Universities
870,London School of Hygiene and Tropical Medicine,GBR,Universities
871,Universitat des Saarlandes *,DEU,Universities
872,Nagoya City University *,JPN,Universities
873,Kharkiv National Medical University,UKR,Universities
874,Centre de Recherches en Cancerologie de Toulouse,FRA,Government
875,Jichi Medical University *,JPN,Universities
876,"Northwest University, Xi'an",CHN,Universities
877,Shizuoka Cancer Center,JPN,Health
878,King Georges Medical University,IND,Universities
879,Gazi University,TUR,Universities
880,University of Central Lancashire,GBR,Universities
881,Universita degli Studi di Salerno,ITA,Universities
882,China University of Political Science and Law,CHN,Universities
883,Korea University Medical Center,KOR,Health
884,Universita degli Studi di Siena,ITA,Universities
885,Lanzhou University *,CHN,Universities
886,National Cheng Kung University Hospital,TWN,Health
887,The University of Vermont Medical Center,USA,Health
888,Kyorin University *,JPN,Universities
888,Universidade Federal de Pernambuco,BRA,Universities
890,Loyola Medicine,USA,Health
891,Universita degli Studi di Parma,ITA,Universities
892,Fondazione IRCCS Policlinico San Matteo ,ITA,Health
893,Instituto Ramon y Cajal de Investigacion Sanitaria,ESP,Health
894,Universite d'Angers *,FRA,Universities
895,Complejo Universitario de San Carlos *,ESP,Health
896,U.S. Army *,USA,Government
897,Guizhou Medical University,CHN,Universities
898,University of Connecticut Health Center,USA,Universities
899,Universidade Federal do Rio Grande do Norte,BRA,Universities
900,Centre Hospitalier Universitaire de Saint-Etienne,FRA,Health
901,Geisinger Medical System,USA,Health
901,Kyoto University Hospital,JPN,Health
903,Nippon Medical School *,JPN,Universities
904,Kyungpook National University *,KOR,Universities
905,Centre Hospitalier Universitaire de Montpellier *,FRA,Health
905,Chiba University *,JPN,Universities
907,Universidade do Estado do Rio de Janeiro *,BRA,Universities
908,Bar-Ilan University,ISR,Universities
909,"Nova Southeastern University, Estados Unidos",USA,Universities
910,First Affiliated Hospital of Chongqing Medical University,CHN,Health
911,Indian Council of Medical Research *,IND,Health
912,Azienda Ospedaliera Careggi,ITA,Health
913,Istituto Oncologico Veneto,ITA,Health
914,Osaka National Hospital,JPN,Health
915,Te Whatu Ora Health New Zealand *,NZL,Health
916,Kindai University *,JPN,Universities
917,Fukuoka University *,JPN,Universities
918,Ministry of Health *,TUR,Health
919,Tottori University *,JPN,Universities
920,Lomonosov  Moscow State University,RUS,Universities
921,Imam Khomeini Hospital Complex,IRN,Health
922,Izmir Katip Celebi University *,TUR,Universities
923,"Eli Lilly and Company, United States",USA,Companies
924,Chung-Ho Memorial Hospital,TWN,Health
925,First Affiliated Hospital of China Medical University,CHN,Health
926,Motol University Hospital,CZE,Health
927,Sharda University,IND,Universities
928,University of Yamanashi *,JPN,Universities
929,Toho University *,JPN,Universities
930,Xunta de Galicia A Coruna,ESP,Government
931,Chinese Peoples Public Security University,CHN,Universities
932,Universidade Federal do Para,BRA,Universities
933,Kyoto Prefectural University of Medicine,JPN,Universities
934,Iwate Medical University *,JPN,Universities
935,Ehime University *,JPN,Universities
936,University of KwaZulu-Natal *,ZAF,Universities
937,Hopitaux Universitaires de Strasbourg,FRA,Health
938,Universite du Quebec en Trois-Rivieres,CAN,Universities
939,Tokai University *,JPN,Universities
940,Birmingham Women's NHS Foundation Trust,GBR,Health
941,Kunming Medical University *,CHN,Universities
942,Nara Medical University *,JPN,Universities
943,Osaka International Cancer Institute,JPN,Health
944,Universidade Federal da Bahia,BRA,Universities
945,Queen Mary Hospital Hong Kong,HKG,Health
946,Orebro Universitet,SWE,Universities
947,Universite de Tunis El Manar *,TUN,Universities
948,Seth Gordhandas Sunderdas Medical College and King Edward Memorial Hospital ,IND,Health
949,Universitatsklinikum Giessen und Marburg GmbH Standort Giessen,DEU,Health
950,Ministry of Health,MYS,Health
951,Universidad de la Republica *,URY,Universities
952,University of Toyama *,JPN,Universities
953,Sir Run Run Shaw Hospital,CHN,Health
954,Ege University,TUR,Universities
955,Kansai Medical University *,JPN,Universities
956,First Affiliated Hospital of Guangxi Medical University,CHN,Health
957,Centre Hospitalier Universitaire d'Angers,FRA,Health
958,Banaras Hindu University,IND,Universities
959,First Affilated Hospital of Wenzhou Medical University,CHN,Health
960,Eastern Virginia Medical School,USA,Universities
961,Cukurova University,TUR,Universities
962,Universidade da Coruna,ESP,Universities
963,Shandong First Medical University *,CHN,Universities
964,International University of Health and Welfare *,JPN,Universities
964,University of Ontario Institute of Technology,CAN,Universities
966,The First Affiliated Hospital of Fujian Medical University,CHN,Health
967,Tarbiat Modares University,IRN,Universities
968,Second Clinical Hospital of Jilin University,CHN,Health
969,Istanbul University Cerrahpasa *,TUR,Universities
970,Hyogo Cancer Center,JPN,Government
971,Imam Abdulrahman Bin Faisal University *,SAU,Universities
972,Guangzhou University of Traditional Chinese Medicine *,CHN,Universities
973,National Institute of Mental Health and Neuro Sciences,IND,Universities
974,Maulana Azad Medical College,IND,Health
975,Aljouf University,SAU,Universities
976,N.I. Lobachevsky State University of Nizhni Novgorod *,RUS,Universities
977,Children's Hospital of Eastern Ontario,CAN,Health
978,Akdeniz University,TUR,Universities
979,Kagawa University *,JPN,Universities
980,Xuzhou Medical University,CHN,Universities
981,International Islamic University Malaysia,MYS,Universities
982,Safdarjang Hospital,IND,Health
983,Erciyes University,TUR,Universities
984,Hospital Universitario Marques de Valdecilla,ESP,Health
985,University of Peradeniya,LKA,Universities
986,Dicle University *,TUR,Universities
987,Loma Linda University *,USA,Universities
988,Baskent University *,TUR,Universities
989,Institute of Cytology Russian Academy of Sciences,RUS,Government
990,Xinjiang Medical University *,CHN,Universities
991,University of Haifa,ISR,Universities
992,University College of Medical Sciences,IND,Universities
993,Sanjay Gandhi Postgraduate Institute of Medical Sciences,IND,Universities
994,Peoples'Friendship University of Russia,RUS,Universities
995,Zhongshan Hospital Xiamen University,CHN,Health
996,University of Nigeria,NGA,Universities
997,Suez Canal University *,EGY,Universities
998,Faculdade Sao Leopoldo Mandic,BRA,Universities
999,"University of North Carolina, Charlotte",USA,Universities
1000,Belarusian State Medical University,BLR,Universities
1001,Medical University of Kerman,IRN,Universities
1002,Tokyo Dental College *,JPN,Universities
1003,Almazov National Medical Research Centre,RUS,Health
1004,Ochsner Healthcare *,USA,Health
1005,Shanghai University of Traditional Chinese Medicine *,CHN,Universities
1006,Center for Health Technology and Services Research,PRT,Non-Profit
1007,Sultan Idris University of Education,MYS,Universities
1008,Moscow State University of Medicine and Dentistry,RUS,Universities
1009,"Islamic Azad University, Science and Research Branch",IRN,Universities
1010,Research Institute of Human Morphology of the Russian Academy of Medical Sciences,RUS,Health
1011,Loma Linda University Medical Center ,USA,Health
1012,Hospital Universitario Puerta de Hierro Majadahonda *,ESP,Health
1013,"Government Medical College and Hospital, Chandigarh",IND,Health
1014,Russian Medical Academy of Continuous Professional Education,RUS,Health
1015,Acibadem University,TUR,Universities
1016,Hiroshima University Hospital,JPN,Health
1017,"University of the West Indies, Mona Campus *",JAM,Universities
1018,JSS Academy of Higher Education and Research,IND,Universities
1019,Al-Azhar University *,EGY,Universities
1020,Ahmadu Bello University *,NGA,Universities
1021,Tokyo Metropolitan Komagome Hospital,JPN,Health
1022,North-Western State Medical University,RUS,Universities
1023,Children's Hospital School of Medicine Zhejiang University,CHN,Health
1024,St Petersburg Pavlov State Medical University,RUS,Universities
1025,Privolzhsky Research Medical University,RUS,Universities
1026,Kirov Military Medical Academy,RUS,Universities
1027,"Kaiser Permanente Medical Center, Los Angeles",USA,Health
1028,Hawler Medical University,IRQ,Universities
1029,Lebanese French University,IRQ,Universities
