Global Rank,Institution,Country,Sector
1,University of Toronto,CAN,Universities
2,"Rutgers, The State University of New Jersey",USA,Universities
3,"University of Michigan, Ann Arbor *",USA,Universities
4,"Northwestern University, Evanston *",USA,Universities
5,University of Melbourne *,AUS,Universities
6,City University of New York *,USA,Universities
7,Columbia University *,USA,Universities
8,The Nottingham Trent University,GBR,Universities
9,Orebro Universitet,SWE,Universities
10,Northwestern Medicine,USA,Health
11,University of Chicago *,USA,Universities
12,Harvard University *,USA,Universities
13,"Monash University, Melbourne *",AUS,Universities
14,"University of California, Berkeley *",USA,Universities
15,The University of British Columbia,CAN,Universities
16,Pennsylvania State University *,USA,Universities
17,"University of California, Los Angeles *",USA,Universities
18,York University,CAN,Universities
19,Michigan State University,USA,Universities
20,Arizona State University *,USA,Universities
21,"University of Minnesota, Twin Cities *",USA,Universities
22,"Ohio State University, Columbus *",USA,Universities
23,University of Washington *,USA,Universities
24,University of Kentucky *,USA,Universities
25,"University of Texas, Austin",USA,Universities
26,University of Oxford *,GBR,Universities
27,Indiana University-Bloomington,USA,Universities
28,University College London *,GBR,Universities
29,University of Amsterdam *,NLD,Universities
30,University of Gothenburg,SWE,Universities
31,"University of North Carolina, Chapel Hill *",USA,Universities
32,Johns Hopkins University *,USA,Universities
33,University of Sydney *,AUS,Universities
34,Brown University,USA,Universities
35,"University of Nebraska, Lincoln",USA,Universities
36,University of New South Wales *,AUS,Universities
37,New York University *,USA,Universities
38,McGill University *,CAN,Universities
39,"University of Wisconsin, Madison *",USA,Universities
40,University of Western Ontario,CAN,Universities
41,Deakin University *,AUS,Universities
42,Yale University *,USA,Universities
43,"University of Tennessee, Knoxville *",USA,Universities
44,Centre National de la Recherche Scientifique *,FRA,Government
45,Columbia University Irving Medical Center,USA,Health
46,University of Pennsylvania *,USA,Universities
47,London School of Economics and Political Science,GBR,Universities
48,University of Ottawa,CAN,Universities
49,University of Oslo,NOR,Universities
50,"Newcastle University, Newcastle upon Tyne",GBR,Universities
51,City University London,GBR,Universities
52,University of Cambridge *,GBR,Universities
53,University of Auckland,NZL,Universities
54,Lunds University,SWE,Universities
55,University of Warwick,GBR,Universities
56,University of Pittsburgh *,USA,Universities
57,University of Leicester,GBR,Universities
58,"Northeastern University, USA",USA,Universities
59,Stockholm University *,SWE,Universities
60,Kings College London,GBR,Universities
61,The University of Edinburgh *,GBR,Universities
62,"University of Maryland, College Park *",USA,Universities
63,University of Bristol *,GBR,Universities
64,La Trobe University *,AUS,Universities
65,The University of Queensland *,AUS,Universities
66,The University of Hong Kong *,HKG,Universities
67,University of Sussex *,GBR,Universities
68,Victoria University of Wellington,NZL,Universities
69,The University of Manchester *,GBR,Universities
70,Universita degli Studi di Roma La Sapienza,ITA,Universities
71,"University of Illinois, Chicago *",USA,Universities
72,University of Florida *,USA,Universities
73,University of Western Sydney,AUS,Universities
74,Queensland University of Technology,AUS,Universities
75,Georgia State University,USA,Universities
76,Veterans Affairs Medical Centers *,USA,Health
77,City University of New York Graduate Center,USA,Universities
78,University of Guelph,CAN,Universities
79,Dalhousie University *,CAN,Universities
80,George Washington University *,USA,Universities
81,"University of California, San Francisco *",USA,Universities
82,University of Utah *,USA,Universities
83,Simon Fraser University,CAN,Universities
84,Emory University *,USA,Universities
85,Universidad Complutense de Madrid *,ESP,Universities
86,The Open University,GBR,Universities
87,Harvard Medical School,USA,Universities
88,University of Southern California *,USA,Universities
89,University of Calgary *,CAN,Universities
90,Universidade de Sao Paulo *,BRA,Universities
91,Tampere University,FIN,Universities
92,McMaster University *,CAN,Universities
92,University of Cincinnati *,USA,Universities
94,"University of Massachusetts, Amherst",USA,Universities
95,Utrecht University *,NLD,Universities
96,University of Arizona *,USA,Universities
97,Universitat de Barcelona *,ESP,Universities
98,Queen's University,CAN,Universities
99,"University of Colorado, Boulder *",USA,Universities
100,Syracuse University,USA,Universities
101,Lancaster University *,GBR,Universities
102,Radboud University Nijmegen,NLD,Universities
103,Towson University,USA,Universities
104,Brigham Young University,USA,Universities
105,University of Alberta,CAN,Universities
106,University of Waikato,NZL,Universities
107,"University of Massachusetts, Boston",USA,Universities
108,Universite du Quebec en Quebec *,CAN,Universities
109,University of Georgia,USA,Universities
110,University of Birmingham,GBR,Universities
111,Universidad de Granada *,ESP,Universities
112,Cardiff University,GBR,Universities
113,Consejo Nacional de Investigaciones Cientificas y Tecnicas *,ARG,Government
114,"University of Connecticut, Storrs *",USA,Universities
115,University of Leeds,GBR,Universities
116,University of Portsmouth,GBR,Universities
117,Ghent University,BEL,Universities
118,The Manchester Metropolitan University,GBR,Universities
119,Cornell University *,USA,Universities
120,Carleton University,CAN,Universities
121,"Texas A&M University, College Station *",USA,Universities
122,University of York,GBR,Universities
123,Stanford University *,USA,Universities
124,Macquarie University *,AUS,Universities
125,"University of the Witwatersrand, Johannesburg",ZAF,Universities
126,Erasmus University Rotterdam *,NLD,Universities
127,University of Helsinki,FIN,Universities
128,Universitat de Valencia *,ESP,Universities
129,Virginia Commonwealth University *,USA,Universities
130,Vrije Universiteit Amsterdam *,NLD,Universities
131,University of Kansas *,USA,Universities
132,University of South Africa,ZAF,Universities
133,Universite de Montreal,CAN,Universities
134,"Birkbeck, University of London",GBR,Universities
135,ISCTE Instituto Universitario de Lisboa,PRT,Universities
136,Tulane University *,USA,Universities
137,Royal Melbourne Institute of Technology *,AUS,Universities
138,Universita degli Studi di Torino,ITA,Universities
139,Universidade Federal do Rio de Janeiro *,BRA,Universities
140,"University of Maryland, Baltimore",USA,Universities
141,"Goldsmiths, University of London",GBR,Universities
142,Fenway Institute,USA,Health
143,Vanderbilt University *,USA,Universities
144,Northumbria University,GBR,Universities
145,Duke University *,USA,Universities
146,University of Glasgow *,GBR,Universities
147,Uppsala University,SWE,Universities
148,The University of Sheffield,GBR,Universities
149,"University of California, San Diego *",USA,Universities
150,University of Oregon,USA,Universities
151,"University of Technology, Sydney",AUS,Universities
152,"National University of Ireland, Maynooth",IRL,Universities
153,Universidad Nacional Autonoma de Mexico,MEX,Universities
154,University of Illinois at Urbana-Champaign *,USA,Universities
155,Universitat Hamburg *,DEU,Universities
156,Universidade Federal de Santa Catarina *,BRA,Universities
157,University of Liverpool *,GBR,Universities
158,University of Oklahoma *,USA,Universities
159,Yale University Health & Medicine,USA,Health
160,Australian National University,AUS,Universities
161,Massey University,NZL,Universities
162,University of Exeter,GBR,Universities
163,University of Durham,GBR,Universities
164,San Francisco State University,USA,Universities
165,Boston University *,USA,Universities
166,North Carolina State University,USA,Universities
167,Ben-Gurion University of the Negev *,ISR,Universities
168,University of Virginia *,USA,Universities
169,University College Dublin,IRL,Universities
170,Bar-Ilan University,ISR,Universities
171,Ryerson University,CAN,Universities
172,Universidade do Porto *,PRT,Universities
173,Virginia Polytechnic Institute and State University *,USA,Universities
174,"University of Colorado, Denver *",USA,Universities
175,Universidad de Buenos Aires *,ARG,Universities
176,"University of California, Irvine *",USA,Universities
177,Florida State University *,USA,Universities
178,San Diego State University,USA,Universities
179,Universidade Estadual de Campinas *,BRA,Universities
180,Wayne State University,USA,Universities
181,"State University of New York, Buffalo",USA,Universities
182,"Colorado State University, Fort Collins *",USA,Universities
183,Russian Academy of Sciences *,RUS,Government
184,University of Victoria,CAN,Universities
185,Flinders University,AUS,Universities
186,Universidad de Sevilla *,ESP,Universities
187,University of Turku,FIN,Universities
188,Miami University of Ohio,USA,Universities
189,"University of Alabama, Birmingham *",USA,Universities
190,University of Cape Town,ZAF,Universities
191,"Queen Mary, University of London",GBR,Universities
192,Wilfrid Laurier University *,CAN,Universities
193,Universidade de Lisboa *,PRT,Universities
194,University of KwaZulu-Natal *,ZAF,Universities
195,"University of North Carolina, Charlotte",USA,Universities
196,Bournemouth University,GBR,Universities
197,Marquette University,USA,Universities
198,The University of Adelaide,AUS,Universities
199,"Oklahoma State University, Stillwater *",USA,Universities
200,Trinity College Dublin *,IRL,Universities
201,"University of Arkansas, Fayetteville",USA,Universities
202,Kansas State University,USA,Universities
203,UCLA Health System,USA,Health
204,University of Central Florida,USA,Universities
205,Brock University,CAN,Universities
205,University of Delaware,USA,Universities
207,Universitat Wien,AUT,Universities
208,Woodruff Health Sciences Center,USA,Health
209,University of Otago,NZL,Universities
210,University of Nevada-Las Vegas,USA,Universities
211,U.S. Department of Health & Human Services *,USA,Health
212,University of Surrey,GBR,Universities
213,University of Wollongong *,AUS,Universities
214,Umea University *,SWE,Universities
215,Indiana University-Purdue University Indianapolis,USA,Universities
216,University of Nigeria,NGA,Universities
217,The Chinese University of Hong Kong *,HKG,Universities
218,University of Warsaw,POL,Universities
219,University of Denver,USA,Universities
220,Universite du Quebec en Montreal,CAN,Universities
221,Universidad del Pais Vasco *,ESP,Universities
222,Academisch Medisch Centrum,NLD,Health
223,Vrije Universiteit Brussel,BEL,Universities
224,"University of Colorado, Anschutz Medical Campus",USA,Universities
225,University of Miami *,USA,Universities
226,Bowling Green State University,USA,Universities
227,Universitat Pompeu Fabra *,ESP,Universities
228,Universidade de Coimbra *,PRT,Universities
229,Temple University *,USA,Universities
230,Stellenbosch University,ZAF,Universities
231,Queen's University Belfast,GBR,Universities
232,University of Waterloo *,CAN,Universities
233,Universitat Autonoma de Barcelona *,ESP,Universities
234,State University - Higher School of Economics,RUS,Universities
235,Utah State University *,USA,Universities
236,The University of Western Australia,AUS,Universities
237,University of Pretoria,ZAF,Universities
238,University of Haifa,ISR,Universities
239,University of Windsor,CAN,Universities
240,University of Iowa *,USA,Universities
241,Malmo University,SWE,Universities
242,"California State University, Long Beach",USA,Universities
243,"University of Wisconsin, Milwaukee",USA,Universities
244,Texas Tech University,USA,Universities
245,Teachers College of Columbia University,USA,Universities
246,University of Houston,USA,Universities
247,"University of Alabama, Tuscaloosa",USA,Universities
248,Freie Universitat Berlin,DEU,Universities
249,University of Brighton *,GBR,Universities
250,Central European University,AUT,Universities
251,University of Jyvaskyla,FIN,Universities
252,University of Johannesburg,ZAF,Universities
253,Universidade Federal de Minas Gerais,BRA,Universities
254,Boston University Medical Campus ,USA,Health
255,Universidade de Brasilia,BRA,Universities
256,University of Nevada-Reno,USA,Universities
257,"University of Missouri, Columbia *",USA,Universities
258,Memorial University of Newfoundland,CAN,Universities
259,Universidade Federal do Rio Grande do Sul,BRA,Universities
260,The University of Newcastle,AUS,Universities
261,Humboldt-Universitat zu Berlin *,DEU,Universities
262,American University,USA,Universities
263,Loyola University of Chicago *,USA,Universities
264,Charles Sturt University *,AUS,Universities
265,University of Saskatchewan,CAN,Universities
266,Australian Catholic University,AUS,Universities
267,Laval University,CAN,Universities
268,Montclair State University,USA,Universities
269,Georgetown University *,USA,Universities
270,Lahore University of Management Sciences,PAK,Universities
271,Jagiellonian University,POL,Universities
272,Universidad Carlos III de Madrid *,ESP,Universities
273,Universidad de Salamanca *,ESP,Universities
274,Universitat d'Alacant *,ESP,Universities
275,Universidad de Valladolid *,ESP,Universities
276,Universidade do Minho,PRT,Universities
277,University of New Brunswick,CAN,Universities
278,Pontificia Universidad Catolica de Chile *,CHL,Universities
279,"Washington State University, Pullman *",USA,Universities
280,Universidad de Malaga *,ESP,Universities
281,Boston College,USA,Universities
282,Concordia University,CAN,Universities
283,Universidad Rey Juan Carlos *,ESP,Universities
284,New Mexico State University,USA,Universities
285,University of Pittsburgh Health Sciences,USA,Universities
286,Universidade Federal Fluminense,BRA,Universities
287,James Madison University,USA,Universities
288,Christ University,IND,Universities
289,University of Eastern Finland,FIN,Universities
290,Prince Sultan University,SAU,Universities
291,Shahjalal University of Science and Technology,BGD,Universities
