Global Rank,Institution,Country,Sector
1,Ministry of Agriculture,CHN,Government
2,Chinese Academy of Agricultural Sciences *,CHN,Government
3,U.S. Department of Health & Human Services *,USA,Health
4,Ministry of Education of the People's Republic of China,CHN,Government
5,"University of California, Davis *",USA,Universities
6,Universidade de Sao Paulo *,BRA,Universities
7,Indian Council of Agricultural Research *,IND,Government
8,United States Department of Agriculture,USA,Government
9,Universidade Estadual Paulista Julio de Mesquita Filho,BRA,Universities
10,Chinese Academy of Sciences *,CHN,Government
11,Yangzhou University,CHN,Universities
12,"Royal Veterinary College, University of London",GBR,Universities
13,University of Guelph,CAN,Universities
14,North Carolina State University,USA,Universities
15,China Agricultural University,CHN,Universities
16,Centers for Disease Control and Prevention,USA,Health
17,"Colorado State University, Fort Collins *",USA,Universities
18,Cornell University *,USA,Universities
19,"Texas A&M University, College Station *",USA,Universities
20,Center for Disease Control and Prevention China,CHN,Health
21,University of Georgia,USA,Universities
22,The University of Edinburgh *,GBR,Universities
23,Consejo Superior de Investigaciones Cientificas *,ESP,Government
24,Zhejiang University *,CHN,Universities
25,Iowa State University,USA,Universities
26,University of Sydney *,AUS,Universities
27,Ghent University,BEL,Universities
28,University of Florida *,USA,Universities
29,Consejo Nacional de Investigaciones Cientificas y Tecnicas *,ARG,Government
30,University of Melbourne *,AUS,Universities
31,Northwest A and F University,CHN,Universities
32,Universita degli Studi di Milano,ITA,Universities
33,Nanjing Agricultural University,CHN,Universities
34,"Institut National de Recherche pour l'Agriculture, l'Alimentation et l'Environnement *",FRA,Government
35,Bill and Melinda Gates Foundation,USA,Non-Profit
36,National Institutes of Health,USA,Health
37,"Ohio State University, Columbus *",USA,Universities
38,Utrecht University *,NLD,Universities
39,Veterinarmedizinische Universitat Wien *,AUT,Universities
40,"University of Minnesota, Twin Cities *",USA,Universities
41,Universidade Federal de Minas Gerais,BRA,Universities
42,Swedish University of Agricultural Sciences,SWE,Universities
43,University of Copenhagen,DNK,Universities
44,World Health Organization *,MUL,Health
45,L'Alma Mater Studiorum - Universita di Bologna,ITA,Universities
46,Stiftung Tierarztliche Hochschule Hannover,DEU,Universities
47,Universitat Zurich,CHE,Universities
48,Huazhong Agricultural University,CHN,Universities
49,Kansas State University,USA,Universities
50,Friedrich Loeffler Institutes Bundesforschungsinstitut fur Tiergesundheit,DEU,Government
51,South China Agricultural University *,CHN,Universities
52,Seoul National University *,KOR,Universities
53,Universitat Bern *,CHE,Universities
54,University of Pennsylvania *,USA,Universities
55,"Academy of Military Medical Sciences, Academy of Military Sciences of PLA",CHN,Health
56,Academy of Military Sciences of the Chinese People's Liberation Army *,CHN,Government
57,Universitat Autonoma de Barcelona *,ESP,Universities
58,Sichuan Agricultural University,CHN,Universities
59,Chulalongkorn University,THA,Universities
60,University of Liverpool *,GBR,Universities
61,Zagazig University *,EGY,Universities
62,Centre National de la Recherche Scientifique *,FRA,Government
63,Universidad Complutense de Madrid *,ESP,Universities
64,Wageningen University and Research Centre,NLD,Universities
65,Rural Development Administration *,KOR,Government
66,Cairo University *,EGY,Universities
67,Universidad de Cordoba *,ESP,Universities
68,Universidade Federal do Rio Grande do Sul,BRA,Universities
69,The University of Queensland *,AUS,Universities
70,"University of Wisconsin, Madison *",USA,Universities
71,Universita degli Studi di Bari,ITA,Universities
72,Fundacao Oswaldo Cruz *,BRA,Health
73,Universidade Federal do Parana,BRA,Universities
74,Northeast Agricultural University,CHN,Universities
75,"World Health Organization, Switzerland",CHE,Health
76,Universita degli Studi di Pisa,ITA,Universities
77,Massey University,NZL,Universities
78,University of Texas Medical Branch ,USA,Universities
79,University of Pretoria,ZAF,Universities
80,University of Illinois at Urbana-Champaign *,USA,Universities
81,Agricultural Research Center Egypt *,EGY,Government
82,Michigan State University,USA,Universities
83,National Institute of Allergy and Infectious Diseases,USA,Health
84,Indian Veterinary Research Institute,IND,Universities
85,Centres de Recerca de Catalunya *,ESP,Non-Profit
86,University College Dublin,IRL,Universities
87,University of Minnesota Health and Medicine,USA,Universities
88,Universidad de Murcia *,ESP,Universities
89,Universita degli Studi di Padova,ITA,Universities
90,Kasetsart University,THA,Universities
91,Universidad Nacional Autonoma de Mexico,MEX,Universities
92,CGIAR Consortium of International Agricultural Research *,MUL,Non-Profit
93,"Merck & Co Inc, United States",USA,Companies
94,Sun Yat-Sen University *,CHN,Universities
95,Universita degli Studi di Torino,ITA,Universities
96,Henan Agricultural University,CHN,Universities
97,University of Saskatchewan,CAN,Universities
98,Universidade Federal de Santa Maria,BRA,Universities
99,"Agence Nationale de la Securite Sanitaire de l'Alimentation, de l'Environnement et du Travail *",FRA,Health
100,Empresa Brasileira de Pesquisa Agropecuaria *,BRA,Government
101,GlaxoSmithKline *,MUL,Companies
102,Guangxi University,CHN,Universities
103,Shandong Agricultural University,CHN,Universities
104,Merck & Co Inc *,MUL,Companies
105,Purdue University,USA,Universities
106,Universita degli Studi di Napoli Federico II,ITA,Universities
107,Instituto de Salud Carlos III *,ESP,Health
108,Jilin University *,CHN,Universities
109,Animal and Plant Quarantine Agency,KOR,Government
110,University of Florida Health Science Center,USA,Health
111,London School of Hygiene and Tropical Medicine,GBR,Universities
112,Ludwig-Maximilians Universitat Munchen *,DEU,Universities
113,Freie Universitat Berlin,DEU,Universities
114,Virginia Polytechnic Institute and State University *,USA,Universities
115,University of Oxford *,GBR,Universities
116,Institut de Recerca i Tecnologia Agroalimentaries Barcelona,ESP,Government
117,Sanofi *,MUL,Companies
118,Zhengzhou University *,CHN,Universities
119,"Washington State University, Pullman *",USA,Universities
120,Johns Hopkins University *,USA,Universities
121,Shandong Normal University,CHN,Universities
122,Ohio State University Wexner Medical Center,USA,Health
123,Pasteur Network *,MUL,Health
124,Baylor College of Medicine,USA,Universities
125,University of Washington *,USA,Universities
126,"University of Tennessee, Knoxville *",USA,Universities
127,Universidade Federal Rural de Pernambuco,BRA,Universities
128,Institut National de la Sante et de la Recherche Medicale *,FRA,Health
129,Universidade Federal de Vicosa,BRA,Universities
130,University of Calgary *,CAN,Universities
131,Tufts University,USA,Universities
132,Boehringer Ingelheim *,MUL,Companies
133,Shanghai Jiao Tong University *,CHN,Universities
134,University of Bristol *,GBR,Universities
135,Universidade de Lisboa *,PRT,Universities
136,Konkuk University *,KOR,Universities
137,Mount Sinai Health System *,USA,Health
138,University Putra Malaysia,MYS,Universities
139,Chinese Academy of Fishery Sciences *,CHN,Non-Profit
140,Harvard University *,USA,Universities
141,University of Life Sciences in Lublin,POL,Universities
142,Universidade Federal de Goias,BRA,Universities
143,Commonwealth Scientific and Industrial Research Organization *,AUS,Government
144,Universidade Federal de Lavras,BRA,Universities
145,Hokkaido University *,JPN,Universities
146,Chinese Academy of Medical Sciences and Peking Union Medical College *,CHN,Universities
147,Agriculture and Agri-Food Canada,CAN,Government
148,Fred Hutchinson Cancer Research Center *,USA,Health
149,Hunan Agricultural University,CHN,Universities
150,Aarhus University *,DNK,Universities
151,International Livestock Research Institute,MUL,Non-Profit
152,Beijing Academy of Agriculture and Forestry Sciences,CHN,Companies
153,Bogor Agricultural University,IDN,Universities
154,University of Nottingham *,GBR,Universities
155,"University of Missouri, Columbia *",USA,Universities
156,Airlangga university,IDN,Universities
157,"Sanofi, United States",USA,Companies
158,University of Baghdad,IRQ,Universities
159,Polish Academy of Sciences *,POL,Government
160,University of Chinese Academy of Sciences,CHN,Universities
161,Norwegian University of Life Sciences,NOR,Universities
162,"University of Maryland, College Park *",USA,Universities
163,Institut Pasteur de Paris,FRA,Health
164,University of Tokyo *,JPN,Universities
165,Medical Research Council,GBR,Health
166,"Sanofi, France",FRA,Companies
167,Iran University of Medical Sciences *,IRN,Universities
168,Universidad Austral de Chile *,CHL,Universities
169,Warsaw University of Life Sciences,POL,Universities
170,Uniformed Services University of the Health Sciences,USA,Universities
171,National Agriculture and Food Research Organization,JPN,Government
172,University of Glasgow *,GBR,Universities
173,The University of Adelaide,AUS,Universities
174,Emory University *,USA,Universities
175,Pfizer *,MUL,Companies
176,Universite de Montreal,CAN,Universities
177,National Research Centre *,EGY,Government
178,"University of Alabama, Birmingham *",USA,Universities
179,National Veterinary Institute Sweden,SWE,Government
180,University of Helsinki,FIN,Universities
181,Boehringer Ingelheim GmbH Germany,DEU,Companies
182,Chonbuk National University *,KOR,Universities
183,US Food and Drug Administration,USA,Government
184,Nuclear Research Center,EGY,Government
185,Alexandria University *,EGY,Universities
186,Foshan University,CHN,Universities
187,Chiang Mai University,THA,Universities
188,Instituto Nacional de Investigacion y Tecnologia Agraria y Alimentaria ,ESP,Government
189,Auburn University,USA,Universities
190,Murdoch University,AUS,Universities
191,National Veterinary Institute,NOR,Government
192,Irish Agriculture and Food Development Authority,IRL,Government
193,"Oklahoma State University, Stillwater *",USA,Universities
194,Fudan University *,CHN,Universities
195,Harvard Medical School,USA,Universities
196,Leibniz Gemeinschaft *,DEU,Government
197,Wake Forest University Baptist Medical Center,USA,Health
198,Universidade Federal de Pelotas,BRA,Universities
199,Universidad de Zaragoza *,ESP,Universities
200,Technical University of Denmark,DNK,Universities
201,Columbia University *,USA,Universities
202,Universita degli Studi di Perugia,ITA,Universities
203,Universidade do Estado de Santa Catarina,BRA,Universities
204,University of Veterinary and Animal Sciences,PAK,Universities
205,University of Warmia and Mazury,POL,Universities
206,"University of Arkansas, Fayetteville",USA,Universities
207,Universite de Liege,BEL,Universities
208,Wake Forest University *,USA,Universities
209,University of Veterinary and Pharmaceutical Sciences Brno,CZE,Universities
209,U.S. Department of Energy *,USA,Government
211,University of Oklahoma *,USA,Universities
212,"Pfizer Inc, United States",USA,Companies
213,Agricultural Research Education and Extension Organization *,IRN,Government
214,University College London *,GBR,Universities
215,Universita Politecnica delle Marche,ITA,Universities
216,Wroclaw University of Environmental and Life Sciences,POL,Universities
217,Mahidol University *,THA,Universities
218,Aristotle University of Thessaloniki,GRC,Universities
218,University of Oklahoma Health Sciences Center,USA,Universities
220,Woodruff Health Sciences Center,USA,Health
221,Imperial College London,GBR,Universities
222,Kafkas University,TUR,Universities
223,Max Planck Gesellschaft *,DEU,Government
224,Universidade Federal da Bahia,BRA,Universities
225,"GlaxoSmithKline, Belgium",BEL,Companies
226,Erasmus Medical Center,NLD,Health
227,"University of Hawaii, Manoa *",USA,Universities
228,Universidad de Castilla-La Mancha *,ESP,Universities
229,Shanghai Ocean University,CHN,Universities
230,Razi Vaccine and Serum Research Institute,IRN,Health
231,University of Iowa *,USA,Universities
231,Gadjah Mada University,IDN,Universities
233,Guangzhou Municipal People's Government  *,CHN,Government
234,Virginia-Maryland Regional College of Veterinary Medicine,USA,Universities
235,Postgraduate Institute of Medical Education and Research,IND,Universities
235,University of Cambridge *,GBR,Universities
237,Instituto Nacional de Tecnologia Agropecuaria *,ARG,Government
238,Universidad de Antioquia *,COL,Universities
239,Gobierno del Principado de Asturias *,ESP,Government
240,Animal Health Research Institute,EGY,Government
241,Kafrelsheikh University,EGY,Universities
242,Tamil Nadu Veterinary and Animal Sciences University,IND,Universities
243,Junta de Comunidades de Castilla-La Mancha *,MUL,Government
244,University of Ljubljana *,SVN,Universities
245,Mayo Clinic *,USA,Health
246,Kyungpook National University *,KOR,Universities
247,Jiangsu Academy of Agricultural Sciences *,CHN,Government
248,Instituto de Investigacion en Recursos Cinegeticos,ESP,Government
249,University of Manitoba,CAN,Universities
250,"Instituto Nacional de Investigaciones Forestales, Agricolas y Pecuarias *",MEX,Government
251,University of Mosul,IRQ,Universities
252,Erasmus University Rotterdam *,NLD,Universities
253,National Institute for Public Health and the Environment,NLD,Health
254,University of Iceland,ISL,Universities
255,Public Health England,GBR,Health
256,Statens Serum Institut,DNK,Health
256,Oak Ridge Institute for Science and Education,USA,Government
258,"Institute of Subtropical Agriculture, Chinese Academy of Sciences",CHN,Government
259,National Institute of Animal Science,KOR,Government
260,Qingdao Agricultural University,CHN,Universities
261,King Abdulaziz University *,SAU,Universities
262,University of Athens,GRC,Universities
263,Oregon State University,USA,Universities
264,Pontificia Universidade Catolica do Parana,BRA,Universities
265,Diponegoro University,IDN,Universities
266,Australian National University,AUS,Universities
267,Ataturk University,TUR,Universities
268,Agencia Nacional de Investigacion y Desarrollo de Chile *,CHL,Government
269,Universidad de Buenos Aires *,ARG,Universities
270,Mississippi State University,USA,Universities
271,University of Tehran,IRN,Universities
272,Dalhousie University *,CAN,Universities
273,"Universidad de Leon, Spain *",ESP,Universities
273,Massachusetts General Hospital,USA,Health
275,Chungnam National University,KOR,Universities
276,Justus-Liebig-Universitat Giessen *,DEU,Universities
277,Universidade Estadual de Londrina,BRA,Universities
278,Shiraz University,IRN,Universities
279,Programa Iniciativa Cientifica Milenio,CHL,Government
280,New York State Department of Health *,USA,Health
281,Universita degli Studi di Messina,ITA,Universities
282,Peking University *,CHN,Universities
283,University of Zagreb,HRV,Universities
284,Telethon Kids Institute,AUS,Health
285,Gansu Agricultural University,CHN,Universities
286,International Livestock Research Institute Kenya,KEN,Non-Profit
287,Universidad Nacional Mayor de San Marcos,PER,Universities
288,Universita degli Studi di Teramo,ITA,Universities
289,Guangdong Ocean University,CHN,Universities
290,King Saud University *,SAU,Universities
291,University of New South Wales *,AUS,Universities
292,Benha University *,EGY,Universities
293,Murdoch Children's Research Institute,AUS,Health
294,Universita degli Studi di Parma,ITA,Universities
295,Khon Kaen University,THA,Universities
296,Universidade do Porto *,PRT,Universities
297,Anhui Agricultural University,CHN,Universities
298,Consiglio Nazionale delle Ricerche *,ITA,Government
299,Universitat Leipzig *,DEU,Universities
300,The First Affiliated Hospital of Zhejiang University,CHN,Health
301,Centro Nacional de Microbiologia,ESP,Health
302,Universidad de Chile *,CHL,Universities
303,National Taiwan University,TWN,Universities
304,University of Kentucky *,USA,Universities
305,Walter Reed Army Institute of Research *,USA,Non-Profit
306,Universidade Federal Fluminense,BRA,Universities
307,Sejong University,KOR,Universities
308,Linkoping University,SWE,Universities
309,Gyeongsang National University *,KOR,Universities
310,Poznan University of Life Sciences,POL,Universities
311,Southwest University *,CHN,Universities
312,BioCubaFarma *,CUB,Government
313,Jilin Agricultural University,CHN,Universities
314,Basque Research and Technology Alliance *,ESP,Government
314,Shandong University *,CHN,Universities
316,Universidade Federal Rural do Rio de Janeiro,BRA,Universities
317,Tulane University *,USA,Universities
318,Center for Biologics Evaluation and Research,USA,Government
319,National Veterinary Research Institute,POL,Government
320,"University of New England, Australia",AUS,Universities
321,Universita degli Studi di Roma La Sapienza,ITA,Universities
322,Icahn School of Medicine at Mount Sinai,USA,Universities
323,Universidad Autonoma de Madrid *,ESP,Universities
324,University of Surrey,GBR,Universities
325,"University of Agriculture, Faisalabad",PAK,Universities
326,Agricultural University of Hebei,CHN,Universities
326,Sichuan University *,CHN,Universities
328,"University of Maryland, Baltimore",USA,Universities
329,Catholic University of Leuven,BEL,Universities
330,Shanxi Agricultural University,CHN,Universities
331,Universidad de Salamanca *,ESP,Universities
332,"Louisiana State University, Baton Rouge",USA,Universities
333,Academy of Sciences of the Czech Republic *,CZE,Government
334,University of Toronto,CAN,Universities
335,UCLA Health System,USA,Health
336,Universidad de Guanajuato,MEX,Universities
337,"University of California, Berkeley *",USA,Universities
338,Queen's University Belfast,GBR,Universities
339,University of Pittsburgh *,USA,Universities
340,Shandong Academy of Agricultural Sciences *,CHN,Government
341,Universidad de la Republica *,URY,Universities
342,Wroclaw University of Science and Technology,POL,Universities
343,Universita degli Studi di Sassari,ITA,Universities
344,Arizona Health Sciences Center University of Arizona Tucson,USA,Health
345,Veterans Affairs Medical Centers *,USA,Health
346,Hebrew University of Jerusalem,ISR,Universities
347,City University of Hong Kong *,HKG,Universities
348,Universidade Federal Rural do Semi-Arido,BRA,Universities
349,Biotechnology and Biological Sciences Research Council *,GBR,Government
350,Trakia University,BGR,Universities
351,Istituto Superiore di Sanita,ITA,Health
352,University Medical Center Utrecht,NLD,Health
353,Mansoura University *,EGY,Universities
354,Pennsylvania State University *,USA,Universities
355,Shihezi University,CHN,Universities
355,University of Kansas *,USA,Universities
357,University of Agriculture,PAK,Universities
358,Instituto Oswaldo Cruz,BRA,Health
359,"University of Technology, Sydney",AUS,Universities
359,"Consejo Nacional de Humanidades, Ciencias y Tecnologias *",MEX,Government
361,Hebei University of Engineering,CHN,Universities
362,University of Pennsylvania Health System,USA,Health
363,McMaster University *,CAN,Universities
364,Universidad de las Palmas de Gran Canaria *,ESP,Universities
365,Xinjiang Agricultural University,CHN,Universities
366,University Medical Center Groningen,NLD,Health
367,Universidade Federal do Rio de Janeiro *,BRA,Universities
368,New South Wales Department of Primary Industries *,AUS,Government
369,Henan University of Science and Technology *,CHN,Universities
370,"University of California, San Francisco *",USA,Universities
371,Universite Francois Rabelais de Tours *,FRA,Universities
372,National Dairy Research Institute,IND,Government
373,Yonsei University *,KOR,Universities
374,Tohoku University *,JPN,Universities
375,University of Belgrade,SRB,Universities
376,Gobierno de Aragon *,MUL,Government
377,Pusan National University,KOR,Universities
378,Radboud University Nijmegen Medical Centre,NLD,Health
379,McGill University *,CAN,Universities
380,University of Agriculture in Krakow,POL,Universities
381,University of Arizona *,USA,Universities
382,Tokyo University of Agriculture and Technology,JPN,Universities
383,"University of Michigan, Ann Arbor *",USA,Universities
384,Junta de Comunidades de Castilla-La Mancha Ciudad Real,ESP,Government
385,Leiden University *,NLD,Universities
386,Yale University *,USA,Universities
387,Bangladesh Agricultural University,BGD,Universities
388,Guangdong Academy of Agricultural Sciences,CHN,Government
389,Universita degli Studi di Firenze,ITA,Universities
390,Hungarian Academy of Sciences *,HUN,Government
391,Rede de Quimica e Tecnologia,PRT,Non-Profit
392,Universidad Nacional del Nordeste *,ARG,Universities
393,"Kaiser Permanente, Oakland *",USA,Health
394,Semmelweis University,HUN,Universities
395,Ankara University,TUR,Universities
396,Guizhou University,CHN,Universities
397,University of Lincoln,GBR,Universities
398,Universidad Publica de Navarra *,ESP,Universities
399,Shanghai Academy of Agricultural Sciences,CHN,Government
400,The University of British Columbia,CAN,Universities
401,The University of Hong Kong *,HKG,Universities
402,The University of Western Australia,AUS,Universities
403,Universite de Paris Cite *,FRA,Universities
404,Charles Sturt University *,AUS,Universities
405,Stanford Medicine,USA,Health
406,Universidad Cardenal Herrera CEU,ESP,Universities
407,South Dakota State University,USA,Universities
408,Midwestern University,USA,Universities
409,United Nations *,MUL,Non-Profit
410,Centre de Cooperation Internationale en Recherche Agronomique pour le Developpement *,FRA,Government
411,UC Davis Health System,USA,Health
412,"University of North Carolina, Chapel Hill *",USA,Universities
412,Nippon Veterinary and Life Science University,JPN,Universities
414,Tehran University of Medical Sciences *,IRN,Universities
415,Universidad Autonoma Metropolitana,MEX,Universities
416,Fujian Agriculture and Forestry University,CHN,Universities
417,"University of California, Los Angeles *",USA,Universities
418,National Chung Hsing University,TWN,Universities
419,University of Sargodha,PAK,Universities
420,Universidad de Extremadura *,ESP,Universities
421,Kings College London,GBR,Universities
422,Guangdong Laboratory for Lingnan Modern Agriculture,CHN,Government
423,"University of Nebraska, Lincoln",USA,Universities
424,National Center for Genetic Engineering and Biotechnology,THA,Government
425,University of Miyazaki *,JPN,Universities
426,University of Cape Town,ZAF,Universities
427,Universita degli Studi di Camerino,ITA,Universities
428,Duke University *,USA,Universities
429,King Abdulaziz City for Science and Technology,SAU,Government
430,The Pirbright Institute,GBR,Government
431,Yale University Health & Medicine,USA,Health
432,Agricultural Research Council,ZAF,Government
433,University of Veterinary Medicine Budapest,HUN,Universities
434,Assistance Publique Hopitaux de Paris *,FRA,Health
435,Damanhour University,EGY,Universities
436,Gifu University *,JPN,Universities
437,University of Prince Edward Island,CAN,Universities
438,Beni Suef University *,EGY,Universities
439,University of Idaho,USA,Universities
440,University of Exeter,GBR,Universities
441,Rakuno Gakuen University,JPN,Universities
442,Chungbuk National University,KOR,Universities
443,Stanford University *,USA,Universities
444,University of New Mexico *,USA,Universities
445,Food and Agriculture Organization of the United Nations,MUL,Non-Profit
446,National Science and Technology Development Agency *,THA,Government
447,Universidade de Brasilia,BRA,Universities
448,Universidade Federal de Mato Grosso,BRA,Universities
449,Universidade de Evora,PRT,Universities
450,Universidad Nacional de Colombia *,COL,Universities
451,Hankyong National University *,KOR,Universities
452,Suez Canal University *,EGY,Universities
453,National Health Commission of the People's Republic of China *,CHN,Health
454,Rheinische Friedrich-Wilhelms-Universitat Bonn *,DEU,Universities
455,Inner Mongolia Agricultural University,CHN,Universities
456,Universite Montpellier *,FRA,Universities
457,Universidad Nacional de La Plata *,ARG,Universities
458,Universitat de Barcelona *,ESP,Universities
459,U.S. Army *,USA,Government
460,Royal Netherlands Academy of Arts and Sciences *,NLD,Government
461,Guru Angad Dev Veterinary and Animal Sciences University,IND,Universities
462,Heilongjiang Bayi Agricultural University,CHN,Universities
463,Gobierno de Aragon Zaragoza,ESP,Government
464,Centro de Investigacion y Tecnologia Agroalimentaria de Aragon,ESP,Government
465,"Monash University, Melbourne *",AUS,Universities
466,"Departamento de Agricultura, Ganaderia y Medio Ambiente Zaragoza",ESP,Government
467,University of Alberta,CAN,Universities
468,Addis Ababa University,ETH,Universities
469,The University of Kent,GBR,Universities
470,Vietnam National University of Agriculture,VNM,Universities
471,Dankook University,KOR,Universities
472,Egyptian Atomic Energy Authority *,EGY,Government
473,Northeast Forestry University,CHN,Universities
474,Universidade de Santiago de Compostela *,ESP,Universities
475,Smithsonian Institution *,USA,Government
475,Universidad Autonoma del Estado de Mexico,MEX,Universities
477,Institut National Polytechnique de Toulouse *,FRA,Universities
478,Azabu University,JPN,Universities
479,University of Groningen *,NLD,Universities
480,Universidade Federal de Mato Grosso do Sul,BRA,Universities
481,Leiden University Medical Center,NLD,Health
482,Nihon University *,JPN,Universities
483,Peoples'Friendship University of Russia,RUS,Universities
484,Universite de Rennes 1 *,FRA,Universities
485,"Rutgers, The State University of New Jersey",USA,Universities
486,Friedrich-Schiller-Universitat Jena *,DEU,Universities
487,Chonnam National University,KOR,Universities
488,La Trobe University *,AUS,Universities
488,Brown University,USA,Universities
490,Universidade de Tras-os-Montes e Alto Douro,PRT,Universities
491,University of Massachusetts Medical School,USA,Universities
492,University of the Free State,ZAF,Universities
493,University of Washington Medicine ,USA,Health
494,Sorbonne Universite *,FRA,Universities
495,AgResearch Ltd,NZL,Government
496,Ningbo University,CHN,Universities
496,Shenyang Agricultural University,CHN,Universities
498,South African Medical Research Council,ZAF,Health
498,"University of the Witwatersrand, Johannesburg",ZAF,Universities
500,Universite Claude Bernard Lyon 1 *,FRA,Universities
501,Karolinska Institute,SWE,Universities
502,Institut de Recherche pour le Developpement *,MUL,Government
503,Griffith University,AUS,Universities
504,Johns Hopkins Medicine,USA,Health
505,Eotvos Lorand University,HUN,Universities
506,Leibniz Institut fur Zoo- und Wildtierforschung Berlin,DEU,Government
507,Universidade Federal de Sao Paulo *,BRA,Universities
508,Helmholtz Gemeinschaft *,DEU,Government
509,Lithuanian University of Health Sciences,LTU,Universities
510,Ahmadu Bello University *,NGA,Universities
511,Ecole Nationale Veterinaire de Toulouse,FRA,Universities
512,Peking University Health Science Center,CHN,Universities
513,Universidade Federal do Para,BRA,Universities
514,University of Technology and Life Sciences,POL,Universities
515,Wuhan University *,CHN,Universities
516,Suranaree University of Technology,THA,Universities
517,Kangwon National University *,KOR,Universities
518,Universitat Hohenheim,DEU,Universities
519,Universidade Federal de Uberlandia,BRA,Universities
520,Universita degli Studi Magna Graecia di Catanzaro,ITA,Universities
521,University of Utah *,USA,Universities
522,Xunta de Galicia *,MUL,Government
523,University of Leeds,GBR,Universities
524,National Pingtung University of Science and Technology,TWN,Universities
525,Jiangxi Agricultural University,CHN,Universities
526,Fayoum University *,EGY,Universities
527,Selcuk University *,TUR,Universities
528,Universidade de Vigo *,ESP,Universities
529,The Nottingham Trent University,GBR,Universities
530,"University of the West Indies, St. Augustine Campus",TTO,Universities
531,Uppsala University,SWE,Universities
532,Gorgan University of Agricultural Sciences and Natural Resources,IRN,Universities
533,Institute of Animal Reproduction and Food Research Polish Academy of Sciences,POL,Government
534,Kitasato University *,JPN,Universities
535,Taif University,SAU,Universities
536,University of Novi Sad,SRB,Universities
537,Universidade Nova de Lisboa *,PRT,Universities
538,Ss Cyril and Methodius University of Skopje *,MKD,Universities
539,Universite Paris-Saclay *,FRA,Universities
539,Universita degli Studi della Tuscia,ITA,Universities
541,Queensland University of Technology,AUS,Universities
542,Universidad Autonoma de Yucatan,MEX,Universities
543,"University of the West Indies, Mona Campus *",JAM,Universities
543,Kirikkale University *,TUR,Universities
545,Universitat de Valencia *,ESP,Universities
546,Yangtze University,CHN,Universities
547,Assiut University *,EGY,Universities
548,Jordan University of Science and Technology,JOR,Universities
549,University of Amsterdam *,NLD,Universities
550,"Islamic Azad University, Science and Research Branch",IRN,Universities
551,Firat University,TUR,Universities
552,Tarbiat Modares University,IRN,Universities
553,"Newcastle University, Newcastle upon Tyne",GBR,Universities
554,Aix-Marseille Universite *,FRA,Universities
555,International Atomic Energy Agency,AUT,Government
556,Ningxia University,CHN,Universities
557,Central Queensland University,AUS,Universities
558,Aberystwyth University,GBR,Universities
559,Universidad de Santander,COL,Universities
560,Udayana University,IDN,Universities
561,Universidade Estadual do Ceara,BRA,Universities
562,Smithsonian Conservation Biology Institute,USA,Government
563,Washington University in Saint Louis *,USA,Universities
564,National Institute of Public Health of Japan,JPN,Health
565,Patuakhali University of Science and Technology,BGD,Universities
566,Universidade Federal de Santa Catarina *,BRA,Universities
567,University of South Bohemia,CZE,Universities
568,Laval University,CAN,Universities
569,Jagiellonian University,POL,Universities
570,Qinghai University,CHN,Universities
571,Universidade Federal da Paraiba,BRA,Universities
572,Institut de Recherche pour le Developpement France,FRA,Government
573,University of Debrecen,HUN,Universities
574,Universita degli Studi di Udine,ITA,Universities
575,Mazandaran University of Medical Sciences,IRN,Universities
576,Veterinary Research Institute,CZE,Government
577,University of Malaya *,MYS,Universities
578,Universidade Federal do Ceara,BRA,Universities
579,Prince of Songkla University,THA,Universities
580,Vrije Universiteit Amsterdam *,NLD,Universities
581,University of Texas Health Science Center at San Antonio ,USA,Universities
582,Ministry of Public Health,THA,Health
583,Andalas University,IDN,Universities
584,University of Nairobi,KEN,Universities
585,"Lincoln University, Lincoln",NZL,Universities
586,National Research Foundation *,ZAF,Government
587,Cardiff University,GBR,Universities
588,"Boehringer Ingelheim, USA",USA,Companies
588,Liaocheng University *,CHN,Universities
590,Universidade Federal de Campina Grande,BRA,Universities
591,Universidad de Granada *,ESP,Universities
592,IHU Mediterranee Infection,FRA,Health
593,University of Thessaly,GRC,Universities
594,United States Geological Survey,USA,Government
595,Erciyes University,TUR,Universities
596,Universidade Estadual de Campinas *,BRA,Universities
597,International Livestock Research Institute Ethiopia,ETH,Non-Profit
598,Ghent University Hospital,BEL,Health
599,Oregon Health & Science University *,USA,Universities
600,Makerere University *,UGA,Universities
601,"Government College University, Faisalabad",PAK,Universities
602,"University of Science, Malaysia *",MYS,Universities
603,James Cook University *,AUS,Universities
603,Institut Francais de Recherche pour l'Exploitation de la Mer *,FRA,Government
605,Universidad de Concepcion *,CHL,Universities
606,Nanjing Forestry University,CHN,Universities
607,Conselleria do Medio Rural Ourense,ESP,Government
607,Tecnologico Nacional de Mexico *,MEX,Government
609,University of Maiduguri,NGA,Universities
610,Universidad de Sevilla *,ESP,Universities
611,University of KwaZulu-Natal *,ZAF,Universities
612,Estonian University of Life Sciences,EST,Universities
613,Vanderbilt University *,USA,Universities
614,Ondokuz Mayis University *,TUR,Universities
615,Universite de Tunis El Manar *,TUN,Universities
616,Flinders University,AUS,Universities
617,West Pomeranian University of Technology,POL,Universities
618,Liverpool John Moores University,GBR,Universities
619,Western University of Health Sciences,USA,Universities
620,Syiah Kuala University,IDN,Universities
621,Chung-Ang University *,KOR,Universities
622,Universita degli Studi di Palermo,ITA,Universities
623,Maastricht University,NLD,Universities
624,VetAgro Sup *,FRA,Universities
625,Swiss Federal Institute of Technology,CHE,Universities
626,Quaid-i-Azam University,PAK,Universities
627,University of Tsukuba *,JPN,Universities
628,The Islamia University of Bahawalpur,PAK,Universities
629,Slovak Academy of Sciences *,SVK,Government
630,University of Antwerp,BEL,Universities
631,Uludag University,TUR,Universities
632,"University of Connecticut, Storrs *",USA,Universities
633,Sokoine University of Agriculture,TZA,Universities
634,"University of Colorado, Denver *",USA,Universities
635,Jilin Academy of Agricultural Sciences,CHN,Government
636,Korea University *,KOR,Universities
637,Obihiro University of Agriculture and Veterinary Medicine,JPN,Universities
637,"University of Colorado, Anschutz Medical Campus",USA,Universities
639,Shandong First Medical University *,CHN,Universities
640,Russian Academy of Sciences *,RUS,Government
641,University of Michigan Health System,USA,Health
641,Abdul Wali Khan University,PAK,Universities
643,Kenya Medical Research Institute,KEN,Health
644,Jeju National University *,KOR,Universities
645,Public Health Agency of Canada,CAN,Health
646,Universidad Nacional de Cordoba *,ARG,Universities
647,Conselho Nacional de Desenvolvimento Cientifico e Tecnologico *,BRA,Government
648,"Food and Agriculture Organisation of the United Nations, Italy",ITA,Non-Profit
649,Universitat Politecnica de Valencia *,ESP,Universities
650,Universitat Basel *,CHE,Universities
651,Instituto Rene Rachou,BRA,Health
652,Czech University of Life Sciences Prague,CZE,Universities
653,Universidade do Minho,PRT,Universities
654,Ferdowsi University of Mashhad,IRN,Universities
655,Slovak University of Agriculture in Nitra,SVK,Universities
656,Universidade Federal do Piaui,BRA,Universities
657,Centro Cientifico Tecnologico de Cordoba,ARG,Government
658,Vanderbilt University Medical Center,USA,Health
659,Osaka Metropolitan University *,JPN,Universities
660,Hainan University,CHN,Universities
661,Universitat de Girona *,ESP,Universities
662,Tribhuvan University *,NPL,Universities
663,University of Malaysia Sabah,MYS,Universities
664,Montefiore Medical Center *,USA,Health
665,Naresuan University,THA,Universities
666,Yamaguchi University *,JPN,Universities
667,University of Ilorin,NGA,Universities
668,Nanjing Normal University,CHN,Universities
669,Museum National d'Histoire Naturelle *,FRA,Government
670,Ross University School of Veterinary Medicine,KNA,Universities
671,"Islamic Azad University, Rasht",IRN,Universities
672,Kagoshima University *,JPN,Universities
673,University of Tasmania,AUS,Universities
674,Agriculture Victoria *,AUS,Government
675,Minia University *,EGY,Universities
676,Sunchon National University,KOR,Universities
677,Brawijaya University,IDN,Universities
678,National Research and Innovation Agency *,IDN,Government
679,Georg-August-Universitat Gottingen,DEU,Universities
680,Charles University *,CZE,Universities
681,Universitat Rostock *,DEU,Universities
682,Trinity College Dublin *,IRL,Universities
683,Texas Tech University,USA,Universities
684,University of the Philippines Diliman *,PHL,Universities
685,Universitat de Lleida *,ESP,Universities
686,University of Veterinary Medicine and Pharmacy,SVK,Universities
687,Instituto Politecnico Nacional,MEX,Universities
687,Universidade Estadual de Maringa,BRA,Universities
689,Agricultural University of Athens,GRC,Universities
690,University of Cincinnati *,USA,Universities
691,University of Miami *,USA,Universities
692,Southwest Minzu University,CHN,Universities
693,University of Agricultural Sciences and Veterinary Medicine of Cluj-Napoca,ROU,Universities
694,Swiss Tropical and Public Health Institute,CHE,Government
695,University of Zambia,ZMB,Universities
696,Universidade de Aveiro,PRT,Universities
697,University of Ibadan,NGA,Universities
698,Hungarian University of Agriculture and Life Sciences,HUN,Universities
699,Universidad Politecnica de Madrid *,ESP,Universities
700,Junta de Castilla y Leon *,MUL,Government
701,Universita Cattolica del Sacro Cuore,ITA,Universities
702,Instituto Butantan,BRA,Health
703,University of Sadat City,EGY,Universities
704,North-West University,ZAF,Universities
705,Universite de Versailles Saint Quentin en Yvelines *,FRA,Universities
706,Universitat Wien,AUT,Universities
707,Clemson University,USA,Universities
708,"Universidad Andres Bello, Chile *",CHL,Universities
709,Universite de Lyon,FRA,Universities
710,National University of Singapore *,SGP,Universities
711,Duke Medicine,USA,Health
712,Ben-Gurion University of the Negev *,ISR,Universities
713,Instituto Nacional de Investigacion Agropecuaria *,URY,Government
714,Natural Resources Institute Finland,FIN,Government
715,Al-Azhar University *,EGY,Universities
716,Urmia University,IRN,Universities
717,Shahid Beheshti University of Medical Sciences and Health Services *,IRN,Universities
718,University of Stirling,GBR,Universities
719,"Federal University of Agriculture, Abeokuta",NGA,Universities
720,"ParisTech, Institut des Sciences et Technologies de Paris - PRES *",FRA,Government
721,Centro de Investigacion Biomedica en Red de Epidemiologia y Salud Publica,ESP,Health
722,Mehmet Akif Ersoy University,TUR,Universities
723,University of Gothenburg,SWE,Universities
724,International Centre for Diarrhoeal Disease Research,BGD,Health
725,Universidade Federal do Amazonas,BRA,Universities
726,Universidad Peruana Cayetano Heredia,PER,Universities
727,South Valley University *,EGY,Universities
728,Agencia Paulista de Tecnologia dos Agronegocios *,BRA,Government
729,University of Wyoming,USA,Universities
730,Universita degli Studi della Basilicata,ITA,Universities
731,Universidad Autonoma del Estado de Morelos,MEX,Universities
732,Universidade Federal de Sao Carlos,BRA,Universities
733,University of South Africa,ZAF,Universities
734,Istanbul University Cerrahpasa *,TUR,Universities
735,Universidad Autonoma de Baja California,MEX,Universities
736,Adnan Menderes University,TUR,Universities
737,Stellenbosch University,ZAF,Universities
738,Universidad de Guadalajara,MEX,Universities
739,Sohag University *,EGY,Universities
740,Universidade Federal Rural da Amazonia,BRA,Universities
741,Kyoto University *,JPN,Universities
742,Yanbian University *,CHN,Universities
743,Albert Einstein College of Medicine,USA,Universities
744,Pontificia Universidad Catolica de Chile *,CHL,Universities
745,Universidade do Oeste Paulista,BRA,Universities
746,Martin-Luther-Universitat Halle-Wittenberg *,DEU,Universities
747,Bu-Ali Sina University,IRN,Universities
748,Universidad de Oviedo *,ESP,Universities
749,Smithsonian National Museum of Natural History,USA,Government
750,Universidad del Pais Vasco *,ESP,Universities
751,Qingdao National Laboratory for Marine Science and Technology,CHN,Government
752,"University of the Punjab, Lahore",PAK,Universities
753,University of Malaysia Kelantan,MYS,Universities
754,Siedlce University of Natural Sciences and Humanities,POL,Universities
755,Near East University,CYP,Universities
756,Lancaster University *,GBR,Universities
757,Universidade Federal do Reconcavo da Bahia,BRA,Universities
758,Administracion Nacional de Laboratorios e Institutos de Salud Dr. Carlos G. Malbran *,ARG,Health
759,Instituto Aggeu Magalhaes,BRA,Health
760,Universidade de Passo Fundo,BRA,Universities
761,"Southern Illinois University, Carbondale *",USA,Universities
762,Beijing University of Agriculture,CHN,Universities
763,Medizinische Hochschule Hannover,DEU,Universities
764,Robert Koch Institut,DEU,Government
765,University of Basrah,IRQ,Universities
766,Lanzhou University *,CHN,Universities
767,Liverpool School of Tropical Medicine,GBR,Universities
768,King Faisal University,SAU,Universities
769,Xunta de Galicia Ourense,ESP,Government
770,Iwate University,JPN,Universities
771,Universidad Autonoma del Estado de Hidalgo,MEX,Universities
772,Mustafa Kemal University *,TUR,Universities
773,Animal Production Research Institute,EGY,Government
774,Junta de Andalucia *,MUL,Government
775,University of Nigeria,NGA,Universities
776,Anhui University,CHN,Universities
777,University of Tabriz,IRN,Universities
778,Namik Kemal University,TUR,Universities
779,COMSATS Institute of Information Technology *,PAK,Universities
780,Wildlife Conservation Society *,MUL,Non-Profit
780,Curtin University *,AUS,Universities
782,Universidade Estadual do Oeste do Parana,BRA,Universities
783,University of Ghana,GHA,Universities
783,"University of California, San Diego *",USA,Universities
785,Universidad Central del Ecuador,ECU,Universities
786,Universite de Toulouse,FRA,Universities
787,St. Georges University,GRD,Universities
788,Zhejiang Academy of Agricultural Sciences *,CHN,Government
789,Universita degli Studi di Trento,ITA,Universities
790,Universidade Federal do Espirito Santo,BRA,Universities
791,Govind Ballabh Pant University of Agriculture and Technology,IND,Universities
792,Indian Council of Medical Research *,IND,Health
793,Hiroshima University *,JPN,Universities
794,Utah State University *,USA,Universities
794,Harper Adams University College,GBR,Universities
796,Universita degli Studi di Foggia,ITA,Universities
797,Aswan University *,EGY,Universities
798,North Dakota State University,USA,Universities
799,Wuhan Polytechnic University,CHN,Universities
800,Isfahan University of Technology,IRN,Universities
801,Natural History Museum London,GBR,Government
802,Tottori University *,JPN,Universities
803,Universidade Federal do Vale do Sao Francisco,BRA,Universities
804,Klinikum Ludwig Maximilians Universitat Munchen,DEU,Health
805,Junta de Andalucia Sevilla,ESP,Government
806,Comision de Investigaciones Cientificas *,ARG,Government
807,Bangabandhu Sheikh Mujibur Rahman Agricultural University,BGD,Universities
808,"Islamic Azad University, Karaj",IRN,Universities
809,Universidad Autonoma de Nuevo Leon *,MEX,Universities
810,Universidade Federal de Pernambuco,BRA,Universities
810,Sher-e-Kashmir University of Agricultural Sciences and Technology-Srinagar,IND,Universities
812,Tarim University,CHN,Universities
813,Indiana University-Bloomington,USA,Universities
814,University of Central Lancashire,GBR,Universities
815,Bulgarian Academy of Sciences *,BGR,Government
816,Balikesir University,TUR,Universities
817,Akdeniz University,TUR,Universities
818,Universidade Federal de Sergipe,BRA,Universities
819,University of Otago,NZL,Universities
820,Cumhuriyet University *,TUR,Universities
821,"AgroParisTech, Institut des Sciences et Industries du Vivant et de l'Environnement",FRA,Universities
822,Institute of Genetics and Animal Biotechnology of the Polish Academy of Sciences,POL,Government
823,Fundacion Centro Tecnoloxico da Carne,ESP,Government
824,Sylhet Agricultural University,BGD,Universities
825,"Consejeria de Agricultura, Pesca, Agua y Desarrollo Rural Sevilla",ESP,Government
826,Jiangsu University *,CHN,Universities
826,Instituto Politecnico de Braganca,PRT,Universities
828,Hunan Normal University,CHN,Universities
829,Council of Scientific and Industrial Research *,IND,Government
830,Harran University,TUR,Universities
831,University of Wisconsin Health,USA,Health
832,Universidad Nacional del Centro de la Provincia de Buenos Aires *,ARG,Universities
833,AgriBio Centre for AgriBioscience,AUS,Government
834,Tel Aviv University,ISR,Universities
834,Universidade Federal do Maranhao,BRA,Universities
836,University of Guilan,IRN,Universities
837,Universidade Federal do Rio Grande,BRA,Universities
838,Instituto Nacional de Infectologia Evandro Chagas,BRA,Health
838,Lala Lajpat Rai University of Veterinary and Animal Sciences,IND,Universities
840,Instituto de Investigacion y Formacion Agraria y Pesquera,ESP,Government
841,Medizinische Universitat Wien,AUT,Universities
842,New Mexico State University,USA,Universities
843,Universitat Kassel,DEU,Universities
844,Mendel University in Brno,CZE,Universities
845,McGill University Health Centre,CAN,Health
845,"Montana State University, Bozeman",USA,Universities
847,Medical University of Kerman,IRN,Universities
848,University of Peradeniya,LKA,Universities
849,Mahasarakham University,THA,Universities
850,Sudan University for Science and Technology,SDN,Universities
851,Universidad de Caldas,COL,Universities
852,West Virginia University *,USA,Universities
853,Shahid Bahonar University of Kerman,IRN,Universities
854,Shahid Chamran University,IRN,Universities
855,Haramaya University,ETH,Universities
856,Banaras Hindu University,IND,Universities
857,Universidade Federal do Pampa,BRA,Universities
858,University of Oslo,NOR,Universities
859,Anand Agricultural University,IND,Universities
860,Universitat fur Bodenkultur Wien *,AUT,Universities
861,Mashhad University of Medical Sciences,IRN,Universities
862,Medical University of Lublin,POL,Universities
863,University Malaysia Terengganu,MYS,Universities
864,Walailak University,THA,Universities
865,Kastamonu University,TUR,Universities
866,University of the Philippines Los Banos,PHL,Universities
867,Universidad Miguel Hernandez *,ESP,Universities
868,Ain Shams University *,EGY,Universities
869,Tshwane University of Technology,ZAF,Universities
870,Yunnan Agricultural University,CHN,Universities
871,Assam Agricultural University,IND,Universities
872,United Arab Emirates University,ARE,Universities
873,Public Health Ontario,CAN,Health
874,Bahauddin Zakariya University,PAK,Universities
875,Mustansiriyah University,IRQ,Universities
876,Instituto Adolfo Lutz,BRA,Health
876,Institution de la Recherche et de l'Enseignement Superieur Agricoles *,TUN,Government
878,Universidade Federal do Rio Grande do Norte,BRA,Universities
879,Cukurova University,TUR,Universities
880,Biology Centre of the ASCR,CZE,Government
881,Instituto Federal Catarinense,BRA,Universities
882,Humboldt-Universitat zu Berlin *,DEU,Universities
883,Ege University,TUR,Universities
884,University of Limpopo,ZAF,Universities
885,Yuzuncu Yil University *,TUR,Universities
886,Menoufia University *,EGY,Universities
887,Razi University,IRN,Universities
888,National Health Laboratory Services,ZAF,Government
889,Universite Paris-Est Creteil *,FRA,Universities
890,Universidade Estadual de Santa Cruz,BRA,Universities
891,Padjadjaran University,IDN,Universities
892,Universidade Tecnologica Federal do Parana,BRA,Universities
893,Universidade Estadual do Maranhao,BRA,Universities
894,Copenhagen University Hospital,DNK,Health
895,International Center for Agricultural Research in the Dry Areas,MUL,Non-Profit
896,Universitas Negeri Sebelas Maret,IDN,Universities
897,Nicolaus Copernicus University,POL,Universities
898,"Institute of Zoology, Chinese Academy of Sciences",CHN,Government
899,Cogna Educacao SA *,BRA,Companies
900,Weill Cornell Medicine,USA,Universities
901,Universidade Estadual do Norte Fluminense Darcy Ribeiro,BRA,Universities
902,Indiana University-Purdue University Indianapolis,USA,Universities
903,Universite du Quebec en Quebec *,CAN,Universities
904,Universidad Nacional del Litoral *,ARG,Universities
905,Universidad Autonoma de Tamaulipas,MEX,Universities
906,Centro Cientifico Tecnologico La Plata,ARG,Government
906,Universidad Veracruzana,MEX,Universities
908,Masaryk University,CZE,Universities
909,Universidade Federal de Juiz de Fora,BRA,Universities
910,City of Scientific Research and Technological Applications *,EGY,Government
911,Latvia University of Life Sciences and Technologies,LVA,Universities
912,Universidad Autonoma Chapingo,MEX,Universities
913,Beijing Forestry University,CHN,Universities
914,Universidade Federal do Oeste do Para,BRA,Universities
915,Shiraz University of Medical Sciences *,IRN,Universities
916,University of Duhok,IRQ,Universities
917,Universidad del Tolima,COL,Universities
917,Al-Qasim Green University,IRQ,Universities
917,Vietnam Academy of Science and Technology *,VNM,Government
920,Institut Pasteur of Iran,IRN,Health
921,Colegio de Postgraduados,MEX,Universities
922,Universite de La Manouba,TUN,Universities
922,Henan Institute of Science and Technology,CHN,Universities
924,Damietta University,EGY,Universities
925,Universidade Federal de Alagoas,BRA,Universities
926,Instituto Evandro Chagas,BRA,Health
927,University of Gondar,ETH,Universities
928,University of Greenwich,GBR,Universities
929,University of Tripoli,LBY,Universities
930,Universidad Juarez Autonoma de Tabasco,MEX,Universities
930,University of Rzeszow,POL,Universities
932,Okayama University of Science,JPN,Universities
933,Kazakh National Agrarian University,KAZ,Universities
934,University of Al-Qadisiyah,IRQ,Universities
935,Zoological Society of London,GBR,Non-Profit
936,University of Jos,NGA,Universities
937,Igdir University,TUR,Universities
938,Zhongkai University of Agriculture and Engineering,CHN,Universities
939,Afyon Kocatepe University *,TUR,Universities
940,University of Texas M.D. Anderson Cancer Center ,USA,Health
941,Universidad Nacional Agraria La Molina,PER,Universities
942,Universidad Nacional del Altiplano,PER,Universities
943,Nature Research Centre,LTU,Government
944,Universidad de Cordoba,COL,Universities
945,Universidade Federal dos Vales do Jequitinhonha e Mucuri,BRA,Universities
946,Christian-Albrechts-Universitat zu Kiel,DEU,Universities
947,INTI International University & Colleges,MYS,Universities
948,Wildlife Conservation Society USA,USA,Non-Profit
949,"Universidad de Las Americas, Chile",CHL,Universities
950,Universite de Carthage *,TUN,Universities
951,Georgetown University *,USA,Universities
952,Universidad Nacional de Mar del Plata *,ARG,Universities
953,Lorestan University,IRN,Universities
954,Universidade Estadual do Centro-Oeste,BRA,Universities
955,Universiti Teknologi MARA,MYS,Universities
956,Universidade Federal do Agreste de Pernambuco,BRA,Universities
957,Universidade Federal da Grande Dourados,BRA,Universities
958,Universite de Caen Basse-Normandie *,FRA,Universities
959,Universidade Lusofona de Humanidades e Tecnologias,PRT,Universities
960,Tabriz University of Medical Sciences,IRN,Universities
961,Universidade de Coimbra *,PRT,Universities
962,Pontificia Universidade Catolica do Rio Grande do Sul,BRA,Universities
963,Anima Holding SA *,BRA,Companies
964,Tikrit University,IRQ,Universities
965,"Islamic Azad University, Shahrekord Branch",IRN,Universities
966,Nigde University,TUR,Universities
967,Universidad de O'Higgins,CHL,Universities
968,University of Arid Agriculture,PAK,Universities
969,Universite Saad Dahlab de Blida 1,DZA,Universities
970,"Instituto Federal de Educacao, Ciencia e Tecnologia Goiano",BRA,Universities
971,Universidade Federal de Jatai,BRA,Universities
972,University of Fort Hare,ZAF,Universities
973,University of the Sunshine Coast,AUS,Universities
974,Aksaray University,TUR,Universities
975,Qassim University,SAU,Universities
976,Universidade Paulista,BRA,Universities
977,Universite de Ngaoundere,CMR,Universities
978,AGROSAVIA - Corporacion Colombiana de Investigacion Agropecuaria,COL,Non-Profit
979,Universite d Abomey Calavi,BEN,Universities
980,Universidad Autonoma de San Luis Potosi,MEX,Universities
981,Hasanuddin University,IDN,Universities
982,Universidad Nacional de San Antonio Abad del Cusco,PER,Universities
983,Universidade Federal da Fronteira Sul,BRA,Universities
984,The University of Newcastle,AUS,Universities
985,Universite de Dschang,CMR,Universities
986,Nagasaki University *,JPN,Universities
987,Texas Biomedical Research Institute,USA,Health
988,Centre de Recerca en Agrotecnologia,ESP,Government
989,Universidade Federal do Acre,BRA,Universities
990,Universidad Autonoma de Sinaloa,MEX,Universities
991,Tanta University,EGY,Universities
992,Institut Agronomique et Veterinaire Hassan II,MAR,Universities
993,ICAR Research Complex for NEH Region,IND,Government
994,Dicle University *,TUR,Universities
995,Desert Research Center,EGY,Government
996,Universidad CES *,COL,Universities
997,Ser Educacional SA *,BRA,Companies
998,Universidade Estadual do Sudoeste da Bahia,BRA,Universities
999,Afya Educacional SA *,BRA,Companies
1000,Bahir Dar University,ETH,Universities
1001,University of Zabol,IRN,Universities
1002,University of Sulaimani,IRQ,Universities
1003,New Valley University,EGY,Universities
1004,Universidad de Costa Rica,CRI,Universities
1005,Universite Mohammed V de Rabat *,MAR,Universities
1006,Universidad Catolica de Temuco,CHL,Universities
1007,Zhejiang A & F University *,CHN,Universities
1008,Jimma University *,ETH,Universities
1009,Universidade Federal de Sao Joao del Rei,BRA,Universities
1010,"Universidad Santo Tomas, Chile",CHL,Universities
1011,University of Defence,CZE,Universities
1012,"California Polytechnic State University, San Luis Obispo",USA,Universities
1013,Universidade Estadual de Ponta Grossa,BRA,Universities
1014,Centro de Investigacion y de Estudios Avanzados del IPN *,MEX,Universities
1015,Can Tho University,VNM,Universities
1016,University of Kufa,IRQ,Universities
1017,University of Abuja *,NGA,Universities
1018,Universidade Federal de Rondonia,BRA,Universities
1019,Canakkale Onsekiz Mart Universitesi *,TUR,Universities
1020,Yozgat Bozok University *,TUR,Universities
1021,Punjab Agricultural University,IND,Universities
1022,Universidade Estadual de Mato Grosso do Sul,BRA,Universities
1023,Universidad Autonoma de Chihuahua,MEX,Universities
1024,Universidade de Franca,BRA,Universities
1025,Bingol University,TUR,Universities
1026,University of Anbar,IRQ,Universities
1027,Ministerio da Saude,BRA,Health
1028,Amity University *,IND,Universities
1029,Universidad de La Salle Colombia,COL,Universities
1030,"Instituto Federal de Educacao, Ciencia e Tecnologia da Paraiba",BRA,Universities
1031,Universidad Autonoma de Guerrero,MEX,Universities
1032,Kirsehir Ahi Evran University *,TUR,Universities
1033,Salahaddin University-Erbil,IRQ,Universities
1034,Universidad Cientifica del Sur,PER,Universities
1035,Universidade Catolica Dom Bosco,BRA,Universities
1036,University of Western Sydney,AUS,Universities
1037,University of Khartoum *,SDN,Universities
1038,"Usmanu Danfodiyo University, Sokoto *",NGA,Universities
1039,Universidad Nacional de Costa Rica,CRI,Universities
1040,Northern Technical University,IRQ,Universities
1041,Egerton University,KEN,Universities
1042,Universidad Autonoma Agraria Antonio Narro,MEX,Universities
1043,Universidade de Santo Amaro,BRA,Universities
1044,Hawassa University,ETH,Universities
1045,Uniao Brasileira de Educacao e Assistencia *,BRA,Non-Profit
1046,Central Agricultural University,IND,Universities
1047,Agricultural University of Tirana,ALB,Universities
1048,Arak University,IRN,Universities
1049,Shahid Sadoughi University of Medical Sciences,IRN,Universities
1050,Hue University,VNM,Universities
1051,Belgorod State University,RUS,Universities
1052,Universidad Catolica de Valencia San Vicente Martir,ESP,Universities
1053,Payame Noor University,IRN,Universities
1054,University of Balochistan,PAK,Universities
1055,Sher-e-Kashmir University of Agricultural Sciences and Technology-Jammu,IND,Universities
1056,Shahrekord University,IRN,Universities
1057,Universidad San Francisco de Quito,ECU,Universities
1058,National University of Life and Environmental Sciences of Ukraine,UKR,Universities
1059,University of Sarajevo,BIH,Universities
1060,Universidade Federal de Ouro Preto,BRA,Universities
1061,King Khalid University,SAU,Universities
1062,Universidade do Grande Rio,BRA,Universities
1063,Centre National de la Recherche Scientifique et Technologique *,BFA,Government
1064,Universidade Federal do Oeste da Bahia,BRA,Universities
1065,Vinh University,VNM,Universities
1066,Siirt University,TUR,Universities
1067,Long Island University,USA,Universities
1068,Universidad Pedagogica y Tecnologica de Colombia,COL,Universities
1069,Universite des Sciences et de la Technologie Houari Boumediene,DZA,Universities
1070,Eskisehir Osmangazi University *,TUR,Universities
1071,"University of Technology, Iraq",IRQ,Universities
1072, Wolaita Sodo University,ETH,Universities
1073,Embrapa Recursos Geneticos e Biotecnologia,BRA,Government
1074,Agricultural University of Plovdiv,BGR,Universities
1075,Orissa University of Agriculture and Technology,IND,Universities
1076,Iranian Fisheries Science Research Institute,IRN,Government
1077,Universite de Lome,TGO,Universities
1078,Sari Agricultural Sciences and Natural Resources University,IRN,Universities
1079,"Bayero University, Kano",NGA,Universities
1080,Academic Center for Education Culture and Research *,IRN,Non-Profit
1081,Amol University of Special Modern Technologies,IRN,Universities
1082,Sher-e-Bangla Agricultural University,BGD,Universities
1083,Semnan University,IRN,Universities
1084,Zanjan University,IRN,Universities
