Global Rank,Institution,Country,Sector
1,Harvard University *,USA,Universities
2,Children's Hospital of Philadelphia,USA,Health
3,Harvard Medical School,USA,Universities
4,Children's Hospital Boston  *,USA,Health
5,Johns Hopkins University *,USA,Universities
6,Cincinnati Children's Hospital Medical Center,USA,Health
7,University of Pennsylvania *,USA,Universities
8,U.S. Department of Health & Human Services *,USA,Health
9,Baylor College of Medicine,USA,Universities
10,Hospital for Sick Children,CAN,Health
11,Stanford University *,USA,Universities
12,Nationwide Children's Hospital ,USA,Health
13,University of Pennsylvania Health System,USA,Health
14,University College London *,GBR,Universities
15,"University of California, San Francisco *",USA,Universities
16,Assistance Publique Hopitaux de Paris *,FRA,Health
17,University of Washington *,USA,Universities
18,Columbia University *,USA,Universities
19,Great Ormond Street Hospital for Children NHS Trust,GBR,Health
20,Johns Hopkins Medicine,USA,Health
21,University of Melbourne *,AUS,Universities
22,University of Toronto,CAN,Universities
23,"University of Colorado, Denver *",USA,Universities
24,Emory University *,USA,Universities
25,Stanford Medicine,USA,Health
26,"University of Michigan, Ann Arbor *",USA,Universities
27,Washington University in Saint Louis *,USA,Universities
28,Columbia University Irving Medical Center,USA,Health
29,"Ohio State University, Columbus *",USA,Universities
30,"Northwestern University, Evanston *",USA,Universities
31,"University of North Carolina, Chapel Hill *",USA,Universities
32,Institut National de la Sante et de la Recherche Medicale *,FRA,Health
33,Murdoch Children's Research Institute,AUS,Health
34,"University of Colorado, Anschutz Medical Campus",USA,Universities
35,Duke University *,USA,Universities
36,University of Cincinnati *,USA,Universities
37,Vanderbilt University *,USA,Universities
38,Texas Children's Hospital ,USA,Health
39,Seattle Children's Hospital *,USA,Health
40,National Institutes of Health,USA,Health
41,University of Pittsburgh *,USA,Universities
42,Children's Hospital Colorado,USA,Health
43,Centers for Disease Control and Prevention,USA,Health
44,Karolinska Institute,SWE,Universities
45,Woodruff Health Sciences Center,USA,Health
46,Ann & Robert H Lurie Children s Hospital,USA,Health
47,"University of California, San Diego *",USA,Universities
48,Vanderbilt University Medical Center,USA,Health
49,Utrecht University *,NLD,Universities
50,"University of California, Davis *",USA,Universities
51,University of Amsterdam *,NLD,Universities
52,Royal Children's Hospital Melbourne,AUS,Health
53,Children's National Health System,USA,Health
54,"University of California, Los Angeles *",USA,Universities
55,Yale University *,USA,Universities
56,Northwestern Medicine,USA,Health
57,Chinese Academy of Sciences *,CHN,Government
58,Washington University Medical Center ,USA,Health
59,Tel Aviv University,ISR,Universities
60,University of Cincinnati Medical Center,USA,Health
61,University of Pittsburgh Medical Center  *,USA,Health
62,Massachusetts General Hospital,USA,Health
63,University of Sydney *,AUS,Universities
64,Vrije Universiteit Amsterdam *,NLD,Universities
65,Ospedale Pediatrico Bambino Gesu,VAT,Health
66,All India Institute of Medical Sciences,IND,Universities
67,Kings College London,GBR,Universities
68,Duke Medicine,USA,Health
69,University Medical Center Utrecht,NLD,Health
70,Erasmus University Rotterdam *,NLD,Universities
71,Children's Healthcare of Atlanta ,USA,Health
72,Yale University Health & Medicine,USA,Health
73,University of Utah *,USA,Universities
74,Erasmus Medical Center,NLD,Health
75,"World Health Organization, Switzerland",CHE,Health
76,Universite de Paris Cite *,FRA,Universities
77,University of Oxford *,GBR,Universities
78,University of Southern California *,USA,Universities
79,University of Calgary *,CAN,Universities
80,"University of Minnesota, Twin Cities *",USA,Universities
81,Copenhagen University Hospital,DNK,Health
82,Universita degli Studi di Milano,ITA,Universities
83,University of Texas Southwestern Medical Center ,USA,Universities
84,Academisch Medisch Centrum,NLD,Health
85,World Health Organization *,MUL,Health
86,McGill University *,CAN,Universities
87,Peking University *,CHN,Universities
88,Pennsylvania State University *,USA,Universities
89,Clalit Health Services *,ISR,Health
90,University of Florida *,USA,Universities
91,Shanghai Jiao Tong University *,CHN,Universities
92,The Children's Hospital at Westmead,AUS,Health
93,New York University *,USA,Universities
94,George Washington University *,USA,Universities
95,The University of British Columbia,CAN,Universities
96,Case Western Reserve University,USA,Universities
97,Medical Research Council,GBR,Health
98,University of Pittsburgh Health Sciences,USA,Universities
99,The University of Queensland *,AUS,Universities
100,Children's Hospital Los Angeles ,USA,Health
101,Mount Sinai Health System *,USA,Health
102,Capital University of Medical Sciences *,CHN,Universities
103,"Newcastle University, Newcastle upon Tyne",GBR,Universities
104,Samsung Corp *,MUL,Companies
105,UC Davis Health System,USA,Health
106,University of Michigan Health System,USA,Health
107,Imperial College London,GBR,Universities
108,Peking University Health Science Center,CHN,Universities
109,University of Chicago *,USA,Universities
110,University of New South Wales *,AUS,Universities
111,Cornell University *,USA,Universities
112,"University of Alabama, Birmingham *",USA,Universities
113,University of Groningen *,NLD,Universities
114,Ohio State University Wexner Medical Center,USA,Health
115,University of Rochester *,USA,Universities
116,"University of Wisconsin, Madison *",USA,Universities
117,Universite de Fribourg,CHE,Universities
118,"Monash University, Melbourne *",AUS,Universities
119,University of Copenhagen,DNK,Universities
120,The University of Western Australia,AUS,Universities
121,Instituto de Salud Carlos III *,ESP,Health
122,Radboud University Nijmegen Medical Centre,NLD,Health
123,UCLA Health System,USA,Health
124,Oregon Health & Science University *,USA,Universities
125,Leiden University *,NLD,Universities
126,Huazhong University of Science and Technology *,CHN,Universities
127,University Hospitals Leuven,BEL,Health
128,University Medical Center Groningen,NLD,Health
129,BC Children's Hospital and Sunny Hill Health Centre for Children Vancouver,CAN,Health
130,Institut Catala de la Salut Barcelona *,ESP,Health
131,Fondazione Telethon *,ITA,Non-Profit
132,Montefiore Medical Center *,USA,Health
133,Institut Catala de la Salut Metropolitana Sud,ESP,Health
134,Icahn School of Medicine at Mount Sinai,USA,Universities
135,University of Rochester Medical Center,USA,Health
136,Centres de Recerca de Catalunya *,ESP,Non-Profit
137,Zhejiang University *,CHN,Universities
138,Mayo Clinic *,USA,Health
139,Rady Children's Hospital-San Diego,USA,Health
140,University of Kansas *,USA,Universities
141,Universita degli Studi di Napoli Federico II,ITA,Universities
142,Massachusetts Institute of Technology *,USA,Universities
143,Ministry of Education of the People's Republic of China,CHN,Government
144,National Institute of Child Health and Human Development,USA,Health
145,Telethon Institute of Genetics and Medicine,ITA,Non-Profit
146,Indiana University-Purdue University Indianapolis,USA,Universities
147,Brown University,USA,Universities
148,Oslo University Hospital,NOR,Health
149,University of Cambridge *,GBR,Universities
150,Wayne State University,USA,Universities
151,Catholic University of Louvain,BEL,Universities
152,Ateneo de Manila University,PHL,Universities
153,Statens Serum Institut,DNK,Health
154,Universita Cattolica del Sacro Cuore,ITA,Universities
155,Brigham and Women's Hospital *,USA,Health
156,Moorfields Eye Hospital NHS Trust,GBR,Health
157,Postgraduate Institute of Medical Education and Research,IND,Universities
158,University of Iowa *,USA,Universities
158,Catholic University of Leuven,BEL,Universities
160,University of Oslo,NOR,Universities
161,Leiden University Medical Center,NLD,Health
162,Children's Hospital of Eastern Ontario,CAN,Health
163,Fudan University *,CHN,Universities
164,George Washington The School of Medicine & Health Sciences,USA,Health
165,University of Southern California Health Sciences Campus,USA,Health
166,Universitatsklinikum Hamburg Eppendorf,DEU,Health
167,Universitat Hamburg *,DEU,Universities
168,University of Washington Medicine ,USA,Health
169,University of Miami *,USA,Universities
170,Centre National de la Recherche Scientifique *,FRA,Government
171,Karolinska University Hospital,SWE,Health
172,McMaster University *,CAN,Universities
173,Boston University *,USA,Universities
174,Universita degli Studi di Roma La Sapienza,ITA,Universities
175,South London and Maudsley NHS Foundation Trust,GBR,Health
176,NYU Langone Health,USA,Health
177,H. Lee Moffitt Cancer Center and Research Institute,USA,Health
178,Sorbonne Universite *,FRA,Universities
179,Royal Brompton and Harefield NHS Foundation Trust,GBR,Health
180,Cleveland Clinic *,USA,Health
181,Medizinische Hochschule Hannover,DEU,Universities
182,University Hospital Southampton NHS Foundation Trust,GBR,Health
183,The University of Reading,GBR,Universities
184,Albert Einstein College of Medicine,USA,Universities
185,Universita degli Studi di Pisa,ITA,Universities
186,Weill Cornell Medicine,USA,Universities
187,Guys & Saint Thomas NHS Foundation Trust,GBR,Health
188,St Jude Childrens Research Hospital,USA,Health
189,University of Florida Health Science Center,USA,Health
190,Central South University *,CHN,Universities
191,Chongqing Medical University *,CHN,Universities
192,Westmead Hospital ,AUS,Health
193,University of Helsinki,FIN,Universities
194,Childrens Mercy Hospital ,USA,Health
195,University of Medicine and Pharmacy Victor Babes,ROU,Universities
196,"GlaxoSmithKline, United States",USA,Companies
197,Hospital Sirio-Libanes,BRA,Health
198,Fondazione Policlinico Universitario Agostino Gemelli IRCCS,ITA,Health
199,"Colorado State University, Fort Collins *",USA,Universities
200,University Hospitals of Cleveland  *,USA,Health
201,Medical College of Wisconsin,USA,Universities
202,University of Virginia *,USA,Universities
203,Wuhan Children's Hospital,CHN,Health
204,Sichuan University *,CHN,Universities
205,Centre Hospitalier Universitaire Sainte-Justine,CAN,Health
206,Universidade de Sao Paulo *,BRA,Universities
207,University of Otago,NZL,Universities
208,Nemours Children's Health System,USA,Government
209,"RTI International, United States",USA,Companies
210,Universidade Estadual de Campinas *,BRA,Universities
211,UCSF Benioff Children's Hospital,USA,Health
212,Veterans Affairs Medical Centers *,USA,Health
213,Helsinki University Central Hospital,FIN,Health
214,"Fondazione IRCCS Ospedale Maggiore Policlinico, Mangiagalli e Regina Elena",ITA,Health
215,University of Utah Health Care,USA,Health
216,Orden Hospitalaria de San Juan de Dios *,ESP,Health
217,Universita degli Studi di Padova,ITA,Universities
218,University of Southampton,GBR,Universities
219,Medical University of Warsaw,POL,Universities
220,"University of Maryland, Baltimore",USA,Universities
221,University of Manitoba,CAN,Universities
222,University of Auckland,NZL,Universities
223,University of Kansas Medical Center,USA,Health
224,"Kinderspital Zurich, Universitats-Kinderklinik",CHE,Health
225,University of Miami Health System,USA,Health
226,McGill University Health Centre,CAN,Health
227,BJC HealthCare,USA,Health
228,Hospital de Sant Joan de Deu de Esplugues de Llobregat,ESP,Health
229,Charite - Universitatsmedizin Berlin *,DEU,Health
230,AstraZeneca *,MUL,Companies
230,Princeton University,USA,Universities
232,University of Alberta,CAN,Universities
233,Telethon Kids Institute,AUS,Health
234,University of Nottingham *,GBR,Universities
235,Hacettepe University,TUR,Universities
236,Universita degli Studi di Pavia,ITA,Universities
237,London School of Hygiene and Tropical Medicine,GBR,Universities
238,Penn State Milton S. Hershey Medical Center,USA,Health
238,"University of Texas, Austin",USA,Universities
240,Medizinische Universitat Graz *,AUT,Universities
241,Schneider Children's Medical Center of Israel,ISR,Health
242,Alberta Children's Hospital,CAN,Health
243,University of Liverpool *,GBR,Universities
244,University of Western Ontario,CAN,Universities
245,The University of Edinburgh *,GBR,Universities
246,Sanofi *,MUL,Companies
247,Centre de Recherche Saint Antoine,FRA,Government
248,Tehran University of Medical Sciences *,IRN,Universities
248,University of Bristol *,GBR,Universities
250,"Rutgers, The State University of New Jersey",USA,Universities
251,Seoul National University *,KOR,Universities
252,University of Tennessee Health Science Center,USA,Health
253,Albert-Ludwigs-Universitat Freiburg im Breisgau,DEU,Universities
254,GlaxoSmithKline *,MUL,Companies
255,Hospital Universitario La Paz,ESP,Health
256,United Nations International Children's Emergency Fund *,MUL,Non-Profit
257,Deakin University *,AUS,Universities
258,Centre Hospitalier Universitaire de Liege,BEL,Health
259,"Hypertension Arterielle, Pulmonaire: Physiopathologie et Innovation Therapeutique",FRA,Companies
260,I.M. Sechenov First Moscow State Medical University,RUS,Universities
261,Kings College Hospital NHS Foundation Trust,GBR,Health
262,Fondazione IRCCS Policlinico San Matteo ,ITA,Health
263,Medical University of South Carolina *,USA,Universities
264,"University of Texas, Health Science Center at Houston",USA,Universities
265,Dana Farber Cancer Institute ,USA,Health
266,University of Warsaw,POL,Universities
267,"University of Missouri, Kansas City",USA,Universities
268,Northwell Health *,USA,Health
269,Boston University Medical Campus ,USA,Health
270,Istituto Giannina Gaslini Ospedale Pediatrico IRCCS,ITA,Health
271,"Kaiser Permanente, Oakland *",USA,Health
272,Universite de Liege,BEL,Universities
273,City University of Hong Kong *,HKG,Universities
274,Zhongnan Hospital of Wuhan University,CHN,Health
275,Universite Paris-Saclay *,FRA,Universities
276,Universita degli Studi di Salerno,ITA,Universities
277,St Josephs Hospital and Medical Center ,USA,Health
278,Cliniques Universitaires Saint-Luc,BEL,Health
279,Rainbow Babies and Children's Hospital ,USA,Health
280,Xi'an Jiaotong University *,CHN,Universities
281,Norwegian Institute of Public Health,NOR,Health
282,Detroit Medical Center,USA,Health
283,University of Southern Denmark,DNK,Universities
284,The Leeds Teaching Hospitals NHS Trust,GBR,Health
285,Manchester University NHS Foundation Trust,GBR,Health
286,Pirogov Russian National Research Medical University,RUS,Universities
287,University of Gothenburg,SWE,Universities
288,National University of Singapore *,SGP,Universities
288,Hospital Universitario La Fe *,ESP,Health
290,"University of Nebraska, Lincoln",USA,Universities
291,Wageningen University and Research Centre,NLD,Universities
292,Tongji University *,CHN,Universities
293,Universita Politecnica delle Marche,ITA,Universities
294,Folkhalsan,FIN,Health
295,Commissariat a l'Energie Atomique et aux Energies Alternatives *,FRA,Government
296,University of Health Sciences,TUR,Universities
297,Hospital Universitari Vall d'Hebron,ESP,Health
298,Hanyang University *,KOR,Universities
299,Maccabi Health Care Services,ISR,Health
300,Universite de Montreal,CAN,Universities
301,Universidad Autonoma de Madrid *,ESP,Universities
302,Royal Women's Hospital ,AUS,Health
303,National Research Institute for Child Health and Development,JPN,Health
304,University of Turku,FIN,Universities
305,Women's and Children's Hospital,AUS,Health
306,Queen's University Belfast,GBR,Universities
307,Children's Hospital Fudan University,CHN,Health
308,Boston Medical Center ,USA,Health
309,Hopitaux Universitaires de Geneve,CHE,Health
310,Institut de Recerca de l'Hospital de la Santa Creu i Sant Pau    ,ESP,Health
311,Russian Academy of Sciences *,RUS,Government
312,Gyeongsang National University Hospital,KOR,Health
313,Universitatsklinikum Heidelberg,DEU,Health
314,University of Ottawa,CAN,Universities
315,Dartmouth College *,USA,Universities
316,Shanghai First Maternity and Infant Health Hospital,CHN,Health
317,Eberhard-Karls-Universitat Tubingen,DEU,Universities
318,Okayama University Hospital,JPN,Health
319,"Soochow University, Suzhou *",CHN,Universities
320,University of Athens,GRC,Universities
321,Medizinische Universitat Wien,AUT,Universities
322,Vrije Universiteit Brussel,BEL,Universities
323,Odense University Hospital,DNK,Health
324,Jilin University *,CHN,Universities
325,University Hospital Brussels,BEL,Health
326,"University of Illinois, Chicago *",USA,Universities
327,Okayama University *,JPN,Universities
328,University of Arkansas for Medical Sciences,USA,Universities
329,The Children's Hospital of Chongqing Medical University,CHN,Health
330,Universidad Complutense de Madrid *,ESP,Universities
331,"Sydney Children's Hospital, Randwick",AUS,Health
332,National Jewish Health,USA,Health
333,International Centre for Diarrhoeal Disease Research,BGD,Health
334,Wuhan University *,CHN,Universities
335,Universitat de Barcelona *,ESP,Universities
336,UC San Diego Health System,USA,Health
337,Virginia Commonwealth University *,USA,Universities
338,Tel Aviv Sourasky Medical Center,ISR,Health
339,Universita degli Studi di Firenze,ITA,Universities
340,"University of Connecticut, Storrs *",USA,Universities
341,University of Wisconsin Health,USA,Health
342,The University of Hong Kong *,HKG,Universities
343,Universitatsklinikum Koln,DEU,Health
344,University College Cork *,IRL,Universities
345,"State University of New York, Buffalo",USA,Universities
346,University of Northern Colorado *,USA,Universities
347,"University of California, Berkeley *",USA,Universities
348,Hospital Clinic de Barcelona,ESP,Health
349,Kandang Kerbau Women's and Children's Hospital,SGP,Health
350,Colorado School of Public Health,USA,Universities
351,Imperial College Healthcare NHS Trust,GBR,Health
352,Nepean Hospital,AUS,Health
353,"University of Maryland, College Park *",USA,Universities
354,Universitat Duisburg Essen *,DEU,Universities
354,Chonbuk National University *,KOR,Universities
356,National Center of Neurology and Psychiatry,JPN,Health
357,Semmelweis University,HUN,Universities
357,Tufts University,USA,Universities
359,Universitatsklinikum Freiburg,DEU,Health
360,University of Chicago Medical Center ,USA,Health
361,"United Nations International Children's Emergency Fund, United States",USA,Non-Profit
362,Memorial Sloan-Kettering Cancer Center,USA,Health
363,Radboud University Nijmegen,NLD,Universities
364,Institut d'Investigacio Sanitaria Pere Virgili,ESP,Health
365,The University of Adelaide,AUS,Universities
366,Tampere University,FIN,Universities
367,University of Birmingham,GBR,Universities
367,Technion - Israel Institute of Technology *,ISR,Universities
369,Centre Hospitalier Universitaire Vaudois ,CHE,Health
370,Universidad de Murcia *,ESP,Universities
371,Turku University Hospital,FIN,Health
372,University of Leicester,GBR,Universities
373,NHS Greater Glasgow and Clyde,GBR,Health
374,NHS Lothian,GBR,Health
375,University of Arizona *,USA,Universities
376,Yonsei University *,KOR,Universities
377,University of Minnesota Health and Medicine,USA,Universities
378,Xinhua Hospital,CHN,Health
379,Universidad de Extremadura *,ESP,Universities
380,"University of California, Irvine *",USA,Universities
381,Centre Hospitalier Universitaire de Nice *,FRA,Health
382,Simon Fraser University,CAN,Universities
383,Zhengzhou University *,CHN,Universities
384,Thomas Jefferson University *,USA,Universities
385,University of Exeter,GBR,Universities
386,University of South Florida,USA,Universities
387,Jinan University *,CHN,Universities
388,Ghent University Hospital,BEL,Health
389,Charles University *,CZE,Universities
390,Children's Hospital School of Medicine Zhejiang University,CHN,Health
391,Uppsala University,SWE,Universities
392,Ghent University,BEL,Universities
393,Dokuz Eylul University *,TUR,Universities
394,Children’s Hospital Foundation of Manitoba,CAN,Health
395,Universitatsklinikum Essen,DEU,Health
396,Intermountain Healthcare,USA,Health
397,Universidad de La Sabana *,COL,Universities
398,Rush University *,USA,Universities
399,University of Indonesia,IDN,Universities
400,Universita degli Studi di Torino,ITA,Universities
401,Institut Necker Enfants Malades,FRA,Government
402,University College London Hospital NHS Trust,GBR,Health
403,Nanjing Medical University *,CHN,Universities
404,Lunds University,SWE,Universities
405,Westfalische Wilhelms-Universitat Munster *,DEU,Universities
406,Rambam Health Care Campus,ISR,Health
407,Azienda Ospedaliera Universitaria Policlinico Gaetano Martino,ITA,Health
408,Newcastle upon Tyne Hospitals NHS Foundation Trust,GBR,Health
408,Hofstra University *,USA,Universities
410,Aarhus University *,DNK,Universities
411,Istituto Superiore di Sanita,ITA,Health
412,Universita degli Studi di Bari,ITA,Universities
413,University of Durham,GBR,Universities
414,Trinity College Dublin *,IRL,Universities
415,Universitat Heidelberg,DEU,Universities
416,Universitat Ulm *,DEU,Universities
417,Canakkale Onsekiz Mart Universitesi *,TUR,Universities
418,University of Cape Town,ZAF,Universities
419,Hungarian Academy of Sciences *,HUN,Government
420,Tampere University Hospital,FIN,Health
421,Donald and Barbara Zucker School of Medicine at Hofstra/Northwell,USA,Universities
422,Hebrew University of Jerusalem,ISR,Universities
423,Cambridge University Hospitals NHS Foundation Trust,GBR,Health
424,University Hospitals Bristol NHS Foundation Trust,GBR,Health
425,Institut Mondor de Recherche Biomedicale,FRA,Government
426,Indiana University Health,USA,Health
427,Swansea University,GBR,Universities
428,Rush University Medical Center,USA,Health
429,Ospedale infantile Burlo Garofolo IRCCS,ITA,Health
430,Shandong First Medical University *,CHN,Universities
431,Kennedy Krieger Institute,USA,Health
432,Umea University *,SWE,Universities
433,University of Glasgow *,GBR,Universities
433,Russian Academy of Medical Sciences,RUS,Health
435,The Chinese University of Hong Kong *,HKG,Universities
436,Fujita Health University *,JPN,Universities
437,George Institute for International Health *,AUS,Health
438,Universitatsklinikum Munster,DEU,Health
439,Korea University *,KOR,Universities
440,Hospital Infantil de Mexico Federico Gomez,MEX,Health
441,"Agency for Science, Technology and Research Singapore *",SGP,Government
442,Pontificia Universidad Catolica de Chile *,CHL,Universities
443,Michigan State University,USA,Universities
443,Klinikum Ludwig Maximilians Universitat Munchen,DEU,Health
445,University of Belgrade,SRB,Universities
446,Royal College of Surgeons *,IRL,Universities
447,Justus-Liebig-Universitat Giessen *,DEU,Universities
448,Oxford University Hospitals NHS Trust,GBR,Health
449,Royal North Shore Hospital,AUS,Health
450,Azienda Ospedaliera Careggi,ITA,Health
451,National Taiwan University,TWN,Universities
452,National Center for Global Health and Medicine,JPN,Health
453,Hospital Universitari Sant Joan de Reus,ESP,Health
454,US Food and Drug Administration,USA,Government
455,University of South Carolina *,USA,Universities
456,Shahid Beheshti University of Medical Sciences and Health Services *,IRN,Universities
457,University of Virginia Health System,USA,Health
458,University of Mississippi *,USA,Universities
459,Emory Healthcare,USA,Health
460,Consiglio Nazionale delle Ricerche *,ITA,Government
461,Alder Hey Children's NHS Foundation Trust,GBR,Health
462,Wuhan Union Hospital,CHN,Health
463,University College Dublin,IRL,Universities
464,Shuang Ho Hospital,TWN,Health
465,Carmel Medical Center,ISR,Health
466,Philipps-Universitat Marburg *,DEU,Universities
467,"Saint Louis University, Saint Louis *",USA,Universities
468,Azienda Ospedaliera di Padova,ITA,Health
469,Queensland University of Technology,AUS,Universities
470,Seoul National University Hospital *,KOR,Health
471,National Taiwan University Hospital,TWN,Health
472,Universitat de Valencia *,ESP,Universities
473,Consejo Superior de Investigaciones Cientificas *,ESP,Government
474,Centro de Investigacion Biomedica en Red de Salud Mental,ESP,Health
475,"Chang Gung Memorial Hospital, Taipei *",TWN,Health
476,Children's Memorial Health Institute,POL,Health
477,Sheba Medical Center,ISR,Health
478,Korea University Medical Center,KOR,Health
479,Institute for Clinical Evaluative Sciences *,CAN,Health
480,The University of Manchester *,GBR,Universities
481,Arizona State University *,USA,Universities
482,Technische Universitat Dresden *,DEU,Universities
483,Centro Hospitalar de Sao Joao,PRT,Health
484,Martin-Luther-Universitat Halle-Wittenberg *,DEU,Universities
485,Centre Hospitalier Regional et Universitaire de Tours,FRA,Health
486,Fundacio de Recerca Clinic Barcelona-Institut d’Investigacions Biomediques August Pi i Sunyer,ESP,Health
487,"Chang Gung Memorial Hospital, Kaohsiung",TWN,Health
488,United States Department of Agriculture,USA,Government
489,National Institute of Mental Health,USA,Health
490,Skane University Hospital,SWE,Health
491,New York City Health and Hospitals Corp *,USA,Health
492,First Affiliated Hospital of Xi'an Jiaotong University,CHN,Health
493,University of Delhi *,IND,Universities
494,Universita degli Studi di Verona,ITA,Universities
495,Gangnam Severance Hospital,KOR,Health
495,Istituto per la Ricerca e l’Innovazione Biomedica,ITA,Health
497,Chinese Academy of Medical Sciences and Peking Union Medical College *,CHN,Universities
498,Universitatsklinikum Tubingen,DEU,Health
499,Yonsei University Health System,KOR,Health
500,Loughborough University,GBR,Universities
501,University of South Florida System *,USA,Universities
502,Mount Sinai Hospital Joseph and Wolf Lebovic Health Complex,CAN,Health
503,Stellenbosch University,ZAF,Universities
504,Fred Hutchinson Cancer Research Center *,USA,Health
505,University of Oklahoma *,USA,Universities
506,Gold Coast University Hospital,AUS,Health
507,Taipei Medical University Hospital,TWN,Health
507,Fondazione IRCCS San Raffaele del Monte Tabor,ITA,Health
509,Qatar Foundation *,QAT,Non-Profit
510,Tilburg University,NLD,Universities
511,Universite de Lausanne,CHE,Universities
511,Universidade do Porto *,PRT,Universities
513,First Hospital of Jilin University,CHN,Health
514,Chungbuk National University Hospital,KOR,Health
515,St Georges University of London,GBR,Universities
516,Mashhad University of Medical Sciences,IRN,Universities
516,Cardiff University,GBR,Universities
518,Istituto Clinico Humanitas,ITA,Health
518,Phoenix Children's Hospital,USA,Health
520,South Eastern Sydney Local Health District *,AUS,Health
521,Cedars-Sinai Medical Center ,USA,Health
522,Universita degli Studi di Messina,ITA,Universities
523,Drexel University,USA,Universities
524,Gyeongsang National University *,KOR,Universities
525,Townsville University Hospital,AUS,Health
526,Wake Forest University *,USA,Universities
527,Anhui Medical University *,CHN,Universities
528,Universidade Federal de Sao Paulo *,BRA,Universities
529,Cairo University *,EGY,Universities
530,Universidad Nacional Autonoma de Mexico,MEX,Universities
531,Centro de Investigacion Biomedica en Red de Enfermedades Raras,ESP,Health
532,Fundacion Cardioinfantil Instituto de Cardiologia,COL,Health
533,University of North Carolina Health Care,USA,Health
534,Helmholtz Gemeinschaft *,DEU,Government
535,Max Planck Gesellschaft *,DEU,Government
536,Instituto de Medicina Integral Professor Fernando Figueira,BRA,Health
537,Nestle *,MUL,Companies
538,Universitat Zurich,CHE,Universities
539,Motol University Hospital,CZE,Health
540,Universita degli Studi di Roma Tor Vergata,ITA,Universities
541,Rede D’Or Sao Luiz *,BRA,Health
542,Kenya Medical Research Institute,KEN,Health
543,USF Health,USA,Universities
544,University of Connecticut Health Center,USA,Universities
545,Universidad de Granada *,ESP,Universities
546,University of Tokyo *,JPN,Universities
547,Universitatsklinikum Giessen und Marburg GmbH Standort Giessen,DEU,Health
548,Florida International University,USA,Universities
549,Wake Forest University Baptist Medical Center,USA,Health
550,Murdoch University,AUS,Universities
551,Ankara University,TUR,Universities
552,New York State Department of Health *,USA,Health
553,Muhimbili University of Health and Allied Sciences,TZA,Universities
554,Universita degli Studi di Milano-Bicocca,ITA,Universities
555,University of Kentucky *,USA,Universities
556,"University of California, Riverside",USA,Universities
557,Universita Vita-Salute San Raffaele,ITA,Universities
558,Center for Disease Control and Prevention China,CHN,Health
559,Sidra Medicine,QAT,Health
560,Universita degli Studi di Udine,ITA,Universities
561,The Jikei University School of Medicine *,JPN,Universities
562,Universitat Rovira i Virgili *,ESP,Universities
563,Universita degli Studi dell Aquila,ITA,Universities
564,Julius-Maximilians-Universitat Wurzburg *,DEU,Universities
565,Dalhousie University *,CAN,Universities
566,University of Tokyo Hospital,JPN,Health
567,Loma Linda University *,USA,Universities
568,University of Iowa Health Care,USA,Health
569,Complejo Hospitalario Universitario de Albacete,ESP,Health
570,Universidade Federal do Rio Grande do Sul,BRA,Universities
571,Universidade Federal de Minas Gerais,BRA,Universities
572,Universidad de la Republica *,URY,Universities
573,University of Texas M.D. Anderson Cancer Center ,USA,Health
574,"Centro de Investigacion Biomedica en Red Fisiopatologia de la Obesidad y Nutricion, Madrid",ESP,Health
575,Austin Health *,AUS,Health
576,Baylor University,USA,Universities
577,Universita degli Studi di Parma,ITA,Universities
578,University of Texas Medical Branch ,USA,Universities
579,"Northeastern University, USA",USA,Universities
580,IVIRMA Global *,MUL,Health
581,"University of Texas, Arlington",USA,Universities
581,Centre Hospitalier Universitaire de Quebec,CAN,Health
583,Georgia State University,USA,Universities
584,Royal Free London NHS Foundation Trust,GBR,Health
585,Sheffield Children's NHS Foundation Trust,GBR,Health
586,Institut de Recerca Hospital Universitari Vall d'Hebron,ESP,Health
587,Georgetown University *,USA,Universities
588,Parc de Salut Mar de Barcelona *,ESP,Health
589,Nanjing University *,CHN,Universities
590,Centro de Investigacion Biomedica en Red Fisiopatologia de la Obesidad y Nutricion,ESP,Health
590,Norwegian University of Science and Technology,NOR,Universities
592,"University of Colorado, Boulder *",USA,Universities
593, Centre Hospitalier de l'Universite de Montreal,CAN,Health
594,"China Medical University, Shenyang *",CHN,Universities
595,Griffith University,AUS,Universities
596,Universite Paris-Est Creteil *,FRA,Universities
597,Universitats Kinderspital beider Basel,CHE,Health
598,Manchester Academic Health Science Centre,GBR,Health
599,St. Joseph's Healthcare Hamilton,CAN,Health
600,University of Electronic Science and Technology of China *,CHN,Universities
600,"King Abdulaziz University Hospital, Jeddah",SAU,Health
602,Universitat Bern *,CHE,Universities
603,Airlangga university,IDN,Universities
604,Texas Tech University Health Sciences Center,USA,Universities
605,Jichi Medical University *,JPN,Universities
606,Universite Clermont-Auvergne,FRA,Universities
607,New York Presbyterian Hospital,USA,Health
607,Hospital Infantil Universitario Nino Jesus *,ESP,Health
609,Ministry of Health of the Russian Federation,RUS,Health
610,"Institut National de Recherche pour l'Agriculture, l'Alimentation et l'Environnement *",FRA,Government
610,Chung Shan Medical University Hospital,TWN,Health
610,Shriners Hospitals for Children *,MUL,Health
613,Lawson Health Research Institute,CAN,Health
614,Universidad Publica de Navarra *,ESP,Universities
615,Hospital Universitari de Tarragona Joan XXIII,ESP,Health
616,"University of Texas, San Antonio",USA,Universities
617,Baystate Health System,USA,Health
618,Tulane University *,USA,Universities
619,Ben-Gurion University of the Negev *,ISR,Universities
620,Tokyo Womens Medical University *,JPN,Universities
621,Ludwig-Maximilians Universitat Munchen *,DEU,Universities
622,University Hospital of Bern,CHE,Health
622,"University of the Witwatersrand, Johannesburg",ZAF,Universities
624,University Hospital Hradec Kralove,CZE,Health
625,Institut Catala de la Salut Tarragona,ESP,Health
625,Arizona Health Sciences Center University of Arizona Tucson,USA,Health
627,Sun Yat-Sen University *,CHN,Universities
628,Children's Health Ireland at Crumlin,IRL,Health
629,Universidade de Lisboa *,PRT,Universities
630,National Institute for Health and Welfare,FIN,Health
631,Linkoping University,SWE,Universities
632,Shaare Zedek Medical Center,ISR,Health
633,Universitat Leipzig *,DEU,Universities
634,Universita degli Studi di Palermo,ITA,Universities
635,Universita degli Studi di Trieste,ITA,Universities
635,Universidade Federal do Rio de Janeiro *,BRA,Universities
637,New York State Psychiatric Institute,USA,Health
638,VCU Medical Center,USA,Health
639,Hudson Institute of Medical Research,AUS,Non-Profit
640,University General Hospital,CZE,Health
641,Universitat Autonoma de Barcelona *,ESP,Universities
642,L'Alma Mater Studiorum - Universita di Bologna,ITA,Universities
642,University Health Network *,CAN,Health
644,"National University of Ireland, Galway",IRL,Universities
645,Shandong University *,CHN,Universities
646,Universite Claude Bernard Lyon 1 *,FRA,Universities
646,National Cancer Institute,USA,Health
648,Universite Cote d’Azur *,FRA,Universities
649,Nanjing Drum Tower Hospital,CHN,Health
650,University of Ljubljana *,SVN,Universities
651,University of Bergen,NOR,Universities
652,Universitat zu Koln,DEU,Universities
653,Kyorin University *,JPN,Universities
654,Universite Montpellier *,FRA,Universities
655,Aarhus University Hospital,DNK,Health
656,Hospital General Universitario Gregorio Maranon *,ESP,Health
657,Azienda Ospedaliero Universitaria di Bologna - Policlinico di Sant'Orsola Malpighi,ITA,Health
658,Soroka University Medical Center,ISR,Health
659,South African Medical Research Council,ZAF,Health
659,Le Bonheur Children's Hospital,USA,Health
661,Chang Gung University,TWN,Universities
662,RAND Corp,USA,Non-Profit
663,Women and Infants Hospital of Rhode Island ,USA,Health
664,Children's Hospital Affiliated to Soochow University,CHN,Health
664,University of Antwerp,BEL,Universities
666,Universidad Rey Juan Carlos *,ESP,Universities
667,Plymouth University,GBR,Universities
668,University of Texas Health Science Center at San Antonio ,USA,Universities
669,Nagoya University *,JPN,Universities
670,Asan Medical Center Seoul *,KOR,Health
671,Birmingham Women's NHS Foundation Trust,GBR,Health
672,Seoul National University Children's Hospital,KOR,Health
673,Memorial University of Newfoundland,CAN,Universities
674,National Institute of Public Health of Japan,JPN,Health
675,Complejo Hospitalario Universitario de Santiago,ESP,Health
676,Hospices Civils de Lyon *,FRA,Health
677,"Queen Mary, University of London",GBR,Universities
678,Oulu University Hospital,FIN,Health
679,Maastricht University,NLD,Universities
680,Inje University Busan-Paik Hospital,KOR,Health
681,University of Warwick,GBR,Universities
682,University Hospital Maastricht,NLD,Health
683,Northshore University HealthSystem,USA,Health
684,Rheinische Friedrich-Wilhelms-Universitat Bonn *,DEU,Universities
685,Universite Libre de Bruxelles,BEL,Universities
686,"University of Missouri, Columbia *",USA,Universities
687,L’Azienda Socio Sanitaria Territoriale Santi Paolo e Carlo,ITA,Health
688,Universitat Politecnica de Valencia *,ESP,Universities
689,Azienda Ospedaliera di Verona,ITA,Health
690,Instituto Mexicano del Seguro Social *,MEX,Health
691,Akdeniz University,TUR,Universities
691,Hematological Scientific Centre of the Russian Academy of Medical Sciences,RUS,Health
693,Clemson University,USA,Universities
694,University of Houston,USA,Universities
695,Samsung Medical Center Seoul,KOR,Health
696,Teachers College of Columbia University,USA,Universities
697,Istanbul Medeniyet University,TUR,Universities
697,National Institute of Diabetes and Digestive and Kidney Diseases,USA,Health
699,Brigham Young University,USA,Universities
700,Universita degli Studi della Campania Luigi Vanvitelli,ITA,Universities
701,University of Oklahoma Health Sciences Center,USA,Universities
702,Universite de Nantes *,FRA,Universities
703,East Carolina University,USA,Universities
703,University of Massachusetts Medical School,USA,Universities
703,Mahidol University *,THA,Universities
706,Care New England Health System *,USA,Health
707,First Affiliated Hospital of Chongqing Medical University,CHN,Health
708,Ain Shams University *,EGY,Universities
709,University of Vermont,USA,Universities
710,Aalborg University Hospital,DNK,Health
711,Beth Israel Deaconess Medical Center,USA,Health
712,Universita degli Studi di Genova,ITA,Universities
712,Sungkyunkwan University,KOR,Universities
714,Humanitas University *,ITA,Universities
715,IWK Health Centre *,CAN,Health
716,University of Mississippi Medical Center,USA,Universities
717,Aristotle University of Thessaloniki,GRC,Universities
718,National Institute of Allergy and Infectious Diseases,USA,Health
719,Second Affiliated Hospital of China Medical University-Sheng Jing Hospital,CHN,Health
720,Universidad de Chile *,CHL,Universities
721,Birmingham Children's Hospital NHS Foundation Trust,GBR,Health
722,Princess Maxima Center,NLD,Health
723,Iran University of Medical Sciences *,IRN,Universities
724,West China Second University Hospital,CHN,Health
725,West Virginia University *,USA,Universities
726,Ottawa Hospital Research Institute,CAN,Health
727,RWJBarnabas Health *,USA,Health
728,Alexandria University *,EGY,Universities
729,University of Kelaniya,LKA,Universities
730,University of York,GBR,Universities
731,University of New Mexico *,USA,Universities
732,Lanzhou University *,CHN,Universities
733,Children's Hospital of Orange County ,USA,Health
734,University of New Hampshire,USA,Universities
735,Universite Paris-Nord 13 *,FRA,Universities
736,Sahlgrenska University Hospital,SWE,Health
736,Shiraz University of Medical Sciences *,IRN,Universities
738,Queen Mary Hospital Hong Kong,HKG,Health
739,Complejo Hospitalario Virgen del Rocio,ESP,Health
740,Aga Khan University *,PAK,Universities
740,Kyoto University *,JPN,Universities
742,Aalborg University *,DNK,Universities
743,Harvard Pilgrim Health Care,USA,Health
744,Taipei Medical University,TWN,Universities
745,University of Louisville *,USA,Universities
746,Ospedale Luigi Sacco,ITA,Health
747,Royal Devon and Exeter NHS Foundation Trust,GBR,Health
748,Pontificia Universidad Javeriana *,COL,Universities
749,Universitat des Saarlandes *,DEU,Universities
750,Grupo Hospitalario Quironsalud *,MUL,Health
751,Maulana Azad Medical College,IND,Health
752,Tsinghua University *,CHN,Universities
753,University of Zagreb,HRV,Universities
754,City University of New York *,USA,Universities
755,Friedrich-Alexander-Universitat Erlangen-Nurnberg *,DEU,Universities
756,Starship Children's Hospital,NZL,Health
757,Instituto Nacional de Pediatria,MEX,Health
758,"Prince of Wales Hospital, Hong Kong",HKG,Health
759,Klinikum Rechts der Isar der Technische Universitat Munchen,DEU,Health
760,National Health Commission of the People's Republic of China *,CHN,Health
761,Seoul National University Bundang Hospital,KOR,Health
762,CareGroup Healthcare System *,USA,Health
763,Istanbul University Cerrahpasa *,TUR,Universities
764,King Saud University *,SAU,Universities
765,Dartmouth-Hitchcock Health Care System,USA,Health
766,Ohio University,USA,Universities
767,Marmara University *,TUR,Universities
768,University of Leeds,GBR,Universities
769,Eulji University *,KOR,Universities
770,Hospital das Clinicas da Faculdade de Medicina da Universidade de Sao Paulo,BRA,Health
771,Fundacao Oswaldo Cruz *,BRA,Health
772,Instituto de Investigacion Sanitaria de Navarra,ESP,Health
773,King Abdulaziz University *,SAU,Universities
774,"State University of New York, Stony Brook *",USA,Universities
775,Tata Memorial Centre,IND,Government
776,University Hospital Antwerp,BEL,Health
777,Palacky University *,CZE,Universities
778,Universitatsklinikum des Saarlandes,DEU,Health
779,"Chang Gung Memorial Hospital, Taoyuan",TWN,Health
780,Indiana University-Bloomington,USA,Universities
781,San Diego State University,USA,Universities
782,Lady Hardinge Medical College,IND,Health
783,Sheffield Teaching Hospitals NHS Trust,GBR,Health
784,Otto-von-Guericke-Universitat Magdeburg *,DEU,Universities
785,University Hospitals Birmingham NHS Foundation Trust,GBR,Health
786,Hospital de Ninos Ricardo Gutierrez,ARG,Health
787,Sherbrooke University *,CAN,Universities
788,St Michaels Hospital Toronto,CAN,Health
789,Hospital Italiano de Buenos Aires *,ARG,Health
790,Makerere University *,UGA,Universities
791,Ljubljana University Medical Centre,SVN,Health
792,Region Stockholm,SWE,Government
793,Chulalongkorn University,THA,Universities
794,Universita degli Studi di Brescia,ITA,Universities
795,Virginia Polytechnic Institute and State University *,USA,Universities
796,CGIAR Consortium of International Agricultural Research *,MUL,Non-Profit
797,The Ottawa Hospital  *,CAN,Health
798,National University Health System *,SGP,Health
799,Centre de Recherche en Epidemiologie et Statistiques,FRA,Government
800,Helmholtz Zentrum Munchen Forschungszentrum fur Umwelt und Gesundheit,DEU,Government
801,"Universite de Picardie Jules Verne, Amiens *",FRA,Universities
802,The University of Sheffield,GBR,Universities
803,"Southeast University, Nanjing *",CHN,Universities
803,Curtin University *,AUS,Universities
805,The University of Newcastle,AUS,Universities
806,Marshfield Clinic,USA,Health
807,North Carolina State University,USA,Universities
807,Hospital Universitario Ramon y Cajal *,ESP,Health
809,"Union Hospital, Tongji Medical College",CHN,Health
810,Sanjay Gandhi Postgraduate Institute of Medical Sciences,IND,Universities
811,Temple University *,USA,Universities
812,University of Eastern Finland,FIN,Universities
813,University Hospitals Leicester NHS Trust,GBR,Health
814,Florida State University *,USA,Universities
814,University of Western Sydney,AUS,Universities
816,Connecticut Children's Medical Center ,USA,Health
817,Inje University *,KOR,Universities
818,U.S. Department of Energy *,USA,Government
818,Abu Dhabi Health Services Co *,ARE,Companies
820,Assistance Publique Hopitaux de Marseille *,FRA,Health
821,Linkou Chang Gung Memorial Hospital,TWN,Health
822,Centre Hospitalier Universitaire de Saint-Etienne,FRA,Health
823,Children Medical Center Hospital,IRN,Health
824,University of Waterloo *,CAN,Universities
825,University of Delaware,USA,Universities
826,Saveetha Institute of Medical and Technical Sciences *,IND,Universities
827,Shenzhen University,CHN,Universities
828,Centre Hospitalier Universitaire de Clermont-Ferrand,FRA,Health
828,University of Bath,GBR,Universities
830,First Affiliated Hospital of Zhengzhou University,CHN,Health
831,Instituto de Investigacion Sanitaria La Fe,ESP,Health
832,Universidad Europea de Madrid *,ESP,Universities
833,Wroclaw Medical University,POL,Universities
834,Hospital Universitario 12 de Octubre *,ESP,Health
835,Universita degli Studi Gabriele d'Annunzio di Chieti e Pescara,ITA,Universities
836,Polish Mothers Memorial Hospital Research Institute,POL,Health
837,Istanbul University *,TUR,Universities
837,Universitatsspital Zurich,CHE,Health
839,NIHR Oxford Biomedical Research Centre,GBR,Health
839,Australian National University,AUS,Universities
841,University of Nebraska Medical Center,USA,Universities
841,Institut des Maladies Genetiques Imagine,FRA,Government
843,Tufts Medical Center,USA,Health
844,Hospital de la Santa Creu i Sant Pau *,ESP,Health
845,Chiang Mai University,THA,Universities
846,"Kaiser Permanente Southern California, Pasadena",USA,Health
846,Centre Hospitalier Regional et Universitaire de Besancon,FRA,Health
848,Auckland City Hospital,NZL,Health
849,Nihon University *,JPN,Universities
850,Fundacion IVI,ESP,Non-Profit
851,University of Georgia,USA,Universities
852,Hospital Universitario Fundacion Jimenez Diaz,ESP,Health
853,"Weill Cornell Medicine, Qatar",QAT,Universities
854,Universite de Bordeaux *,FRA,Universities
855,Children's Hospital of Wisconsin,USA,Health
856,Centre Hospitalier Universitaire de Montpellier *,FRA,Health
857,State University of New York Upstate Medical University *,USA,Universities
858,Chung Shan Medical University,TWN,Universities
859,St Marianna University School of Medicine *,JPN,Universities
860,Novartis *,MUL,Companies
861,University of Ulster,GBR,Universities
862,Juntendo University *,JPN,Universities
863,University of Central Lancashire,GBR,Universities
864,King Chulalongkorn Memorial Hospital,THA,Health
865,Toho University *,JPN,Universities
866,Hadassah University Medical Center *,ISR,Health
867,Universite PSL *,FRA,Universities
868,International Food Policy Research Institute,MUL,Non-Profit
869,"Centro de Investigacion Biomedica en Red de Enfermedades Raras, Madrid",ESP,Health
870,Isfahan University of Medical Sciences *,IRN,Universities
871,University of East Anglia *,GBR,Universities
872,St Georges Healthcare NHS Trust,GBR,Health
873,Royal Melbourne Hospital,AUS,Health
874,Centre Hospitalier Universitaire de Amiens-Picardie,FRA,Health
875,Hong Kong Polytechnic University,HKG,Universities
876,Johannes Gutenberg-Universitat Mainz *,DEU,Universities
877,Queen's University,CAN,Universities
878,University of Tromso - The Arctic University of Norway,NOR,Universities
879,University of Illinois at Urbana-Champaign *,USA,Universities
880,Hospital Nacional de Pediatria Profesor Dr Juan P Garrahan,ARG,Health
880,Universitatsklinikum Gottingen,DEU,Health
882,Georgetown University Medical Center,USA,Health
883,Sherbrooke's university hospital,CAN,Health
884,Fukushima Medical University *,JPN,Universities
885,Hackensack University Medical Center,USA,Health
886,Universidad de Zaragoza *,ESP,Universities
887,Universidad Carlos III de Madrid *,ESP,Universities
888,Universitatsklinikum Erlangen,DEU,Health
888,Centre Hospitalier Universitaire de Bordeaux,FRA,Health
890,Centre Hospitalier Regional Universitaire de Lille *,FRA,Health
891,Johann Wolfgang Goethe-Universitat Frankfurt am Main *,DEU,Universities
892,York University,CAN,Universities
893,Shandong Provincial Hospital,CHN,Health
894,Ministerio de Ciencia e Innovacion *,MUL,Government
895,"Centro de Investigaciones Energeticas, Medioambientales y Tecnologicas",ESP,Government
896,Ege University,TUR,Universities
897,"Grupo Hospitalario Quironsalud, Spain",ESP,Health
898,University of New Mexico Health Sciences Center,USA,Health
899,Tanta University,EGY,Universities
900,Hospital Regional Universitario de Malaga,ESP,Health
901,Universitatsklinikum Wurzburg,DEU,Health
902,Amrita Institute for Medical Science and Research,IND,Health
903,Purdue University,USA,Universities
904,University of Denver,USA,Universities
904,Nagasaki University *,JPN,Universities
906,Pontificia Universidade Catolica do Rio Grande do Sul,BRA,Universities
907,Universite de Versailles Saint Quentin en Yvelines *,FRA,Universities
908,Cork University Hospital,IRL,Health
909,Ministry of Health *,TUR,Health
910,St. Olavs University Hospital,NOR,Health
911,Loma Linda University Medical Center ,USA,Health
911,SUNY Downstate Medical Center,USA,Universities
911,University of Pretoria,ZAF,Universities
914,Gazi University,TUR,Universities
915,Te Whatu Ora Health New Zealand *,NZL,Health
916,University of Oulu,FIN,Universities
917,University of Oregon,USA,Universities
918,NYC Health + Hospitals Bellevue,USA,Health
919,Zhejiang Chinese Medical University *,CHN,Universities
920,Universitatsmedizin der Johannes Gutenberg-Universitat Mainz,DEU,Health
921,Manisa Celal Bayar University *,TUR,Universities
922,The General Hospital of the People's Liberation Army *,CHN,Health
923,Hospital Puerta del Mar,ESP,Health
924,Universite du Quebec en Quebec *,CAN,Universities
925,Boston College,USA,Universities
926,La Trobe University *,AUS,Universities
927,Monash Health *,AUS,Health
928,Royal Prince Alfred Hospital ,AUS,Health
929,Haukeland University Hospital,NOR,Health
930,London Health Sciences Centre,CAN,Health
931,Universita degli Studi di Perugia,ITA,Universities
932,Assiut University *,EGY,Universities
933,Bahir Dar University,ETH,Universities
934,Spedali Civili di Brescia,ITA,Health
935,Gobierno de Navarra  *,ESP,Government
936,Tianjin Medical University *,CHN,Universities
936,Laval University,CAN,Universities
938,Universitatsklinikum Mannheim,DEU,Health
939,Catholic University of Korea *,KOR,Universities
940,Universite de Geneve,CHE,Universities
941,Universitatsklinikum Schleswig-Holstein,DEU,Health
942,University Hospital in Olomouc,CZE,Health
943,International Food Policy Research Institute United States,USA,Non-Profit
943,Universitat Basel *,CHE,Universities
945,Leibniz Gemeinschaft *,DEU,Government
946,Universita degli Studi di Catania,ITA,Universities
947,University of Gondar,ETH,Universities
948,Lomonosov  Moscow State University,RUS,Universities
949,Keio University *,JPN,Universities
950,Uniao Brasileira de Educacao e Assistencia *,BRA,Non-Profit
951,Steno Diabetes Center,DNK,Health
952,"Washington State University, Spokane Campus",USA,Universities
953,Hospital de Clinicas de Porto Alegre,BRA,Health
954,Ruhr-Universitat Bochum *,DEU,Universities
955,Centre Hospitalier Universitaire de Caen *,FRA,Health
956,Amphia Hospital ,NLD,Health
957,National Cheng Kung University Hospital,TWN,Health
958,Stollery Children's Hospital Foundation,CAN,Health
959,University of Split,HRV,Universities
960,Manipal University,IND,Universities
961,Jawaharlal Institute of Postgraduate Medical Education and Research,IND,Universities
962,Paracelsus Medizinische Privatuniversitat,AUT,Universities
963,Universitat Wien,AUT,Universities
964,Alberta Health Services *,CAN,Health
965,Onze Lieve Vrouwe Hospital,NLD,Health
966,Instituto de Investigacion Hospital 12 de Octubre,ESP,Health
967,Consejo Nacional de Investigaciones Cientificas y Tecnicas *,ARG,Government
968,Ministerio de Ciencia e Innovacion Madrid,ESP,Government
969,Hospital Universitario Infanta Sofia,ESP,Health
970,Universidad Politecnica de Madrid *,ESP,Universities
971,Uniformed Services University of the Health Sciences,USA,Universities
972,"University of Technology, Sydney",AUS,Universities
973,Universidad del Pais Vasco *,ESP,Universities
974,Technische Universitat Munchen *,DEU,Universities
975,Poznan University of Medical Sciences,POL,Universities
976,Kurume University *,JPN,Universities
976,"Oklahoma State University, Stillwater *",USA,Universities
978,Fujian Medical University *,CHN,Universities
979,Aichi Medical University *,JPN,Universities
980,Universidad de Sevilla *,ESP,Universities
981,Mie University *,JPN,Universities
982,Children's Medical Center Dallas,USA,Health
983,Instituto Fernandes Figueira,BRA,Health
984,Maimonides Medical Center,USA,Health
985,King Georges Medical University,IND,Universities
986,Gadjah Mada University,IDN,Universities
987,Pfizer *,MUL,Companies
988,Medizinische Universitat Innsbruck *,AUT,Universities
989,Oak Ridge Institute for Science and Education,USA,Government
990,Conselleria de Sanidad A Coruna,ESP,Health
991,Edith Wolfson Medical Center,ISR,Health
992,National Institute of Mental Health and Neuro Sciences,IND,Universities
993,University Hospital of Northern Norway,NOR,Health
994,Xiangya Hospital Affiliated to Central South University,CHN,Health
995,"Christian Medical College, Vellore",IND,Universities
996,Sir Ganga Ram Hospital,IND,Health
997,Universitatsklinikum Frankfurt,DEU,Health
997,Istanbul Medipol University *,TUR,Universities
999,University of Jyvaskyla,FIN,Universities
1000,University of Social Welfare and Rehabilitation Sciences,IRN,Universities
1001,Robert Koch Institut,DEU,Government
1002,West China Hospital,CHN,Health
1003,"Shriners Hospitals for Children, USA",USA,Health
1004,"University of Massachusetts, Amherst",USA,Universities
1005,The University of Hull,GBR,Universities
1006,Indian Council of Medical Research *,IND,Health
1007,National Defense Medical Center,TWN,Health
1008,Universidad Finis Terrae,CHL,Universities
1009,Kazan State Medical University,RUS,Universities
1010,Universidade de Santiago de Compostela *,ESP,Universities
1011,Gaziantep University *,TUR,Universities
1012,Clinica Universidad de Navarra,ESP,Health
1013,"Louisiana State University, Health Sciences Center *",USA,Universities
1014,Transilvania University of Brasov,ROU,Universities
1015,Macquarie University *,AUS,Universities
1016,Addis Ababa University,ETH,Universities
1017,"University of Medicine, Pharmacy, Science and Technology of Targu Mures",ROU,Universities
1018,Instituto Nacional de Salud Publica *,MEX,Health
1019,Fondazione IRCCS Istituto Nazionale Tumori di Milano,ITA,Health
1020,Merck & Co Inc *,MUL,Companies
1021,Georgia Institute of Technology *,USA,Universities
1022,Junta de Andalucia *,MUL,Government
1023,Complejo Hospitalario de Toledo,ESP,Health
1024,Universidade Federal de Santa Catarina *,BRA,Universities
1025,Josip Juraj Strossmayer University of Osijek,HRV,Universities
1025,University of Haifa,ISR,Universities
1027,The Manchester Metropolitan University,GBR,Universities
1028,Hospital Clinico Universitario de Valencia *,ESP,Health
1029,Showa University *,JPN,Universities
1030,"University of California, Irvine Healthcare",USA,Health
1030,Wollo University,ETH,Universities
1032,Augusta University *,USA,Universities
1033,Universitatsklinikum Bonn,DEU,Health
1034,"Universidad Santo Tomas, Chile",CHL,Universities
1035,Centro de Investigacion Biomedica en Red de Enfermedades Respiratorias,ESP,Health
1036,Centre Hospitalier Universitaire de Toulouse *,FRA,Health
1037,San Francisco General Hospital,USA,Health
1038,Nottingham University Hospitals NHS Trust,GBR,Health
1039,Heinrich Heine Universitat Dusseldorf  *,DEU,Universities
1040,Flinders University,AUS,Universities
1041,Cardiff and Vale University Health Board,GBR,Health
1041,"Washington State University, Pullman *",USA,Universities
1043,Universidad de Oviedo *,ESP,Universities
1044,University of Wollongong *,AUS,Universities
1045,Medical University of Silesia,POL,Universities
1046,Aix-Marseille Universite *,FRA,Universities
1047,University of Nevada-Reno,USA,Universities
1048,Douglas Hospital,CAN,Health
1049,Denver Health Medical Center,USA,Health
1050,Akron Children's Hospital,USA,Health
1051,Cambridge Health Alliance,USA,Health
1051,University of the West of England *,GBR,Universities
1053,"China Medical University, Taichung *",TWN,Universities
1054,Hokkaido University *,JPN,Universities
1055,Edith Cowan University,AUS,Universities
1056,Universidade Federal de Pelotas,BRA,Universities
1056,Universidade Federal da Bahia,BRA,Universities
1058,King Saud University Medical City,SAU,Health
1059,Kyoto Prefectural University of Medicine,JPN,Universities
1060,Singapore Institute for Clinical Sciences,SGP,Government
1061,Stavanger University Hospital,NOR,Health
1061,Ministry of Health,MYS,Health
1063,Universidad de Castilla-La Mancha *,ESP,Universities
1064,Vilnius University,LTU,Universities
1065,Universidad de Navarra *,ESP,Universities
1065,Clinical Hospital Center Split,HRV,Health
1067,Wenzhou Medical University *,CHN,Universities
1068,Hamilton Health Sciences *,CAN,Health
1069,Monash Medical Centre ,AUS,Health
1070,Pusan National University,KOR,Universities
1071,Carnegie Mellon University *,USA,Universities
1071,University of Kentucky HealthCare,USA,Health
1073,University of KwaZulu-Natal *,ZAF,Universities
1074,"University of North Carolina, Greensboro",USA,Universities
1075,Fundacion Valle del Lili,COL,Health
1076,Stockholm University *,SWE,Universities
1077,"State University of New York, Albany",USA,Universities
1078,University of Rhode Island,USA,Universities
1079,Centro Hospitalar de Lisboa Central,PRT,Health
1080,Jagiellonian University,POL,Universities
1081,Hospital Universitario Puerta de Hierro Majadahonda *,ESP,Health
1082,Cukurova University,TUR,Universities
1083,Shantou University *,CHN,Universities
1084,East China Normal University *,CHN,Universities
1085,Kaplan Medical Center,ISR,Health
1086,Universidad de Malaga *,ESP,Universities
1087,Universitat Politecnica de Catalunya *,ESP,Universities
1088,Hamad Medical Corp *,QAT,Health
1089,Universidad de Buenos Aires *,ARG,Universities
1090,Centre de Recherche Bordeaux Population Health,FRA,Government
1091,Kagoshima University *,JPN,Universities
1092,Osaka University *,JPN,Universities
1093,Complejo Universitario de San Carlos *,ESP,Health
1094,Majmaah University,SAU,Universities
1095,Kanagawa Children's Medical Center,JPN,Health
1096,University of West Attica,GRC,Universities
1097,Universidade Estadual Paulista Julio de Mesquita Filho,BRA,Universities
1098,Universidade do Estado do Rio de Janeiro *,BRA,Universities
1099,University of South Australia,AUS,Universities
1100,University of Saskatchewan,CAN,Universities
1101,Florida Atlantic University,USA,Universities
1102,Universidad ICESI,COL,Universities
1103,University of Ulsan *,KOR,Universities
1104,Orebro Universitet,SWE,Universities
1105,Kyungpook National University *,KOR,Universities
1106,Istituto di Fisiologia Clinica,ITA,Government
1107,Sunnybrook Health Sciences Centre,CAN,Health
1108,Instituto de Investigacion Sanitaria Gregorio Maranon,ESP,Health
1109,Eindhoven University of Technology,NLD,Universities
1110,Bundang Cha Medical Center,KOR,Health
1111,Aghia Sophia Children's Hospital,GRC,Health
1111,Edge Hill University,GBR,Universities
1113,Centro de Investigacion Biomedica en Red de Epidemiologia y Salud Publica,ESP,Health
1114,Instituto de Investigacion Sanitaria IdIPAZ,ESP,Health
1115,Institut Pierre Louis d'Epidemiologie et de Sante Publique,FRA,Government
1116,Haramaya University,ETH,Universities
1117,National Cheng Kung University,TWN,Universities
1118,Parkland Health and Hospital System ,USA,Health
1119,Syracuse University,USA,Universities
1120,Instituto de Salud Global de Barcelona,ESP,Health
1121,Russian Medical Academy of Continuous Professional Education,RUS,Health
1122,James Cook University *,AUS,Universities
1123,King Saud bin Abdulaziz University for Health Sciences *,SAU,Universities
1124,Universite du Quebec en Montreal,CAN,Universities
1125,"Birkbeck, University of London",GBR,Universities
1126,Universite du Quebec en Trois-Rivieres,CAN,Universities
1126,Hospital Universitario Miguel Servet,ESP,Health
1128,Universitatsklinikum Carl Gustav Carus Dresden,DEU,Health
1129,"Centro de Investigacion Biomedica en Red de Epidemiologia y Salud Publica, Madrid",ESP,Health
1130,Fondazione Istituto Neurologico Casimiro Mondino IRCCS,ITA,Health
1131,Berlin Institute of Health,DEU,Health
1132,China Medical University Hospital,TWN,Health
1133,"Universidad de los Andes, Colombia *",COL,Universities
1134,Universitat Witten-Herdecke,DEU,Universities
1134,Beijing Normal University *,CHN,Universities
1134,"University of Wisconsin, Milwaukee",USA,Universities
1137,American University of Beirut *,LBN,Universities
1138,Rabin Medical Center,ISR,Health
1139,Clinica Las Condes,CHL,Health
1140,Loyola University of Chicago *,USA,Universities
1140,Centro Hospitalar de Lisboa Norte,PRT,Health
1142,Zentralinstitut fur Seelische Gesundheit,DEU,Government
1143,West China Fourth Hospital,CHN,Health
1144,Oxford Brookes University,GBR,Universities
1145,Instituto Nacional de Perinatologia Isidro Espinosa de los Reyes,MEX,Health
1146,Tokyo Medical and Dental University,JPN,Universities
1147,Padjadjaran University,IDN,Universities
1148,Universidade Federal da Paraiba,BRA,Universities
1148,Universita degli Studi di Modena e Reggio Emilia,ITA,Universities
1150,Norton Hospital ,USA,Health
1151,Tohoku University *,JPN,Universities
1152,Yokohama City University *,JPN,Universities
1152,Erciyes University,TUR,Universities
1154,Fuwai Heart Hospital and Cardiovascular Institute,CHN,Health
1155,Ramathibodi Hospital,THA,Health
1156,Universidade Federal de Pernambuco,BRA,Universities
1157,Karadeniz Technical University,TUR,Universities
1158,Universitat Pompeu Fabra *,ESP,Universities
1159,Henry Ford Health System,USA,Health
1160,Marquette University,USA,Universities
1161,University of Central Florida,USA,Universities
1162,Hospital de Cruces,ESP,Health
1163,George Mason University,USA,Universities
1164,Akershus University Hospital,NOR,Health
1165,Alfred Health,AUS,Health
1166,Barts and the London NHS Trust,GBR,Health
1167,"University of Hawaii, Manoa *",USA,Universities
1167,Clinica Amiga *,COL,Health
1169,Chelsea and Westminster Hospital NHS Foundation Trust,GBR,Health
1170,Southern Medical University *,CHN,Universities
1171,Centro Hospitalar e Universitario de Coimbra,PRT,Health
1172,Centre d'Epidemiologie et de Recherche en Sante des POPulations de Toulouse,FRA,Government
1173,Guangzhou Medical University *,CHN,Universities
1174,Cha University *,KOR,Universities
1175,University of Malaya *,MYS,Universities
1176,Goztepe Training and Research Hospital,TUR,Health
1176,Siriraj Hospital,THA,Health
1178,Arkansas Children's Hospital ,USA,Health
1179,Ewha Womans University *,KOR,Universities
1180,Saitama Children's Medical Center,JPN,Health
1181,Kyushu University *,JPN,Universities
1182,Complexo Hospitalario Universitario a Coruna,ESP,Health
1182,University of Crete,GRC,Universities
1184,University of Ghana,GHA,Universities
1184,Rheinisch-Westfalische Technische Hochschule Aachen,DEU,Universities
1184,Auburn University,USA,Universities
1184,Homerton University Hospital NHS Foundation Trust,GBR,Health
1188,Fiona Stanley Fremantle Hospitals Group *,AUS,Health
1189,Aljouf University,SAU,Universities
1190,University of Aberdeen,GBR,Universities
1191,Universita degli Studi dell'Insubria,ITA,Universities
1192,IRCCS Istituto delle Scienze Neurologiche di Bologna,ITA,Health
1193,Guru Tegh Bahadur Hospital,IND,Health
1194,Duquesne University,USA,Universities
1195,University of Limerick,IRL,Universities
1196,Policlinico Tor Vergata,ITA,Health
1197,Navarrabiomed-Fundacion Miguel Servet,ESP,Government
1198,Pasteur Network *,MUL,Health
1199,Manipal Global Education Group *,MUL,Companies
1200,Centre for Addiction and Mental Health,CAN,Health
1201,Atrium Health *,USA,Health
1202,Azienda Ospedaliera di Parma,ITA,Health
1203,Universidade Federal de Uberlandia,BRA,Universities
1203,University of the Philippines Diliman *,PHL,Universities
1205,"University of Illinois, College of Medicine at Chicago",USA,Health
1205,Clinica Alemana de Santiago,CHL,Health
1207,Nanyang Technological University *,SGP,Universities
1208,University of Nairobi,KEN,Universities
1209,Masaryk University,CZE,Universities
1210,St Antonius Hospital,NLD,Health
1210,Australian Catholic University,AUS,Universities
1212,Yale New Haven Health System,USA,Health
1213,Centre Hospitalier Universitaire de Reims,FRA,Health
1214,Rhode Island Hospital ,USA,Health
1215,Mackay Memorial Hospital,TWN,Health
1216,Universidad de Cadiz *,ESP,Universities
1217,West Virginia University Health Sciences Center,USA,Health
1218,Norfolk and Norwich University Hospitals NHS Foundation Trust,GBR,Health
1218,Tabriz University of Medical Sciences,IRN,Universities
1220,Inha University,KOR,Universities
1220,"University of Tennessee, Knoxville *",USA,Universities
1222,Saint Louis University Care,USA,Health
1223,King Faisal Specialist Hospital and Research Centre ,SAU,Health
1224,Universidad del Desarrollo,CHL,Universities
1225,Universidade Federal do Parana,BRA,Universities
1226,"Kaiser Permanente Research, Washington",USA,Health
1227,Central Michigan University,USA,Universities
1228,Hospital for Special Surgery,USA,Health
1228,University of Tasmania,AUS,Universities
1230,Chung-Ang University *,KOR,Universities
1231,National University of Malaysia *,MYS,Universities
1232,Hospital Universitario Severo Ochoa *,ESP,Health
1233,Shahid Sadoughi University of Medical Sciences,IRN,Universities
1234,University of Surrey,GBR,Universities
1235,Generalitat Valenciana *,MUL,Government
1236,Tygerberg Hospital,ZAF,Health
1236,"Texas A&M University, College Station *",USA,Universities
1238,Xunta de Galicia A Coruna,ESP,Government
1239,Bar-Ilan University,ISR,Universities
1240,Second Xiangya Hospital Affiliated to Central South University,CHN,Health
1241,University of Colombo,LKA,Universities
1242,Azienda Ospedaliera Universitaria Pisana,ITA,Health
1242,Universitatsklinikum Leipzig,DEU,Health
1244,Jimma University *,ETH,Universities
1245,University of Ioannina,GRC,Universities
1245,University of Sussex *,GBR,Universities
1247,European University of Cyprus,CYP,Universities
1248,Ministry of Health,SAU,Health
1249,University of Canterbury,NZL,Universities
1249,Peking Union Medical College Hospital Beijing,CHN,Health
1251,Ankara Training and Research Hospital,TUR,Health
1251,Anima Holding SA *,BRA,Companies
1253,"Merck & Co Inc, United States",USA,Companies
1254,Queensland Institute of Medical Research,AUS,Health
1255,Universite de Lille *,FRA,Universities
1256,Instituto Tecnologico y de Estudios Superiores de Monterrey *,MEX,Universities
1257,Princess Nourah bint Abdul Rahman University *,SAU,Universities
1258,Oslo Metropolitan University,NOR,Universities
1259,Universidad Autonoma de Nuevo Leon *,MEX,Universities
1260,Instituto de Investigacion Sanitaria de A Coruna,ESP,Health
1260,Universitatsklinikum Ulm,DEU,Health
1262,"Louisiana State University, Baton Rouge",USA,Universities
1263,Servizo Galego de Saude A Coruna,ESP,Health
1264,I-Shou University,TWN,Universities
1265,Parc Sanitari de Sant Joan de Deu,ESP,Health
1266,"Universite Paul Sabatier, Toulouse III *",FRA,Universities
1267,Ajou University Medical Center,KOR,Health
1268,Tavistock and Portman NHS Foundation Trust,GBR,Health
1269,Western Michigan University,USA,Universities
1270,Universita degli Studi Magna Graecia di Catanzaro,ITA,Universities
1271,University of Huddersfield,GBR,Universities
1272,Basurtuko Ospitalea,ESP,Health
1273,National Cancer Center,JPN,Health
1274,Holland Bloorview Kids Rehabilitation Hospital,CAN,Health
1275,South Australian Health and Medical Research Institute,AUS,Health
1275,Royal Darwin Hospital,AUS,Health
1277,University of Szeged,HUN,Universities
1278,Universidad Miguel Hernandez *,ESP,Universities
1279,Hashemite University,JOR,Universities
1280,Universita degli Studi di Foggia,ITA,Universities
1280,Uludag University,TUR,Universities
1282,U.S. Army *,USA,Government
1283,"University of California, Merced",USA,Universities
1283,Universita degli Studi di Cagliari,ITA,Universities
1285,Shirley Ryan AbilityLab,USA,Health
1286,Universidade de Coimbra *,PRT,Universities
1287,Universita della Svizzera Italiana *,CHE,Universities
1288,Hallym University *,KOR,Universities
1289,Universite de Strasbourg *,FRA,Universities
1290,Uppsala University Hospital,SWE,Health
1291,Hawassa University,ETH,Universities
1292,Institut Curie,FRA,Health
1293,Stony Brook University Medicine,USA,Health
1294,Kuwait University *,KWT,Universities
1295,University of Rzeszow,POL,Universities
1296,Ministry of National Guard - Health Affairs,SAU,Health
1297,Universita degli Studi di Ferrara,ITA,Universities
1298,Universidade Federal de Goias,BRA,Universities
1299,Medical University of Lodz,POL,Universities
1300,Deutsches Herzzentrum Berlin,DEU,Health
1301,Universidade Nova de Lisboa *,PRT,Universities
1302,Riga Stradins University,LVA,Universities
1303,Universitat zu Lubeck,DEU,Universities
1304,Instituto de Investigacion Sanitaria Aragon,ESP,Health
1305,St.John's National Academy of Health Sciences *,IND,Health
1306,Hong Kong Institute of Education,HKG,Universities
1307,Friedrich-Schiller-Universitat Jena *,DEU,Universities
1308,Koc University,TUR,Universities
1309,Universidade de Brasilia,BRA,Universities
1310,North-West University,ZAF,Universities
1311,Universidade Federal Fluminense,BRA,Universities
1312,The University of Salford,GBR,Universities
1313,Women's Hospital School of Medicine Zhejiang University,CHN,Health
1314,Universidad Nacional de Colombia *,COL,Universities
1314,"University of Alabama, Tuscaloosa",USA,Universities
1316,University of Science and Technology of China *,CHN,Universities
1317,"Kaiser Permanente Medical Center, San Francisco",USA,Health
1318,University of Debrecen,HUN,Universities
1319,South China Normal University,CHN,Universities
1320,Universitat Potsdam *,DEU,Universities
1320,Medical University of Gdansk,POL,Universities
1322,Holy Spirit University of Kaslik,LBN,Universities
1323,Liverpool School of Tropical Medicine,GBR,Universities
1324,University of Jordan,JOR,Universities
1325,Xiamen University *,CHN,Universities
1326,University of Nevada-Las Vegas,USA,Universities
1327,Instituto de Investigacion Sanitaria del Hospital Clinico San Carlos,ESP,Health
1328,MetroHealth System ,USA,Health
1329,Adnan Menderes University,TUR,Universities
1330,Concordia University,CAN,Universities
1331,Isala Clinics,NLD,Health
1332,Los Angeles County-USC Medical Center ,USA,Health
1333,Kashan University of Medical Sciences and Health Services,IRN,Universities
1333,Karl Franzens Universitat Graz *,AUT,Universities
1335,Jordan University of Science and Technology,JOR,Universities
1336,Chungnam National University Hospital,KOR,Health
1337,Ernst-Moritz-Arndt-Universitat Greifswald *,DEU,Universities
1338,Hospital Universitario Virgen de La Arrixaca,ESP,Health
1339,Universidade Federal de Juiz de Fora,BRA,Universities
1340,Universite Grenoble-Alpes *,FRA,Universities
1340,Udayana University,IDN,Universities
1340,Fundacio de Recerca Sant Joan de Deu,ESP,Non-Profit
1343,University of Iceland,ISL,Universities
1344,University of Yamanashi *,JPN,Universities
1345,Qatar University,QAT,Universities
1346,Charles Sturt University *,AUS,Universities
1347,Kyung Hee University *,KOR,Universities
1348,Universidad de Guadalajara,MEX,Universities
1348,St Vincent's Hospital Melbourne,AUS,Health
1350,Ankara Yildirim Beyazit University,TUR,Universities
1351,University College of Medical Sciences,IND,Universities
1352,Qingdao University *,CHN,Universities
1353,Safdarjang Hospital,IND,Health
1354,Instituto de Seguridad y Servicios Sociales de los Trabajadores del Estado *,MEX,Health
1355,Hospital Universitario Central de Asturias,ESP,Health
1356,Freie Universitat Berlin,DEU,Universities
1357,Saint Petersburg State Pediatric Medical University,RUS,Universities
1357,Landspitali National University Hospital,ISL,Health
1359,Institut de Recerca Sant Joan de Deu,ESP,Health
1360,Hospital Universitario Dr Jose Eleuterio Gonzalez,MEX,Health
1361,Waseda University,JPN,Universities
1362,University of the Western Cape,ZAF,Universities
1363,National Yang Ming Chiao Tung University,TWN,Universities
1364,Universitatsklinikum Jena,DEU,Health
1365,North Bristol NHS Trust,GBR,Health
1366,Carol Davila University of Medicine and Pharmacy,ROU,Universities
1367,Universidade Federal de Sao Carlos,BRA,Universities
1368,Hospital General Universitario de Alicante *,ESP,Health
1369,Universidad de Santiago de Chile *,CHL,Universities
1370,Centro Medico Nacional Siglo XXI,MEX,Health
1371,"Aga Khan University Hospital, Karachi",PAK,Health
1372,Universitatsspital Basel *,CHE,Health
1373,Jonkoping University,SWE,Universities
1374,Universidade Estadual de Londrina,BRA,Universities
1375,University of Tsukuba *,JPN,Universities
1376,Universitat Bielefeld,DEU,Universities
1376,Instituto de Investigación Sanitaria Biocruces Bizkaia,ESP,Health
1378,Victoria University,AUS,Universities
1379,University of Ibadan,NGA,Universities
1380,Ataturk University,TUR,Universities
1381,Jeju National University *,KOR,Universities
1382,Taibah University,SAU,Universities
1383,Universidade Federal do Maranhao,BRA,Universities
1383,Charles Darwin University *,AUS,Universities
1385,Nicolaus Copernicus University,POL,Universities
1385,Qassim University,SAU,Universities
1387,Baskent University *,TUR,Universities
1388,Chung-Ho Memorial Hospital,TWN,Health
1388,Khon Kaen University,THA,Universities
1390,Umm Al-Qura University,SAU,Universities
1391,Kobe University *,JPN,Universities
1392,"University of Science, Malaysia *",MYS,Universities
1393,Belfast Health and Social Care Trust,GBR,Health
1393,Sir Mortimer B. Davis Jewish General Hospital,CAN,Health
1395,National Health Laboratory Services,ZAF,Government
1396,University of Maryland Medical Center,USA,Health
1396,Baylor Scott & White Health,USA,Health
1398,King Abdullah International Medical Research Center,SAU,Health
1398,General Hospital of Tianjin Medical University,CHN,Health
1400,"California State University, Fullerton",USA,Universities
1401,"Oklahoma State University, Tulsa",USA,Universities
1402,Institut Hospital del Mar d’Investigacions Mediques,ESP,Health
1403,University of Twente,NLD,Universities
1404,Institut Gustave Roussy *,FRA,Health
1405,Deutsches Krebsforschungszentrum,DEU,Government
1406,Hallym University Medical Center,KOR,Health
1406,"National Medical Research Center for Obstetrics, Gynecology and Perinatology",RUS,Health
1408,Bradford Teaching Hospitals NHS Foundation Trust,GBR,Health
1409,Centre Hospitalier Universitaire de Grenoble,FRA,Health
1409,Universite du Quebec en Outaouais,CAN,Universities
1409,Massachusetts Department of Public Health,USA,Health
1412,Universitat d'Alacant *,ESP,Universities
1413,Kuwait University Health Science Center,KWT,Health
1413,Hiroshima University *,JPN,Universities
1415,Attikon Athens University Hospital,GRC,Health
1416,Jazan University,SAU,Universities
1417,University of Maribor,SVN,Universities
1418,Universidad de Antioquia *,COL,Universities
1419,Klinikum Stuttgart,DEU,Health
1420,Iuliu Hatieganu University of Medicine and Pharmacy Cluj Napoca,ROU,Universities
1421,Bogomolets National Medical University,UKR,Universities
1422,Shinshu University *,JPN,Universities
1423,Mansoura University *,EGY,Universities
1424,Centre Hospitalier Universitaire de Nantes *,FRA,Health
1425,Ochsner Healthcare *,USA,Health
1425,OU Medicine,USA,Health
1427,University of Louisville Health Sciences Center,USA,Health
1428,Necmettin Erbakan University,TUR,Universities
1429,Banaras Hindu University,IND,Universities
1430,Fiona Stanley Hospital,AUS,Health
1431,Albany Medical Center *,USA,Health
1432,Umberto I Policlinico di Roma,ITA,Health
1433,Aston University,GBR,Universities
1434,Hamadan University of Medical Sciences,IRN,Universities
1435,National Maternity Hospital,IRL,Health
1435,University of Malawi,MWI,Universities
1437,Universitatsklinikum Rostock,DEU,Health
1438,Swiss Federal Institute of Technology,CHE,Universities
1438,Universitat Rostock *,DEU,Universities
1440,E United Group *,TWN,Companies
1441,St. Luke's International University,JPN,Universities
1442,University of Portsmouth,GBR,Universities
1443,University of Pecs,HUN,Universities
1444,Universidad de Concepcion *,CHL,Universities
1445,Menoufia University *,EGY,Universities
1445,Ospedale Policlinico San Martino,ITA,Health
1447,Burnet Institute,AUS,Health
1448,Osaka Metropolitan University *,JPN,Universities
1448,Complejo Hospitalario Regional Reina Sofia,ESP,Health
1448,Universite de Rennes 1 *,FRA,Universities
1451,Hospital Universitario Infanta Leonor,ESP,Health
1452,Hospital Universitari Germans Trias i Pujol,ESP,Health
1453,University of Novi Sad,SRB,Universities
1454,New York Medical College,USA,Universities
1454,Chiba University *,JPN,Universities
1456,Arabian Gulf University *,BHR,Universities
1457,Wadsworth Center,USA,Health
1458,Izmir Katip Celebi University *,TUR,Universities
1459,"Universidad del Valle, Colombia",COL,Universities
1460,Institute of Cancer Research,GBR,Health
1461,Universidad Nacional Mayor de San Marcos,PER,Universities
1461,"University of the West Indies, Mona Campus *",JAM,Universities
1461,Homi Bhabha National Institute,IND,Universities
1464,Medical University of Kerman,IRN,Universities
1465,Mackay Medical College,TWN,Universities
1466,University of the Philippines Manila,PHL,Universities
1467,University of Cape Coast,GHA,Universities
1468,Selcuk University *,TUR,Universities
1469,Universitat Regensburg *,DEU,Universities
1470,Universidade Federal de Ciencias da Saude de Porto Alegre,BRA,Universities
1470,Nestle Switzerland,CHE,Companies
1472,Hunter Medical Research Institute,AUS,Health
1472,The First Affiliated Hospital of Zhejiang University,CHN,Health
1474,Taipei Veterans General Hospital,TWN,Health
1475,Beaumont Health System,USA,Health
1475,Medical University of Bialystok,POL,Universities
1477,Ospedale Casa Sollievo della Sofferenza IRCCS,ITA,Health
1478,Universidade do Minho,PRT,Universities
1479,Shupyk National Healthcare University of Ukraine,UKR,Universities
1480,Universita degli Studi di Sassari,ITA,Universities
1481,Brighton and Sussex University Hospitals NHS Trust,GBR,Health
1482,Lithuanian University of Health Sciences,LTU,Universities
1483,Shariati Hospital,IRN,Health
1484,Centro de Investigacion Biomedica en Red de Enfermedades Infecciosas,ESP,Health
1485,Centro Hospitalar Universitario de Santo Antonio,PRT,Health
1486,Ondokuz Mayis University *,TUR,Universities
1486,Hopitaux Universitaires de Strasbourg,FRA,Health
1486,University of Chinese Academy of Sciences,CHN,Universities
1489,Hackensack Meridian Health,USA,Health
1490,Kuopio University Hospital,FIN,Health
1491,Universita degli Studi di Siena,ITA,Universities
1492,University of Tartu,EST,Universities
1493,Universitatsklinikum Greifswald,DEU,Health
1494,Kahramanmaras Sutcu Imam University,TUR,Universities
1495,Universidade de Vigo *,ESP,Universities
1496,Lebanese University,LBN,Universities
1497,Ariel University *,ISR,Universities
1498,Universite Jean Monnet *,FRA,Universities
1498,Northeast Ohio Medical University,USA,Universities
1500,Loyola Medicine,USA,Health
1501,Instituto de Investigacion Sanitaria del Principado de Asturias,ESP,Health
1502,Acibadem University,TUR,Universities
1502,University of the Sunshine Coast,AUS,Universities
1504,Ospedale Niguarda,ITA,Health
1505,Universitatsklinikum Dusseldorf,DEU,Health
1506,Hopital Erasme,BEL,Health
1507,"Pfizer Inc, United States",USA,Companies
1508,Kent State University,USA,Universities
1509,Comenius University in Bratislava,SVK,Universities
1510,Prince of Songkla University,THA,Universities
1511,"King Abdulaziz Medical City, Riyadh",SAU,Health
1512,Brock University,CAN,Universities
1512,Eskisehir Osmangazi University *,TUR,Universities
1514,N.N. Blokhin Cancer Research Center of the Russian Academy of Medical Sciences,RUS,Health
1514,Ehime University *,JPN,Universities
1516,University of Johannesburg,ZAF,Universities
1517,Ajou University,KOR,Universities
1518,Kocaeli University *,TUR,Universities
1519,Shamir Medical Center,ISR,Health
1520,Faculdade de Ciencias Medicas da Santa Casa de Sao Paulo,BRA,Universities
1521,Instituto de Investigacion Biosanitaria,ESP,Health
1522,Medical University of Lublin,POL,Universities
1522,KIIT University,IND,Universities
1524,Horbachevsky Ternopil State Medical University,UKR,Universities
1525,Universite de Lorraine *,FRA,Universities
1525,Complejo Asistencial Universitario de Burgos,ESP,Health
1527,Saitama Medical University *,JPN,Universities
1527,Centro Academico de Salud de la Universidad Austral,ARG,Universities
1529,University of Lagos,NGA,Universities
1530,Hospital Nuestra Senora de Candelaria,ESP,Health
1531,Universidad de Puerto Rico *,PRI,Universities
1531,Universidad Austral *,ARG,Universities
1533,Kagawa University *,JPN,Universities
1534,Ruijin Hospital,CHN,Health
1535,"University of Illinois, College of Medicine at Peoria",USA,Universities
1536,University of Botswana,BWA,Universities
1537,University of the Free State,ZAF,Universities
1538,Hospital Universitario Virgen de las Nieves,ESP,Health
1539,Fundacio Institut d'Investigacio Sanitaria Illes Balears,ESP,Health
1540,Irmandade da Santa Casa de Misericordia de Sao Paulo,BRA,Health
1541,Spectrum Health,USA,Health
1542,Democritus University Of Thrace,GRC,Universities
1543,Universita degli Studi del Piemonte Orientale Amedeo Avogadro,ITA,Universities
1544,Dicle University *,TUR,Universities
1545,Complejo Hospitalario Torrecardenas,ESP,Health
1546,"Government Medical College and Hospital, Chandigarh",IND,Health
1547,Universidad Peruana Cayetano Heredia,PER,Universities
1547,Alfaisal University,SAU,Universities
1549,Statens Institut for Folkesundhed,DNK,Government
1550,Universidade Federal do Ceara,BRA,Universities
1551,Universidad Catolica del Maule,CHL,Universities
1551,VetAgro Sup *,FRA,Universities
1553,Royal Brisbane and Women's Hospital *,AUS,Health
1553,Universite de Lyon,FRA,Universities
1555,"Universidad Andres Bello, Chile *",CHL,Universities
1556,Imam Abdulrahman Bin Faisal University *,SAU,Universities
1557,Deutsches Zentrum fur Herz Kreislauf Forschung,DEU,Health
1558,Seth Gordhandas Sunderdas Medical College and King Edward Memorial Hospital ,IND,Health
1558,Texas Tech University,USA,Universities
1560,China-Japan Friendship Hospital,CHN,Health
1561,Temple Health,USA,Health
1562,Hanoi Medical University,VNM,Universities
1563,Humboldt-Universitat zu Berlin *,DEU,Universities
1564,Hokkaido University Hospital,JPN,Health
1565,Centre Hospitalier Universitaire de Rennes,FRA,Health
1566,Hyogo College of Medicine *,JPN,Universities
1567,King Fahad Medical City ,SAU,Health
1568,Chonnam National University Hospital,KOR,Health
1569,Azienda Ospedaliera San Gerardo Monza,ITA,Health
1570,The Royal Marsden NHS Foundation Trust,GBR,Health
1571,Institut Catala de la Salut Metropolitana Nord,ESP,Health
1572,Peoples'Friendship University of Russia,RUS,Universities
1573,Yeungnam University,KOR,Universities
1574,Laureate International Universities *,MUL,Universities
1574,Eastern Virginia Medical School,USA,Universities
1576,Daegu Catholic University *,KOR,Universities
1577,Philippine General Hospital,PHL,Health
1578,University of Brighton *,GBR,Universities
1579,Creighton University,USA,Universities
1580,Almazov National Medical Research Centre,RUS,Health
1581,Harbor–UCLA Medical Center,USA,Health
1582,"Kaiser Permanente Medical Center, Los Angeles",USA,Health
1583,Kaohsiung Medical University,TWN,Universities
1584,Hospital Clinico Universitario Lozano Blesa,ESP,Health
1584,Mersin University,TUR,Universities
1586,Azienda Usl di Reggio Emilia,ITA,Health
1587,Kumamoto University *,JPN,Universities
1587,University of Missouri Health Care ,USA,Health
1587,McLean Hospital,USA,Health
1590,Bukovinian State Medical University,UKR,Universities
1591,Pomeranian Medical University,POL,Universities
1592,Second Affiliated Hospital & Yuying Children's Hospital of Wenzhou Medical University,CHN,Health
1593,Trakya University,TUR,Universities
1594,Medical College and Hospital Kolkata,IND,Health
1595,Namik Kemal University,TUR,Universities
1596,Fondazione IRCCS Istituto Neurologico Carlo Besta,ITA,Health
1597,Hippokration General Hospital,GRC,Health
1598,University of Guelph,CAN,Universities
1599,Imam Khomeini Hospital Complex,IRN,Health
1600,Chung-Ang University Hospital,KOR,Health
1600,Jackson Health System,USA,Health
1602,"Universidad de Puerto Rico, Ciencias Medicas",PRI,Universities
1603,University Putra Malaysia,MYS,Universities
1604,Western Health,AUS,Health
1604,"National Pirogov Memorial Medical University, Vinnytsya",UKR,Universities
1606,University of Zambia,ZMB,Universities
1607,Universidad del Rosario *,COL,Universities
1608,University of South Dakota,USA,Universities
1609,University of Notre Dame Australia,AUS,Universities
1609,Seoul St. Mary's Hospital,KOR,Health
1611,Walter Reed National Military Medical Center,USA,Health
1612,Oakland University,USA,Universities
1613,Universidad de Salamanca *,ESP,Universities
1613,Arak University of Medical Sciences *,IRN,Universities
1615,Pamukkale University,TUR,Universities
1616,East Tennessee State University,USA,Universities
1617,Centre Hospitalier Universitaire de Nancy,FRA,Health
1618,Universitat Internacional de Catalunya ,ESP,Universities
1619,Hospital Universitario Son Espases,ESP,Health
1620,Suez Canal University *,EGY,Universities
1621,Hospital Civil de Guadalajara,MEX,Health
1622,Hebei Medical University *,CHN,Universities
1622,Firat University,TUR,Universities
1624,"Chang Gung Memorial Hospital, Chiayi",TWN,Health
1624,Hospital Universitario San Cecilio,ESP,Health
1626,Tokai University *,JPN,Universities
1627,Mazandaran University of Medical Sciences,IRN,Universities
1628,Wright State University,USA,Universities
1629,Dongguk University *,KOR,Universities
1630,Rowan University,USA,Universities
1631,Inonu University,TUR,Universities
1632,Cumhuriyet University *,TUR,Universities
1633,Soon Chun Hyang University *,KOR,Universities
1634,Universitatsklinikums Aachen,DEU,Health
1635,Universidad de la Frontera,CHL,Universities
1636,King Khalid University,SAU,Universities
1637,Nagoya City University *,JPN,Universities
1638,University of Toyama *,JPN,Universities
1639,Niigata University *,JPN,Universities
1639,"Suleyman Demirel University, Isparta",TUR,Universities
1641,Universite Francois Rabelais de Tours *,FRA,Universities
1642,Instituto Ramon y Cajal de Investigacion Sanitaria,ESP,Health
1643,Yuzuncu Yil University *,TUR,Universities
1644,Instituto de Investigacion Biomedica de Malaga,ESP,Health
1645,Hospital Clinico Universitario de Valladolid,ESP,Health
1646,Prince Sattam Bin Abdulaziz University,SAU,Universities
1647,Affiliated Hospital of Southwest Medical University,CHN,Health
1647,Massey University,NZL,Universities
1649,Harokopio University,GRC,Universities
1650,Azienda Ospedaliera San Camillo Forlanini,ITA,Health
1651,Nanchang University *,CHN,Universities
1652,Zagazig University *,EGY,Universities
1653,University Hospital Brno,CZE,Health
1654,Lehigh University,USA,Universities
1654,Central Queensland University,AUS,Universities
1656,Dokkyo Medical University *,JPN,Universities
1657,The University of Vermont Medical Center,USA,Health
1658,Centre Hospitalier Universitaire d'Angers,FRA,Health
1659,Pusan National University Hospital,KOR,Health
1660,Universite Mohammed V de Rabat *,MAR,Universities
1661,Belarusian State Medical University,BLR,Universities
1662,Menzies School of Health Research,AUS,Universities
1663,Teikyo University *,JPN,Universities
1663,Mohammed Bin Rashid University of Medicine and Health Sciences,ARE,Universities
1665,Wakayama Medical University *,JPN,Universities
1666,University of Malaya Medical Centre,MYS,Health
1667,University of the Ryukyus *,JPN,Universities
1668,Hospital Professor Doutor Fernando Fonseca,PRT,Health
1669,Universitatsklinikum Regensburg,DEU,Health
1670,Johannes Kepler Universitat Linz,AUT,Universities
1671,"University of North Carolina, Charlotte",USA,Universities
1672,Al-Azhar University *,EGY,Universities
1673,Centro Hospitalar de Lisboa Ocidental,PRT,Health
1674,Centro Hospitalar de Vila Nova de Gaia e Espinho,PRT,Health
1675,Saitama Medical University Saitama Medical Center,JPN,Health
1676,National University of Malaysia Medical Center,MYS,Health
1676,St.Johns Medical College Hospital,IND,Health
1678,Kangwon National University *,KOR,Universities
1679,Datta Meghe Institute of Higher Education and Research *,IND,Universities
1680,Roswell Park Cancer Institute,USA,Health
1681,Hangzhou Normal University *,CHN,Universities
1682,Centre Hospitalier Universitaire de Rouen,FRA,Health
1683,Azienda Sanitaria Ulss 6 Vicenza,ITA,Health
1684,Armed Forces Medical College,IND,Universities
1685,First Affiliated Hospital of Soochow University,CHN,Health
1685,Universidad Autonoma de Chile,CHL,Universities
1687,American University of Beirut Medical Center,LBN,Health
1688,Secretaria de Salud de Mexico *,MEX,Health
1688,Donostia Ospitalea,ESP,Health
1690,University of Toledo *,USA,Universities
1691,University Hospital Centre Zagreb,HRV,Health
1692,Seguro Social de Salud *,PER,Health
1692,University of Patras,GRC,Universities
1694,Kitasato University *,JPN,Universities
1695,University of Ruhuna,LKA,Universities
1696,Kindai University *,JPN,Universities
1697,Te Whatu Ora Te Toka Tumai Auckland,NZL,Health
1698,Hospital Universitario Rio Hortega,ESP,Health
1699,Hospital das Clinicas da Universidade Federal de Minas Gerais,BRA,Health
1700,Foothills Medical Centre,CAN,Health
1701,Juntendo University Urayasu Hospital,JPN,Health
1702,The University of Lahore,PAK,Universities
1703,Kermanshah University of Medical Sciences,IRN,Universities
1704,Harbin Medical University *,CHN,Universities
1704,"University College Hospital, Ibadan",NGA,Health
1706,Southwest Medical University *,CHN,Universities
1707,Conselho Nacional de Desenvolvimento Cientifico e Tecnologico *,BRA,Government
1708,Babol University of Medical Sciences,IRN,Universities
1709,Cooper University Health Care,USA,Health
1710,St Petersburg Pavlov State Medical University,RUS,Universities
1711,Yeshiva University,USA,Universities
1711,Gifu University *,JPN,Universities
1713,Nantong University *,CHN,Universities
1714,Portland State University,USA,Universities
1715,Shandong University Qilu Hospital,CHN,Health
1716,Kharkiv National Medical University,UKR,Universities
1716,Kosin University *,KOR,Universities
1718,Athabasca University,CAN,Universities
1719,Hillel Yaffe Medical Center,ISR,Health
1720,Ahvaz Jundishapur University of Medical Sciences *,IRN,Universities
1721,St Johns Medical College,IND,Universities
1722,Tribhuvan University *,NPL,Universities
1723,United Arab Emirates University,ARE,Universities
1724,Kansai Medical University *,JPN,Universities
1724,Midwestern University,USA,Universities
1726,Benha University *,EGY,Universities
1727,Tribhuvan University Teaching Hospital,NPL,Health
1728,Bangabandhu Sheikh Mujib Medical University,BGD,Universities
1729,National Cancer Center,KOR,Health
1730,Shanghai Ninth People's Hospital,CHN,Health
1731,Howard University *,USA,Universities
1732,Universita Campus Bio-Medico di Roma,ITA,Universities
1732,International University of Health and Welfare *,JPN,Universities
1734,Tottori University *,JPN,Universities
1735,Sociedade Beneficente Israelita Brasileira Albert Einstein *,BRA,Non-Profit
1736,Guilan University of Medical Sciences,IRN,Universities
1737,Sohag University *,EGY,Universities
1738,Meir Medical Center,ISR,Health
1739,Sun Yat-sen University First Hospital,CHN,Health
1739,Sultan Qaboos University *,OMN,Universities
1741,King Saud Medical City,SAU,Health
1742,Rosalind Franklin University of Medicine and Science,USA,Universities
1743,Baqiyatallah Medical Sciences University,IRN,Universities
1744,Hospital Universitario de Getafe,ESP,Health
1745,Hospital Universitario de Navarra,ESP,Health
1746,Adiyaman University,TUR,Universities
1747,Kwame Nkrumah University of Science and Technology,GHA,Universities
1748,Complejo Hospitalario Materno - Insular,ESP,Health
1749,JSS Academy of Higher Education and Research,IND,Universities
1750,Lithuanian Sports University,LTU,Universities
1751,Jeju National University Hospital,KOR,Health
1752,Guangxi Medical University *,CHN,Universities
1752,Tokyo Medical University *,JPN,Universities
1754,Sapporo Medical University *,JPN,Universities
1755,Prince Sultan Military Medical City,SAU,Health
1756,Bezmialem Vakif University,TUR,Universities
1757,Universidade de Tras-os-Montes e Alto Douro,PRT,Universities
1758,Universite Sidi Mohamed Ben Abdellah *,MAR,Universities
1758,National Academy of Medical Sciences of Ukraine,UKR,Health
1760,Ningxia Medical University *,CHN,Universities
1761,University of Canberra,AUS,Universities
1761,Hospital Universitari de Girona Dr Josep Trueta,ESP,Health
1763,Morehouse School of Medicine,USA,Universities
1764,St. Lukes International Hospital,JPN,Health
1765,Ministry of Health and Population of Egypt,EGY,Health
1766,Beijing University of Chinese Medicine *,CHN,Universities
1767,Osaka City General Hospital,JPN,Health
1768,The Affiliated Hospital of Qingdao University Medical College,CHN,Health
1769,Texas Woman's University,USA,Universities
1770,Universidad El Bosque,COL,Universities
1771,North-Western State Medical University,RUS,Universities
1771,Centre Hospitalier Universitaire de Brest,FRA,Health
1773,Nanfang Hospital,CHN,Health
1774,"Cancer Institute and Hospital, Chinese Academy of Medical Sciences",CHN,Health
1774,Alborz University of Medical Sciences,IRN,Universities
1774,Nara Medical University *,JPN,Universities
1777,University of South Alabama *,USA,Universities
1778,Hospital de Braga,PRT,Health
1778,Dow University of Health Sciences,PAK,Universities
1780,Gunma University *,JPN,Universities
1781,Tartu University Hospital,EST,Health
1782,Urmia University of Medical Sciences *,IRN,Universities
1783,University of South China,CHN,Universities
1784,Marshall University,USA,Universities
1785,Tarbiat Modares University,IRN,Universities
1786,Old Dominion University,USA,Universities
1787,John Hunter Hospital ,AUS,Health
1788,National Research Centre *,EGY,Government
1789,Assuta Medical Center Tel Aviv *,ISR,Health
1790,University of North Texas Health Science Center,USA,Health
1791,Hamamatsu University School of Medicine *,JPN,Universities
1792,Hospital Universitario Marques de Valdecilla,ESP,Health
1793,Qazvin University of Medical Sciences,IRN,Universities
1794,Royal Hospital,OMN,Health
1795,United Christian Hospital,HKG,Health
1796,Junta de Andalucia Sevilla,ESP,Government
1797,First Affiliated Hospital of China Medical University,CHN,Health
1797,Harran University,TUR,Universities
1799,Hospital Pablo Tobon Uribe,COL,Health
1800,Wills Eye Hospital,USA,Health
1801,Universite de Tunis El Manar *,TUN,Universities
1802,Women's College Hospital,CAN,Health
1803,Air Force Medical University *,CHN,Universities
1804,Institut Catala de la Salut Girona,ESP,Health
1805,Naval Medical Center San Diego ,USA,Health
1806,Consejeria de Salud Sevilla,ESP,Health
1806,Servicio Andaluz de Salud Sevilla,ESP,Health
1808,Queen Elizabeth Hospital Hong Kong,HKG,Health
1809,Golestan University of Medical Sciences and Health Services,IRN,Universities
1810,Hubei University of Medicine,CHN,Universities
1811,Dalian Medical University *,CHN,Universities
1812,Beijing Tiantan Hospital,CHN,Health
1813,Complejo Asistencial Universitario de Salamanca,ESP,Health
1813,Complexo Pequeno Principe *,BRA,Companies
1815,Hospital Universitario de Fuenlabrada,ESP,Health
1816,Saga University *,JPN,Universities
1817,Afyonkarahisar Health Sciences University *,TUR,Universities
1818,Zhejiang Normal University,CHN,Universities
1819,Sun Yat-sen University Second Hospital,CHN,Health
1819,Research Centre for Medical Genetics,RUS,Health
1821,Siberian State Medical University,RUS,Universities
1822,"University of Medicine and Pharmacy, Ho Chi Minh City",VNM,Universities
1823,"King Fahad Specialist Hospital, Dammam",SAU,Health
1824,Zanjan University of Medical Sciences *,IRN,Universities
1825,Maharishi Markandeshwar University *,IND,Universities
1826,University of Miyazaki *,JPN,Universities
1827,Belgorod State University,RUS,Universities
1828,Hospital Universitario Principe de Asturias,ESP,Health
1829,Renji Hospital,CHN,Health
1830,Lebanese American University *,LBN,Universities
1831,Emek Medical Center,ISR,Health
1832,Medical University of Sofia *,BGR,Universities
1833,Lviv National Medical University Danylo Halycky,UKR,Universities
1834,B.V. Petrovsky Russian Research Centre of Surgery,RUS,Health
1835,First Affiliated Jiangsu Province Hospital with Nanjing Medical University,CHN,Health
1836,Oita University *,JPN,Universities
1837,First Affiliated Hospital of Anhui Medical University,CHN,Health
1838,Albany Medical College,USA,Universities
1839,Third Hospital Affiliated to Central South University,CHN,Health
1840,Zhujiang Hospital,CHN,Health
1841,Semashko National Research Institute of Public Health,RUS,Health
1842,Second Hospital of Hebei Medical University,CHN,Health
1843,South Tees Hospitals NHS Foundation Trust,GBR,Health
1844,University of Occupational and Environmental Health,JPN,Universities
1845,Bnai Zion Medical Center,ISR,Health
1846,Omsk State Medical University,RUS,Universities
1847,Centre Hospitalier Universitaire de Limoges *,FRA,Health
1847,Fukuoka University *,JPN,Universities
1849,Pontificia Universidade Catolica do Parana,BRA,Universities
1849,Hormozgan University of Medical Sciences,IRN,Universities
1851,Shanghai Sixth People's Hospital,CHN,Health
1852,First Affiliated Hospital of Xinjiang Medical University,CHN,Health
1853,Moscow State University of Medicine and Dentistry,RUS,Universities
1854,Ural State Medical University,RUS,Universities
1855,Binzhou Medical University *,CHN,Universities
1856,Mater Dei Hospital,MLT,Health
1857,Xijing Hospital,CHN,Health
1858,Hospital Universitario Doctor Peset,ESP,Health
1859,Instituto de Biomedicina de Sevilla,ESP,Government
1860,First Affiliated Hospital of Guangxi Medical University,CHN,Health
1861,Academic Center for Education Culture and Research *,IRN,Non-Profit
1862,Bashkir State Medical University,RUS,Universities
1862,Kutahya Health Sciences University *,TUR,Universities
1864,Allegheny Health Network,USA,Health
1865,Third Affiliated Hospital of Zhengzhou University,CHN,Health
1866,Ivano-Frankivsk National Medical University,UKR,Universities
1867,Obstetrics and Gynecology Hospital Fudan University,CHN,Health
1868,"Federal Research Center of Nutrition, Biotechnology and Food Safety",RUS,Government
1869,Second Hospital of Xi'an Jiaotong University,CHN,Health
1870,Universite de Sfax *,TUN,Universities
1871,Yeditepe University *,TUR,Universities
1872,Samara State Medical University,RUS,Universities
1873,National Medical Research Center for Endocrinology,RUS,Health
1874,Second Affiliated Hospital of Fujian Medical University,CHN,Health
1875,Federal Medical Biological Agency *,RUS,Health
1876,Army Medical University *,CHN,Universities
1877,Privolzhsky Research Medical University,RUS,Universities
1878,Centre Hospitalier et Universitaire Hassan II Fes,MAR,Health
1879,Federal Budget Institute of Science Central Research Institute of Epidemiology,RUS,Non-Profit
1880,Ankara Ataturk Training and Research Hospital,TUR,Health
1881,The Affiliated Hospital of Hangzhou Normal University,CHN,Health
1882,Pandit Bhagwat Dayal Sharma Post Graduate Institute of Medical Sciences,IND,Universities
1882,Sultan Qaboos University Hospital,OMN,Health
1884,XuanWu Hospital,CHN,Health
1885,"Shaheed Rajaie Cardiovascular, Medical and Research Center",IRN,Health
1886,Clinical Hospital Sveti Duh,HRV,Health
1887,Xinjiang Medical University *,CHN,Universities
1888,Irkutsk State Medical University,RUS,Universities
1889,Catholic University of Croatia,HRV,Universities
1890,Osaka Medical and Pharmaceutical University *,JPN,Universities
