Global Rank,Institution,Country,Sector
1,Harvard University *,USA,Universities
2,Harvard Medical School,USA,Universities
3,Johns Hopkins University *,USA,Universities
4,Massachusetts Eye and Ear Infirmary ,USA,Health
5,Stanford University *,USA,Universities
6,Vanderbilt University *,USA,Universities
7,University of Pennsylvania *,USA,Universities
8,Johns Hopkins Medicine,USA,Health
9,Universidade de Sao Paulo *,BRA,Universities
10,Mayo Clinic *,USA,Health
11,Vanderbilt University Medical Center,USA,Health
12,"University of Michigan, Ann Arbor *",USA,Universities
13,Veterans Affairs Medical Centers *,USA,Health
14,Shanghai Jiao Tong University *,CHN,Universities
15,Assistance Publique Hopitaux de Paris *,FRA,Health
16,Medical University of South Carolina *,USA,Universities
17,University of Toronto,CAN,Universities
18,Washington University in Saint Louis *,USA,Universities
19,Sichuan University *,CHN,Universities
20,Samsung Corp *,MUL,Companies
21,University of Pennsylvania Health System,USA,Health
22,National Institutes of Health,USA,Health
23,"Ohio State University, Columbus *",USA,Universities
24,Guys & Saint Thomas NHS Foundation Trust,GBR,Health
25,"University of North Carolina, Chapel Hill *",USA,Universities
26,University of Pittsburgh *,USA,Universities
27,Capital University of Medical Sciences,CHN,Universities
28,Hopital Foch,FRA,Health
29,The University of Queensland *,AUS,Universities
30,Shanghai Ninth People's Hospital,CHN,Health
31,"University of California, San Diego *",USA,Universities
32,Vrije Universiteit Amsterdam *,NLD,Universities
33,University of Washington *,USA,Universities
34,University of Michigan Health System,USA,Health
35,University of Amsterdam *,NLD,Universities
36,Stanford Medicine,USA,Health
37,Nanfang Hospital,CHN,Health
38,Toronto Rehab ,CAN,Health
39,Washington University Medical Center ,USA,Health
40,Columbia University *,USA,Universities
41,Institut d'Investigacions Biomediques August Pi i Sunyer,ESP,Health
42,University of Texas Southwestern Medical Center ,USA,Universities
43,Mount Sinai Health System *,USA,Health
44,Cornell University *,USA,Universities
45,Seoul National University *,KOR,Universities
46,"University of California, San Francisco *",USA,Universities
47,Boston University *,USA,Universities
47,The University of British Columbia,CAN,Universities
49,University of Iowa *,USA,Universities
50,Universidade Estadual de Campinas *,BRA,Universities
51,Friedrich-Alexander-Universitat Erlangen-Nurnberg *,DEU,Universities
52,New York University *,USA,Universities
53,"Northwestern University, Evanston *",USA,Universities
54,Kings College London,GBR,Universities
55,"University of California, Los Angeles *",USA,Universities
56,Academisch Medisch Centrum,NLD,Health
57,Emory University *,USA,Universities
58,Universidade Estadual Paulista Julio de Mesquita Filho,BRA,Universities
59,University of Mons,BEL,Universities
60,University Health Network *,CAN,Health
61,Fudan University *,CHN,Universities
62,Helsinki University Central Hospital,FIN,Health
63,University of Utah *,USA,Universities
64,Philadelphia VA Medical Center,USA,Health
65,University of Cincinnati *,USA,Universities
66,Oregon Health & Science University *,USA,Universities
67,Tel Aviv University,ISR,Universities
68,Universita degli Studi di Roma La Sapienza,ITA,Universities
69,Universidade Federal de Minas Gerais,BRA,Universities
70,University of Groningen *,NLD,Universities
71,Yale University *,USA,Universities
72,Universita degli Studi di Milano,ITA,Universities
73,Children's Hospital Boston  *,USA,Health
74,Southern Medical University *,CHN,Universities
75,University of Melbourne *,AUS,Universities
76,Medical Research Council,GBR,Health
77,Yonsei University *,KOR,Universities
78,University of Texas M.D. Anderson Cancer Center ,USA,Health
79,West China Hospital of Stomatology,CHN,Health
80,"University of Wisconsin, Madison *",USA,Universities
81,"University of Connecticut, Storrs *",USA,Universities
82,University of Florida *,USA,Universities
83,Massachusetts General Hospital,USA,Health
84,Peking University *,CHN,Universities
85,University of Southern California *,USA,Universities
86,The University of Hong Kong *,HKG,Universities
87,University Medical Center Groningen,NLD,Health
88,"Rutgers, The State University of New Jersey",USA,Universities
89,Ohio State University Wexner Medical Center,USA,Health
90,Ministry of Education of the People's Republic of China,CHN,Government
91,Tongji University *,CHN,Universities
92,Catholic University of Leuven,BEL,Universities
93,University of Connecticut Health Center,USA,Universities
94,University of Illinois at Urbana-Champaign *,USA,Universities
95,The University of Western Australia,AUS,Universities
96,All India Institute of Medical Sciences,IND,Universities
97,Far Eastern Memorial Hospital,TWN,Health
98,"University of Alabama, Birmingham *",USA,Universities
99,Icahn School of Medicine at Mount Sinai,USA,Universities
100,Institut National de la Sante et de la Recherche Medicale *,FRA,Health
101,Universita degli Studi di Firenze,ITA,Universities
102,Tehran University of Medical Sciences *,IRN,Universities
103,University of Nottingham *,GBR,Universities
104,Radboud University Nijmegen Medical Centre,NLD,Health
105,Lunds University,SWE,Universities
106,Technische Universitat Munchen *,DEU,Universities
107,Technical University of Denmark,DNK,Universities
108,Yale University Health & Medicine,USA,Health
109,Cleveland Clinic *,USA,Health
110,University College London *,GBR,Universities
111,Meir Medical Center,ISR,Health
112,Weill Cornell Medicine,USA,Universities
113,Utrecht University *,NLD,Universities
114,Medizinische Hochschule Hannover,DEU,Universities
115,University of Pittsburgh Medical Center ,USA,Health
116,University College London Hospital NHS Trust,GBR,Health
117,U.S. Department of Health & Human Services *,USA,Health
118,Beth Israel Deaconess Medical Center,USA,Health
119,University of Auckland,NZL,Universities
120,Universidad de Valparaiso,CHL,Universities
121,University of Sydney,AUS,Universities
122,Universitatsspital Zurich,CHE,Health
123,Nihon University *,JPN,Universities
124,Centre National de la Recherche Scientifique *,FRA,Government
125,National Taiwan University,TWN,Universities
126,Medical College of Wisconsin,USA,Universities
127,CareGroup Healthcare System *,USA,Health
128,"University of California, Davis *",USA,Universities
129,National University of Singapore *,SGP,Universities
130,Peking University Health Science Center,CHN,Universities
131,"University of Minnesota, Twin Cities *",USA,Universities
132,Karolinska Institute,SWE,Universities
133,University of Rochester *,USA,Universities
134,The University of Edinburgh *,GBR,Universities
135,New York Medical College,USA,Universities
136,University of Rochester Medical Center,USA,Health
137,University of Kansas *,USA,Universities
138,Case Western Reserve University,USA,Universities
139,University Medical Center Utrecht,NLD,Health
140,NYU Langone Medical Center,USA,Health
141,Central South University *,CHN,Universities
142,Universitat de Barcelona *,ESP,Universities
143,Montefiore Medical Center *,USA,Health
144,University of Cincinnati Medical Center,USA,Health
145,Universita degli Studi di Pisa,ITA,Universities
146,Cincinnati Children's Hospital Medical Center,USA,Health
147,Erasmus University Rotterdam *,NLD,Universities
148,King Saud University *,SAU,Universities
149,Saveetha University,IND,Universities
150,McGill University,CAN,Universities
151,Skane University Hospital,SWE,Health
152,Universitat des Saarlandes *,DEU,Universities
152,Manchester Academic Health Science Centre,GBR,Health
154,"University of California, Irvine *",USA,Universities
155,Erasmus Medical Center,NLD,Health
156,"Eye, Ear, Nose and Throat Hospital Fudan University",CHN,Health
157,Royal Brisbane and Women's Hospital *,AUS,Health
158,National Taiwan University Hospital,TWN,Health
159,"Fondazione IRCCS Ospedale Maggiore Policlinico, Mangiagalli e Regina Elena",ITA,Health
160,Universidad de Granada *,ESP,Universities
161,University of Chicago *,USA,Universities
162,Osaka University *,JPN,Universities
163,Sun Yat-Sen University *,CHN,Universities
164,The University of Manchester *,GBR,Universities
165,Northwestern Medicine,USA,Health
166,Medizinische Universitat Wien,AUT,Universities
167,Brigham and Women's Hospital,USA,Health
168,Technische Universitat Dresden,DEU,Universities
169,Universita degli Studi di Padova,ITA,Universities
170,University of Western Ontario,CAN,Universities
171,Rush University *,USA,Universities
172,Temple University *,USA,Universities
173,The University of Adelaide,AUS,Universities
174,Purdue University,USA,Universities
175,Aarhus University *,DNK,Universities
176,Walter Reed National Military Medical Center,USA,Health
177,University of Miami *,USA,Universities
178,Albert Einstein College of Medicine,USA,Universities
179,University of Oxford,GBR,Universities
180,Pennsylvania State University *,USA,Universities
181,Friedrich-Schiller-Universitat Jena *,DEU,Universities
182,Copenhagen University Hospital,DNK,Health
183,Hospital Clinic i Provincial de Barcelona,ESP,Health
184,University of Pittsburgh Health Sciences,USA,Universities
185,Columbia University Irving Medical Center,USA,Health
186,"University of Colorado, Denver *",USA,Universities
187,Universite de Paris Cite *,FRA,Universities
188,Imperial College London,GBR,Universities
189,Universita degli Studi di Sassari,ITA,Universities
190,Thomas Jefferson University *,USA,Universities
191,Centre de Recherche en Neurosciences de Lyon,FRA,Government
192,Humanitas University *,ITA,Universities
193,Duke University *,USA,Universities
194,"University of Maryland, Baltimore",USA,Universities
195,University of Kentucky *,USA,Universities
196,Catholic University of Korea *,KOR,Universities
197,Hallym University *,KOR,Universities
198,UC Davis Health System,USA,Health
199,Universitatsklinikum Jena,DEU,Health
200,University of Tennessee Health Science Center,USA,Health
201,First Affiliated Hospital of Nanchang University,CHN,Health
202,University of Antwerp,BEL,Universities
203,UCLA Health System,USA,Health
204,Zhengzhou University *,CHN,Universities
205,Woodruff Health Sciences Center,USA,Health
206,Universitat Bern,CHE,Universities
207,Memorial Sloan-Kettering Cancer Center,USA,Health
208,University of Alberta,CAN,Universities
209,University Hospital Maastricht,NLD,Health
210,Universitat Zurich,CHE,Universities
211,George Washington University *,USA,Universities
212,Clalit Health Services *,ISR,Health
213,Consiglio Nazionale delle Ricerche *,ITA,Government
214,Newcastle upon Tyne Hospitals NHS Foundation Trust,GBR,Health
215,Universidade Federal de Sao Paulo *,BRA,Universities
216,Zhejiang University *,CHN,Universities
217,University of Southern California Health Sciences Campus,USA,Health
217,University of Glasgow *,GBR,Universities
219,University College Cork *,IRL,Universities
220,Jilin University *,CHN,Universities
221,Klinikum Rechts der Isar der Technische Universitat Munchen,DEU,Health
222,Nanchang University *,CHN,Universities
223,Shahid Beheshti University of Medical Sciences and Health Services *,IRN,Universities
224,University of Helsinki,FIN,Universities
225,Universitatsklinikum Gottingen,DEU,Health
226,"University of Nebraska, Lincoln",USA,Universities
227,Universita degli Studi Magna Graecia di Catanzaro,ITA,Universities
228,Universita degli Studi di Catania,ITA,Universities
229,"Newcastle University, Newcastle upon Tyne",GBR,Universities
230,Tokyo Medical and Dental University,JPN,Universities
231,Universidade Federal do Rio Grande do Sul,BRA,Universities
232,U.S. Army *,USA,Government
233,Wayne State University,USA,Universities
234,University of Calgary,CAN,Universities
235,University of Bristol,GBR,Universities
236,Korea University *,KOR,Universities
237,"Chang Gung Memorial Hospital, Taipei *",TWN,Health
238,Baylor College of Medicine,USA,Universities
239,Boston University Medical Campus ,USA,Health
240,Northshore University HealthSystem,USA,Health
241,Universite Libre de Bruxelles,BEL,Universities
242,National University Health System *,SGP,Health
243,University of Miami Health System,USA,Health
244,Laval University,CAN,Universities
245,Ludwig-Maximilians Universitat Munchen *,DEU,Universities
246,Dartmouth College *,USA,Universities
247,Universita Cattolica del Sacro Cuore,ITA,Universities
248,University of Ulsan *,KOR,Universities
249,Indiana University-Purdue University Indianapolis,USA,Universities
250,University Hospitals Leuven,BEL,Health
251,Klinikum Ludwig Maximilians Universitat Munchen,DEU,Health
252,University of Kansas Medical Center,USA,Health
253,First Affiliated Hospital of Zhengzhou University,CHN,Health
254,Wuhan University *,CHN,Universities
255,Yonsei University Health System,KOR,Health
256,Huazhong University of Science and Technology *,CHN,Universities
257,Onze Lieve Vrouwe Hospital,NLD,Health
258,Eskisehir Osmangazi University *,TUR,Universities
259,Rush University Medical Center,USA,Health
260,Turku University Hospital,FIN,Health
261,Karolinska University Hospital,SWE,Health
262,Asan Medical Center Seoul *,KOR,Health
263,Sorbonne Universite *,FRA,Universities
264,University of Bergen,NOR,Universities
265,University of Ottawa,CAN,Universities
266,Royal Melbourne Hospital,AUS,Health
267,Griffith University,AUS,Universities
268,University of Turku,FIN,Universities
269,University of South Florida,USA,Universities
270,Haukeland University Hospital,NOR,Health
271,University of South Florida System *,USA,Universities
272,Singapore General Hospital,SGP,Health
273,Universitat Regensburg *,DEU,Universities
274,University Hospital of Bern,CHE,Health
275,University of Texas Health Science Center at San Antonio ,USA,Universities
276,Universidade Federal do Rio de Janeiro *,BRA,Universities
277,Leiden University *,NLD,Universities
278,"Louisiana State University, Health Sciences Center",USA,Universities
279,Samsung Medical Center Seoul,KOR,Health
280,Minia University *,EGY,Universities
281,Boston Medical Center ,USA,Health
282,Ghent University,BEL,Universities
283,"University of Colorado, Anschutz Medical Campus",USA,Universities
284,Nippon Medical School *,JPN,Universities
285,"University of Texas, Health Science Center at Houston",USA,Universities
286,Fondazione IRCCS Policlinico San Matteo ,ITA,Health
287,University of Arizona *,USA,Universities
288,Cambridge University Hospitals NHS Foundation Trust,GBR,Health
289,Universite Jean Monnet *,FRA,Universities
290,UC San Diego Health System,USA,Health
291,Nottingham University Hospitals NHS Trust,GBR,Health
292,Catholic University of Louvain,BEL,Universities
293,Kobe University *,JPN,Universities
294,Leiden University Medical Center,NLD,Health
295,Nationwide Children's Hospital ,USA,Health
296,Hospital for Sick Children,CAN,Health
296,Martin-Luther-Universitat Halle-Wittenberg *,DEU,Universities
298,Ochsner Healthcare *,USA,Health
298,Ochsner Medical Center-New Orleans,USA,Health
300,Universita degli Studi di Messina,ITA,Universities
301,"University of Missouri, Columbia *",USA,Universities
302,Universidad Complutense de Madrid *,ESP,Universities
303,University of Wisconsin Health,USA,Health
304,University of Central Florida,USA,Universities
305,University of Virginia *,USA,Universities
306,University of Oulu,FIN,Universities
307,University Hospitals Plymouth NHS Trust,GBR,Health
308,Universitatsklinikum Regensburg,DEU,Health
309,The Leeds Teaching Hospitals NHS Trust,GBR,Health
310,Chongqing Medical University *,CHN,Universities
311,University of Cambridge *,GBR,Universities
312,Universitat Hamburg *,DEU,Universities
313,University of Louisville Health Sciences Center,USA,Health
314,King Georges Medical University,IND,Universities
315,Spedali Civili di Brescia,ITA,Health
316,Gangnam Severance Hospital,KOR,Health
317,NHS Greater Glasgow and Clyde,GBR,Health
318,"Queen Mary, University of London",GBR,Universities
319,Oulu University Hospital,FIN,Health
320,Eastern Virginia Medical School,USA,Universities
321,Universita degli Studi dell'Insubria,ITA,Universities
322,Rady Children's Hospital-San Diego,USA,Health
323,Hallym University Medical Center,KOR,Health
324,"University of Illinois, Chicago *",USA,Universities
325,The Chinese University of Hong Kong *,HKG,Universities
326,Hopitaux Universitaires de Geneve,CHE,Health
327,Universite Claude Bernard Lyon 1 *,FRA,Universities
328,Pontificia Universidad Catolica de Chile *,CHL,Universities
329,Mashhad University of Medical Sciences,IRN,Universities
330,Universita degli Studi di Napoli Federico II,ITA,Universities
331,Hokkaido University *,JPN,Universities
332,Chonbuk National University *,KOR,Universities
333,Drexel University,USA,Universities
334,Ann & Robert H. Lurie Children s Hospital,USA,Health
335,Faculdade de Ciencias Medicas da Santa Casa de Sao Paulo,BRA,Universities
335,Duke Medicine,USA,Health
337,Manipal Global Education Group *,MUL,Companies
338,University Hospitals Bristol NHS Foundation Trust,GBR,Health
339,Universite de Geneve,CHE,Universities
340,Pusan National University,KOR,Universities
341,Xiangya Hospital Affiliated to Central South University,CHN,Health
342,Tohoku University *,JPN,Universities
343,Universita degli Studi di Torino,ITA,Universities
344,Aix-Marseille Universite *,FRA,Universities
345,Hospital do Cancer AC Camargo,BRA,Health
346,Universitatsklinikum Hamburg Eppendorf,DEU,Health
347,Universita degli Studi di Pavia,ITA,Universities
348,Hospital de Clinicas de Porto Alegre,BRA,Health
349,Chinese Academy of Medical Sciences and Peking Union Medical College *,CHN,Universities
350,George Washington The School of Medicine & Health Sciences,USA,Health
351,Hospital Universitario La Paz,ESP,Health
352,Manipal University,IND,Universities
352,University Hospital Antwerp,BEL,Health
354,Shandong University *,CHN,Universities
355,McGill University Health Centre,CAN,Health
356,Liverpool University Hospitals NHS Foundation Trust,GBR,Health
357,Universidad de Chile *,CHL,Universities
358,University of East Anglia *,GBR,Universities
359,University of Missouri Health Care ,USA,Health
360,Aristotle University of Thessaloniki,GRC,Universities
361,Universita degli Studi di Brescia,ITA,Universities
362,Nara Medical University *,JPN,Universities
363,Universitatsklinikum Heidelberg,DEU,Health
363,State University of New York Upstate Medical University *,USA,Universities
365,University of Manitoba,CAN,Universities
366,Cairo University *,EGY,Universities
367,Wake Forest University *,USA,Universities
368,The North Shore-LIJ Health System *,USA,Health
369,University of Gothenburg,SWE,Universities
370,Hanyang University *,KOR,Universities
371,Dalhousie University *,CAN,Universities
372,West China Hospital,CHN,Health
373,Uniformed Services University of the Health Sciences,USA,Universities
374,Istituto Clinico Humanitas,ITA,Health
375,Xi'an Jiaotong University *,CHN,Universities
375,Niigata University *,JPN,Universities
377,Kyungpook National University *,KOR,Universities
378,Mahidol University *,THA,Universities
379,Jefferson Health System,USA,Health
380,Henry Ford Health System,USA,Health
381,Erciyes University,TUR,Universities
382,Menoufia University *,EGY,Universities
383,Children's National Health System,USA,Health
384,Birmingham Children's Hospital NHS Foundation Trust,GBR,Health
385,Centre Hospitalier Universitaire de Nancy,FRA,Health
386,Hofstra University *,USA,Universities
387,Faculdade Sao Leopoldo Mandic,BRA,Universities
388,Temple Health,USA,Health
389,Brown University,USA,Universities
390,Michigan State University,USA,Universities
391,University Hospitals Birmingham NHS Foundation Trust,GBR,Health
392,American University of Beirut *,LBN,Universities
393,Korea University Medical Center,KOR,Health
394,Universidad de Navarra *,ESP,Universities
395,Sheba Medical Center,ISR,Health
396,Okayama University *,JPN,Universities
397,Charite - Universitatsmedizin Berlin *,DEU,Health
398,University of Tokyo *,JPN,Universities
399,Chang Gung University,TWN,Universities
400,University of Iowa Health Care,USA,Health
401,Khon Kaen University,THA,Universities
402,Pusan National University Hospital,KOR,Health
403,Ajou University,KOR,Universities
404,Macquarie University *,AUS,Universities
405,"Chang Gung Memorial Hospital, Taoyuan",TWN,Health
406,Portsmouth Hospitals NHS Trust,GBR,Health
406,"State University of New York, Buffalo",USA,Universities
408,University of Louisville *,USA,Universities
409,Aichi Medical University *,JPN,Universities
410,Nemours Children's Health System,USA,Government
411,University of Washington Medicine ,USA,Health
412,University of Utah Health Care,USA,Health
413,Russian Academy of Sciences *,RUS,Government
414,Medical University of Warsaw,POL,Universities
415,Necmettin Erbakan University,TUR,Universities
416,Universitat zu Koln,DEU,Universities
417,Boys Town National Research Hospital ,USA,Health
418,"Kaiser Permanente, Oakland *",USA,Health
419,American University of Beirut Medical Center,LBN,Health
420,Universidade Federal do Parana,BRA,Universities
421,University of New South Wales,AUS,Universities
422,University of Florida Health Science Center,USA,Health
423,Universita degli Studi della Campania Luigi Vanvitelli,ITA,Universities
424,Children's Hospital of Philadelphia,USA,Health
425,Seattle Children's Hospital,USA,Health
426,Hyogo College of Medicine *,JPN,Universities
427,University of Copenhagen,DNK,Universities
428,Isfahan University of Medical Sciences *,IRN,Universities
429,Netherlands Cancer Institute - Antoni van Leeuwenhoek Hospital,NLD,Health
430,Georgetown University *,USA,Universities
431,Russian Academy of Medical Sciences,RUS,Health
432,Universidade Federal de Pernambuco,BRA,Universities
433,Hacettepe University,TUR,Universities
434,Centro Medico Teknon,ESP,Health
434,Eulji University *,KOR,Universities
436,Universitatsklinikum Freiburg,DEU,Health
437,Fondazione Policlinico Universitario Agostino Gemelli IRCCS,ITA,Health
438,Westfalische Wilhelms-Universitat Munster *,DEU,Universities
439,Universita degli Studi di Bari,ITA,Universities
440,Saitama Medical University *,JPN,Universities
441,Universidade Federal da Paraiba,BRA,Universities
442,University of Health Sciences,TUR,Universities
443,Nanjing Medical University *,CHN,Universities
444,Seoul National University Hospital *,KOR,Health
445,Manchester University NHS Foundation Trust,GBR,Health
445,Odense University Hospital,DNK,Health
447,Universitatsklinikum Mannheim,DEU,Health
448,Kagoshima University *,JPN,Universities
449,Virginia Commonwealth University *,USA,Universities
450,West Virginia University *,USA,Universities
451,Chulalongkorn University,THA,Universities
451,Charles Sturt University,AUS,Universities
453,Imperial College Healthcare NHS Trust,GBR,Health
454,Tulane University *,USA,Universities
455,Universitat de Valencia *,ESP,Universities
456,Kyushu University *,JPN,Universities
457,Sungkyunkwan University,KOR,Universities
458,Universite de Montreal,CAN,Universities
459,Great Ormond Street Hospital for Children NHS Trust,GBR,Health
460,McMaster University,CAN,Universities
461,Assistance Publique Hopitaux de Marseille *,FRA,Health
462,"Monash University, Melbourne *",AUS,Universities
463,Kyung Hee University *,KOR,Universities
464,Universidade do Estado do Rio de Janeiro *,BRA,Universities
465,Institut d'Investigacio Biomedica de Bellvitge,ESP,Health
466,National Yang Ming Chiao Tung University,TWN,Universities
467,"University of Science, Malaysia *",MYS,Universities
468,Ghent University Hospital,BEL,Health
469,Edge Hill University,GBR,Universities
470,University of Oslo,NOR,Universities
471,Azienda Ospedaliera Universitaria Pisana,ITA,Health
472,Universite Paris-Saclay *,FRA,Universities
473,Universitat Duisburg Essen *,DEU,Universities
474,Seoul National University Bundang Hospital,KOR,Health
475,Princess Margaret Cancer Centre,CAN,Health
476,Trinity College Dublin *,IRL,Universities
477,H. Lee Moffitt Cancer Center and Research Institute,USA,Health
478,Texas Children's Hospital ,USA,Health
479,Centre Hospitalier Universitaire de Toulouse *,FRA,Health
480,I.M. Sechenov First Moscow State Medical University,RUS,Universities
481,Universita degli Studi di Genova,ITA,Universities
482,Alexandria University *,EGY,Universities
482,Universidad del Pais Vasco *,ESP,Universities
484,The University of Sheffield,GBR,Universities
485,"University of Texas, Austin",USA,Universities
486,Sunnybrook Health Sciences Centre,CAN,Health
487,Dana Farber Cancer Institute ,USA,Health
488,Instituto de Salud Carlos III *,ESP,Health
489,Nagoya University *,JPN,Universities
490,University of Southern Denmark,DNK,Universities
491,University of Sharjah,ARE,Universities
492,Universitat Heidelberg,DEU,Universities
493,Linkoping University,SWE,Universities
494,Universidade Federal do Rio Grande do Norte,BRA,Universities
495,Albert-Ludwigs-Universitat Freiburg im Breisgau,DEU,Universities
496,Universita degli Studi di Modena e Reggio Emilia,ITA,Universities
497,Augusta University *,USA,Universities
498,Azienda Usl di Reggio Emilia,ITA,Health
499,Johann Wolfgang Goethe-Universitat Frankfurt am Main *,DEU,Universities
500,Philipps-Universitat Marburg *,DEU,Universities
501,"Southern Illinois University, Carbondale *",USA,Universities
502,Loma Linda University *,USA,Universities
502,Kyoto University *,JPN,Universities
504,La Trobe University *,AUS,Universities
505,Istituto Europeo di Oncologia,ITA,Health
506,University of Malaya *,MYS,Universities
507,Universidad de Oviedo *,ESP,Universities
508,Centre Hospitalier Regional Universitaire de Lille *,FRA,Health
509,Iran University of Medical Sciences *,IRN,Universities
509,University Hospitals of Cleveland  *,USA,Health
511,University of Athens,GRC,Universities
512,Tufts University,USA,Universities
513,Mansoura University *,EGY,Universities
514,Universitatsklinikum Erlangen,DEU,Health
515,Children's Medical Center Dallas,USA,Health
516,Tel Aviv Sourasky Medical Center,ISR,Health
517,University of Virginia Health System,USA,Health
517,Hospices Civils de Lyon *,FRA,Health
519,Universita degli Studi di Salerno,ITA,Universities
520,Ospedale Bellaria Carlo Alberto Pizzardi,ITA,Health
521,"Saint Louis University, Saint Louis *",USA,Universities
522,Pennine Acute Hospitals NHS Trust,GBR,Health
523,Helmholtz Gemeinschaft *,DEU,Government
524,Keio University *,JPN,Universities
524,Universitat Leipzig *,DEU,Universities
526,Johannes Gutenberg-Universitat Mainz *,DEU,Universities
527,Sahlgrenska University Hospital,SWE,Health
528,University of South Carolina *,USA,Universities
529,Universidade de Santiago de Compostela *,ESP,Universities
530,Universidade de Brasilia,BRA,Universities
531,The General Hospital of the People's Liberation Army *,CHN,Health
532,Uppsala University,SWE,Universities
533,University of Kentucky HealthCare,USA,Health
534,Universitatsspital Basel,CHE,Health
535,Fondazione IRCCS Istituto Nazionale Tumori di Milano,ITA,Health
536,Tata Memorial Centre,IND,Government
537,SUNY Downstate Medical Center,USA,Universities
538,"University of Colorado, Boulder *",USA,Universities
539,Teachers College of Columbia University,USA,Universities
540,National University of Malaysia *,MYS,Universities
541,New York Eye and Ear Infirmary,USA,Health
542,Donostia Ospitalea,ESP,Health
543,Azienda Ospedaliero Universitaria di Bologna - Policlinico di Sant'Orsola Malpighi,ITA,Health
544,Hospital Universitario Central de Asturias,ESP,Health
545,Universitatsklinikum Munster,DEU,Health
546, Centre Hospitalier de l'Universite de Montreal,CAN,Health
547,Istanbul University *,TUR,Universities
548,Shiraz University of Medical Sciences *,IRN,Universities
549,Justus-Liebig-Universitat Giessen *,DEU,Universities
550,Southern Illinois University School of Medicine,USA,Universities
551,Istanbul Medeniyet University,TUR,Universities
552,Fujian Medical University *,CHN,Universities
553,Nanjing University *,CHN,Universities
554,University of Pretoria,ZAF,Universities
554,Curtin University *,AUS,Universities
556,Universitatsklinikum Essen,DEU,Health
557,Universitatsklinikum Frankfurt,DEU,Health
558,National Health Commission of the People's Republic of China,CHN,Health
559,Universita degli Studi di Foggia,ITA,Universities
560,Universitat Autonoma de Barcelona *,ESP,Universities
561,Emory Healthcare,USA,Health
562,"China Medical University, Shenyang *",CHN,Universities
563,Cedars-Sinai Medical Center ,USA,Health
564,Mount Sinai Hospital,USA,Health
565,Universidade Federal de Santa Catarina *,BRA,Universities
566,Universidade Federal Fluminense,BRA,Universities
567,Monash Health *,AUS,Health
568,Universita Politecnica delle Marche,ITA,Universities
569,Universita degli Studi del Piemonte Orientale Amedeo Avogadro,ITA,Universities
570,Taipei Medical University,TWN,Universities
571,University of Birmingham,GBR,Universities
572,Ege University,TUR,Universities
573,Kings College Hospital NHS Foundation Trust,GBR,Health
574,Jagiellonian University,POL,Universities
575,Azienda Ospedaliera di Verona,ITA,Health
576,Julius-Maximilians-Universitat Wurzburg *,DEU,Universities
577,Centre Hospitalier Universitaire de Montpellier *,FRA,Health
578,University of Mississippi *,USA,Universities
578,Fondazione IRCCS San Raffaele del Monte Tabor,ITA,Health
580,Wuhan Tongji Hospital,CHN,Health
580,Universitatsmedizin der Johannes Gutenberg-Universitat Mainz,DEU,Health
582,Universitatsklinikum Giessen und Marburg GmbH Standort Giessen,DEU,Health
583,Istanbul University Cerrahpasa *,TUR,Universities
584,Qingdao University *,CHN,Universities
585,Universidade Federal de Sergipe,BRA,Universities
586,University of New Mexico *,USA,Universities
587,Universidade Federal de Santa Maria *,BRA,Universities
588,First Affiliated Hospital of China Medical University,CHN,Health
589,Barts and the London NHS Trust,GBR,Health
590,Hospital Universitario de Fuenlabrada,ESP,Health
591,Universitat Ulm *,DEU,Universities
592,University of Dundee,GBR,Universities
593,Hopitaux Universitaires de Strasbourg,FRA,Health
594,University of Arkansas for Medical Sciences,USA,Universities
594,University Hospital Southampton NHS Foundation Trust,GBR,Health
596,University of Liverpool *,GBR,Universities
597,The Royal Marsden NHS Foundation Trust,GBR,Health
598,Cliniques Universitaires Saint-Luc,BEL,Health
599,Kuopio University Hospital,FIN,Health
600,Radboud University Nijmegen,NLD,Universities
601,L'Alma Mater Studiorum - Universita di Bologna,ITA,Universities
602,Houston Methodist,USA,Health
603,Universite de Strasbourg *,FRA,Universities
604,Georgetown University Medical Center,USA,Health
605,Medical University of Gdansk,POL,Universities
606,Universita degli Studi di Udine,ITA,Universities
607,Universitat Basel,CHE,Universities
608,Universidade Federal da Bahia,BRA,Universities
609,Children's Hospital Colorado,USA,Health
610,Centre Hospitalier Universitaire de Grenoble,FRA,Health
611,VCU Medical Center,USA,Health
612,Universita degli Studi di Ferrara,ITA,Universities
612,Universita degli Studi di Palermo,ITA,Universities
614,Sakarya University *,TUR,Universities
615,University of Chicago Medical Center ,USA,Health
616,National Defense Medical Center,TWN,Health
617,Universita degli Studi di Trieste,ITA,Universities
618,Holy Family Hospital,KOR,Health
619,"Chang Gung Memorial Hospital, Chiayi",TWN,Health
619,Prince of Wales Hospital,HKG,Health
621,Linkou Chang Gung Memorial Hospital,TWN,Health
622,Hiroshima University *,JPN,Universities
623,University of Otago,NZL,Universities
624,Zagazig University *,EGY,Universities
625,Universita Vita-Salute San Raffaele,ITA,Universities
625,Universita degli Studi di Roma Tor Vergata,ITA,Universities
627,East Carolina University,USA,Universities
628,Charles University *,CZE,Universities
629,University of Texas Medical Branch ,USA,Universities
630,Centre Hospitalier Universitaire de Bordeaux,FRA,Health
631,Institut Pasteur de Paris *,FRA,Health
632,Ain Shams University *,EGY,Universities
633,Umea University *,SWE,Universities
634,Universitatsklinikum Tubingen,DEU,Health
634,Ankara University,TUR,Universities
636,Arizona Health Sciences Center University of Arizona Tucson,USA,Health
637,Universitat Rostock *,DEU,Universities
638,King Abdulaziz University *,SAU,Universities
639,Inje University *,KOR,Universities
640,Bar-Ilan University,ISR,Universities
641,Marmara University *,TUR,Universities
642,Edith Cowan University,AUS,Universities
643,Universite de Lorraine *,FRA,Universities
644,University of Mississippi Medical Center,USA,Universities
645,Universite Grenoble-Alpes *,FRA,Universities
646,University of Cape Town,ZAF,Universities
647,Universite de Lille *,FRA,Universities
648,Universidad Rey Juan Carlos *,ESP,Universities
648,Universita degli Studi di Perugia,ITA,Universities
650,Seoul National University Boramae Hospital,KOR,Health
651,NHS Lothian,GBR,Health
652,Universita degli Studi di Verona,ITA,Universities
653,Rabin Medical Center,ISR,Health
654,University of Zagreb,HRV,Universities
655,Tri-Service General Hospital,TWN,Health
656,Chung-Ang University *,KOR,Universities
657,Taipei Veterans General Hospital,TWN,Health
658,Wenzhou Medical University *,CHN,Universities
659,University of Minnesota Health and Medicine,USA,Universities
660,The Jikei University School of Medicine *,JPN,Universities
661,"Universidad de los Andes, Chile",CHL,Universities
662,Universitatsklinikums Aachen,DEU,Health
662,Hospital das Clinicas da Faculdade de Medicina da Universidade de Sao Paulo,BRA,Health
664,Tampere University Hospital,FIN,Health
665,Technion - Israel Institute of Technology *,ISR,Universities
666,Flinders University,AUS,Universities
667,Universite Montpellier *,FRA,Universities
668,Hebrew University of Jerusalem,ISR,Universities
669,Rheinische Friedrich-Wilhelms-Universitat Bonn *,DEU,Universities
670,Universitatsklinikum Rostock,DEU,Health
671,Universitatsklinikum Carl Gustav Carus Dresden,DEU,Health
672,Orebro Universitet,SWE,Universities
673,Hospital de la Santa Creu i Sant Pau,ESP,Health
674,Ministry of Health *,TUR,Health
675,Universidade Federal de Ciencias da Saude de Porto Alegre,BRA,Universities
676,Tokyo Dental College *,JPN,Universities
677,Hospital Universitario Ramon y Cajal *,ESP,Health
678,Inha University,KOR,Universities
679,Chonbuk National University Hospital,KOR,Health
680,Universidade Federal do Ceara,BRA,Universities
681,Aarhus University Hospital,DNK,Health
682,Princess Alexandra Hospital ,AUS,Health
683,University of Belgrade,SRB,Universities
684,Universitatsklinikum Ulm,DEU,Health
685,"University of the Witwatersrand, Johannesburg",ZAF,Universities
686,Universitatsklinikum Schleswig-Holstein,DEU,Health
687,Shinshu University *,JPN,Universities
688,University of Nebraska Medical Center,USA,Universities
689,Oxford University Hospitals NHS Trust,GBR,Health
690,Konkuk University *,KOR,Universities
691,Rheinisch-Westfalische Technische Hochschule Aachen,DEU,Universities
692,United Christian Hospital,HKG,Health
693,Chung-Ho Memorial Hospital,TWN,Health
694,Universidad Nacional Autonoma de Mexico,MEX,Universities
695,Dankook University,KOR,Universities
696,Xiamen University *,CHN,Universities
697,Sun Yat-sen University Second Hospital,CHN,Health
697,Medizinische Universitat Innsbruck *,AUT,Universities
699,Ernst-Moritz-Arndt-Universitat Greifswald *,DEU,Universities
700,Istituti Fisioterapici Ospitalieri IRCCS *,ITA,Health
701,Tan Tock Seng Hospital,SGP,Health
702,Penn State Milton S. Hershey Medical Center,USA,Health
703,The Affiliated Hospital of Qingdao University Medical College,CHN,Health
704,Loyola University of Chicago *,USA,Universities
705,Wuhan Union Hospital,CHN,Health
706,Ataturk University,TUR,Universities
707,Aalborg University *,DNK,Universities
708,King Saud University Medical City,SAU,Health
709,Kirikkale University *,TUR,Universities
710,University of North Carolina Health Care,USA,Health
711,Pontificia Universidade Catolica do Rio Grande do Sul,BRA,Universities
712,Air Force Medical University *,CHN,Universities
713,St Michaels Hospital Toronto,CAN,Health
714,Azienda Ospedaliera Careggi,ITA,Health
715,Shanghai Sixth People's Hospital,CHN,Health
716,Universidade do Porto *,PRT,Universities
717,Wonkwang University *,KOR,Universities
718,Royal Prince Alfred Hospital ,AUS,Health
719,Istituto Nazionale Tumori Regina Elena,ITA,Health
720,Peking Union Medical College Hospital Beijing,CHN,Health
721,Universidade Federal de Uberlandia,BRA,Universities
722,Jazan University,SAU,Universities
723,University of Social Welfare and Rehabilitation Sciences,IRN,Universities
724,Universitatsklinikum Leipzig,DEU,Health
725,Universita degli Studi di Milano-Bicocca,ITA,Universities
726,Juntendo University *,JPN,Universities
727,Soon Chun Hyang University *,KOR,Universities
728,University General Hospital of Thessaloniki AHEPA,GRC,Health
729,Kaplan Medical Center,ISR,Health
730,Universita degli Studi di Parma,ITA,Universities
731,Saint Louis University Care,USA,Health
732,Shandong Provincial Hospital,CHN,Health
733,Nagasaki University *,JPN,Universities
734,Poznan University of Medical Sciences,POL,Universities
735,Tokyo Medical University *,JPN,Universities
736,"State University of New York, Stony Brook *",USA,Universities
737,Ankara Yildirim Beyazit University,TUR,Universities
738,Universite Francois Rabelais de Tours *,FRA,Universities
739,Semmelweis University,HUN,Universities
740,St Georges Healthcare NHS Trust,GBR,Health
741,Kurume University *,JPN,Universities
742,Tufts Medical Center,USA,Health
743,Loma Linda University Medical Center ,USA,Health
744,Sun Yat-sen University Third Hospital,CHN,Health
745,Universidade de Pernambuco *,BRA,Universities
746,West Virginia University Health Sciences Center,USA,Health
747,New York Presbyterian Hospital,USA,Health
748,Yokohama City University *,JPN,Universities
749,Baskent University *,TUR,Universities
750,University of Delaware,USA,Universities
751,Seoul St. Mary's Hospital,KOR,Health
752,Universitat Witten-Herdecke,DEU,Universities
753,Children's Hospital Los Angeles ,USA,Health
754,Instituto do Cancer do Estado de Sao Paulo,BRA,Health
755,"Universite Paul Sabatier, Toulouse III *",FRA,Universities
756,Westmead Hospital ,AUS,Health
757,Universite de Versailles Saint Quentin en Yvelines *,FRA,Universities
758,China Medical University Hospital,TWN,Health
759,"Christian Medical College, Vellore",IND,Universities
760,Universitatsklinikum Greifswald,DEU,Health
761,Geisinger Medical System,USA,Health
762,Yeungnam University,KOR,Universities
763,Universidade Federal do Espirito Santo,BRA,Universities
763,Sheffield Teaching Hospitals NHS Trust,GBR,Health
765,The University of Newcastle,AUS,Universities
766,Clinica Universidad de Navarra,ESP,Health
767,Centre Hospitalier Universitaire de Clermont-Ferrand,FRA,Health
768,Universidade Federal de Goias,BRA,Universities
768,University of Jordan,JOR,Universities
770,Aalborg University Hospital,DNK,Health
771,"University of California, Irvine Healthcare",USA,Health
772,Wonkwang University School of Medicine & Hospital,KOR,Health
773,Mount Sinai Hospital Joseph and Wolf Lebovic Health Complex,CAN,Health
773,Wake Forest University Baptist Medical Center,USA,Health
775,Universidade Federal de Pelotas,BRA,Universities
776,Second Xiangya Hospital Affiliated to Central South University,CHN,Health
777,Chungnam National University,KOR,Universities
777,Taipei Medical University Hospital,TWN,Health
779,Ondokuz Mayis University *,TUR,Universities
780,Tokushima University *,JPN,Universities
781,Aichi Cancer Center Research,JPN,Health
782,Centre Hospitalier Regional et Universitaire de Besancon,FRA,Health
782,Universita degli Studi Gabriele d'Annunzio di Chieti e Pescara,ITA,Universities
784,Heinrich Heine Universitat Dusseldorf  *,DEU,Universities
785,Xinjiang Medical University *,CHN,Universities
786,National Hospital Organization Tokyo Medical Center,JPN,Health
787,Centre Hospitalier Universitaire de Nice *,FRA,Health
788,King Chulalongkorn Memorial Hospital,THA,Health
789,Centre Hospitalier Universitaire Vaudois ,CHE,Health
790,University of Oklahoma *,USA,Universities
791,Al-Azhar University *,EGY,Universities
792,Universidade de Lisboa *,PRT,Universities
793,"China Medical University, Taichung *",TWN,Universities
793,Asahikawa Medical University,JPN,Universities
795,Gifu University *,JPN,Universities
796,Loyola Medicine,USA,Health
797,Sun Yat-sen University First Hospital,CHN,Health
798,Fu Jen Catholic University,TWN,Universities
799,Anhui Medical University *,CHN,Universities
800,University of Massachusetts Medical School,USA,Universities
801,Centre Hospitalier Regional et Universitaire de Tours,FRA,Health
802,Alder Hey Children's NHS Foundation Trust,GBR,Health
803,Universite de Bordeaux *,FRA,Universities
804,University Hospital Brussels,BEL,Health
805,N.N. Blokhin Cancer Research Center of the Russian Academy of Medical Sciences,RUS,Health
806,Pirogov Russian National Research Medical University,RUS,Universities
806,University of Tsukuba *,JPN,Universities
808,Mackay Memorial Hospital,TWN,Health
809,Dartmouth-Hitchcock Health Care System,USA,Health
810,The First Affiliated Hospital of Zhejiang University,CHN,Health
811,Kaohsiung Medical University,TWN,Universities
812,Royal College of Surgeons,IRL,Universities
813,Ankara Training and Research Hospital,TUR,Health
814,Guangxi Medical University *,CHN,Universities
815,Ahvaz Jundishapur University of Medical Sciences *,IRN,Universities
816,International University of Health and Welfare *,JPN,Universities
816,University of Miyazaki *,JPN,Universities
818,Ben-Gurion University of the Negev *,ISR,Universities
819,Universitat Internacional de Catalunya ,ESP,Universities
820,Safdarjang Hospital,IND,Health
821,Universitatsklinikum Halle,DEU,Health
821,"University of Technology, Sydney",AUS,Universities
823,"University of Missouri, Kansas City",USA,Universities
824,Nagoya City University *,JPN,Universities
825,Banaras Hindu University,IND,Universities
825,Istanbul Medipol University *,TUR,Universities
827,Centre Hospitalier Universitaire de Caen *,FRA,Health
828,Phoenix Children's Hospital,USA,Health
829,King Fahad Medical City ,SAU,Health
829,Stony Brook University Medicine,USA,Health
831,Albany Medical Center *,USA,Health
832,Ewha Womans University *,KOR,Universities
833,Complejo Hospitalario Universitario de Santiago,ESP,Health
834,Beaumont Health System,USA,Health
835,Medical University of Bialystok,POL,Universities
836,Assuta Medical Center Tel Aviv *,ISR,Health
837,Shandong University Qilu Hospital,CHN,Health
837,Universidad Nacional de Colombia *,COL,Universities
839,South Eastern Sydney Local Health District *,AUS,Health
840,Lamar University,USA,Universities
841,St. James's Hospital,IRL,Health
841,Universidade Federal do Para,BRA,Universities
843,Iwate Medical University *,JPN,Universities
844,Universite Clermont-Auvergne,FRA,Universities
845,Kocaeli University *,TUR,Universities
846,Jordan University of Science and Technology,JOR,Universities
847,Universite de Lyon,FRA,Universities
847,Universite PSL *,FRA,Universities
849,Yale New Haven Health System,USA,Health
850,Brighton and Sussex University Hospitals NHS Trust,GBR,Health
851,University of Maryland Medical Center,USA,Health
852,Konkuk University Medical Center,KOR,Health
853,Kaohsiung Veterans General Hospital,TWN,Health
854,Royal North Shore Hospital,AUS,Health
855,Kitasato University *,JPN,Universities
856,University Hospitals Leicester NHS Trust,GBR,Health
856,Mackay Medical College,TWN,Universities
858,Pamukkale University,TUR,Universities
859,Amrita University,IND,Universities
860,Binzhou Medical University *,CHN,Universities
861,Sohag University *,EGY,Universities
862,Gazi University,TUR,Universities
863,Kyoto Prefectural University of Medicine,JPN,Universities
864,Universitatsklinikum Wurzburg,DEU,Health
865,"Institut National de Recherche pour l'Agriculture, l'Alimentation et l'Environnement *",FRA,Government
866,First Affiliated Hospital of Anhui Medical University,CHN,Health
867,Bezmialem Vakif University,TUR,Universities
868,Ehime University *,JPN,Universities
869,Universidad Autonoma de Madrid *,ESP,Universities
870,Guilan University of Medical Sciences,IRN,Universities
871,Chonnam National University,KOR,Universities
872,Universitatsklinikum Koln,DEU,Health
873,Kanazawa University *,JPN,Universities
874,Galilee Medical Center,ISR,Health
875,Selcuk University *,TUR,Universities
875,Universita degli Studi di Siena,ITA,Universities
877,Chiang Mai University,THA,Universities
878,Changi General Hospital ,SGP,Health
879,Tanta University,EGY,Universities
880,University of Peradeniya,LKA,Universities
881,Aga Khan University *,PAK,Universities
881,Near East University,CYP,Universities
883,Hiroshima University Hospital,JPN,Health
884,Konyang University *,KOR,Universities
885,Istanbul Aydin University,TUR,Universities
886,Freie Universitat Berlin,DEU,Universities
887,Abertawe Bro Morgannwg University NHS Trust,GBR,Health
888,Amrita Institute for Medical Science and Research,IND,Health
889,Midwestern University,USA,Universities
890,Humboldt-Universitat zu Berlin,DEU,Universities
891,Acibadem University,TUR,Universities
892,The Second Affiliated Hospital of Zhejiang University,CHN,Health
893,Howard University *,USA,Universities
894,Teikyo University *,JPN,Universities
895,Fukushima Medical University *,JPN,Universities
896,"Sisters of Charity Hospital, Zagreb",HRV,Health
897,Pandit Bhagwat Dayal Sharma Post Graduate Institute of Medical Sciences,IND,Universities
898,Children's Healthcare of Atlanta ,USA,Health
899,Jinan University *,CHN,Universities
900,Toho University *,JPN,Universities
900,Pontificia Universidade Catolica do Parana,BRA,Universities
902,National University of Malaysia Medical Center,MYS,Health
903,Universidad de Buenos Aires *,ARG,Universities
904,Lankenau Institute for Medical Research,USA,Health
905,Prince of Wales Hospital ,AUS,Health
906,Chiba University *,JPN,Universities
907,Philadelphia College of Osteopathic Medicine,USA,Universities
907,Beni Suef University *,EGY,Universities
909,National Cancer Center,JPN,Health
910,The First Affiliated Hospital of Fujian Medical University,CHN,Health
911,Universite Cote d’Azur *,FRA,Universities
912,Military Medical Academy,SRB,Health
913,Universite Saint-Joseph *,LBN,Universities
914,Osaka University of Pharmaceutical Sciences *,JPN,Universities
915,Osaka Medical College,JPN,Universities
916,Siriraj Hospital,THA,Health
917,University of Oklahoma Health Sciences Center,USA,Universities
918,Sanming First Hospital Affiliated to Fujian Medical University,CHN,Health
919,Zhongshan Hospital,CHN,Health
920,Showa University *,JPN,Universities
921,Mersin University,TUR,Universities
922,Universidade Estadual da Paraiba,BRA,Universities
923,Homi Bhabha National Institute,IND,Universities
924,Armed Forces Medical College,IND,Universities
925,Kumamoto University *,JPN,Universities
926,Azienda Ospedaliera Universitaria Policlinico Gaetano Martino,ITA,Health
927,Cha University *,KOR,Universities
928,Rosalind Franklin University of Medicine and Science,USA,Universities
929,Ramathibodi Hospital,THA,Health
930,Universitatsklinikum Dusseldorf,DEU,Health
931,First Affilated Hospital of Wenzhou Medical University,CHN,Health
932,Azienda Ospedaliera di Parma,ITA,Health
933,Koc University,TUR,Universities
934,Jawaharlal Institute of Postgraduate Medical Education and Research,IND,Universities
935,Vrije Universiteit Brussel,BEL,Universities
936,Institut pour l'Avancee des Biosciences,FRA,Government
937,University of Tokyo Hospital,JPN,Health
938,Universidade de Coimbra *,PRT,Universities
939,Kindai University *,JPN,Universities
940,Oakland University,USA,Universities
941,Paracelsus Medizinische Privatuniversitat,AUT,Universities
942,Tokai University *,JPN,Universities
943,University of Toyama *,JPN,Universities
944,Oita University *,JPN,Universities
945,Howard University Health Sciences,USA,Health
946,Izmir Katip Celebi University *,TUR,Universities
947,Assiut University *,EGY,Universities
948,University of the Ryukyus *,JPN,Universities
949,Hotel Dieu de France University Hospital,LBN,Health
950,Jichi Medical University *,JPN,Universities
951,Teikyo University Group Hospitals,JPN,Health
952,Universitatsklinikum Bonn,DEU,Health
953,Ormat Technologies Inc *,MUL,Companies
953,"Ormat Technologies, United States",USA,Companies
955,Saitama Medical University Saitama Medical Center,JPN,Health
956,Lady Hardinge Medical College,IND,Health
957,Complexo Hospitalario Universitario a Coruna,ESP,Health
957,Tottori University *,JPN,Universities
959,AT Still University,USA,Universities
959,University of Lagos,NGA,Universities
961,Universidad El Bosque,COL,Universities
962,Kafrelsheikh University,EGY,Universities
963,Dokkyo Medical University *,JPN,Universities
964,Nippon Dental University *,JPN,Universities
965,Gaziantep University *,TUR,Universities
966,Ibb University,YEM,Universities
967,"Centro de Investigacion Biomedica en Red en Bioingenieria, Biomateriales y Nanomedicina",ESP,Health
968,Schneider Children's Medical Center of Israel,ISR,Health
969,Zhongshan Hospital Xiamen University,CHN,Health
970,BC Children's Hospital and Sunny Hill Health Centre for Children Vancouver,CAN,Health
971,Fundacion Santa Fe de Bogota,COL,Health
972,Kyung Hee University Medical Center,KOR,Health
973,Inonu University,TUR,Universities
974,Arkansas Children's Hospital ,USA,Health
975,"Centro de Investigacion Biomedica en Red en Bioingenieria, Biomateriales y Nanomedicina, Madrid",ESP,Health
976,JSS Academy of Higher Education and Research,IND,Universities
977,Chung Shan Medical University,TWN,Universities
978,Ospedale Casa Sollievo della Sofferenza IRCCS,ITA,Health
979,Complejo Hospitalario Regional Virgen Macarena,ESP,Health
980,Taibah University,SAU,Universities
981,Tokyo Womens Medical University *,JPN,Universities
982,Peoples'Friendship University of Russia,RUS,Universities
982,Universidade Estadual de Londrina,BRA,Universities
984,Xijing Hospital,CHN,Health
985,Universite Gustave Eiffel *,FRA,Universities
986,Inje University Ilsan-Paik Hospital,KOR,Health
987,Yokohama City University Hospital,JPN,Health
988,Shahid Sadoughi University of Medical Sciences,IRN,Universities
989,Hamamatsu University School of Medicine *,JPN,Universities
990,Gaziosmanpasa University,TUR,Universities
991,"Chang Gung Memorial Hospital, Keelung",TWN,Health
992,Universidad de Puerto Rico *,PRI,Universities
993,University Hospital of Larissa,GRC,Health
993,St Marianna University School of Medicine *,JPN,Universities
995,St Petersburg Pavlov State Medical University,RUS,Universities
996,Centro Universitario Christus,BRA,Universities
997,Mustafa Kemal University *,TUR,Universities
998,University of Notre Dame Australia,AUS,Universities
998,"Universidad de Puerto Rico, Ciencias Medicas",PRI,Universities
1000,Bahcesehir University *,TUR,Universities
