Global Rank,Institution,Country,Sector
1,Harvard University *,USA,Universities
2,Harvard Medical School,USA,Universities
3,University of Pennsylvania *,USA,Universities
4,Assistance Publique Hopitaux de Paris *,FRA,Health
5,"Northwestern University, Evanston *",USA,Universities
6,"University of California, San Francisco *",USA,Universities
7,Veterans Affairs Medical Centers *,USA,Health
8,Mount Sinai Health System *,USA,Health
9,Copenhagen University Hospital,DNK,Health
10,University of Miami *,USA,Universities
11,University of Pennsylvania Health System,USA,Health
12,Massachusetts General Hospital,USA,Health
13,Northwestern Medicine,USA,Health
14,Institut National de la Sante et de la Recherche Medicale *,FRA,Health
15,University of Miami Health System,USA,Health
16,Icahn School of Medicine at Mount Sinai,USA,Universities
17,University of Copenhagen,DNK,Universities
18,Yale University *,USA,Universities
19,Johns Hopkins University *,USA,Universities
20,Brigham and Women's Hospital,USA,Health
21,"University of California, San Diego *",USA,Universities
22,University of Toronto,CAN,Universities
23,New York University *,USA,Universities
24,The University of Manchester *,GBR,Universities
25,Janssen,MUL,Companies
26,Stanford University *,USA,Universities
27,Yale University Health & Medicine,USA,Health
28,"University of California, Los Angeles *",USA,Universities
29,Johnson & Johnson *,MUL,Companies
30,Johns Hopkins Medicine,USA,Health
31,Janssen Biotech Inc,USA,Companies
32,Charite - Universitatsmedizin Berlin *,DEU,Health
33,Cornell University *,USA,Universities
34,Regeneron Pharmaceuticals Inc,USA,Companies
35,"University of California, Irvine *",USA,Universities
36,Memorial Sloan-Kettering Cancer Center,USA,Health
37,Universidade de Sao Paulo *,BRA,Universities
38,NYU Langone Medical Center,USA,Health
39,University of Southern California *,USA,Universities
40,Tehran University of Medical Sciences *,IRN,Universities
41,National Institutes of Health,USA,Health
42,Kings College London,GBR,Universities
43,U.S. Department of Health & Human Services *,USA,Health
44,Universita degli Studi di Milano,ITA,Universities
45,Brown University,USA,Universities
46,Universite de Paris Cite *,FRA,Universities
47,Mayo Clinic *,USA,Health
48,Guys & Saint Thomas NHS Foundation Trust,GBR,Health
49,Oregon Health & Science University *,USA,Universities
50,Columbia University *,USA,Universities
51,Universitat Hamburg *,DEU,Universities
52,Stanford Medicine,USA,Health
53,Salford Royal Hospitals NHS Trust,GBR,Health
54,Tel Aviv University,ISR,Universities
55,Radboud University Nijmegen Medical Centre,NLD,Health
56,Chinese Academy of Sciences *,CHN,Government
57,"University of Michigan, Ann Arbor *",USA,Universities
58,Weill Cornell Medicine,USA,Universities
59,Erasmus University Rotterdam *,NLD,Universities
60,University of Amsterdam *,NLD,Universities
61,"University of California, Davis *",USA,Universities
62,Fred Hutchinson Cancer Research Center,USA,Health
63,Erasmus Medical Center,NLD,Health
64,George Washington University *,USA,Universities
65,Henry Ford Health System,USA,Health
66,Vrije Universiteit Amsterdam *,NLD,Universities
67,University of Washington *,USA,Universities
68,Westfalische Wilhelms-Universitat Munster *,DEU,Universities
69,Manchester Academic Health Science Centre,GBR,Health
70,UCLA Health System,USA,Health
71,Universitatsklinikum Hamburg Eppendorf,DEU,Health
72,Universita degli Studi di Napoli Federico II,ITA,Universities
73,The Rockefeller University *,USA,Universities
74,Ludwig-Maximilians Universitat Munchen *,DEU,Universities
75,University of Sydney,AUS,Universities
76,Emory University *,USA,Universities
77,University of Texas Southwestern Medical Center ,USA,Universities
78,"Sanofi, France",FRA,Companies
79,Centre National de la Recherche Scientifique *,FRA,Government
80,Universitatsklinikum Schleswig-Holstein,DEU,Health
81,George Washington The School of Medicine & Health Sciences,USA,Health
82,Academisch Medisch Centrum,NLD,Health
83,UC Davis Health System,USA,Health
84,Sanofi *,MUL,Companies
85,"Fondazione IRCCS Ospedale Maggiore Policlinico, Mangiagalli e Regina Elena",ITA,Health
85,University of New South Wales,AUS,Universities
87,Thomas Jefferson University *,USA,Universities
88,Medizinische Universitat Wien,AUT,Universities
89,Washington University in Saint Louis *,USA,Universities
90,Pennsylvania State University *,USA,Universities
91,Wake Forest University *,USA,Universities
92,Universitat Autonoma de Barcelona *,ESP,Universities
93,"University of Minnesota, Twin Cities *",USA,Universities
94,Samsung Corp *,MUL,Companies
95,Chinese Academy of Medical Sciences and Peking Union Medical College *,CHN,Universities
96,University of Melbourne *,AUS,Universities
97,Wake Forest University Baptist Medical Center,USA,Health
98,Shanghai Jiao Tong University *,CHN,Universities
99,Universitatsspital Zurich,CHE,Health
100,Universitatsklinikum Munster,DEU,Health
101,CareGroup Healthcare System *,USA,Health
102,Universitat zu Lubeck,DEU,Universities
103,University of Southern California Health Sciences Campus,USA,Health
104,Seoul National University *,KOR,Universities
105,University of Utah *,USA,Universities
106,Aarhus University *,DNK,Universities
107,Boston University *,USA,Universities
108,The University of British Columbia,CAN,Universities
109,Yonsei University *,KOR,Universities
110,Wroclaw Medical University,POL,Universities
111,Sichuan University *,CHN,Universities
112,"University of Colorado, Denver *",USA,Universities
113,University of Groningen *,NLD,Universities
114,University of Arizona *,USA,Universities
115,Technische Universitat Munchen *,DEU,Universities
116,University of Athens,GRC,Universities
117,Centre Hospitalier Universitaire de Nice *,FRA,Health
118,"Rutgers, The State University of New Jersey",USA,Universities
119,L'Alma Mater Studiorum - Universita di Bologna,ITA,Universities
120,"Sanofi, United States",USA,Companies
121,Beth Israel Deaconess Medical Center,USA,Health
122,Columbia University Irving Medical Center,USA,Health
123,Centers for Disease Control and Prevention,USA,Health
124,Ruhr-Universitat Bochum *,DEU,Universities
125,Universita degli Studi di Modena e Reggio Emilia,ITA,Universities
126,Eli Lilly *,MUL,Companies
127,Centre Mediterraneen de Medecine Moleculaire,FRA,Government
128,"University of Connecticut, Storrs *",USA,Universities
129,Cleveland Clinic *,USA,Health
130,Medical Research Council,GBR,Health
131,"Ormat Technologies, United States",USA,Companies
131,Ormat Technologies Inc *,MUL,Companies
133,Universidade de Coimbra *,PRT,Universities
134,University Medical Center Groningen,NLD,Health
135,Woodruff Health Sciences Center,USA,Health
136,"University of Colorado, Anschutz Medical Campus",USA,Universities
137,Imperial College London,GBR,Universities
138,Universita degli Studi di Roma La Sapienza,ITA,Universities
139,University Hospital of Bern,CHE,Health
140,Fudan University *,CHN,Universities
141,The University of Queensland *,AUS,Universities
142,"Ohio State University, Columbus *",USA,Universities
143,Helmholtz Gemeinschaft *,DEU,Government
144,LG Corporation *,MUL,Companies
145,Boston University Medical Campus ,USA,Health
146,Leiden University *,NLD,Universities
147,Universitat zu Koln,DEU,Universities
148,University College London *,GBR,Universities
149,Universidade Estadual Paulista Julio de Mesquita Filho,BRA,Universities
150,University of Texas M.D. Anderson Cancer Center ,USA,Health
151,Aarhus University Hospital,DNK,Health
152,Peking University *,CHN,Universities
153,Ministry of Education of the People's Republic of China,CHN,Government
154,Case Western Reserve University,USA,Universities
155,Duke University *,USA,Universities
156,Hospital Clinic i Provincial de Barcelona,ESP,Health
157,Clalit Health Services *,ISR,Health
158,Central South University *,CHN,Universities
159,Shahid Beheshti University of Medical Sciences and Health Services *,IRN,Universities
160,Utrecht University *,NLD,Universities
161,Catholic University of Korea *,KOR,Universities
162,"Monash University, Melbourne *",AUS,Universities
163,All India Institute of Medical Sciences,IND,Universities
164,University of Connecticut Health Center,USA,Universities
165,"Eli Lilly and Company, United States",USA,Companies
166,University Medical Center Utrecht,NLD,Health
167,Centre Hospitalier Universitaire de Nantes *,FRA,Health
168,"University of Alabama, Birmingham *",USA,Universities
169,Aristotle University of Thessaloniki,GRC,Universities
170,Hospital Universitario Ramon y Cajal *,ESP,Health
171,Universite Cote d’Azur *,FRA,Universities
172,Philadelphia VA Medical Center,USA,Health
173,"Chang Gung Memorial Hospital, Taipei *",TWN,Health
174,Washington University Medical Center ,USA,Health
175,Women's College Hospital,CAN,Health
176,Institut des Maladies Genetiques Imagine,FRA,Government
177,Johannes Gutenberg-Universitat Mainz *,DEU,Universities
178,"University of North Carolina, Chapel Hill *",USA,Universities
179,Queen's University,CAN,Universities
180,Friedrich-Alexander-Universitat Erlangen-Nurnberg *,DEU,Universities
181,Universita Cattolica del Sacro Cuore,ITA,Universities
182,Dalhousie University *,CAN,Universities
183,Karolinska Institute,SWE,Universities
184,"Saint Louis University, Saint Louis *",USA,Universities
185,Rheinische Friedrich-Wilhelms-Universitat Bonn *,DEU,Universities
186,Istituto Dermopatico Dell'Immacolata IRCCS,ITA,Health
187,Universitat Bern,CHE,Universities
188,Cardiff University,GBR,Universities
189,Hospital Infantil Universitario Nino Jesus,ESP,Health
190,Skane University Hospital,SWE,Health
191,Centre Hospitalier Universitaire de Bordeaux,FRA,Health
192,University of Oxford,GBR,Universities
193,"Pfizer Inc, United States",USA,Companies
194,Universitatsmedizin der Johannes Gutenberg-Universitat Mainz,DEU,Health
195,Universite Paris-Est Creteil *,FRA,Universities
196,University of Florida *,USA,Universities
197,University of Western Ontario,CAN,Universities
198,Universitat de Barcelona *,ESP,Universities
199,Christian-Albrechts-Universitat zu Kiel,DEU,Universities
200,Hospital de la Santa Creu i Sant Pau,ESP,Health
201,Peking University Health Science Center,CHN,Universities
202,Istituto Ortopedico Galeazzi,ITA,Health
203,SUNY Downstate Medical Center,USA,Universities
204,University of Cincinnati *,USA,Universities
205,Penn State Milton S. Hershey Medical Center,USA,Health
206,Universitatsklinikum Freiburg,DEU,Health
207,West China Hospital,CHN,Health
208,Medizinische Universitat Graz *,AUT,Universities
209,University of Iowa *,USA,Universities
210,University of Glasgow *,GBR,Universities
211,University of Tokyo *,JPN,Universities
212,Universitatsspital Basel,CHE,Health
213,Pfizer *,MUL,Companies
214,Xi'an Jiaotong University *,CHN,Universities
215,University of Massachusetts Medical School,USA,Universities
216,Helmholtz Zentrum Munchen Forschungszentrum fur Umwelt und Gesundheit,DEU,Government
217,Rady Children's Hospital-San Diego,USA,Health
218,London School of Hygiene and Tropical Medicine,GBR,Universities
219,Centre Hospitalier Universitaire de Brest,FRA,Health
220,Huazhong University of Science and Technology *,CHN,Universities
221,University of Pittsburgh *,USA,Universities
222,"World Health Organization, Switzerland",CHE,Health
223,Public Health England,GBR,Health
224,Universita degli Studi della Campania Luigi Vanvitelli,ITA,Universities
225,Medical University of Warsaw,POL,Universities
226,Instituto de Salud Carlos III *,ESP,Health
227,Drexel University,USA,Universities
228,University of Nottingham *,GBR,Universities
229,Istituti Fisioterapici Ospitalieri IRCCS *,ITA,Health
230,Universita degli Studi di Verona,ITA,Universities
231,"Agency for Science, Technology and Research Singapore *",SGP,Government
232,Novartis *,MUL,Companies
233,Canisius Wilhelmina Ziekenhuis,NLD,Health
234,Hokkaido University *,JPN,Universities
235,Istituto Dermatologico San Gallicano,ITA,Health
236,Sunnybrook Health Sciences Centre,CAN,Health
237,Universita degli Studi di Firenze,ITA,Universities
238,University Hospitals of Cleveland  *,USA,Health
239,Universitat Heidelberg,DEU,Universities
240,Centre Hospitalier Universitaire de Toulouse *,FRA,Health
241,"Queen Mary, University of London",GBR,Universities
242,Martin-Luther-Universitat Halle-Wittenberg *,DEU,Universities
243,Chang Gung University,TWN,Universities
244,Medical College of Wisconsin,USA,Universities
245,Universita degli Studi Magna Graecia di Catanzaro,ITA,Universities
246,University of Dundee,GBR,Universities
247,UC San Diego Health System,USA,Health
248,San Francisco VA Medical Center,USA,Health
249,Vanderbilt University *,USA,Universities
250,"University of Illinois, Chicago *",USA,Universities
251,"Kaiser Permanente, Oakland *",USA,Health
252,Duke Medicine,USA,Health
253,Universita degli Studi di Roma Tor Vergata,ITA,Universities
254,Baylor Scott & White Health,USA,Health
255,Universitat Duisburg Essen *,DEU,Universities
256,"Novartis, Switzerland",CHE,Companies
257,NHS Tayside,GBR,Health
258,University of Rochester *,USA,Universities
259,Cairo University *,EGY,Universities
260,Universite Libre de Bruxelles,BEL,Universities
261,Kyoto University *,JPN,Universities
262,Baylor College of Medicine,USA,Universities
263,South Eastern Sydney Local Health District *,AUS,Health
264,Max Planck Gesellschaft *,DEU,Government
265,"University of Wisconsin, Madison *",USA,Universities
266,Klinikum Ludwig Maximilians Universitat Munchen,DEU,Health
267,Universita degli Studi di Padova,ITA,Universities
268,Universitat Zurich,CHE,Universities
269,Leiden University Medical Center,NLD,Health
270,World Health Organization *,MUL,Health
271,Fondazione Policlinico Universitario Agostino Gemelli IRCCS,ITA,Health
272,Southern Medical University *,CHN,Universities
273,Institut de Recerca Hospital Universitari Vall d'Hebron,ESP,Health
274,Sorbonne Universite *,FRA,Universities
275,University of Pittsburgh Medical Center ,USA,Health
276,Huashan Hospital,CHN,Health
277,Georgetown University *,USA,Universities
278,Friedrich-Schiller-Universitat Jena *,DEU,Universities
279,University of Utah Health Care,USA,Health
280,Universidade Federal de Sao Paulo *,BRA,Universities
281,University of Ottawa,CAN,Universities
282,"University of Texas, Austin",USA,Universities
283,Yonsei University Health System,KOR,Health
284,University of Michigan Health System,USA,Health
285,Leibniz Gemeinschaft *,DEU,Government
286,Wuhan Union Hospital,CHN,Health
287,Queensland Institute of Medical Research,AUS,Health
288,Centre Hospitalier Universitaire de Rouen,FRA,Health
289,Universitatsklinikum Essen,DEU,Health
290,"Chang Gung Memorial Hospital, Taoyuan",TWN,Health
291,Dartmouth College *,USA,Universities
292,University of Minnesota Health and Medicine,USA,Universities
293,Karolinska University Hospital,SWE,Health
294,Medizinische Hochschule Hannover,DEU,Universities
295,Universitatsklinikum Erlangen,DEU,Health
295,The University of Edinburgh *,GBR,Universities
297,AbbVie *,MUL,Companies
298,"AbbVie Inc, United States",USA,Companies
299,Ghent University Hospital,BEL,Health
300,University of Rochester Medical Center,USA,Health
301,Universitatsklinikum Jena,DEU,Health
302,Trinity College Dublin *,IRL,Universities
303,Zhejiang University *,CHN,Universities
304,Children's Hospital of Philadelphia,USA,Health
305,Great Ormond Street Hospital for Children NHS Trust,GBR,Health
305,St George Hospital ,AUS,Health
307,Oslo University Hospital,NOR,Health
308,Zagazig University *,EGY,Universities
309,Montefiore Medical Center *,USA,Health
310,University of Chicago *,USA,Universities
311,Ohio State University Wexner Medical Center,USA,Health
312,University of Southern Denmark,DNK,Universities
313,Keio University *,JPN,Universities
314,Universita degli Studi di Genova,ITA,Universities
315,Ospedale Pediatrico Bambino Gesu,VAT,Health
316,Universitatsklinikum Koln,DEU,Health
317,Air Force Medical University *,CHN,Universities
318,UCB Pharma SA *,MUL,Companies
319,Tohoku University *,JPN,Universities
320,Sheba Medical Center,ISR,Health
321,Tufts University,USA,Universities
322,Vanderbilt University Medical Center,USA,Health
323,Universitat Osnabruck,DEU,Universities
324,Rabin Medical Center,ISR,Health
325,German Cancer Consortium,DEU,Government
325,Universitatsklinikum Bonn,DEU,Health
327,Universita degli Studi di Torino,ITA,Universities
328,Tufts Medical Center,USA,Health
329,National Cancer Institute,USA,Health
330,Philipps-Universitat Marburg *,DEU,Universities
331,Tel Aviv Sourasky Medical Center,ISR,Health
332,Sun Yat-Sen University *,CHN,Universities
333,Hopital Erasme,BEL,Health
334,Medical University of South Carolina *,USA,Universities
335,VA Palo Alto Health Care System,USA,Health
336,Mount Sinai Hospital,USA,Health
337,Iran University of Medical Sciences *,IRN,Universities
338,University of Washington Medicine ,USA,Health
339,University of Oslo,NOR,Universities
340,Linkou Chang Gung Memorial Hospital,TWN,Health
341,"Newcastle University, Newcastle upon Tyne",GBR,Universities
342,Medical University of Lodz,POL,Universities
343,Eastern Virginia Medical School,USA,Universities
344,National Taiwan University Hospital,TWN,Health
345,McGill University,CAN,Universities
346,Alfred Health,AUS,Health
347,Consejo Superior de Investigaciones Cientificas *,ESP,Government
348,Albert-Ludwigs-Universitat Freiburg im Breisgau,DEU,Universities
349,Deutsches Krebsforschungszentrum,DEU,Government
350,Odense University Hospital,DNK,Health
350,New York Medical College,USA,Universities
352,University of Cincinnati Medical Center,USA,Health
353,Barts and the London NHS Trust,GBR,Health
354,Tulane University *,USA,Universities
355,Xijing Hospital,CHN,Health
356,Cardiff and Vale NHS Trust,GBR,Health
357,Arizona Health Sciences Center University of Arizona Tucson,USA,Health
358,"University of Texas, Health Science Center at Houston",USA,Universities
359,Ghent University,BEL,Universities
360,Eberhard-Karls-Universitat Tubingen,DEU,Universities
361,Universita degli Studi di Trieste,ITA,Universities
362,Universidade do Porto *,PRT,Universities
363,Universitatsklinikum Gottingen,DEU,Health
364,Melanoma Institute Australia,AUS,Government
365,Paracelsus Medizinische Privatuniversitat,AUT,Universities
366,Institut Hospital del Mar d’Investigacions Mediques,ESP,Health
367,Saint Louis University Care,USA,Health
368,Heinrich Heine Universitat Dusseldorf  *,DEU,Universities
368,University of Southampton,GBR,Universities
370,University of Huddersfield,GBR,Universities
371,Freie Universitat Berlin,DEU,Universities
372, Instituto de Investigacion Sanitaria del Hospital Universitario de La Princesa,ESP,Health
373,Universitatsklinikum Heidelberg,DEU,Health
374,"Chang Gung Memorial Hospital, Keelung",TWN,Health
375,Technische Universitat Dresden,DEU,Universities
376,"California State University, Sacramento",USA,Universities
377,"Universite Paul Sabatier, Toulouse III *",FRA,Universities
378,University Hospitals Leicester NHS Trust,GBR,Health
379,Children's Hospital Boston  *,USA,Health
380,Shandong University *,CHN,Universities
381,Shiraz University of Medical Sciences *,IRN,Universities
382,Mahidol University *,THA,Universities
383,Universita degli Studi Guglielmo Marconi,ITA,Universities
384,Taipei Medical University,TWN,Universities
385,Peking Union Medical College Hospital Beijing,CHN,Health
386,Hospital Universitario La Fe,ESP,Health
387,Universitat Witten-Herdecke,DEU,Universities
388,"Kaiser Permanente Medical Center, Los Angeles",USA,Health
389,Julius-Maximilians-Universitat Wurzburg *,DEU,Universities
390,Tianjin Medical University *,CHN,Universities
391,Institut d'Investigacions Biomediques August Pi i Sunyer,ESP,Health
392,Universitat Regensburg *,DEU,Universities
393,Kyushu University *,JPN,Universities
394,Helsinki University Central Hospital,FIN,Health
395,Universite de Bordeaux *,FRA,Universities
396,Dana Farber Cancer Institute ,USA,Health
397,Hospital Universitario La Paz,ESP,Health
398,Albert Einstein College of Medicine,USA,Universities
399,Wan Fang Hospital,TWN,Health
400,RTI Health Solutions,USA,Companies
401,University of Szeged,HUN,Universities
402,Tongji University *,CHN,Universities
403,National Cheng Kung University,TWN,Universities
404,Royal Free London NHS Foundation Trust,GBR,Health
405,University of Calgary,CAN,Universities
406,Xiangya Hospital Affiliated to Central South University,CHN,Health
407,National Cheng Kung University Hospital,TWN,Health
408,University of Tsukuba *,JPN,Universities
409,Seoul St. Mary's Hospital,KOR,Health
410,University College Dublin,IRL,Universities
411,National Taiwan University,TWN,Universities
412,Universita degli Studi di Messina,ITA,Universities
413,The Jikei University School of Medicine *,JPN,Universities
413,Korea University *,KOR,Universities
415,Ramathibodi Hospital,THA,Health
416,Kaohsiung Medical University,TWN,Universities
417,Universita degli Studi di Pisa,ITA,Universities
418,Universite Paris-Nord 13 *,FRA,Universities
419,Queensland University of Technology,AUS,Universities
420,St Georges University of London,GBR,Universities
421,Universita degli Studi di Catania,ITA,Universities
422,Kumamoto University *,JPN,Universities
423,Aix-Marseille Universite *,FRA,Universities
424,Cancer Research UK,GBR,Health
425,Medical University of Gdansk,POL,Universities
426,Universite PSL *,FRA,Universities
427,Technion - Israel Institute of Technology *,ISR,Universities
428,Teikyo University *,JPN,Universities
429,Johann Wolfgang Goethe-Universitat Frankfurt am Main *,DEU,Universities
430,University of the Philippines Diliman *,PHL,Universities
431,Capital University of Medical Sciences,CHN,Universities
432,The University of Sheffield,GBR,Universities
433,National University of Singapore *,SGP,Universities
434,Seoul National University Hospital *,KOR,Health
435,University of Health Sciences,TUR,Universities
435,King Saud University *,SAU,Universities
437,University of Rzeszow,POL,Universities
438,Catholic University of Louvain,BEL,Universities
439,Chung-Ang University *,KOR,Universities
439,University of Florida Health Science Center,USA,Health
441,Royal Prince Alfred Hospital ,AUS,Health
441,University of Zagreb,HRV,Universities
443,Kyungpook National University *,KOR,Universities
444,Universidad Autonoma de Nuevo Leon *,MEX,Universities
445,Hospital del Mar,ESP,Health
446,University of Ljubljana *,SVN,Universities
447,Universita degli Studi dell'Insubria,ITA,Universities
448,Anhui Medical University *,CHN,Universities
449,Tanta University,EGY,Universities
450,Universita degli Studi di Cagliari,ITA,Universities
451,Hospices Civils de Lyon *,FRA,Health
452,Hadassah University Medical Center *,ISR,Health
453,Universita degli Studi di Siena,ITA,Universities
454,Asan Medical Center Seoul *,KOR,Health
455,Linkoping University,SWE,Universities
456,Nanfang Hospital,CHN,Health
457,"China Medical University, Shenyang *",CHN,Universities
458,Tsinghua University *,CHN,Universities
459,St Vincent's Hospital Melbourne,AUS,Health
460,Uppsala University,SWE,Universities
461,Memorial University of Newfoundland,CAN,Universities
461,National Yang Ming Chiao Tung University,TWN,Universities
463,Usak University,TUR,Universities
464,"Procter & Gamble,  United States",USA,Companies
465,Hallym University *,KOR,Universities
466,Procter & Gamble Co *,MUL,Companies
467,Universita degli Studi del Molise,ITA,Universities
468,Liverpool Hospital ,AUS,Health
469,Pontificia Universidad Catolica de Chile *,CHL,Universities
470,Lunds University,SWE,Universities
471,Ann & Robert H. Lurie Children s Hospital,USA,Health
472,Universite Paris-Saclay *,FRA,Universities
473,Universidade Federal do Rio de Janeiro *,BRA,Universities
474,Centro de Investigacion Biomedica en Red de Enfermedades Raras,ESP,Health
474,"University of Maryland, Baltimore",USA,Universities
476,University of South Florida System *,USA,Universities
477,St. Vincent's University Hospital,IRL,Health
478,Hospital Universitario 12 de Octubre,ESP,Health
479,University of South Florida,USA,Universities
480,Jichi Medical University *,JPN,Universities
480,Gunma University *,JPN,Universities
482,University Hospital Maastricht,NLD,Health
483,Nagoya University *,JPN,Universities
484,University of Virginia *,USA,Universities
485,Universidade Estadual de Campinas *,BRA,Universities
486,Medizinische Universitat Innsbruck *,AUT,Universities
487,Westmead Hospital ,AUS,Health
488,American University of Beirut *,LBN,Universities
489,Ruijin Hospital,CHN,Health
490,University of Ulsan *,KOR,Universities
491,"Soochow University, Suzhou *",CHN,Universities
492,Wayne State University,USA,Universities
493,University of Mississippi *,USA,Universities
494,McMaster University,CAN,Universities
494,H. Lee Moffitt Cancer Center and Research Institute,USA,Health
496,Chung-Ho Memorial Hospital,TWN,Health
497,Universitatsklinikum Wurzburg,DEU,Health
498,Nanyang Technological University *,SGP,Universities
499,University of Louisville *,USA,Universities
500,Howard University *,USA,Universities
501,Universitatsklinikum Carl Gustav Carus Dresden,DEU,Health
502,Catholic University of Leuven,BEL,Universities
503,Universita degli Studi di Ferrara,ITA,Universities
504,Georgetown University Medical Center,USA,Health
505,Hospital Universitari Germans Trias i Pujol,ESP,Health
506,West Virginia University *,USA,Universities
507,Second Xiangya Hospital Affiliated to Central South University,CHN,Health
508,Singapore Immunology Network,SGP,Government
509,Second Hospital of Xi'an Jiaotong University,CHN,Health
510,University of Alberta,CAN,Universities
511,Beijing Technology and Business University,CHN,Universities
512,Universitatsklinikum Regensburg,DEU,Health
513,Universite Claude Bernard Lyon 1 *,FRA,Universities
514,The Leeds Teaching Hospitals NHS Trust,GBR,Health
515,Jagiellonian University,POL,Universities
516,Lake Erie College,USA,Universities
517,University of Bristol,GBR,Universities
518,Centre Hospitalier Universitaire Sainte-Justine,CAN,Health
519,Albany Medical Center *,USA,Health
520,Albany Medical College,USA,Universities
521,Poznan University of Medical Sciences,POL,Universities
522,Universidade Nove de Julho,BRA,Universities
523,Centre Hospitalier Universitaire de Saint-Etienne,FRA,Health
524,Rambam Health Care Campus,ISR,Health
525,Georg-August-Universitat Gottingen,DEU,Universities
526,Shandong Provincial Hospital,CHN,Health
527,Medical University of Sofia *,BGR,Universities
528,Universitatsklinikum Tubingen,DEU,Health
529,University of KwaZulu-Natal *,ZAF,Universities
530,Newcastle upon Tyne Hospitals NHS Foundation Trust,GBR,Health
530,Statens Serum Institut,DNK,Health
532,Centre Hospitalier Regional Universitaire de Lille *,FRA,Health
533,Centro Hospitalar e Universitario de Coimbra,PRT,Health
534,Nanjing Medical University *,CHN,Universities
535,Dartmouth-Hitchcock Health Care System,USA,Health
536,University Hospital Centre Zagreb,HRV,Health
537,Academic Center for Education Culture and Research *,IRN,Non-Profit
538,Universidade Federal de Minas Gerais,BRA,Universities
539,Army Medical University *,CHN,Universities
540,Howard University Health Sciences,USA,Health
541,"China Medical University, Taichung *",TWN,Universities
542,Jilin University *,CHN,Universities
543,Cedars-Sinai Medical Center ,USA,Health
544,Justus-Liebig-Universitat Giessen *,DEU,Universities
545,Universite Montpellier *,FRA,Universities
546,University Hospitals Leuven,BEL,Health
547,Jinan University *,CHN,Universities
548,University of Mississippi Medical Center,USA,Universities
549,Temple University *,USA,Universities
550,Universite de Nantes *,FRA,Universities
551,University of Iowa Health Care,USA,Health
552,National Heart Lung and Blood Institute,USA,Health
553,Unilever *,MUL,Companies
554,University of Oklahoma *,USA,Universities
555,Hospital Universitario de La Princesa,ESP,Health
556,The North Shore-LIJ Health System *,USA,Health
557,Shinshu University *,JPN,Universities
558,Royal North Shore Hospital,AUS,Health
559,Umea University *,SWE,Universities
560,Gangnam Severance Hospital,KOR,Health
561,Universita degli Studi di Perugia,ITA,Universities
562,First Affiliated Hospital of China Medical University,CHN,Health
563,St Georges Healthcare NHS Trust,GBR,Health
564,Indiana University-Purdue University Indianapolis,USA,Universities
564,Azienda Sanitaria Ulss 6 Vicenza,ITA,Health
566,Hospital for Sick Children,CAN,Health
567,University of Delhi *,IND,Universities
568,Chulalongkorn University,THA,Universities
569,The General Hospital of the People's Liberation Army *,CHN,Health
570,New York Institute of Technology *,USA,Universities
571,Royal College of Surgeons,IRL,Universities
572,Universita Politecnica delle Marche,ITA,Universities
573,University Hospitals Birmingham NHS Foundation Trust,GBR,Health
574,Klinikum Augsburg,DEU,Health
575,McGill University Health Centre,CAN,Health
575,Hospital Universitario Dr. Jose Eleuterio Gonzalez,MEX,Health
577,Russian Academy of Sciences *,RUS,Government
578,University Hospital Brussels,BEL,Health
579,Seattle Children's Hospital,USA,Health
580,Universita degli Studi di Bari,ITA,Universities
581,"University of California, Irvine Healthcare",USA,Health
582,"University of California, Berkeley *",USA,Universities
583,Universidade de Lisboa *,PRT,Universities
584,Nihon University *,JPN,Universities
584,Samsung Medical Center Seoul,KOR,Health
586,VA NY Harbor Healthcare System,USA,Health
587,Ohio University,USA,Universities
588,University of Pittsburgh Health Sciences,USA,Universities
588,Kochi University *,JPN,Universities
590,University Hospital Antwerp,BEL,Health
591,Universite Francois Rabelais de Tours *,FRA,Universities
592,Royal Children's Hospital Melbourne,AUS,Health
593,Chelsea and Westminster Hospital NHS Foundation Trust,GBR,Health
594,Consiglio Nazionale delle Ricerche *,ITA,Government
595,Chongqing Medical University *,CHN,Universities
596,University of Liverpool *,GBR,Universities
597,Hospital General Universitario Gregorio Maranon *,ESP,Health
598,Centre Hospitalier Universitaire de Reims,FRA,Health
599,Sungkyunkwan University,KOR,Universities
600,University of Oklahoma Health Sciences Center,USA,Universities
601,University of Manitoba,CAN,Universities
602,Osaka University *,JPN,Universities
603,Minneapolis VA Health Care System,USA,Health
604,Shanghai Ninth People's Hospital,CHN,Health
605,University of Belgrade,SRB,Universities
606,Nippon Medical School *,JPN,Universities
607,Inonu University,TUR,Universities
608,Hospital Universitario de Nuevo Leon,MEX,Health
609,Northeast Ohio Medical University,USA,Universities
610,Instituto Ramon y Cajal de Investigacion Sanitaria,ESP,Health
611,University of Gothenburg,SWE,Universities
612,Universitat Basel,CHE,Universities
613,Hebrew University of Jerusalem,ISR,Universities
614,Charles University *,CZE,Universities
615,Centre Hospitalier Universitaire de Rennes,FRA,Health
616,Central Michigan University,USA,Universities
617,Institut Mondor de Recherche Biomedicale,FRA,Government
618,Semmelweis University,HUN,Universities
619,Seoul National University Boramae Hospital,KOR,Health
620,Toho University *,JPN,Universities
621,University of Wisconsin Health,USA,Health
622,Griffith University,AUS,Universities
623,Taipei Veterans General Hospital,TWN,Health
624,Saitama Medical University *,JPN,Universities
625,Medical University of Silesia,POL,Universities
626,Kurume University *,JPN,Universities
627,Hallym University Medical Center,KOR,Health
628,Shandong University Qilu Hospital,CHN,Health
629,Peter Maccallum Cancer Centre,AUS,Health
630,University College London Hospital NHS Trust,GBR,Health
631,Hospital Universitari Vall d'Hebron,ESP,Health
632,Centre Hospitalier Universitaire de Montpellier *,FRA,Health
633,Hamad Medical Corp *,QAT,Health
634,Centre Hospitalier Universitaire Vaudois ,CHE,Health
635,University of Auckland,NZL,Universities
636,Fondazione IRCCS Istituto Neurologico Carlo Besta,ITA,Health
637,Loma Linda University *,USA,Universities
638,Nicolaus Copernicus University,POL,Universities
639,Chungnam National University,KOR,Universities
640,Orebro Universitet,SWE,Universities
641,Hospital das Clinicas da Faculdade de Medicina da Universidade de Sao Paulo,BRA,Health
642,Siriraj Hospital,THA,Health
643,The Francis Crick Institute,GBR,Health
644,Juntendo University *,JPN,Universities
645,Otto-von-Guericke-Universitat Magdeburg *,DEU,Universities
646,China Medical University Hospital,TWN,Health
647,Kyung Hee University *,KOR,Universities
648,University Health Network *,CAN,Health
648,University of Antwerp,BEL,Universities
650,Fondazione IRCCS San Raffaele del Monte Tabor,ITA,Health
651,Universitat Ulm *,DEU,Universities
652,Loyola University of Chicago *,USA,Universities
653,University of Cambridge *,GBR,Universities
654,Hospital General Universitario de Valencia,ESP,Health
655,Tokyo Medical and Dental University,JPN,Universities
656,Tokyo Medical University *,JPN,Universities
657,Assistance Publique Hopitaux de Marseille *,FRA,Health
658,Seoul National University Bundang Hospital,KOR,Health
659,University of Helsinki,FIN,Universities
660,Universita degli Studi dell Aquila,ITA,Universities
661,Universitat Leipzig *,DEU,Universities
662,"Weill Cornell Medicine, Qatar",QAT,Universities
663,Universite de Rennes 1 *,FRA,Universities
664,Temple Health,USA,Health
665,Universita degli Studi di Brescia,ITA,Universities
666,The University of Western Australia,AUS,Universities
666,Medical University of Lublin,POL,Universities
668,Universidad Complutense de Madrid *,ESP,Universities
669,Fundacion Jimenez Diaz,ESP,Health
670,University of Kansas *,USA,Universities
671,Oxford University Hospitals NHS Trust,GBR,Health
672,Singapore General Hospital,SGP,Health
673,Kobe University *,JPN,Universities
673,Gifu University *,JPN,Universities
675,Princess Alexandra Hospital ,AUS,Health
676,Tampere University,FIN,Universities
677,Hopitaux Universitaires de Geneve,CHE,Health
677,Guangzhou Medical University *,CHN,Universities
679,Nottingham University Hospitals NHS Trust,GBR,Health
680,Florida Atlantic University,USA,Universities
681,"Sisters of Charity Hospital, Zagreb",HRV,Health
682,Carol Davila University of Medicine and Pharmacy,ROU,Universities
683,Fukushima Medical University *,JPN,Universities
684,Michigan State University,USA,Universities
685,Yonsei University Severance Hospital,KOR,Health
686,Hospital Universitario San Cecilio,ESP,Health
687,Centre Hospitalier Regional et Universitaire de Tours,FRA,Health
688,Vancouver Coastal Health,CAN,Health
689,University of York,GBR,Universities
690,Marmara University *,TUR,Universities
691,Hospital Universitario Virgen de las Nieves,ESP,Health
692,Universita degli Studi Gabriele d'Annunzio di Chieti e Pescara,ITA,Universities
693,"Centro de Investigacion Biomedica en Red de Enfermedades Raras, Madrid",ESP,Health
694,Dalian Medical University *,CHN,Universities
695,Azienda Ospedaliero Universitaria di Bologna - Policlinico di Sant'Orsola Malpighi,ITA,Health
696,Hamamatsu University School of Medicine *,JPN,Universities
697,Al-Azhar University *,EGY,Universities
698,Fujita Health University *,JPN,Universities
699,Medical University of Bialystok,POL,Universities
700,Hospital General Universitario de Alicante *,ESP,Health
701,University of Texas Health Science Center at San Antonio ,USA,Universities
702,Turku University Hospital,FIN,Health
703,Fujian Medical University *,CHN,Universities
704,Thammasat University,THA,Universities
705,Universidad de Navarra *,ESP,Universities
706,Nagoya City University *,JPN,Universities
707,Third Hospital Affiliated to Central South University,CHN,Health
708,Universite de Strasbourg *,FRA,Universities
709,Ministry of Health *,TUR,Health
710,Universita degli Studi di Udine,ITA,Universities
711,Sapporo Medical University *,JPN,Universities
712,Universidade Federal do Rio Grande do Sul,BRA,Universities
713,Universidade do Estado do Rio de Janeiro *,BRA,Universities
714,St. Vincent's Hospital,KOR,Health
715,Fenway Institute,USA,Health
716,University of Chicago Medical Center ,USA,Health
717,Fundacion Instituto Valenciano de Oncologia,ESP,Health
718,Paul Ehrlich Institut,DEU,Government
719,Imperial College Healthcare NHS Trust,GBR,Health
720,Royal Melbourne Hospital,AUS,Health
721,Humanitas University *,ITA,Universities
722,Ben-Gurion University of the Negev *,ISR,Universities
723,Sun Yat-sen University First Hospital,CHN,Health
724,Manipal University,IND,Universities
725,University of Cape Town,ZAF,Universities
726,"University of California, Riverside",USA,Universities
727,University of the Philippines Manila,PHL,Universities
728,Vrije Universiteit Brussel,BEL,Universities
729,Manipal Global Education Group *,MUL,Companies
730,"Chang Gung Memorial Hospital, Kaohsiung",TWN,Health
731,First Affiliated Southwest Hospital to Third Military Medical University,CHN,Health
731,Konkuk University *,KOR,Universities
731,Tampere University Hospital,FIN,Health
734,Fundacao Oswaldo Cruz *,BRA,Health
734,Istituto Clinico Humanitas,ITA,Health
736,Centre Hospitalier Universitaire de Grenoble,FRA,Health
736,Beijing University of Chinese Medicine *,CHN,Universities
738,Boston Medical Center ,USA,Health
739,Taipei Medical University Hospital,TWN,Health
740,Norfolk and Norwich University Hospitals NHS Foundation Trust,GBR,Health
741,Universidad de Granada *,ESP,Universities
742,Mansoura University *,EGY,Universities
742,Ankara Training and Research Hospital,TUR,Health
742,Universita degli Studi di Parma,ITA,Universities
745,Universite de Tunis El Manar *,TUN,Universities
746,"Centro de Investigacion Biomedica en Red de Enfermedades Raras, Barcelona",ESP,Health
747,Medical University of Kerman,IRN,Universities
748,"University of Illinois, College of Medicine at Chicago",USA,Health
749,Istanbul University *,TUR,Universities
750,Nationwide Children's Hospital ,USA,Health
751,Mazandaran University of Medical Sciences,IRN,Universities
751,"State University of New York, Stony Brook *",USA,Universities
753,Kings College Hospital NHS Foundation Trust,GBR,Health
754,Hospital do Servidor Publico Estadual de Sao Paulo,BRA,Health
755,Hacettepe University,TUR,Universities
756,Universita degli Studi di Milano-Bicocca,ITA,Universities
757,Universidad de Chile *,CHL,Universities
758,Universidad Autonoma de Madrid *,ESP,Universities
759,MedStar Health *,USA,Health
760,First Affiliated Hospital of Anhui Medical University,CHN,Health
761,Universitat des Saarlandes *,DEU,Universities
762,Universidade Federal de Goias,BRA,Universities
763,University of Toledo *,USA,Universities
764,Centre Hospitalier Universitaire de Quebec,CAN,Health
765,Brighton and Sussex University Hospitals NHS Trust,GBR,Health
766,Mashhad University of Medical Sciences,IRN,Universities
767,China-Japan Friendship Hospital,CHN,Health
768,Universita Vita-Salute San Raffaele,ITA,Universities
769,Universidad de Alcala *,ESP,Universities
770,Hanyang University *,KOR,Universities
771,University of Texas Medical Branch ,USA,Universities
772,George Institute for International Health *,AUS,Health
773,Hiroshima University *,JPN,Universities
774,Clinica Universidad de Navarra,ESP,Health
775,Zhengzhou University *,CHN,Universities
776,Complexo Hospitalario Universitario de Vigo,ESP,Health
777,Maastricht University,NLD,Universities
778,L’Istituto di Scienze Neurologiche di Bologna,ITA,Health
779,"Islamic Azad University, Tehran Medical Sciences",IRN,Universities
780,Akdeniz University,TUR,Universities
781,American University of Beirut Medical Center,LBN,Health
782,National University Health System *,SGP,Health
783,Complejo Hospitalario Regional Reina Sofia,ESP,Health
784,Royal Brisbane and Women's Hospital *,AUS,Health
785,Universitat Internacional de Catalunya ,ESP,Universities
786,General Hospital of Tianjin Medical University,CHN,Health
786,Center for Disease Control and Prevention China,CHN,Health
788,USF Health,USA,Universities
789,Cambridge University Hospitals NHS Foundation Trust,GBR,Health
790,Scripps Health,USA,Health
791,"Colorado State University, Fort Collins *",USA,Universities
792,Hospital Universitari de Bellvitge,ESP,Health
793,Second Military Medical University *,CHN,Universities
794,OHSU Knight Cancer Institute,USA,Health
795,Ain Shams University *,EGY,Universities
795,University of Iceland,ISL,Universities
797,Universitatsklinikum Frankfurt,DEU,Health
798,Sahlgrenska University Hospital,SWE,Health
799,Universidade Nova de Lisboa *,PRT,Universities
800,The Ottawa Hospital  *,CAN,Health
801,Hospital Universitario Infanta Leonor,ESP,Health
802,University of Kentucky *,USA,Universities
803,Universita degli Studi di Salerno,ITA,Universities
804,Korea University Medical Center,KOR,Health
805,University of Birmingham,GBR,Universities
806,National Research Centre *,EGY,Government
807,Prince Sattam Bin Abdulaziz University,SAU,Universities
807,Loyola Medicine,USA,Health
809,The University of Hong Kong *,HKG,Universities
810,Universidad de Castilla-La Mancha *,ESP,Universities
811,Assiut University *,EGY,Universities
812,University of Toledo Medical Center,USA,Health
813,Universita degli Studi di Palermo,ITA,Universities
814,University of Turku,FIN,Universities
815,University of Central Florida,USA,Universities
816,University of Chinese Academy of Sciences,CHN,Universities
817,St Michaels Hospital Toronto,CAN,Health
818,University of Kansas Medical Center,USA,Health
819,Ehime University *,JPN,Universities
820,Hebei Medical University *,CHN,Universities
821,Benha University *,EGY,Universities
822,University of Warwick,GBR,Universities
823,Mersin University,TUR,Universities
824,Complejo Asistencial Universitario de Salamanca,ESP,Health
824,Polish Academy of Sciences *,POL,Government
826,First Affiliated Hospital of Chongqing Medical University,CHN,Health
827,City of Hope,USA,Health
828,Complejo Hospitalario Regional Virgen Macarena,ESP,Health
829,Ljubljana University Medical Centre,SVN,Health
830,Kanazawa Medical University *,JPN,Universities
831,Universidade Federal do Parana,BRA,Universities
832,Midwestern University,USA,Universities
833,Universidad Nacional Autonoma de Mexico,MEX,Universities
834,Universita degli Studi di Pavia,ITA,Universities
835,Monash Health *,AUS,Health
836,Virginia Polytechnic Institute and State University,USA,Universities
837,Radboud University Nijmegen,NLD,Universities
838,Hospital de Clinicas de Porto Alegre,BRA,Health
839,Pontificia Universidade Catolica do Rio Grande do Sul,BRA,Universities
840,Imam Khomeini Hospital Complex,IRN,Health
841,Universitat de Valencia *,ESP,Universities
842,Osaka Metropolitan University *,JPN,Universities
843,Universidad de Puerto Rico *,PRI,Universities
844,Belfast Health and Social Care Trust,GBR,Health
845,Spedali Civili di Brescia,ITA,Health
846,"Novartis Pharmaceuticals, United States",USA,Companies
847,Hospital Universitario Miguel Servet,ESP,Health
848,Universite de Montreal,CAN,Universities
849,Ankara Yildirim Beyazit University,TUR,Universities
850,University of Tennessee Health Science Center,USA,Health
851,National Institute for Public Health and the Environment,NLD,Health
852,Sheffield Teaching Hospitals NHS Trust,GBR,Health
853,Universidad Miguel Hernandez *,ESP,Universities
854,Universidad de Salamanca *,ESP,Universities
855,Isfahan University of Medical Sciences *,IRN,Universities
856,Wright State University,USA,Universities
857,Incheon St. Mary's Hospital,KOR,Health
858,Tabriz University of Medical Sciences,IRN,Universities
859,Inje University *,KOR,Universities
860,Universita Campus Bio-Medico di Roma,ITA,Universities
861,Washington Hospital Center,USA,Health
862,Institut Pasteur de Paris *,FRA,Health
863,Universidad de Sevilla *,ESP,Universities
864,University Hospital Southampton NHS Foundation Trust,GBR,Health
864,Children's National Health System,USA,Health
866,Chiba University *,JPN,Universities
867,Mie University *,JPN,Universities
868,Qingdao University *,CHN,Universities
869,Ahvaz Jundishapur University of Medical Sciences *,IRN,Universities
870,University of Gondar,ETH,Universities
871,Kagoshima University *,JPN,Universities
871,Tokyo Womens Medical University *,JPN,Universities
873,The First Affiliated Hospital of Zhejiang University,CHN,Health
874,Airlangga university,IDN,Universities
875,Virginia Commonwealth University *,USA,Universities
876,Complejo Hospitalario Dr Negrin,ESP,Health
877,"University of Missouri, Columbia *",USA,Universities
878,Universitatsklinikum Giessen und Marburg GmbH Standort Giessen,DEU,Health
879,Universita degli Studi del Piemonte Orientale Amedeo Avogadro,ITA,Universities
880,Rush University *,USA,Universities
881,Universitatsklinikum Mannheim,DEU,Health
882,Guru Tegh Bahadur Hospital,IND,Health
883,Florida State University *,USA,Universities
884,Kanazawa University *,JPN,Universities
885,Hyogo College of Medicine *,JPN,Universities
886, Centre Hospitalier de l'Universite de Montreal,CAN,Health
887,United Arab Emirates University,ARE,Universities
888,University College of Medical Sciences,IND,Universities
889,University of Western Sydney,AUS,Universities
890,Universidad de Antioquia *,COL,Universities
891,Kyorin University *,JPN,Universities
892,Cathay General Hospital,TWN,Health
892,Jawaharlal Institute of Postgraduate Medical Education and Research,IND,Universities
894,Tottori University *,JPN,Universities
895,Kyoto Prefectural University of Medicine,JPN,Universities
896,Florida International University,USA,Universities
897,Ajou University,KOR,Universities
898,Universidade Federal Fluminense,BRA,Universities
899,Augusta University *,USA,Universities
900,Universidad de Buenos Aires *,ARG,Universities
901,Instituto Nacional de Ciencias Medicas y Nutricion Salvador Zubiran,MEX,Health
902,Aalborg University *,DNK,Universities
902,Universite de Lausanne,CHE,Universities
904,Instituto Tecnologico y de Estudios Superiores de Monterrey,MEX,Universities
905,"Kinderspital Zurich, Universitats-Kinderklinik",CHE,Health
905,Faculdade de Medicina do ABC,BRA,Universities
907,Creighton University,USA,Universities
907,Hospital Clinico Universitario Lozano Blesa,ESP,Health
909,Karadeniz Technical University,TUR,Universities
910,First Affiliated Jiangsu Province Hospital with Nanjing Medical University,CHN,Health
911,Laval University,CAN,Universities
911,University of New Mexico *,USA,Universities
911,Safdarjang Hospital,IND,Health
914,"University of the Witwatersrand, Johannesburg",ZAF,Universities
915,University of Warmia and Mazury,POL,Universities
916,University of Arkansas for Medical Sciences,USA,Universities
917,Istanbul University Cerrahpasa *,TUR,Universities
918,Stellenbosch University,ZAF,Universities
919,Hopitaux Universitaires de Strasbourg,FRA,Health
920,University Hospitals Bristol NHS Foundation Trust,GBR,Health
921,The Chinese University of Hong Kong *,HKG,Universities
922,Hospital Universitario Marques de Valdecilla,ESP,Health
923,Universitatsklinikum Dusseldorf,DEU,Health
923,San Francisco Department of Public Health,USA,Health
925,Alexandria University *,EGY,Universities
926,Hospital Universitario Son Espases,ESP,Health
927,Liverpool University Hospitals NHS Foundation Trust,GBR,Health
928,Asahikawa Medical University,JPN,Universities
929,University of Northern Colorado *,USA,Universities
930,Shuang Ho Hospital,TWN,Health
931,Australian National University,AUS,Universities
932,Istanbul Medeniyet University,TUR,Universities
933,Rowan University,USA,Universities
934,The Affiliated Hospital of Qingdao University Medical College,CHN,Health
935,Niigata University *,JPN,Universities
936,Centro Hospitalar de Lisboa Norte,PRT,Health
937,Wenzhou Medical University *,CHN,Universities
938,National Defense Medical College *,JPN,Universities
939,Nantong University *,CHN,Universities
940,University of Virginia Health System,USA,Health
941,Hospital General Dr Manuel Gea Gonzalez,MEX,Health
942,Necmettin Erbakan University,TUR,Universities
942,Koc University,TUR,Universities
944,Gazi University,TUR,Universities
944,"University of Science, Malaysia *",MYS,Universities
944,Santa Casa de Misericordia de Porto Alegre,BRA,Health
947,Universitatsklinikum Leipzig,DEU,Health
948,Indian Council of Medical Research *,IND,Health
948,Colorado School of Public Health,USA,Universities
950,First Affiliated Hospital of Soochow University,CHN,Health
951,Istituto Neurologico Mediterraneo Neuromed IRCCS,ITA,Health
952,Yamagata University *,JPN,Universities
953,Emory Healthcare,USA,Health
954,Uniformed Services University of the Health Sciences,USA,Universities
955,Hospital de Sant Joan de Deu de Esplugues de Llobregat *,ESP,Health
956,National Cancer Center,JPN,Health
956,Ege University,TUR,Universities
958,Parc de Salut Mar de Barcelona,ESP,Health
959,Yokohama City University *,JPN,Universities
960,Kermanshah University of Medical Sciences,IRN,Universities
961,Universidade de Santo Amaro,BRA,Universities
962,Chonnam National University,KOR,Universities
963,Center for Health Technology and Services Research,PRT,Non-Profit
964,University of Louisville Health Sciences Center,USA,Health
965,University of Johannesburg,ZAF,Universities
966,Ankara University,TUR,Universities
967,University of Kentucky HealthCare,USA,Health
968,Nanjing University *,CHN,Universities
969,Dokkyo Medical University *,JPN,Universities
970,Soon Chun Hyang University *,KOR,Universities
971,I.M. Sechenov First Moscow State Medical University,RUS,Universities
972,Nara Medical University *,JPN,Universities
973,Kansai Medical University *,JPN,Universities
974,Yamaguchi University *,JPN,Universities
975,Hospital Clinico Universitario de Valencia,ESP,Health
976,St Marianna University School of Medicine *,JPN,Universities
977,Universidad Catolica de Valencia San Vicente Martir,ESP,Universities
978,St Josef-Hospital,DEU,Health
978,University of Nebraska Medical Center,USA,Universities
980,Yeouido St Marys Hospital,KOR,Health
981,Okayama University *,JPN,Universities
982,Consejo Nacional de Investigaciones Cientificas y Tecnicas *,ARG,Government
983,Bezmialem Vakif University,TUR,Universities
984,Universidade Federal de Ciencias da Saude de Porto Alegre,BRA,Universities
985,Universidad Peruana Cayetano Heredia,PER,Universities
986,Hospital Universitario Fundacion Alcorcon,ESP,Health
987,Fukuoka University *,JPN,Universities
988,Medical College and Hospital Kolkata,IND,Health
989,Centro Hospitalar de Sao Joao,PRT,Health
990,Universidade de Brasilia,BRA,Universities
991,University of Otago,NZL,Universities
992,Naval Medical Center San Diego ,USA,Health
992,Ariel University *,ISR,Universities
994,Hospital General de Mexico Dr Eduardo Liceaga,MEX,Health
995,Rush University Medical Center,USA,Health
996,Erciyes University,TUR,Universities
997,South Tees Hospitals NHS Foundation Trust,GBR,Health
998,Cincinnati Children's Hospital Medical Center,USA,Health
999,Sun Yat-sen University Third Hospital,CHN,Health
1000,Shanghai Tenth People's Hospital,CHN,Health
1001,Dankook University,KOR,Universities
1002,Chiang Mai University,THA,Universities
1003,Nagasaki University *,JPN,Universities
1004,The Second Affiliated Hospital of Zhejiang University,CHN,Health
1005,University of Indonesia,IDN,Universities
1006,Fondazione IRCCS Policlinico San Matteo ,ITA,Health
1007,Hospital Italiano de Buenos Aires *,ARG,Health
1008,Hirosaki University *,JPN,Universities
1009,First Affiliated Hospital of Zhengzhou University,CHN,Health
1010,University Hospital Vinohrady,CZE,Health
1011,Fattouma Bourguiba University Hospital,TUN,Health
1012,Minia University *,EGY,Universities
1013,Hospital Universitario de Fuenlabrada,ESP,Health
1014,Attikon Athens University Hospital,GRC,Health
1015,First Hospital of Jilin University,CHN,Health
1016,Texas Tech University Health Sciences Center,USA,Universities
1017,Makerere University *,UGA,Universities
1018,University of Sussex *,GBR,Universities
1019,Xinhua Hospital,CHN,Health
1020,Complejo Hospitalario Virgen del Rocio,ESP,Health
1021,Universitatsklinikum Halle,DEU,Health
1022,Sun Yat-sen University Second Hospital,CHN,Health
1023,Sandwell and West Birmingham Hospitals NHS Trust,GBR,Health
1024,NHS Greater Glasgow and Clyde,GBR,Health
1025,Manhattan College,USA,Universities
1026,Kindai University *,JPN,Universities
1027,Urmia University of Medical Sciences *,IRN,Universities
1028,Portsmouth Hospitals NHS Trust,GBR,Health
1029,Institute of Tropical Medicine Antwerp,BEL,Universities
1030,Kaohsiung Veterans General Hospital,TWN,Health
1031,Soroka University Medical Center,ISR,Health
1032,Xinjiang Medical University *,CHN,Universities
1033,King Faisal University,SAU,Universities
1034,Lady Hardinge Medical College,IND,Health
1035,Universite de Lille *,FRA,Universities
1036,Harbin Medical University *,CHN,Universities
1037,Shizuoka Cancer Center,JPN,Health
1038,Complejo Hospitalario Virgen de La Victoria,ESP,Health
1039,Maria Sklodowska-Curie Memorial Institute of Oncology,POL,Health
1040,University College Cork *,IRL,Universities
1041,Guilan University of Medical Sciences,IRN,Universities
1042,Concord Repatriation General Hospital ,AUS,Health
1043,Universite Saint-Joseph *,LBN,Universities
1044,University of Toyama *,JPN,Universities
1045,Azienda Ospedaliera Sant Andrea,ITA,Health
1046,University of South Australia,AUS,Universities
1047,Inha University,KOR,Universities
1048,Kandang Kerbau Women's and Children's Hospital,SGP,Health
1048,Menoufia University *,EGY,Universities
1050,Geisinger Medical System,USA,Health
1051,Universitatsklinikum des Saarlandes,DEU,Health
1052,University of New Mexico Health Sciences Center,USA,Health
1053,Russian Academy of Medical Sciences,RUS,Health
1054,Universidade Federal do Ceara,BRA,Universities
1055,Ahi Evran University *,TUR,Universities
1056,Complejo Hospitalario Universitario de Santiago,ESP,Health
1057,Bahcesehir University *,TUR,Universities
1058,Instituto de Investigacion Hospital 12 de Octubre,ESP,Health
1059,Kyungpook National University Hospital,KOR,Health
1060,Selcuk University *,TUR,Universities
1061,Hospital Universitario Principe de Asturias,ESP,Health
1062,Hualien Tzu Chi Hospital,TWN,Health
1063,"Christian Medical College, Vellore",IND,Universities
1064,Buddhist Tzu Chi Medical Foundation *,TWN,Health
1065,Universidade da Coruna,ESP,Universities
1066,Shandong Academy of Medical Sciences *,CHN,Health
1067,Aalborg University Hospital,DNK,Health
1068,University General Hospital,CZE,Health
1069,Complejo Hospitalario Materno - Insular,ESP,Health
1070,Kunming Medical University *,CHN,Universities
1071,Hospital Universitario Central de Asturias,ESP,Health
1072,First Affilated Hospital of Wenzhou Medical University,CHN,Health
1073,Harbor–UCLA Medical Center,USA,Health
1074,Tzu Chi University,TWN,Universities
1075,Mackay Memorial Hospital,TWN,Health
1076,Hospital General Universitario de Ciudad Real,ESP,Health
1077,Complejo Asistencial Universitario de Leon,ESP,Health
1078,Hospital Universitario Puerta de Hierro Majadahonda,ESP,Health
1079,Qassim University,SAU,Universities
1080,MetroHealth System ,USA,Health
1081,"Universidad de Puerto Rico, Ciencias Medicas",PRI,Universities
1082,The University of Vermont Medical Center,USA,Health
1083,University of Patras,GRC,Universities
1084,Hotel Dieu de France University Hospital,LBN,Health
1085,Guangxi Medical University *,CHN,Universities
1086,National Research Institute for Child Health and Development,JPN,Health
1087,Complejo Universitario de San Carlos,ESP,Health
1087,Akita University *,JPN,Universities
1089,University of Brighton *,GBR,Universities
1090,The First Affilliated Hospital of Kunming Medical College,CHN,Health
1091,Hospital de Cruces,ESP,Health
1092,Beaumont Hospital,IRL,Health
1093,Debre Markos University,ETH,Universities
1094,Bar-Ilan University,ISR,Universities
1095,Srinakharinwirot University,THA,Universities
1096,NHS Lothian,GBR,Health
1097,King Abdulaziz University *,SAU,Universities
1098,Instituto de Investigacion e Innovacion Parc Tauli,ESP,Health
1098,Heart of England NHS Foundation Trust,GBR,Health
1100,University of Nevada-Las Vegas,USA,Universities
1101,Changi General Hospital ,SGP,Health
1102,Armed Forces Medical College,IND,Universities
1103,Goztepe Training and Research Hospital,TUR,Health
1104,Complejo Hospitalario de Toledo,ESP,Health
1105,Istanbul Medipol University *,TUR,Universities
1106,Texas Children's Hospital ,USA,Health
1107,Complejo Hospitalario de Navarra,ESP,Health
1108,University of Missouri Health Care ,USA,Health
1109,Hasanuddin University,IDN,Universities
1110,Complexo Hospitalario Universitario a Coruna,ESP,Health
1111,Hospital Son Llatzer,ESP,Health
1112,Policlinico Tor Vergata,ITA,Health
1113,Kawasaki Medical School *,JPN,Universities
1114,Trakya University,TUR,Universities
1115,West Virginia University Health Sciences Center,USA,Health
1115,Instituto Mexicano del Seguro Social *,MEX,Health
1117,Suez Canal University *,EGY,Universities
1118,Hospital Universitario Doctor Peset,ESP,Health
1118,Azienda Ospedaliera Careggi,ITA,Health
1120,King Saud bin Abdulaziz University for Health Sciences *,SAU,Universities
1121,Universite de Lyon,FRA,Universities
1122,University of Yamanashi *,JPN,Universities
1123,Kyung Hee University Medical Center,KOR,Health
1124,King Faisal Specialist Hospital and Research Centre  *,SAU,Health
1125,Shanxi Medical University *,CHN,Universities
1126,"Pfizer Inc, United Kingdom",GBR,Companies
1127,Universidad de la Republica *,URY,Universities
1128,Renji Hospital,CHN,Health
1129,University Hospitals Coventry and Warwickshire NHS Trust,GBR,Health
1130,Uludag University,TUR,Universities
1131,Dicle University *,TUR,Universities
1132,Auckland District Health Board *,NZL,Health
1133,Universitat Augsburg,DEU,Universities
1134,Universidad Nacional de Colombia *,COL,Universities
1135,Universite de Versailles Saint Quentin en Yvelines *,FRA,Universities
1136,Universitatsklinikums Aachen,DEU,Health
1137,Western University of Health Sciences,USA,Universities
1137,Pontificia Universidad Javeriana *,COL,Universities
1137,Iwate Medical University *,JPN,Universities
1140,Mackay Medical College,TWN,Universities
1141,Jefferson Health System,USA,Health
1142,Oakland University,USA,Universities
1143,International University of Health and Welfare *,JPN,Universities
1144,Tokyo Metropolitan Komagome Hospital,JPN,Health
1145,First Affiliated Hospital of Guangxi Medical University,CHN,Health
1146,Azienda Ospedaliera Universitaria Senese,ITA,Health
1147,King Khalid University,SAU,Universities
1148,Meharry Medical College,USA,Universities
1149,Peoples'Friendship University of Russia,RUS,Universities
1150,Ospedale Niguarda,ITA,Health
1151,Houston Methodist,USA,Health
1152,Hyogo Cancer Center,JPN,Government
1153,Imam Khomeini Hospital,IRN,Health
1154,Children's Hospital Los Angeles ,USA,Health
1155,Hospital de Clinicas Dr. Manuel Quintela,URY,Health
1156,Hospital Universitario de Guadalajara,ESP,Health
1156,Ministry of Health and Population of Egypt,EGY,Health
1158,Universidad CES *,COL,Universities
1159,Hospital Puerta del Mar,ESP,Health
1160,Manisa Celal Bayar University *,TUR,Universities
1161,Pirogov Russian National Research Medical University,RUS,Universities
1162,Universidade Federal do Estado do Rio de Janeiro,BRA,Universities
1163,Instituto Nacional de Pediatria,MEX,Health
1164,Complejo Hospitalario de Especialidades Virgen de Valme,ESP,Health
1165,Kagawa University *,JPN,Universities
1166,Nippon Medical School Chiba Hokusoh Hospital,JPN,Health
1167,Acibadem University,TUR,Universities
1168,Klinikum der Stadt Ludwigshafen,DEU,Health
1169,Hospital Clinico Universidad de Chile Jose Joaquin Aguirre,CHL,Health
1170,Hospital Aleman,ARG,Health
1171,Oita University *,JPN,Universities
1172,Hospital Regional Universitario de Malaga,ESP,Health
1173,Hospital Civil de Guadalajara,MEX,Health
1174,Universidad El Bosque,COL,Universities
1175,Instituto de Seguridad y Servicios Sociales de los Trabajadores del Estado *,MEX,Health
1176,Binzhou Medical University *,CHN,Universities
1177,Pamukkale University,TUR,Universities
1178,Centre International de Recherche en Infectiologie,FRA,Government
1179,Universidad Pontificia Bolivariana *,COL,Universities
1180,Universidad de Santiago de Chile,CHL,Universities
1181,Osaka City General Hospital,JPN,Health
