Global Rank,Institution,Country,Sector
1,Moorfields Eye Hospital NHS Trust,GBR,Health
2,Harvard University *,USA,Universities
3,Harvard Medical School,USA,Universities
4,Johns Hopkins University *,USA,Universities
5,"University of California, Los Angeles *",USA,Universities
6,Johns Hopkins Medicine,USA,Health
7,Singapore National Eye Centre *,SGP,Health
8,University of Miami *,USA,Universities
9,University of Miami Health System,USA,Health
10,Singapore Eye Research Institute,SGP,Health
11,UCLA Health System,USA,Health
12,National Institutes of Health,USA,Health
13,National University of Singapore *,SGP,Universities
14,University College London *,GBR,Universities
15,L. V. Prasad Eye Institute,IND,Health
16,Duke University *,USA,Universities
17,Sun Yat-Sen University *,CHN,Universities
18,University of Melbourne *,AUS,Universities
19,University of New South Wales,AUS,Universities
20,Stanford University *,USA,Universities
21,University of Sydney,AUS,Universities
22,All India Institute of Medical Sciences,IND,Universities
23,"University of California, San Francisco *",USA,Universities
24,U.S. Department of Health & Human Services *,USA,Health
25,Institut National de la Sante et de la Recherche Medicale *,FRA,Health
26,Cleveland Clinic *,USA,Health
27,Veterans Affairs Medical Centers *,USA,Health
28,"University of Michigan, Ann Arbor *",USA,Universities
29,Columbia University *,USA,Universities
30,"University of Illinois, Chicago *",USA,Universities
31,"University of California, San Diego *",USA,Universities
32,Doheny Eye Institute,USA,Health
33,University of Southern California *,USA,Universities
34,New York University *,USA,Universities
35,Royal Victorian Eye and Ear Hospital ,AUS,Health
36,Centre for Eye Research Australia,AUS,Health
37,Consejo Superior de Investigaciones Cientificas *,ESP,Government
38,University of Pennsylvania *,USA,Universities
39,Columbia University Irving Medical Center,USA,Health
40,University of Washington *,USA,Universities
41,Centre National de la Recherche Scientifique *,FRA,Government
41,Fudan University *,CHN,Universities
43,Mayo Clinic *,USA,Health
44,University of Oxford,GBR,Universities
45,Massachusetts Eye and Ear Infirmary ,USA,Health
46,National Eye Institute,USA,Health
47,University of Toronto,CAN,Universities
48,Shanghai Jiao Tong University *,CHN,Universities
49,Oregon Health & Science University *,USA,Universities
50,"University of Alabama, Birmingham *",USA,Universities
51,Capital University of Medical Sciences,CHN,Universities
52,University of Auckland,NZL,Universities
53,"Hoffmann-La Roche Ltd, Switzerland",CHE,Companies
54,Tufts University,USA,Universities
55,Tel Aviv University,ISR,Universities
56,University of Utah *,USA,Universities
57,F Hoffmann-La Roche *,MUL,Companies
58,Tan Tock Seng Hospital,SGP,Health
59,"Northwestern University, Evanston *",USA,Universities
60,"Eye, Ear, Nose and Throat Hospital Fudan University",CHN,Health
61,NYU Langone Medical Center,USA,Health
62,Medizinische Universitat Wien,AUT,Universities
63,"University of Wisconsin, Madison *",USA,Universities
64,Radboud University Nijmegen Medical Centre,NLD,Health
65,Universidade Federal de Sao Paulo *,BRA,Universities
66,University of Michigan Health System,USA,Health
67,Chinese Academy of Sciences *,CHN,Government
68,Cornell University *,USA,Universities
69,Samsung Corp *,MUL,Companies
70,Assistance Publique Hopitaux de Paris *,FRA,Health
71,Sorbonne Universite *,FRA,Universities
72,Stanford Medicine,USA,Health
73,University of Utah Health Care,USA,Health
74,University of Iowa *,USA,Universities
75,Fondazione IRCCS San Raffaele del Monte Tabor,ITA,Health
76,Queensland University of Technology,AUS,Universities
77,University of Southern California Health Sciences Campus,USA,Health
78,The Chinese University of Hong Kong *,HKG,Universities
79,Universita degli Studi di Messina,ITA,Universities
80,Duke Medicine,USA,Health
81,"Newcastle University, Newcastle upon Tyne",GBR,Universities
82,University of Pennsylvania Health System,USA,Health
83,"Hoffmann-La Roche Ltd, United States",USA,Companies
84,Seoul National University *,KOR,Universities
85,Rheinische Friedrich-Wilhelms-Universitat Bonn *,DEU,Universities
86,Genentech Inc,USA,Companies
87,Queen's University Belfast,GBR,Universities
88,Eberhard-Karls-Universitat Tubingen,DEU,Universities
89,Emory University *,USA,Universities
90,Centre de Recherche Bordeaux Population Health,FRA,Government
91,Thomas Jefferson University *,USA,Universities
92,University of Waterloo,CAN,Universities
93,Mount Sinai Health System *,USA,Health
94,Aston University,GBR,Universities
95,Zhejiang University *,CHN,Universities
96,Shahid Beheshti University of Medical Sciences and Health Services *,IRN,Universities
97,Tufts Medical Center,USA,Health
98,University of Houston,USA,Universities
99,"Ohio State University, Columbus *",USA,Universities
100,"University of California, Davis *",USA,Universities
101,Miami VA Healthcare System,USA,Health
102,"Fondazione IRCCS Ospedale Maggiore Policlinico, Mangiagalli e Regina Elena",ITA,Health
103,Baylor College of Medicine,USA,Universities
104,Universita Vita-Salute San Raffaele,ITA,Universities
105,Copenhagen University Hospital,DNK,Health
106,Universita degli Studi di Catania,ITA,Universities
107,Universite de Bordeaux *,FRA,Universities
108,Northwestern Medicine,USA,Health
109,Leiden University *,NLD,Universities
110,Erasmus University Rotterdam *,NLD,Universities
111,Universita degli Studi di Milano,ITA,Universities
112,Chinese Academy of Medical Sciences and Peking Union Medical College *,CHN,Universities
113,Case Western Reserve University,USA,Universities
114,Erasmus Medical Center,NLD,Health
115,Universitat Heidelberg,DEU,Universities
116,Weill Cornell Medicine,USA,Universities
117,Leiden University Medical Center,NLD,Health
118,Oxford University Hospitals NHS Trust,GBR,Health
119,Huazhong University of Science and Technology *,CHN,Universities
120,University of Copenhagen,DNK,Universities
121,ZEISS Group *,MUL,Companies
122,University of Pittsburgh *,USA,Universities
122,Tokyo Medical and Dental University,JPN,Universities
122,Ospedale Luigi Sacco,ITA,Health
125,Tehran University of Medical Sciences *,IRN,Universities
126,Indiana University-Purdue University Indianapolis,USA,Universities
127,Central South University *,CHN,Universities
128,"University of Minnesota, Twin Cities *",USA,Universities
129,"University of Colorado, Denver *",USA,Universities
130,Tianjin Medical University *,CHN,Universities
131,Keio University *,JPN,Universities
132,Vanderbilt University *,USA,Universities
133,"University of California, Berkeley *",USA,Universities
134,Memorial Sloan-Kettering Cancer Center,USA,Health
135,Woodruff Health Sciences Center,USA,Health
136,University of North Texas Health Science Center,USA,Health
137,"University of California, Irvine *",USA,Universities
138,University Hospitals Bristol NHS Foundation Trust,GBR,Health
139,Universidad Miguel Hernandez *,ESP,Universities
140,Yale University *,USA,Universities
141,Peking University *,CHN,Universities
142,University of Iowa Health Care,USA,Health
143,Wenzhou Medical University *,CHN,Universities
144,Medical Research Council,GBR,Health
145,University of Birmingham,GBR,Universities
146,University of Amsterdam *,NLD,Universities
147,Vrije Universiteit Amsterdam *,NLD,Universities
148,Institut de la Vision,FRA,Government
149,Tianjin Eye Hospital,CHN,Health
150,South Eastern Sydney Local Health District *,AUS,Health
151,Indiana University-Bloomington,USA,Universities
152,Universitat Bern,CHE,Universities
153,University of Tokyo *,JPN,Universities
154,Liverpool University Hospitals NHS Foundation Trust,GBR,Health
155,University Hospital Maastricht,NLD,Health
156,UC Davis Health System,USA,Health
157,Washington University in Saint Louis *,USA,Universities
158,McGill University,CAN,Universities
159,University of Rochester *,USA,Universities
160,Novartis *,MUL,Companies
161,Manchester University NHS Foundation Trust,GBR,Health
162,New York Eye and Ear Infirmary,USA,Health
163,Newcastle upon Tyne Hospitals NHS Foundation Trust,GBR,Health
164,Clalit Health Services *,ISR,Health
165,University of Glasgow *,GBR,Universities
166,"University of Colorado, Anschutz Medical Campus",USA,Universities
167,First People's Hospital Affiliated to Shanghai Jiao Tong University,CHN,Health
168,University of Nottingham *,GBR,Universities
169,The University of Manchester *,GBR,Universities
170,Universita degli Studi di Padova,ITA,Universities
171,Yonsei University *,KOR,Universities
172,"Centro de Investigacion Biomedica en Red en Bioingenieria, Biomateriales y Nanomedicina",ESP,Health
173,Universite de Paris Cite *,FRA,Universities
174,Maulana Azad Medical College,IND,Health
175,Tel Aviv Sourasky Medical Center,ISR,Health
176,Kings College London,GBR,Universities
177,Academisch Medisch Centrum,NLD,Health
178,University of Delhi *,IND,Universities
179,Cedars-Sinai Medical Center ,USA,Health
180,"Chang Gung Memorial Hospital, Taipei *",TWN,Health
181,Westfalische Wilhelms-Universitat Munster *,DEU,Universities
182,University of Liverpool *,GBR,Universities
183,University of Rochester Medical Center,USA,Health
184,Catholic University of Korea *,KOR,Universities
185,Instituto de Salud Carlos III *,ESP,Health
186,University of Cambridge *,GBR,Universities
187,Michigan State University,USA,Universities
188,Ludwig-Maximilians Universitat Munchen *,DEU,Universities
189,Yale University Health & Medicine,USA,Health
190,Sunnybrook Health Sciences Centre,CAN,Health
191,Peking University Health Science Center,CHN,Universities
192,Children's Hospital of Philadelphia,USA,Health
193,The University of Western Australia,AUS,Universities
194,Houston Methodist,USA,Health
195,University of Louisville *,USA,Universities
196,University Hospital of Bern,CHE,Health
197,Universita degli Studi Gabriele d'Annunzio di Chieti e Pescara,ITA,Universities
198,University of Washington Medicine ,USA,Health
199,Massachusetts General Hospital,USA,Health
200,Universidade de Sao Paulo *,BRA,Universities
201,Georgia Institute of Technology *,USA,Universities
202,Wuhan Union Hospital,CHN,Health
203,"University of Texas, Austin",USA,Universities
204,Tata Memorial Centre,IND,Government
205,City Hospitals Sunderland NHS Foundation Trust,GBR,Health
206,"Instituto de Investigacion Sanitaria FJD, UAM",ESP,Health
207,Kyoto University *,JPN,Universities
208,Centers for Disease Control and Prevention,USA,Health
209,Guys & Saint Thomas NHS Foundation Trust,GBR,Health
210,Universitat Basel,CHE,Universities
211,Brigham and Women's Hospital,USA,Health
212,Xi'an Jiaotong University *,CHN,Universities
213,Universitat zu Koln,DEU,Universities
214,Washington University Medical Center ,USA,Health
215,University of Groningen *,NLD,Universities
216,Universidad de Valladolid *,ESP,Universities
217,The University of Edinburgh *,GBR,Universities
218,University Medical Center Groningen,NLD,Health
219,Flinders University,AUS,Universities
220,Asan Medical Center Seoul *,KOR,Health
221,RIKEN-Institute of Physical and Chemical Research,JPN,Government
222,Vanderbilt University Medical Center,USA,Health
223,National Health Commission of the People's Republic of China,CHN,Health
224,Farabi Hospital,IRN,Health
225,Oslo University Hospital,NOR,Health
226,Chang Gung University,TWN,Universities
227,The First Affiliated Hospital of Zhejiang University,CHN,Health
228,Renmin Hospital of Wuhan University,CHN,Health
228,Universita degli Studi di Roma Tor Vergata,ITA,Universities
230,Helmholtz Gemeinschaft *,DEU,Government
230,Johnson & Johnson *,MUL,Companies
232,Universidad Autonoma de Madrid *,ESP,Universities
233,Massachusetts Institute of Technology *,USA,Universities
234,Universitat Regensburg *,DEU,Universities
235,Second Xiangya Hospital Affiliated to Central South University,CHN,Health
236,University Hospital Southampton NHS Foundation Trust,GBR,Health
237,Seoul National University Boramae Hospital,KOR,Health
238,Peking Union Medical College Hospital Beijing,CHN,Health
239,University of Ulsan *,KOR,Universities
240,Cardiff University,GBR,Universities
241,London School of Hygiene and Tropical Medicine,GBR,Universities
242,National University Health System *,SGP,Health
243,Bayer *,MUL,Companies
244,Icahn School of Medicine at Mount Sinai,USA,Universities
245,University of Tennessee Health Science Center,USA,Health
246,Centre de Recherche des Cordeliers,FRA,Government
247,City University London,GBR,Universities
248,Azienda Ospedaliero Universitaria di Bologna - Policlinico di Sant'Orsola Malpighi,ITA,Health
249,University of Chicago *,USA,Universities
250,University of Bristol,GBR,Universities
251,Universidad Complutense de Madrid *,ESP,Universities
252,Seoul National University Bundang Hospital,KOR,Health
253,Qingdao University *,CHN,Universities
254,New York Presbyterian Hospital,USA,Health
255,Australian National University,AUS,Universities
256,Nottingham University Hospitals NHS Trust,GBR,Health
257,The Second Affiliated Hospital of Zhejiang University,CHN,Health
258,Friedrich-Alexander-Universitat Erlangen-Nurnberg *,DEU,Universities
259,Anglia Ruskin University,GBR,Universities
260,Semmelweis University,HUN,Universities
261,University of Texas M.D. Anderson Cancer Center ,USA,Health
262,Yonsei University Health System,KOR,Health
263,Universidad de Murcia *,ESP,Universities
264,Prince of Wales Hospital,HKG,Health
265,The University of British Columbia,CAN,Universities
266,University of Wisconsin Health,USA,Health
267,"University of Illinois, College of Medicine at Chicago",USA,Health
268,University of Oslo,NOR,Universities
269,University of Florida *,USA,Universities
270,Jilin University *,CHN,Universities
271,Indian Council of Medical Research *,IND,Health
272,Cairo University *,EGY,Universities
273,Banaras Hindu University,IND,Universities
274,University of Alberta,CAN,Universities
275,Seoul National University Hospital *,KOR,Health
276,University of Canberra,AUS,Universities
277,Johannes Gutenberg-Universitat Mainz *,DEU,Universities
278,Maastricht University,NLD,Universities
279,University of Southampton,GBR,Universities
280,Cambridge University Hospitals NHS Foundation Trust,GBR,Health
281,Shaare Zedek Medical Center,ISR,Health
282,"Rutgers, The State University of New Jersey",USA,Universities
283,Medical College of Wisconsin,USA,Universities
284,Albert-Ludwigs-Universitat Freiburg im Breisgau,DEU,Universities
285,Universitat Hamburg *,DEU,Universities
286,Universitatsklinikum Tubingen,DEU,Health
287,Universite de Montreal,CAN,Universities
288,Homi Bhabha National Institute,IND,Universities
289,University of Helsinki,FIN,Universities
290,Hospital Universitario Puerta de Hierro Majadahonda,ESP,Health
291,Tohoku University *,JPN,Universities
292,Wuhan Tongji Hospital,CHN,Health
293,Universidad de Oviedo *,ESP,Universities
294,Universidad de Zaragoza *,ESP,Universities
295,Universitatsklinikum Koln,DEU,Health
296,Belfast Health and Social Care Trust,GBR,Health
297,"Novartis Pharmaceuticals, United States",USA,Companies
298,University Hospitals Birmingham NHS Foundation Trust,GBR,Health
299,Mashhad University of Medical Sciences,IRN,Universities
300,Universitatsklinikum Hamburg Eppendorf,DEU,Health
301,Hong Kong Polytechnic University,HKG,Universities
302,"Weill Cornell Medicine, Qatar",QAT,Universities
303,Children's Hospital Los Angeles ,USA,Health
304,Helsinki University Central Hospital,FIN,Health
305,King Khaled Eye Specialist Hospital,SAU,Health
306,Brown University,USA,Universities
307,Centro Hospitalar e Universitario de Coimbra,PRT,Health
308,Universitat Zurich,CHE,Universities
309,Boston University *,USA,Universities
310,Sir Charles Gairdner Hospital ,AUS,Health
311,Xiamen University *,CHN,Universities
312,University of Oklahoma *,USA,Universities
313,University of Pittsburgh Health Sciences,USA,Universities
314,Medizinische Universitat Graz *,AUT,Universities
315,University of Health Sciences,TUR,Universities
316,VA Palo Alto Health Care System,USA,Health
317,Universidad de Buenos Aires *,ARG,Universities
317,Universidade de Coimbra *,PRT,Universities
319,Karolinska Institute,SWE,Universities
320,Universita degli Studi di Firenze,ITA,Universities
321,Universita degli Studi di Udine,ITA,Universities
322,Pennsylvania State University *,USA,Universities
323,Sichuan University *,CHN,Universities
324,Istituto Clinico Humanitas,ITA,Health
325,Osaka University *,JPN,Universities
326,Oakland University,USA,Universities
327,Universite de Versailles Saint Quentin en Yvelines *,FRA,Universities
328,Nanyang Technological University *,SGP,Universities
329,Samsung Medical Center Seoul,KOR,Health
330,University of Antwerp,BEL,Universities
331,"University of North Carolina, Chapel Hill *",USA,Universities
332,Joslin Diabetes Center,USA,Health
333,Jinan University *,CHN,Universities
334,Imperial College London,GBR,Universities
335,University of Leicester,GBR,Universities
336,Universite de Lausanne,CHE,Universities
337,Shandong Academy of Medical Sciences *,CHN,Health
338,Children's Hospital Boston  *,USA,Health
339,"Johnson & Johnson, United States",USA,Companies
340,Universitatsklinikum Freiburg,DEU,Health
341,Kyoto Prefectural University of Medicine,JPN,Universities
342,King Saud University *,SAU,Universities
343,Hospital Universitario Miguel Servet,ESP,Health
344,Humanitas University *,ITA,Universities
345,The University of Hong Kong *,HKG,Universities
346,Fondazione Policlinico Universitario Agostino Gemelli IRCCS,ITA,Health
346,Universita Cattolica del Sacro Cuore,ITA,Universities
348,University Medical Center Utrecht,NLD,Health
349,Consiglio Nazionale delle Ricerche *,ITA,Government
350,University of Ulster,GBR,Universities
351,Centro de Investigacion Biomedica en Red de Enfermedades Raras,ESP,Health
352,Manchester Academic Health Science Centre,GBR,Health
353,The Leeds Teaching Hospitals NHS Trust,GBR,Health
354,Utrecht University *,NLD,Universities
355,Universitat de Valencia *,ESP,Universities
356,Aarhus University *,DNK,Universities
357,Justus-Liebig-Universitat Giessen *,DEU,Universities
358,University of Bergen,NOR,Universities
359,Centre Hospitalier Universitaire de Bordeaux,FRA,Health
360,Heinrich Heine Universitat Dusseldorf  *,DEU,Universities
361,Universitat des Saarlandes *,DEU,Universities
362,World Health Organization *,MUL,Health
363,National Taiwan University,TWN,Universities
364,Universita degli Studi di Napoli Federico II,ITA,Universities
365,Fondazione IRCCS Policlinico San Matteo ,ITA,Health
366,"World Health Organization, Switzerland",CHE,Health
367,Universita degli Studi di Sassari,ITA,Universities
368,Linkou Chang Gung Memorial Hospital,TWN,Health
369,Universitat d'Alacant *,ESP,Universities
370,Universitatsspital Zurich,CHE,Health
371,"Chang Gung Memorial Hospital, Taoyuan",TWN,Health
372,Chonnam National University,KOR,Universities
373,University of Western Ontario,CAN,Universities
374,Centro Hospitalar de Lisboa Norte,PRT,Health
375,University of Cincinnati *,USA,Universities
376,Medizinische Hochschule Hannover,DEU,Universities
377,University Hospital Antwerp,BEL,Health
377,"Chang Gung Memorial Hospital, Kaohsiung",TWN,Health
379,Kagoshima University *,JPN,Universities
380,Shantou University Medical College,CHN,Universities
381,Rheinisch-Westfalische Technische Hochschule Aachen,DEU,Universities
382,Universitatsklinikum Bonn,DEU,Health
383,Complejo Universitario de San Carlos,ESP,Health
384,The University of Adelaide,AUS,Universities
385,NHS Lothian,GBR,Health
386,National Taiwan University Hospital,TWN,Health
387,"Kaiser Permanente, Oakland *",USA,Health
388,Ghent University,BEL,Universities
388,University of Oklahoma Health Sciences Center,USA,Universities
390,Wuhan University *,CHN,Universities
391,Aarhus University Hospital,DNK,Health
392,George Washington University *,USA,Universities
393,Chonnam National University Hospital,KOR,Health
394,Ministry of Education of the People's Republic of China,CHN,Government
394,Boston University Medical Campus ,USA,Health
396,Umea University *,SWE,Universities
397,U.S. Army *,USA,Government
398,Universitatsmedizin der Johannes Gutenberg-Universitat Mainz,DEU,Health
398,Glasgow Caledonian University,GBR,Universities
400,National Hospital Organization Tokyo Medical Center,JPN,Health
400,Kyushu University *,JPN,Universities
402,Sheffield Teaching Hospitals NHS Trust,GBR,Health
403,"Novartis, Switzerland",CHE,Companies
404,Medical University of Lublin,POL,Universities
404,Tokyo Dental College *,JPN,Universities
406,Klinikum der Stadt Ludwigshafen,DEU,Health
407,Universite Paris-Est Creteil *,FRA,Universities
408,Universita degli Studi di Genova,ITA,Universities
409,University of Dundee,GBR,Universities
410,Universita degli Studi di Roma La Sapienza,ITA,Universities
411,Universita degli Studi di Torino,ITA,Universities
412,Universidade do Minho,PRT,Universities
413,Universitat zu Lubeck,DEU,Universities
414,"University of Maryland, Baltimore",USA,Universities
415,St Michaels Hospital Toronto,CAN,Health
416,University of Texas Southwestern Medical Center ,USA,Universities
417,Iran University of Medical Sciences *,IRN,Universities
418,University of Athens,GRC,Universities
419,Clinica Universidad de Navarra,ESP,Health
419,Universita degli Studi di Siena,ITA,Universities
421,Universidad de Navarra *,ESP,Universities
422,Centre Hospitalier Universitaire Dijon,FRA,Health
423,King Georges Medical University,IND,Universities
424,Universidade Federal de Minas Gerais,BRA,Universities
425,Sheba Medical Center,ISR,Health
426,Universidade de Lisboa *,PRT,Universities
427,Institut National des Sciences Appliquees de Lyon *,FRA,Universities
428,Dongguk University *,KOR,Universities
428,Inje University *,KOR,Universities
430,Great Ormond Street Hospital for Children NHS Trust,GBR,Health
431,"Materiaux, Ingenierie et Sciences",FRA,Government
432,University of Warmia and Mazury,POL,Universities
433,University of Tasmania,AUS,Universities
434,Universitatsklinikum des Saarlandes,DEU,Health
435,Tanta University,EGY,Universities
436,Shiga University of Medical Science *,JPN,Universities
437,Wayne State University,USA,Universities
438,National Yang Ming Chiao Tung University,TWN,Universities
439,University Hospitals Leuven,BEL,Health
440,"University of Missouri, Columbia *",USA,Universities
441,Rabin Medical Center,ISR,Health
442,Okayama University *,JPN,Universities
443,Chongqing Medical University *,CHN,Universities
444,Hospital Clinico Universitario Lozano Blesa,ESP,Health
445,Korea University *,KOR,Universities
446,Instituto Tecnologico y de Estudios Superiores de Monterrey,MEX,Universities
447,Catholic University of Leuven,BEL,Universities
448,Portland VA Medical Center,USA,Health
449,Sungkyunkwan University,KOR,Universities
450,NHS Greater Glasgow and Clyde,GBR,Health
450,Instituto de Investigacion Sanitaria Aragon,ESP,Health
452,Centro Hospitalar de Sao Joao,PRT,Health
453,University of Kentucky *,USA,Universities
454,Lunds University,SWE,Universities
455,The Affiliated Hospital of Qingdao University Medical College,CHN,Health
456,Dalhousie University *,CAN,Universities
457,Azienda Ospedaliera Careggi,ITA,Health
458,University of Arizona *,USA,Universities
459,Seoul St. Mary's Hospital,KOR,Health
460,The University of Queensland *,AUS,Universities
461,Universita Campus Bio-Medico di Roma,ITA,Universities
462,Flinders Medical Centre,AUS,Health
463,Tongji University *,CHN,Universities
464,Kings College Hospital NHS Foundation Trust,GBR,Health
465,Southern Medical University *,CHN,Universities
466,Hospital Universitario Ramon y Cajal *,ESP,Health
467,"Ormat Technologies, United States",USA,Companies
467,Ormat Technologies Inc *,MUL,Companies
469,Shandong University *,CHN,Universities
470,Universitatsklinikum Regensburg,DEU,Health
471,Montefiore Medical Center *,USA,Health
472,First Affiliated Hospital of Chongqing Medical University,CHN,Health
473,NHS Tayside,GBR,Health
473,Johannes Kepler Universitat Linz,AUT,Universities
475,Uppsala University,SWE,Universities
476,West China Hospital,CHN,Health
477,First Affiliated Hospital of Xi'an Jiaotong University,CHN,Health
478,Skane University Hospital,SWE,Health
479,University of Calgary,CAN,Universities
480,Tokyo Medical University *,JPN,Universities
481,Zhengzhou University *,CHN,Universities
482,Universidad Nacional Autonoma de Mexico,MEX,Universities
483,Universitatsklinikum Heidelberg,DEU,Health
484,Yonsei University Severance Hospital,KOR,Health
485,University of Nevada-Reno,USA,Universities
485,Universita degli Studi del Molise,ITA,Universities
487,University of Bradford,GBR,Universities
488,Cleveland Clinic Abu Dhabi,ARE,Health
489,Universidad de Sevilla *,ESP,Universities
490,Alexandria University *,EGY,Universities
491,Hospital for Sick Children,CAN,Health
492,Polish Academy of Sciences *,POL,Government
493,Augusta University *,USA,Universities
494,The University of Sheffield,GBR,Universities
495,Royal Free London NHS Foundation Trust,GBR,Health
496,Ankara University,TUR,Universities
497,Prince of Wales Hospital ,AUS,Health
498,University of Cape Town,ZAF,Universities
499,Meir Medical Center,ISR,Health
500,Nagoya University *,JPN,Universities
501,University of Ottawa,CAN,Universities
502,Chungnam National University,KOR,Universities
503,Yokohama City University *,JPN,Universities
504,University of Ljubljana *,SVN,Universities
505,"Shenzhen Peoples Hospital, 2nd Clinical Medical College of Jinan University",CHN,Health
506,Gyeongsang National University *,KOR,Universities
507,Penn State Milton S. Hershey Medical Center,USA,Health
508,Istanbul University *,TUR,Universities
509,Aristotle University of Thessaloniki,GRC,Universities
510,University Hospitals Leicester NHS Trust,GBR,Health
511,"University of Hawaii, Manoa *",USA,Universities
512,University of Pittsburgh Medical Center ,USA,Health
513,University Health Network *,CAN,Health
514,EMMES Corp,USA,Companies
515,Ohio State University Wexner Medical Center,USA,Health
516,Friedrich-Schiller-Universitat Jena *,DEU,Universities
517,Queen's University,CAN,Universities
517,Shamir Medical Center,ISR,Health
519,Albert Einstein College of Medicine,USA,Universities
520,Macquarie University *,AUS,Universities
521,Carl Zeiss AG,DEU,Companies
522, Centre Hospitalier de l'Universite de Montreal,CAN,Health
523,"Northeastern University, USA",USA,Universities
524,West Virginia University *,USA,Universities
525,Ljubljana University Medical Centre,SVN,Health
526,Paracelsus Medizinische Privatuniversitat,AUT,Universities
527,Chung-Ang University *,KOR,Universities
528,Universite Claude Bernard Lyon 1 *,FRA,Universities
529,Universita degli Studi di Bari,ITA,Universities
530,Universitat Leipzig *,DEU,Universities
531,Universite Paris-Saclay *,FRA,Universities
532,"Monash University, Melbourne *",AUS,Universities
533,Centre Hospitalier Universitaire de Nancy,FRA,Health
534,Shanghai Ninth People's Hospital,CHN,Health
535,Universidade do Porto *,PRT,Universities
536,Universita degli Studi di Pisa,ITA,Universities
537,Nanjing Medical University *,CHN,Universities
538,The General Hospital of the People's Liberation Army *,CHN,Health
539,Hospices Civils de Lyon *,FRA,Health
540,Kyorin University *,JPN,Universities
541,Aix-Marseille Universite *,FRA,Universities
542,Benha University *,EGY,Universities
543,Universitatsklinikum Schleswig-Holstein,DEU,Health
544,American University of Beirut *,LBN,Universities
545,Hadassah University Medical Center *,ISR,Health
546,"Institut National de Recherche pour l'Agriculture, l'Alimentation et l'Environnement *",FRA,Government
547,University of Florida Health Science Center,USA,Health
548,Taipei Veterans General Hospital,TWN,Health
549,Universitatsklinikum Erlangen,DEU,Health
550,Shantou University *,CHN,Universities
551,Auckland District Health Board *,NZL,Health
552,Royal Perth Hospital ,AUS,Health
553,Imperial College Healthcare NHS Trust,GBR,Health
553,California Pacific Medical Center,USA,Health
555,University of Missouri Health Care ,USA,Health
556,Virginia Commonwealth University *,USA,Universities
557,Nanchang University *,CHN,Universities
558,University of Texas Health Science Center at San Antonio ,USA,Universities
559,"University of Texas, Health Science Center at Houston",USA,Universities
560,Dokuz Eylul University *,TUR,Universities
561,Klinikum Rechts der Isar der Technische Universitat Munchen,DEU,Health
562,Ghent University Hospital,BEL,Health
563,Sohag University *,EGY,Universities
564,Barts and the London NHS Trust,GBR,Health
565,University of Nebraska Medical Center,USA,Universities
566,Ain Shams University *,EGY,Universities
567,Xinhua Hospital,CHN,Health
568,Konyang University *,KOR,Universities
569,Hospital de Cruces,ESP,Health
569,Kyung Hee University *,KOR,Universities
571,University of Massachusetts Medical School,USA,Universities
572,Hanyang University *,KOR,Universities
573,Mansoura University *,EGY,Universities
574,University of Iceland,ISL,Universities
575,Johann Wolfgang Goethe-Universitat Frankfurt am Main *,DEU,Universities
576,Stavanger University Hospital,NOR,Health
577,Rush University Medical Center,USA,Health
578,Kaohsiung Medical University,TWN,Universities
579,Kitasato University *,JPN,Universities
580,"Agency for Science, Technology and Research Singapore *",SGP,Government
581,Imam Abdulrahman Bin Faisal University *,SAU,Universities
582,King Chulalongkorn Memorial Hospital,THA,Health
582,First Affiliated Hospital of Zhengzhou University,CHN,Health
584,China Medical University Hospital,TWN,Health
585,"State University of New York, Stony Brook *",USA,Universities
586,"State University of New York, Buffalo",USA,Universities
587,Medical University of South Carolina *,USA,Universities
588,Odense University Hospital,DNK,Health
589,Charite - Universitatsmedizin Berlin *,DEU,Health
590,Universidad Europea de Madrid,ESP,Universities
591,Dalian Medical University *,CHN,Universities
592,Siriraj Hospital,THA,Health
593,Hebrew University of Jerusalem,ISR,Universities
594,University of South Florida System *,USA,Universities
594,University of South Florida,USA,Universities
596,Tsinghua University *,CHN,Universities
597,Centre Hospitalier Universitaire de Quebec,CAN,Health
598,Nagoya City University *,JPN,Universities
599,University of KwaZulu-Natal *,ZAF,Universities
600,Universidad del Pais Vasco *,ESP,Universities
601,Juntendo University *,JPN,Universities
602,Hokkaido University *,JPN,Universities
603,BeiHang University *,CHN,Universities
604,"Soochow University, Suzhou *",CHN,Universities
605,The Jikei University School of Medicine *,JPN,Universities
606,Hacettepe University,TUR,Universities
606,Ann & Robert H. Lurie Children s Hospital,USA,Health
608,Chulalongkorn University,THA,Universities
609,Philipps-Universitat Marburg *,DEU,Universities
610,Universitat Duisburg Essen *,DEU,Universities
611,Sandwell and West Birmingham Hospitals NHS Trust,GBR,Health
612,Army Medical University *,CHN,Universities
613,Gazi University,TUR,Universities
614,Universita degli Studi della Campania Luigi Vanvitelli,ITA,Universities
615,Universidad de Alcala *,ESP,Universities
616,Mahidol University *,THA,Universities
617,Anhui Medical University *,CHN,Universities
618,Universita degli Studi Magna Graecia di Catanzaro,ITA,Universities
619,Medizinische Universitat Innsbruck *,AUT,Universities
620,Hospital Clinico Universitario de Valladolid,ESP,Health
621,Universitatsspital Basel,CHE,Health
622,Harbin Medical University *,CHN,Universities
623,Otto-von-Guericke-Universitat Magdeburg *,DEU,Universities
624,Universitat Autonoma de Barcelona *,ESP,Universities
625,Catholic Kwandong University,KOR,Universities
626,Center for Disease Control and Prevention China,CHN,Health
627,Universite de Geneve,CHE,Universities
628,Wake Forest University Baptist Medical Center,USA,Health
629,McMaster University,CAN,Universities
630,Laval University,CAN,Universities
631,Ramathibodi Hospital,THA,Health
632,Ministry of Health *,TUR,Health
632,L'Alma Mater Studiorum - Universita di Bologna,ITA,Universities
634,Albany Medical Center *,USA,Health
635,University of St. Andrews,GBR,Universities
636,Inje University Haeundae-Paik Hospital,KOR,Health
637,Technion - Israel Institute of Technology *,ISR,Universities
638,Wake Forest University *,USA,Universities
639,"Government Medical College and Hospital, Chandigarh",IND,Health
640,Julius-Maximilians-Universitat Wurzburg *,DEU,Universities
641,Marmara University *,TUR,Universities
642,University of Texas Medical Branch ,USA,Universities
643,First Affiliated Jiangsu Province Hospital with Nanjing Medical University,CHN,Health
644,Hallym University *,KOR,Universities
645,Russian Academy of Sciences *,RUS,Government
646,Hanyang University Medical Center,KOR,Health
647,Universitatsklinikum Leipzig,DEU,Health
648,Asahikawa Medical University,JPN,Universities
649,Brighton and Sussex University Hospitals NHS Trust,GBR,Health
650,Universitatsklinikum Dusseldorf,DEU,Health
651,Rush University *,USA,Universities
652,Hospital Clinic i Provincial de Barcelona,ESP,Health
653,Second Clinical Hospital of Jilin University,CHN,Health
654,CareGroup Healthcare System *,USA,Health
655,Bahcesehir University *,TUR,Universities
656,First Affiliated Hospital of Anhui Medical University,CHN,Health
657,Sahlgrenska University Hospital,SWE,Health
658,Ahi Evran University *,TUR,Universities
659,Universitat de Barcelona *,ESP,Universities
660,Technische Universitat Dresden,DEU,Universities
661,Ecole Polytechnique Federale de Lausanne,CHE,Universities
662,Koc University,TUR,Universities
662,Kobe University *,JPN,Universities
664,Universita degli Studi di Ferrara,ITA,Universities
665,University of Tokyo Hospital,JPN,Health
666,Mie University *,JPN,Universities
667,Nantong University *,CHN,Universities
668,Klinikum Ludwig Maximilians Universitat Munchen,DEU,Health
669,Plymouth University,GBR,Universities
670,Radboud University Nijmegen,NLD,Universities
671,The Ottawa Hospital  *,CAN,Health
672,Universita degli Studi di Perugia,ITA,Universities
673,University of Southern Denmark,DNK,Universities
673,Shiraz University of Medical Sciences *,IRN,Universities
675,"China Medical University, Taichung *",TWN,Universities
676,University of Tsukuba *,JPN,Universities
677,Universidade Estadual de Campinas *,BRA,Universities
678,Universita degli Studi di Milano-Bicocca,ITA,Universities
679,Universitatsklinikum Gottingen,DEU,Health
680,Universite Grenoble-Alpes *,FRA,Universities
681,Huashan Hospital,CHN,Health
682,Universidade Nova de Lisboa *,PRT,Universities
683,Institut d'Investigacions Biomediques August Pi i Sunyer,ESP,Health
684,Universidade Federal do Estado do Rio de Janeiro,BRA,Universities
685,University of Cincinnati Medical Center,USA,Health
686,Hospital Universitari Vall d'Hebron,ESP,Health
687,Guangxi Medical University *,CHN,Universities
688,Ottawa Hospital Research Institute,CAN,Health
689,"Nova Southeastern University, Estados Unidos",USA,Universities
690,Pusan National University Hospital,KOR,Health
691,Centre Hospitalier Universitaire Vaudois ,CHE,Health
692,Poznan University of Medical Sciences,POL,Universities
693,University of Gothenburg,SWE,Universities
694,SUNY Downstate Medical Center,USA,Universities
695,Kaplan Medical Center,ISR,Health
696,Universitatsklinikum Munster,DEU,Health
696,Cha University *,KOR,Universities
698,Bundang Cha Medical Center,KOR,Health
699,Hiroshima University *,JPN,Universities
700,Kanazawa University *,JPN,Universities
701,University of Arkansas for Medical Sciences,USA,Universities
702,Soon Chun Hyang University *,KOR,Universities
703,Albany Medical College,USA,Universities
704,Arizona Health Sciences Center University of Arizona Tucson,USA,Health
705,Charles University *,CZE,Universities
705,Universita degli Studi di Verona,ITA,Universities
707,"Chang Gung Memorial Hospital, Keelung",TWN,Health
708,Instituto de Investigacion Sanitaria del Hospital Clinico San Carlos,ESP,Health
709,Royal Melbourne Hospital,AUS,Health
710,Ankara Training and Research Hospital,TUR,Health
711,Shimane University *,JPN,Universities
712,Public Health Foundation of India *,IND,Health
713,Ege University,TUR,Universities
714,Baskent University *,TUR,Universities
715,"China Medical University, Shenyang *",CHN,Universities
716,Hospital Universitari de Bellvitge,ESP,Health
717,Chung-Ang University Hospital,KOR,Health
717,Hallym University Medical Center,KOR,Health
719,Universita degli Studi di Salerno,ITA,Universities
720,University of Minnesota Health and Medicine,USA,Universities
721,Toho University *,JPN,Universities
722,Cincinnati Children's Hospital Medical Center,USA,Health
723,Yeouido St Marys Hospital,KOR,Health
724,Chiang Mai University,THA,Universities
725,Mid and South Essex NHS Foundation Trust,GBR,Health
726,UC San Diego Health System,USA,Health
727,Universitatsklinikum Wurzburg,DEU,Health
728,Shinshu University *,JPN,Universities
729,First Affiliated Hospital Harbin Medical University,CHN,Health
730,Dartmouth College *,USA,Universities
731,Beaumont Health System,USA,Health
732,Shanghai University of Traditional Chinese Medicine *,CHN,Universities
733,Technische Universitat Munchen *,DEU,Universities
734,Selcuk University *,TUR,Universities
734,Pusan National University,KOR,Universities
736,Universitatsklinikum Essen,DEU,Health
737,Yeungnam University,KOR,Universities
738,Centro Hospitalar de Lisboa Central,PRT,Health
739,Chiba University *,JPN,Universities
740,First Affiliated Hospital of Nanchang University,CHN,Health
741,Holy Family Hospital,KOR,Health
742,Jordan University of Science and Technology,JOR,Universities
743,Universita degli Studi di Pavia,ITA,Universities
744,Saitama Medical University *,JPN,Universities
745,Medical University of Warsaw,POL,Universities
746,Kyung Hee University Medical Center,KOR,Health
747,Universite PSL *,FRA,Universities
748,Ben-Gurion University of the Negev *,ISR,Universities
749,Zahedan University of Medical Sciences,IRN,Universities
749,Third Affiliated Daping Hospital to Third Military Medical University,CHN,Health
751,Chung Shan Medical University,TWN,Universities
752,Armed Forces Medical College,IND,Universities
753,Chonbuk National University *,KOR,Universities
754,University of Sussex *,GBR,Universities
755,Air Force Medical University *,CHN,Universities
756,Universite Saint-Joseph *,LBN,Universities
757,Hospital Universitario Rio Hortega,ESP,Health
758,Universita degli Studi di Modena e Reggio Emilia,ITA,Universities
759,Uludag University,TUR,Universities
760,Rambam Health Care Campus,ISR,Health
761,Jeju National University *,KOR,Universities
762,First Affiliated Southwest Hospital to Third Military Medical University,CHN,Health
763,Abant Izzet Baysal University *,TUR,Universities
764,Hubei University of Medicine,CHN,Universities
765,Gangnam Severance Hospital,KOR,Health
766,Fujian Medical University *,CHN,Universities
767,Manipal University,IND,Universities
768,Universidad de Granada *,ESP,Universities
769,Manipal Global Education Group *,MUL,Companies
770,Royal Adelaide Hospital ,AUS,Health
771,Temple Health,USA,Health
772,King Saud bin Abdulaziz University for Health Sciences *,SAU,Universities
773,Lanzhou University *,CHN,Universities
773,Texas Tech University Health Sciences Center,USA,Universities
775,University of Chinese Academy of Sciences,CHN,Universities
776,Universidade Federal de Pernambuco,BRA,Universities
777,Shanghai Tenth People's Hospital,CHN,Health
778,Universite de Monastir,TUN,Universities
779,National University of Malaysia *,MYS,Universities
780,Barzilai Medical Center,ISR,Health
781,Fattouma Bourguiba University Hospital,TUN,Health
782,Temple University *,USA,Universities
783,Aichi Medical University *,JPN,Universities
784,University of Science and Technology of China,CHN,Universities
785,Hospital Universitario Principe de Asturias,ESP,Health
786,Al-Azhar University *,EGY,Universities
787,George Institute for International Health *,AUS,Health
788,"Saint Louis University, Saint Louis *",USA,Universities
789,Minia University *,EGY,Universities
790,Kyungpook National University Hospital,KOR,Health
791,Shandong University Qilu Hospital,CHN,Health
792,Instituto Ramon y Cajal de Investigacion Sanitaria,ESP,Health
793,Riga Stradins University,LVA,Universities
794,Centre Hospitalier Universitaire de Nice *,FRA,Health
795,Fundacao Oswaldo Cruz *,BRA,Health
796,Universita degli Studi di Palermo,ITA,Universities
797,Affiliated Hospital of Nantong University,CHN,Health
798,"Asia University, Taiwan",TWN,Universities
799,Hospital Universitario La Fe,ESP,Health
800,Universitat Rostock *,DEU,Universities
801,York University,CAN,Universities
802,Shandong University of Traditional Chinese Medicine *,CHN,Universities
803,Institut Curie,FRA,Health
804,First Affiliated Hospital of China Medical University,CHN,Health
805,Jichi Medical University *,JPN,Universities
805,Humboldt-Universitat zu Berlin,DEU,Universities
807,First Affiliated Hospital of Soochow University,CHN,Health
808,University of Ioannina,GRC,Universities
809,University of Aberdeen,GBR,Universities
810,Chung-Ho Memorial Hospital,TWN,Health
811,University of Mississippi *,USA,Universities
812,Kantonsspital St. Gallen,CHE,Health
813,University of Jordan,JOR,Universities
814,Edith Wolfson Medical Center,ISR,Health
815,Tri-Service General Hospital,TWN,Health
816,Hopitaux Universitaires de Geneve,CHE,Health
817,"University of Missouri, Kansas City",USA,Universities
818,Complejo Hospitalario Universitario de Santiago,ESP,Health
819,Korea University Medical Center,KOR,Health
820,Isfahan University of Medical Sciences *,IRN,Universities
821,Ankara Yildirim Beyazit University,TUR,Universities
822,Westmead Hospital ,AUS,Health
823,I.M. Sechenov First Moscow State Medical University,RUS,Universities
824,Tabriz University of Medical Sciences,IRN,Universities
825,Chungnam National University Hospital,KOR,Health
826,Ajou University,KOR,Universities
827,Loma Linda University *,USA,Universities
828,Chung Shan Medical University Hospital,TWN,Health
829,Osaka Medical College,JPN,Universities
830,University of Gondar,ETH,Universities
831,Russian Academy of Medical Sciences,RUS,Health
832,Necmettin Erbakan University,TUR,Universities
833,Providence VA Medical Center,USA,Health
834,Osaka University of Pharmaceutical Sciences *,JPN,Universities
835,VCU Medical Center,USA,Health
836,Hospital Clinico Universitario de Valencia,ESP,Health
837,Freie Universitat Berlin,DEU,Universities
838,Universidad Nacional de Colombia *,COL,Universities
839,Hospital Universitario La Paz,ESP,Health
840,Universitat Ulm *,DEU,Universities
841,Ondokuz Mayis University *,TUR,Universities
842,International University of Health and Welfare *,JPN,Universities
843,Eskisehir Osmangazi University *,TUR,Universities
844,Universidade Estadual Paulista Julio de Mesquita Filho,BRA,Universities
845,University of Indonesia,IDN,Universities
846,Abertawe Bro Morgannwg University NHS Trust,GBR,Health
847,General Hospital of Tianjin Medical University,CHN,Health
848,Aichi Medical University Hospital,JPN,Health
849,Kunming Medical University *,CHN,Universities
850,Assiut University *,EGY,Universities
851,Princess Alexandra Hospital ,AUS,Health
852,Azienda Ospedaliera Sant Andrea,ITA,Health
853,Universita degli Studi di Cagliari,ITA,Universities
854,Universidade de Santiago de Compostela *,ESP,Universities
855,Universite Cote d’Azur *,FRA,Universities
856,Pamukkale University,TUR,Universities
857,"Texas A&M University, Health Science Center",USA,Universities
858,Yeungnam National University Medical Center,KOR,Health
859,Beth Israel Deaconess Medical Center,USA,Health
860,Kindai University *,JPN,Universities
861,University of Toyama *,JPN,Universities
862,"Christian Medical College, Vellore",IND,Universities
862,The Open University,GBR,Universities
864,Suez Canal University *,EGY,Universities
865,Menoufia University *,EGY,Universities
866,University of Malaya *,MYS,Universities
867,University of Manitoba,CAN,Universities
868,"University of Science, Malaysia *",MYS,Universities
869,Xijing Hospital,CHN,Health
870,Semnan University of Medical Sciences,IRN,Universities
871,Lomonosov  Moscow State University,RUS,Universities
872,Ankara Ataturk Training and Research Hospital,TUR,Health
873,Pontificia Universidad Catolica de Chile *,CHL,Universities
874,Chengdu University of Traditional Chinese Medicine,CHN,Universities
875,Berlin Institute of Health,DEU,Health
876,Boston Medical Center ,USA,Health
877,University of Cape Coast,GHA,Universities
878,Kangwon National University *,KOR,Universities
879,King Abdulaziz University *,SAU,Universities
880,Hebei Medical University *,CHN,Universities
881,Jawaharlal Institute of Postgraduate Medical Education and Research,IND,Universities
882,Qassim University,SAU,Universities
883,Universidad del Rosario *,COL,Universities
884,University of Hyderabad,IND,Universities
885,Hyogo College of Medicine *,JPN,Universities
886,Hospital General Universitario de Valencia,ESP,Health
887,USF Health,USA,Universities
888,Centre Hospitalier Universitaire de Nantes *,FRA,Health
889,Soroka University Medical Center,ISR,Health
890,Universidad Autonoma de Nuevo Leon *,MEX,Universities
891,University of Brighton *,GBR,Universities
892,Drexel University,USA,Universities
893,Nagasaki University *,JPN,Universities
894,Second Affiliated Hospital of Dalian Medical University ,CHN,Health
895,Sultan Qaboos University *,OMN,Universities
896,Fundacion Jimenez Diaz,ESP,Health
897,King Saud University Medical City,SAU,Health
898,University Hospitals Coventry and Warwickshire NHS Trust,GBR,Health
899,Texas Children's Hospital ,USA,Health
900,Universidade Federal do Rio de Janeiro *,BRA,Universities
901,Universitatsklinikum Giessen und Marburg GmbH Standort Giessen,DEU,Health
902,Istanbul University Cerrahpasa *,TUR,Universities
903,China-Japan Friendship Hospital,CHN,Health
904,Mugla University,TUR,Universities
905,Complejo Hospitalario Regional Virgen Macarena,ESP,Health
906,Faculdade de Medicina do ABC,BRA,Universities
907,Sultan Qaboos University Hospital,OMN,Health
908,Centre Hospitalier Universitaire de Saint-Etienne,FRA,Health
909,Saint Louis University Care,USA,Health
910,Mustafa Kemal University *,TUR,Universities
910,Uniformed Services University of the Health Sciences,USA,Universities
912,Pirogov Russian National Research Medical University,RUS,Universities
913,Bezmialem Vakif University,TUR,Universities
914,Midwestern University,USA,Universities
914,Henry Ford Health System,USA,Health
916,"University of Technology, Sydney",AUS,Universities
917,National Academy of Medical Sciences of Ukraine,UKR,Health
918,Moscow State University of Medicine and Dentistry,RUS,Universities
919,Cukurova University,TUR,Universities
920,Universite de Tunis El Manar *,TUN,Universities
921,Acibadem University,TUR,Universities
922,Kocaeli University *,TUR,Universities
923,Martin-Luther-Universitat Halle-Wittenberg *,DEU,Universities
924,Universidade Federal do Parana,BRA,Universities
925,Western Michigan University,USA,Universities
926,Dicle University *,TUR,Universities
927,Hospital Universitario 12 de Octubre,ESP,Health
928,"Northwest University, Xi'an",CHN,Universities
929,Hospital Regional Universitario de Malaga,ESP,Health
930,Complejo Hospitalario Virgen del Rocio,ESP,Health
931,Hospital Universitario Virgen de las Nieves,ESP,Health
932,Hanoi Medical University,VNM,Universities
933,Universitatsklinikum Halle,DEU,Health
934,St Petersburg Pavlov State Medical University,RUS,Universities
935,Binzhou Medical University *,CHN,Universities
936,Universite Mohammed V de Rabat *,MAR,Universities
937,Kharkiv National Medical University,UKR,Universities
938,Research Centre for Medical Genetics,RUS,Health
939,Bogomolets National Medical University,UKR,Universities
940,Centre Hospitalier Ibn Sina Rabat *,MAR,Health
