Global Rank,Institution,Country,Sector
1,Harvard University *,USA,Universities
2,Harvard Medical School,USA,Universities
3,Mayo Clinic *,USA,Health
4,Assistance Publique Hopitaux de Paris *,FRA,Health
5,Veterans Affairs Medical Centers *,USA,Health
6,University of Toronto,CAN,Universities
7,University of Texas M.D. Anderson Cancer Center ,USA,Health
8,Stanford University *,USA,Universities
9,Massachusetts General Hospital,USA,Health
10,Institut National de la Sante et de la Recherche Medicale *,FRA,Health
11,University Health Network *,CAN,Health
12,Copenhagen University Hospital,DNK,Health
13,Dana Farber Cancer Institute ,USA,Health
14,Duke University *,USA,Universities
15,Brigham and Women's Hospital,USA,Health
16,Cleveland Clinic *,USA,Health
17,University of Washington *,USA,Universities
18,Helmholtz Gemeinschaft *,DEU,Government
19,National Institutes of Health,USA,Health
20,"University of California, San Francisco *",USA,Universities
21,Johns Hopkins University *,USA,Universities
22,University of Pennsylvania *,USA,Universities
23,Vrije Universiteit Amsterdam *,NLD,Universities
24,Deutsches Krebsforschungszentrum,DEU,Government
25,Cornell University *,USA,Universities
26,University of Amsterdam *,NLD,Universities
27,Duke Medicine,USA,Health
28,Academisch Medisch Centrum,NLD,Health
29,Erasmus University Rotterdam *,NLD,Universities
30,Erasmus Medical Center,NLD,Health
31,Stanford Medicine,USA,Health
32,Kings College London,GBR,Universities
33,Weill Cornell Medicine,USA,Universities
34,City of Hope,USA,Health
35,Centro de Investigacion Biomedica en Red de Cancer,ESP,Health
36,Universite de Paris Cite *,FRA,Universities
37,Johns Hopkins Medicine,USA,Health
38,"University of California, Los Angeles *",USA,Universities
39,CareGroup Healthcare System *,USA,Health
40,Beth Israel Deaconess Medical Center,USA,Health
41,All India Institute of Medical Sciences,IND,Universities
42,"University of California, San Diego *",USA,Universities
43,Fred Hutchinson Cancer Research Center,USA,Health
44,Samsung Corp *,MUL,Companies
45,Chinese Academy of Sciences *,CHN,Government
46,University of Melbourne *,AUS,Universities
47,Guys & Saint Thomas NHS Foundation Trust,GBR,Health
48,University of Bristol,GBR,Universities
49,"University of Michigan, Ann Arbor *",USA,Universities
50,Children's Hospital Boston  *,USA,Health
51,Vanderbilt University *,USA,Universities
52,U.S. Department of Health & Human Services *,USA,Health
53,Consejo Superior de Investigaciones Cientificas *,ESP,Government
54,University of Pennsylvania Health System,USA,Health
55,Karolinska Institute,SWE,Universities
56,Columbia University *,USA,Universities
57,Mount Sinai Health System *,USA,Health
58,Memorial Sloan-Kettering Cancer Center,USA,Health
59,Leiden University *,NLD,Universities
60,Universita Vita-Salute San Raffaele,ITA,Universities
61,Washington University in Saint Louis *,USA,Universities
62,Instituto de Investigacion Biomedica de Salamanca,ESP,Government
63,"Monash University, Melbourne *",AUS,Universities
64,Leiden University Medical Center,NLD,Health
65,Toronto Western Hospital,CAN,Health
66,Fondazione IRCCS San Raffaele del Monte Tabor,ITA,Health
67,German Cancer Consortium,DEU,Government
68,University of Oxford,GBR,Universities
69,New York University *,USA,Universities
70,Vanderbilt University Medical Center,USA,Health
71,University of Copenhagen,DNK,Universities
72,Yale University *,USA,Universities
73,University College London *,GBR,Universities
74,Centre National de la Recherche Scientifique *,FRA,Government
75,UCLA Health System,USA,Health
76,Icahn School of Medicine at Mount Sinai,USA,Universities
77,Instituto de Salud Carlos III *,ESP,Health
78,University of Groningen *,NLD,Universities
79,Universidad de Salamanca *,ESP,Universities
80,Huazhong University of Science and Technology *,CHN,Universities
81,"Northwestern University, Evanston *",USA,Universities
82,Stony Brook University Medicine,USA,Health
83,University Hospitals Bristol NHS Foundation Trust,GBR,Health
84,"University of Colorado, Denver *",USA,Universities
85,Universita degli Studi di Roma La Sapienza,ITA,Universities
86,University Medical Center Groningen,NLD,Health
87,"State University of New York, Stony Brook *",USA,Universities
88,Washington University Medical Center ,USA,Health
89,Universitat Heidelberg,DEU,Universities
90,Shanghai Jiao Tong University *,CHN,Universities
91,"Newcastle University, Newcastle upon Tyne",GBR,Universities
92,Massachusetts Institute of Technology *,USA,Universities
93,"University of Colorado, Anschutz Medical Campus",USA,Universities
94,Sorbonne Universite *,FRA,Universities
95,Universitatsspital Zurich,CHE,Health
96,National Cancer Institute,USA,Health
97,Clinica Universidad de Navarra,ESP,Health
98,H. Lee Moffitt Cancer Center and Research Institute,USA,Health
99,Helsinki University Central Hospital,FIN,Health
100,University of Sydney,AUS,Universities
101,Imperial College London,GBR,Universities
102,Sheba Medical Center,ISR,Health
103,The University of British Columbia,CAN,Universities
104,NYU Langone Medical Center,USA,Health
105,"Ohio State University, Columbus *",USA,Universities
106,Universita degli Studi di Milano-Bicocca,ITA,Universities
107,Universidad de Navarra *,ESP,Universities
108,Columbia University Irving Medical Center,USA,Health
109,"University of Maryland, Baltimore",USA,Universities
110,Prince of Wales Hospital ,AUS,Health
111,Ludwig-Maximilians Universitat Munchen *,DEU,Universities
112,University of Calgary,CAN,Universities
113,University of New South Wales,AUS,Universities
114,Julius-Maximilians-Universitat Wurzburg *,DEU,Universities
115,University of Pittsburgh *,USA,Universities
116,Charite - Universitatsmedizin Berlin *,DEU,Health
117,"Queen Mary, University of London",GBR,Universities
118,University of Florida *,USA,Universities
119,McMaster University,CAN,Universities
120,Universitatsklinikum Heidelberg,DEU,Health
121,Johann Wolfgang Goethe-Universitat Frankfurt am Main *,DEU,Universities
122,Sun Yat-sen University Cancer Center,CHN,Health
123,Tongji University *,CHN,Universities
124,University of Iowa *,USA,Universities
125,Oregon Health & Science University *,USA,Universities
126,Yale University Health & Medicine,USA,Health
127,Technische Universitat Munchen *,DEU,Universities
128,The University of Queensland *,AUS,Universities
129,Tel Aviv University,ISR,Universities
130,University of Arizona *,USA,Universities
131,Case Western Reserve University,USA,Universities
132,Universita degli Studi del Piemonte Orientale Amedeo Avogadro,ITA,Universities
133,"University of Wisconsin, Madison *",USA,Universities
134,McGill University,CAN,Universities
135,Emory University *,USA,Universities
136,Jilin University *,CHN,Universities
137,University of Leeds,GBR,Universities
138,Universitat Duisburg Essen *,DEU,Universities
139,Princess Margaret Cancer Centre,CAN,Health
140,Friedrich-Schiller-Universitat Jena *,DEU,Universities
141,Universitat Autonoma de Barcelona *,ESP,Universities
142,George Washington The School of Medicine & Health Sciences,USA,Health
143,Uppsala University,SWE,Universities
144,Universitat Hamburg *,DEU,Universities
145,"University of Alabama, Birmingham *",USA,Universities
146,Eli Lilly *,MUL,Companies
147,Universitatsklinikum Jena,DEU,Health
148,Medizinische Hochschule Hannover,DEU,Universities
149,Sungkyunkwan University,KOR,Universities
150,University of Birmingham,GBR,Universities
151,Pfizer *,MUL,Companies
152,Ospedale Pediatrico Bambino Gesu,VAT,Health
153,Northwestern Medicine,USA,Health
154,Aarhus University *,DNK,Universities
155,Azienda Ospedaliera Sant Andrea,ITA,Health
156,"University of Minnesota, Twin Cities *",USA,Universities
157,Universitatsklinikum Schleswig-Holstein,DEU,Health
158,University Hospitals of Cleveland  *,USA,Health
159,University of Helsinki,FIN,Universities
160,Universitatsklinikum Hamburg Eppendorf,DEU,Health
161,"Eli Lilly and Company, United States",USA,Companies
162,University of Southampton,GBR,Universities
163,University Hospital Southampton NHS Foundation Trust,GBR,Health
164,Universita degli Studi di Firenze,ITA,Universities
165,Universite Paris-Est Creteil *,FRA,Universities
166,Sichuan University *,CHN,Universities
167,George Washington University *,USA,Universities
168,Universita degli Studi di Milano,ITA,Universities
169,University Hospital Maastricht,NLD,Health
170,University of Liverpool *,GBR,Universities
171,Cardiff University,GBR,Universities
172,University of Utah *,USA,Universities
173,University of Ottawa,CAN,Universities
174,Aalborg University *,DNK,Universities
175,The Ottawa Hospital  *,CAN,Health
176,Oslo University Hospital,NOR,Health
177,University of Miami *,USA,Universities
178,"University of Illinois, Chicago *",USA,Universities
179,University of Athens,GRC,Universities
180,Klinikum Ludwig Maximilians Universitat Munchen,DEU,Health
181,Hospital Clinic i Provincial de Barcelona,ESP,Health
181,Hospital for Sick Children,CAN,Health
183,VA Boston Healthcare System,USA,Health
184,National Research Institute for Child Health and Development,JPN,Health
185,University of Cincinnati *,USA,Universities
186,Lunds University,SWE,Universities
187,Medizinische Universitat Wien,AUT,Universities
188,Universitatsklinikum Wurzburg,DEU,Health
189,"Fondazione IRCCS Ospedale Maggiore Policlinico, Mangiagalli e Regina Elena",ITA,Health
190,"University of California, Irvine *",USA,Universities
191,Westfalische Wilhelms-Universitat Munster *,DEU,Universities
192,Institut Catala d'Oncologia *,ESP,Health
193,St Vincent's Hospital Melbourne,AUS,Health
194,Wuhan Union Hospital,CHN,Health
195,Universitat de Barcelona *,ESP,Universities
196,Radboud University Nijmegen Medical Centre,NLD,Health
197,Institut de Recerca Hospital Universitari Vall d'Hebron,ESP,Health
198,Nottingham University Hospitals NHS Trust,GBR,Health
199,Utrecht University *,NLD,Universities
200,University of Texas Southwestern Medical Center ,USA,Universities
201,Peking University *,CHN,Universities
202,"Louisiana State University, Health Sciences Center",USA,Universities
203,The Leeds Teaching Hospitals NHS Trust,GBR,Health
204,Karolinska University Hospital,SWE,Health
205,Universitat Ulm *,DEU,Universities
205,Universita degli Studi di Palermo,ITA,Universities
207,San Francisco VA Medical Center,USA,Health
208,St Michaels Hospital Toronto,CAN,Health
209,Oxford University Hospitals NHS Trust,GBR,Health
210,Hospital Universitario de La Princesa,ESP,Health
211,"University of Texas, Dallas",USA,Universities
212,Chinese Academy of Medical Sciences and Peking Union Medical College *,CHN,Universities
213,McGill University Health Centre,CAN,Health
214,Ohio State University Wexner Medical Center,USA,Health
215,Medical University of Silesia,POL,Universities
216,Plymouth University,GBR,Universities
217,Ghent University,BEL,Universities
218,University of Chicago *,USA,Universities
219,University Hospital of Bern,CHE,Health
220,Hospital for Special Surgery,USA,Health
221,Universita degli Studi di Torino,ITA,Universities
222,Centre Hospitalier Universitaire de Nantes *,FRA,Health
223,University of Southern California *,USA,Universities
224,University Medical Center Utrecht,NLD,Health
225,University Hospital Brno,CZE,Health
226,New York Presbyterian Hospital,USA,Health
227,Medical Research Council,GBR,Health
228,University of Michigan Health System,USA,Health
229,Hospital Universitario 12 de Octubre,ESP,Health
230,"University of North Carolina, Chapel Hill *",USA,Universities
231,Medical University of Lodz,POL,Universities
232,Universite de Lausanne,CHE,Universities
233,Arizona Health Sciences Center University of Arizona Tucson,USA,Health
234,Universita degli Studi dell Aquila,ITA,Universities
235,University of Washington Medicine ,USA,Health
236,University of Louisville *,USA,Universities
237,"Soochow University, Suzhou *",CHN,Universities
238,Ghent University Hospital,BEL,Health
239,Peter Maccallum Cancer Centre,AUS,Health
240,University of Virginia *,USA,Universities
241,Zhejiang University *,CHN,Universities
242,University College London Hospital NHS Trust,GBR,Health
243,Fudan University *,CHN,Universities
244,Universita degli Studi Magna Graecia di Catanzaro,ITA,Universities
245,First Affiliated Hospital of Soochow University,CHN,Health
246,University of Auckland,NZL,Universities
247,Catholic University of Leuven,BEL,Universities
248,North Bristol NHS Trust,GBR,Health
249,Technische Universitat Dresden,DEU,Universities
250,"Centro de Investigacion Biomedica en Red de Enfermedades Respiratorias, Madrid *",ESP,Health
251,University of Dundee,GBR,Universities
252,Toronto General Hospital,CAN,Health
253,Institut Paoli Calmettes,FRA,Health
254,Capital University of Medical Sciences,CHN,Universities
255,Cincinnati Children's Hospital Medical Center,USA,Health
256,The Royal Marsden NHS Foundation Trust,GBR,Health
257,Tufts University,USA,Universities
258,Wuhan Tongji Hospital,CHN,Health
259,Universitatsklinikum Munster,DEU,Health
260,Vrije Universiteit Brussel,BEL,Universities
261,L'Alma Mater Studiorum - Universita di Bologna,ITA,Universities
262,Royal Melbourne Hospital,AUS,Health
263,Samsung Medical Center Seoul,KOR,Health
264,Centre Hospitalier Universitaire de Montpellier *,FRA,Health
265,St Jude Childrens Research Hospital,USA,Health
265,University of Rochester *,USA,Universities
267,Ottawa Hospital Research Institute,CAN,Health
268,Hospital Clinico Universitario de Valencia,ESP,Health
269,Complejo Asistencial Universitario de Salamanca,ESP,Health
270,Papworth Hospital NHS Foundation Trust,GBR,Health
271,Medical College of Wisconsin,USA,Universities
272,National University of Singapore *,SGP,Universities
273,Temple University *,USA,Universities
274,Hamilton Health Sciences,CAN,Health
275,Universitat Bern,CHE,Universities
276,Centre Hospitalier Universitaire Vaudois ,CHE,Health
277,Rheinische Friedrich-Wilhelms-Universitat Bonn *,DEU,Universities
278,Universidade de Sao Paulo *,BRA,Universities
279,Thomas Jefferson University *,USA,Universities
280,The University of Western Australia,AUS,Universities
281,University of Oslo,NOR,Universities
282,Baylor College of Medicine,USA,Universities
283,Queen's University,CAN,Universities
284,Children's Hospital of Philadelphia,USA,Health
285,Seoul National University *,KOR,Universities
286,"University of Illinois, College of Medicine at Chicago",USA,Health
287,University of Miami Health System,USA,Health
288,Hospital Universitari Vall d'Hebron,ESP,Health
289,University of Pittsburgh Health Sciences,USA,Universities
289,Universite de Montreal,CAN,Universities
291,Hospital Universitari Germans Trias i Pujol,ESP,Health
292,Dalhousie University *,CAN,Universities
293,Xiamen University *,CHN,Universities
294,University of Manitoba,CAN,Universities
295,Universitatsklinikum Frankfurt,DEU,Health
296,Universitatsklinikum Essen,DEU,Health
297,Hospital de la Santa Creu i Sant Pau,ESP,Health
298,Pennsylvania State University *,USA,Universities
299,The University of Edinburgh *,GBR,Universities
300,Kings College Hospital NHS Foundation Trust,GBR,Health
301,Azienda Ospedaliera Careggi,ITA,Health
302,Woodruff Health Sciences Center,USA,Health
302,Sun Yat-Sen University *,CHN,Universities
304,Prince of Wales Hospital,HKG,Health
305,Kyung Hee University *,KOR,Universities
306,Kyoto University *,JPN,Universities
307,Peking University Health Science Center,CHN,Universities
308,Institut d'Investigacions Biomediques August Pi i Sunyer,ESP,Health
309,Montefiore Medical Center *,USA,Health
310,Ruijin Hospital,CHN,Health
311,West China Hospital,CHN,Health
312,Shahid Beheshti University of Medical Sciences and Health Services *,IRN,Universities
313,South Eastern Sydney Local Health District *,AUS,Health
314,Sunnybrook Health Sciences Centre,CAN,Health
315,Cambridge University Hospitals NHS Foundation Trust,GBR,Health
316,Rush University *,USA,Universities
317,University of Kentucky *,USA,Universities
318,Azienda Ospedaliera San Gerardo Monza,ITA,Health
319,National University Health System *,SGP,Health
320,Seattle Children's Hospital,USA,Health
321,"Rutgers, The State University of New Jersey",USA,Universities
321,West Virginia University *,USA,Universities
323,Central South University *,CHN,Universities
324,Nanfang Hospital,CHN,Health
325,National Taiwan University,TWN,Universities
326,Universite Paris-Saclay *,FRA,Universities
327,West Virginia University Health Sciences Center,USA,Health
328,University of Florida Health Science Center,USA,Health
329,Universita degli Studi di Genova,ITA,Universities
330,Aarhus University Hospital,DNK,Health
331,Centre Hospitalier Regional Universitaire de Lille *,FRA,Health
332,Queen's University Belfast,GBR,Universities
333,University Hospitals Leuven,BEL,Health
334,Medical University of Gdansk,POL,Universities
335,US Food and Drug Administration,USA,Government
336,Universita Cattolica del Sacro Cuore,ITA,Universities
337,Seoul National University Hospital *,KOR,Health
338,Great Ormond Street Hospital for Children NHS Trust,GBR,Health
339,Singapore General Hospital,SGP,Health
340,University College Dublin,IRL,Universities
340,Universite Libre de Bruxelles,BEL,Universities
342,Boston University *,USA,Universities
343,Renmin Hospital of Wuhan University,CHN,Health
344,VA Palo Alto Health Care System,USA,Health
345,University Hospital Antwerp,BEL,Health
346,Universite Montpellier *,FRA,Universities
347,University of York,GBR,Universities
348,University of Nottingham *,GBR,Universities
349,University of Cincinnati Medical Center,USA,Health
350,Albert Einstein College of Medicine,USA,Universities
351,The University of Manchester *,GBR,Universities
352,University of Alberta,CAN,Universities
353,The University of Hong Kong *,HKG,Universities
354,Skane University Hospital,SWE,Health
355,"Universite Paul Sabatier, Toulouse III *",FRA,Universities
356,Instituto de Investigacion Sanitaria de Navarra,ESP,Health
357,Hospital Universitario La Fe,ESP,Health
358,University of Cambridge *,GBR,Universities
359,Amrita University,IND,Universities
360,Universite de Lille *,FRA,Universities
361,University of Utah Health Care,USA,Health
362,Norwegian University of Science and Technology,NOR,Universities
363,Nova Scotia Health Authority *,CAN,Health
364,Linkoping University Hospital,SWE,Health
365,Masaryk University,CZE,Universities
366,Tianjin Medical University *,CHN,Universities
367,Klinikum Rechts der Isar der Technische Universitat Munchen,DEU,Health
368,Friedrich-Alexander-Universitat Erlangen-Nurnberg *,DEU,Universities
369,University of Antwerp,BEL,Universities
370,The University of Sheffield,GBR,Universities
371,South Tees Hospitals NHS Foundation Trust,GBR,Health
372,General Hospital of Tianjin Medical University,CHN,Health
373,Universitatsklinikum Bonn,DEU,Health
374,Hospital Universitari de Bellvitge,ESP,Health
375,Universitat Zurich,CHE,Universities
376,Barts and the London NHS Trust,GBR,Health
377,University of Chinese Academy of Sciences,CHN,Universities
378,Brighton and Sussex University Hospitals NHS Trust,GBR,Health
379,Universita degli Studi di Pavia,ITA,Universities
380,Indiana University-Purdue University Indianapolis,USA,Universities
381,University of Leicester,GBR,Universities
382,University of Oklahoma *,USA,Universities
383,Shanghai Pulmonary Hospital,CHN,Health
384,University of Western Ontario,CAN,Universities
385,University Hospitals Birmingham NHS Foundation Trust,GBR,Health
386,University of Tsukuba *,JPN,Universities
387,Tufts Medical Center,USA,Health
388,"Kinderspital Zurich, Universitats-Kinderklinik",CHE,Health
389,The North Shore-LIJ Health System *,USA,Health
390,Hiroshima University *,JPN,Universities
391,Alfred Health,AUS,Health
392,Centre Hospitalier Universitaire de Poitiers,FRA,Health
393,Nagasaki University *,JPN,Universities
394,Alberta Health Services,CAN,Health
395,Shanghai Tenth People's Hospital,CHN,Health
396,NHS Tayside,GBR,Health
397,UC San Diego Health System,USA,Health
398,University of Turku,FIN,Universities
399,Universita degli Studi di Padova,ITA,Universities
400,Children's Hospital Los Angeles ,USA,Health
401,Ministry of Education of the People's Republic of China,CHN,Government
402,University of Pittsburgh Medical Center ,USA,Health
403,Universidade Federal do Rio de Janeiro *,BRA,Universities
404,Royal North Shore Hospital,AUS,Health
405,Yonsei University *,KOR,Universities
406,Mater Misericordiae University Hospital,IRL,Health
407,Paracelsus Medizinische Privatuniversitat,AUT,Universities
408,Universitatsspital Basel,CHE,Health
409,"University of Texas, Health Science Center at Houston",USA,Universities
410,University of Glasgow *,GBR,Universities
411,University of Tennessee Health Science Center,USA,Health
412,University of Wisconsin Health,USA,Health
413,Royal Perth Hospital ,AUS,Health
414,The University of Adelaide,AUS,Universities
415,Jinan University *,CHN,Universities
416,Royal Adelaide Hospital ,AUS,Health
417,Iran University of Medical Sciences *,IRN,Universities
418,University of Virginia Health System,USA,Health
419,University of Southern California Health Sciences Campus,USA,Health
420,Austin Health,AUS,Health
421,University of Southern Denmark,DNK,Universities
422,Hopitaux Universitaires de Strasbourg,FRA,Health
423,Universitat Regensburg *,DEU,Universities
424,Sir Mortimer B. Davis Jewish General Hospital,CAN,Health
425,Odense University Hospital,DNK,Health
426,Universitatsklinikum Regensburg,DEU,Health
427,Universitatsklinikum Freiburg,DEU,Health
428,Universite de Rennes 1 *,FRA,Universities
428,Cedars-Sinai Medical Center ,USA,Health
430,Uniformed Services University of the Health Sciences,USA,Universities
431,Michigan State University,USA,Universities
432,"University of California, Davis *",USA,Universities
433,Sahlgrenska University Hospital,SWE,Health
434,Southern Medical University *,CHN,Universities
435,Brown University,USA,Universities
436,Shiraz University of Medical Sciences *,IRN,Universities
437,Hospices Civils de Lyon *,FRA,Health
438,Dartmouth College *,USA,Universities
439,University of the Pacific,USA,Universities
440,Institut d'Investigacio Biomedica de Bellvitge,ESP,Health
440,University Hospital Brussels,BEL,Health
442,University of Bath,GBR,Universities
443,Institut Curie,FRA,Health
444,Fayoum University *,EGY,Universities
445,The University of Hull,GBR,Universities
446,Centre Hospitalier Universitaire de Rennes,FRA,Health
447,Wake Forest University *,USA,Universities
448,VA San Diego Healthcare System,USA,Health
449,University of Arkansas for Medical Sciences,USA,Universities
450,Fondazione Policlinico Universitario Agostino Gemelli IRCCS,ITA,Health
451,Korea University *,KOR,Universities
452,Hospital Clinico Universitario de Valladolid,ESP,Health
453,Osaka Metropolitan University *,JPN,Universities
454,National Cancer Center,JPN,Health
455,Centre Hospitalier Universitaire de Bordeaux,FRA,Health
456,Medizinische Universitat Innsbruck *,AUT,Universities
457,Max Planck Gesellschaft *,DEU,Government
458,Providence Health Care,CAN,Health
459,VA Connecticut Healthcare System,USA,Health
460,The Chinese University of Hong Kong *,HKG,Universities
461,Universite de Strasbourg *,FRA,Universities
462,University of Massachusetts Medical School,USA,Universities
463,Hopital Erasme,BEL,Health
464,Seoul National University Bundang Hospital,KOR,Health
465,University of Minnesota Health and Medicine,USA,Universities
466,Universita degli Studi di Perugia,ITA,Universities
467,Lancaster University *,GBR,Universities
468,London Health Sciences Centre,CAN,Health
469,Heinrich Heine Universitat Dusseldorf  *,DEU,Universities
470,Amrita Institute for Medical Science and Research,IND,Health
471,Pandit Bhagwat Dayal Sharma Post Graduate Institute of Medical Sciences,IND,Universities
472,Virginia Commonwealth University *,USA,Universities
473,University of Kansas *,USA,Universities
474,University of Iowa Health Care,USA,Health
475,Martin-Luther-Universitat Halle-Wittenberg *,DEU,Universities
476,Keio University *,JPN,Universities
477,University of Gothenburg,SWE,Universities
477,Wake Forest University Baptist Medical Center,USA,Health
479,Universitatsklinikum Carl Gustav Carus Dresden,DEU,Health
480,Universitatsklinikum Koln,DEU,Health
481,University Hospitals Leicester NHS Trust,GBR,Health
482,Rush University Medical Center,USA,Health
483,Istituto Giannina Gaslini Ospedale Pediatrico IRCCS,ITA,Health
484,Second Military Medical University *,CHN,Universities
485,"University of Texas, Austin",USA,Universities
486,Cairo University *,EGY,Universities
487,Universita degli Studi di Catania,ITA,Universities
488,Northshore University HealthSystem,USA,Health
489,The General Hospital of the People's Liberation Army *,CHN,Health
490,Mount Sinai Hospital Joseph and Wolf Lebovic Health Complex,CAN,Health
491,Centre Hospitalier Universitaire de Quebec,CAN,Health
492,Xi'an Jiaotong University *,CHN,Universities
493,Philipps-Universitat Marburg *,DEU,Universities
494,Universita degli Studi di Siena,ITA,Universities
495,Universite Jean Monnet *,FRA,Universities
496,Penn State Milton S. Hershey Medical Center,USA,Health
497,Hospital del Mar,ESP,Health
498,Universite Clermont-Auvergne,FRA,Universities
499,Universite de Bordeaux *,FRA,Universities
500,Imperial College Healthcare NHS Trust,GBR,Health
501,Universitat Leipzig *,DEU,Universities
502,Newcastle upon Tyne Hospitals NHS Foundation Trust,GBR,Health
503,Changhai Hospital of Shanghai,CHN,Health
504,Turku University Hospital,FIN,Health
505,Hospital Universitario La Paz,ESP,Health
506,Linkou Chang Gung Memorial Hospital,TWN,Health
507,Chung-Ho Memorial Hospital,TWN,Health
508, Centre Hospitalier de l'Universite de Montreal,CAN,Health
509,Yonsei University Health System,KOR,Health
510,Tehran University of Medical Sciences *,IRN,Universities
511,Universite de Versailles Saint Quentin en Yvelines *,FRA,Universities
512,Azienda Ospedaliero Universitaria di Bologna - Policlinico di Sant'Orsola Malpighi,ITA,Health
513,University of Rochester Medical Center,USA,Health
514,Royal Prince Alfred Hospital ,AUS,Health
515,St. Olavs University Hospital,NOR,Health
516,Universidad Rey Juan Carlos *,ESP,Universities
517,National Taiwan University Hospital,TWN,Health
517,"Chang Gung Memorial Hospital, Kaohsiung",TWN,Health
517,Universite Paris-Nord 13 *,FRA,Universities
520,University of Tokyo *,JPN,Universities
520,Manchester University NHS Foundation Trust,GBR,Health
522,Universitatsklinikum Dusseldorf,DEU,Health
523,University of Warwick,GBR,Universities
524,Hopitaux Universitaires de Geneve,CHE,Health
525,Universite PSL *,FRA,Universities
526,Hospital Universitario Marques de Valdecilla,ESP,Health
527,Aix-Marseille Universite *,FRA,Universities
528,Oulu University Hospital,FIN,Health
529,Walter Reed National Military Medical Center,USA,Health
530,Hospital das Clinicas da Faculdade de Medicina da Universidade de Sao Paulo,BRA,Health
531,University of South Florida System *,USA,Universities
531,University of South Florida,USA,Universities
533,Universitatsklinikum Ulm,DEU,Health
534,Catholic University of Korea *,KOR,Universities
535,Linkoping University,SWE,Universities
536,Centre Hospitalier Universitaire de Grenoble,FRA,Health
537,Universita Politecnica delle Marche,ITA,Universities
538,Spedali Civili di Brescia,ITA,Health
539,Umea University *,SWE,Universities
540,Uppsala University Hospital,SWE,Health
541,Jefferson Health System,USA,Health
542,"Instituto Nacional de Cancerologia, Mexico",MEX,Health
543,Fukushima Medical University *,JPN,Universities
544,Monash Health *,AUS,Health
545,Medical University of South Carolina *,USA,Universities
546,La Trobe University *,AUS,Universities
547,Charles University *,CZE,Universities
548,University of New Mexico *,USA,Universities
549,Curtin University *,AUS,Universities
550,Keele University,GBR,Universities
551,Tabriz University of Medical Sciences,IRN,Universities
552,Fondazione IRCCS Policlinico San Matteo ,ITA,Health
553,Murdoch Children's Research Institute,AUS,Health
554,Philadelphia VA Medical Center,USA,Health
554,Universite Claude Bernard Lyon 1 *,FRA,Universities
556,Nationwide Children's Hospital ,USA,Health
557,Catholic University of Louvain,BEL,Universities
558,Universite Grenoble-Alpes *,FRA,Universities
559,University of Kansas Medical Center,USA,Health
560,"State University of New York, Buffalo",USA,Universities
561,Peking Union Medical College Hospital Beijing,CHN,Health
562,Vancouver Coastal Health,CAN,Health
563,Boston University Medical Campus ,USA,Health
564,Novartis *,MUL,Companies
565,University of Texas Medical Branch ,USA,Universities
566,Cliniques Universitaires Saint-Luc,BEL,Health
567,Alberta Children's Hospital,CAN,Health
568,Universite de Lyon,FRA,Universities
569,Chang Gung University,TWN,Universities
570,Juntendo University *,JPN,Universities
571,UC Davis Health System,USA,Health
572,The Jikei University School of Medicine *,JPN,Universities
573,Zhongshan Hospital,CHN,Health
574,"University of Technology, Sydney",AUS,Universities
575,Roswell Park Cancer Institute,USA,Health
576,"Southeast University, Nanjing *",CHN,Universities
577,Harbin Medical University *,CHN,Universities
578,National Defense Medical Center,TWN,Health
579,National Yang Ming Chiao Tung University,TWN,Universities
580,Cardiff and Vale NHS Trust,GBR,Health
581,IWK Health Centre *,CAN,Health
582,Maastricht University,NLD,Universities
583,Liverpool Hospital ,AUS,Health
584,Kyoto Prefectural University of Medicine,JPN,Universities
584,Air Force Medical University *,CHN,Universities
586,Nagoya University *,JPN,Universities
587,"Kaiser Permanente, Oakland *",USA,Health
588,Centre Hospitalier Universitaire de Liege,BEL,Health
589,First Affiliated Hospital of Chongqing Medical University,CHN,Health
590,Sheffield Teaching Hospitals NHS Trust,GBR,Health
591,Tanta University,EGY,Universities
592,"Chang Gung Memorial Hospital, Taipei *",TWN,Health
593,Women's College Hospital,CAN,Health
594,Auckland District Health Board *,NZL,Health
594,University of Cape Town,ZAF,Universities
596,Chongqing Medical University *,CHN,Universities
597,Azienda Ospedaliera di Padova,ITA,Health
598,Auckland City Hospital,NZL,Health
598,Universitat des Saarlandes *,DEU,Universities
600,Anhui Medical University *,CHN,Universities
601,Aalborg University Hospital,DNK,Health
602,Johannes Gutenberg-Universitat Mainz *,DEU,Universities
603,NHS Greater Glasgow and Clyde,GBR,Health
604,Chelsea and Westminster Hospital NHS Foundation Trust,GBR,Health
605,Hospital Universitario Puerta de Hierro Majadahonda,ESP,Health
606,University of Otago,NZL,Universities
607,Ruhr-Universitat Bochum *,DEU,Universities
608,Children's Hospital Colorado,USA,Health
609,Universidade de Lisboa *,PRT,Universities
610,Istituti Ortopedici Rizzoli,ITA,Health
611,Nagoya City University *,JPN,Universities
612,Haukeland University Hospital,NOR,Health
613,Georgetown University *,USA,Universities
614,Complejo Hospitalario Universitario de Santiago,ESP,Health
615,Teikyo University *,JPN,Universities
616,Xiangya Hospital Affiliated to Central South University,CHN,Health
617,Universitat Witten-Herdecke,DEU,Universities
618,Universitatsklinikums Aachen,DEU,Health
619,Zhengzhou University *,CHN,Universities
620,First Affiliated Hospital of Anhui Medical University,CHN,Health
621,St Georges Healthcare NHS Trust,GBR,Health
622,University of Chicago Medical Center ,USA,Health
623,Universidad Complutense de Madrid *,ESP,Universities
624,Sanjay Gandhi Postgraduate Institute of Medical Sciences,IND,Universities
625,Royal Children's Hospital Melbourne,AUS,Health
626,Xijing Hospital,CHN,Health
627,Wuhan University *,CHN,Universities
628,BC Children's Hospital and Sunny Hill Health Centre for Children Vancouver,CAN,Health
629,University of Ulsan *,KOR,Universities
630,Tata Memorial Centre,IND,Government
631,NHS Lothian,GBR,Health
631,Universitatsklinikum des Saarlandes,DEU,Health
633,The First Affiliated Hospital of Zhejiang University,CHN,Health
634,Birmingham VA Health Care System,USA,Health
635,University of South Australia,AUS,Universities
636,Istanbul University Cerrahpasa *,TUR,Universities
637,Royal Brisbane and Women's Hospital *,AUS,Health
638,Universitatsklinikum Mannheim,DEU,Health
639,Kocaeli University *,TUR,Universities
640,James J. Peters VA Medical Center,USA,Health
641,Ann & Robert H. Lurie Children s Hospital,USA,Health
642,Universita degli Studi di Udine,ITA,Universities
643,Asan Medical Center Seoul *,KOR,Health
644,Universite de Poitiers *,FRA,Universities
645,Temple Health,USA,Health
646,King Saud University *,SAU,Universities
647,Hospital Universitario Central de Asturias,ESP,Health
648,Tsinghua University *,CHN,Universities
649,Rheinisch-Westfalische Technische Hochschule Aachen,DEU,Universities
650,Medical University of Warsaw,POL,Universities
651,Creighton University,USA,Universities
652,Nanjing Medical University *,CHN,Universities
653,Loyola University of Chicago *,USA,Universities
654,Renji Hospital,CHN,Health
655,Universitatsmedizin der Johannes Gutenberg-Universitat Mainz,DEU,Health
656,Jagiellonian University,POL,Universities
657,Albany Medical Center *,USA,Health
658,Complejo Asistencial Universitario de Leon,ESP,Health
659,Jichi Medical University *,JPN,Universities
660,Homi Bhabha National Institute,IND,Universities
661,University of Bergen,NOR,Universities
662,Sociedade Beneficiente Israelita Brasileira Albert Einstein,BRA,Health
663,University of Saskatchewan,CAN,Universities
664,Marmara University *,TUR,Universities
665,"Institut National de Recherche pour l'Agriculture, l'Alimentation et l'Environnement *",FRA,Government
666,Universitatsklinikum Leipzig,DEU,Health
666,Albert-Ludwigs-Universitat Freiburg im Breisgau,DEU,Universities
668,The University of Newcastle,AUS,Universities
669,Inje University *,KOR,Universities
670,Istanbul University *,TUR,Universities
671,Egyptian National Cancer Institute,EGY,Health
672,Laval University,CAN,Universities
673,Trinity College Dublin *,IRL,Universities
674,Justus-Liebig-Universitat Giessen *,DEU,Universities
675,Dokuz Eylul University *,TUR,Universities
676,Neuroscience Research Australia,AUS,Health
677,Fondazione IRCCS Istituto Neurologico Carlo Besta,ITA,Health
678,Centre Hospitalier Universitaire Dijon,FRA,Health
679,RAND Corp,USA,Non-Profit
679,Centre Hospitalier Universitaire de Toulouse *,FRA,Health
681,Kandang Kerbau Women's and Children's Hospital,SGP,Health
682,Universita degli Studi di Roma Tor Vergata,ITA,Universities
683,"Novartis, Switzerland",CHE,Companies
684,Shandong University *,CHN,Universities
684,Nanjing University *,CHN,Universities
686,University of Kentucky HealthCare,USA,Health
687,Queensland University of Technology,AUS,Universities
688,Universita Campus Bio-Medico di Roma,ITA,Universities
689,Wenzhou Medical University *,CHN,Universities
690,Mansoura University *,EGY,Universities
691,Albany Medical College,USA,Universities
691,King Faisal Specialist Hospital and Research Centre  *,SAU,Health
693,Army Medical University *,CHN,Universities
694,Universidade Estadual Paulista Julio de Mesquita Filho,BRA,Universities
695,University of Electronic Science and Technology of China,CHN,Universities
696,Loyola Medicine,USA,Health
697,University of Vermont,USA,Universities
697,University of Oulu,FIN,Universities
699,Rambam Health Care Campus,ISR,Health
700,Liverpool University Hospitals NHS Foundation Trust,GBR,Health
701,Tohoku University *,JPN,Universities
701,The Queen Elizabeth Hospital,AUS,Health
703,University of Texas Health Science Center at San Antonio ,USA,Universities
704,Assiut University *,EGY,Universities
705,Hospital General Universitario Gregorio Maranon *,ESP,Health
706,Hallym University *,KOR,Universities
707,First Affiliated Hospital of Xi'an Jiaotong University,CHN,Health
708,Hebrew University of Jerusalem,ISR,Universities
709,Clalit Health Services *,ISR,Health
710,Catharina Hospital,NLD,Health
711,Kuopio University Hospital,FIN,Health
712,National Cerebral and Cardiovascular Center,JPN,Health
713,Universitatsklinikum Gottingen,DEU,Health
714,First Affiliated Hospital of Zhengzhou University,CHN,Health
715,Centre Hospitalier Universitaire de Clermont-Ferrand,FRA,Health
716,Hallym University Medical Center,KOR,Health
717,"Cancer Institute and Hospital, Chinese Academy of Medical Sciences",CHN,Health
717,Universidad Autonoma de Madrid *,ESP,Universities
719,Montreal Heart Institute,CAN,Health
720,Mugla University,TUR,Universities
721,Nanchang University *,CHN,Universities
722,Ahvaz Jundishapur University of Medical Sciences *,IRN,Universities
723,Hospital General Universitario de Alicante *,ESP,Health
723,Centre Hospitalier Universitaire de Amiens-Picardie,FRA,Health
725,Groote Schuur Hospital,ZAF,Health
726,Tel Aviv Sourasky Medical Center,ISR,Health
727,Assistance Publique Hopitaux de Marseille *,FRA,Health
728,Almazov National Medical Research Centre,RUS,Health
729,University of Exeter,GBR,Universities
730,Centre Hospitalier Universitaire d'Angers,FRA,Health
730,Istituto Clinico Humanitas,ITA,Health
732,Russian Academy of Sciences *,RUS,Government
733,Humanitas University *,ITA,Universities
734,Fondazione IRCCS Istituto Nazionale Tumori di Milano,ITA,Health
735,Minneapolis VA Health Care System,USA,Health
736,Universita degli Studi dell'Insubria,ITA,Universities
737,Technion - Israel Institute of Technology *,ISR,Universities
738,Hospital de Clinicas de Porto Alegre,BRA,Health
739,University of Health Sciences,TUR,Universities
740,Wayne State University,USA,Universities
741,Flinders University,AUS,Universities
742,Complejo Hospitalario Virgen del Rocio,ESP,Health
743,Texas Children's Hospital ,USA,Health
744,University of Notre Dame Australia,AUS,Universities
745,Universite de Geneve,CHE,Universities
746,"Ormat Technologies, United States",USA,Companies
746,Ormat Technologies Inc *,MUL,Companies
748,Universitatsklinikum Tubingen,DEU,Health
749,University of Aberdeen,GBR,Universities
750,Complejo Hospitalario Dr Negrin,ESP,Health
751,Princess Alexandra Hospital ,AUS,Health
752,Guangzhou University of Traditional Chinese Medicine *,CHN,Universities
753,Drexel University,USA,Universities
754,Rijnstate Ziekenhuis,NLD,Health
755,Universita degli Studi di Pisa,ITA,Universities
756,"China Medical University, Shenyang *",CHN,Universities
757,First Affiliated Southwest Hospital to Third Military Medical University,CHN,Health
758,Okayama University *,JPN,Universities
759,Universitat de Valencia *,ESP,Universities
760,Hadassah University Medical Center *,ISR,Health
761,Qingdao University *,CHN,Universities
762,Queen Mary Hospital Hong Kong,HKG,Health
763,Zhongda Hospital,CHN,Health
764,Concord Repatriation General Hospital ,AUS,Health
765,VA Puget Sound Health Care System,USA,Health
766,Georgetown University Medical Center,USA,Health
767,Universitatsklinikum Giessen und Marburg GmbH Standort Giessen,DEU,Health
768,Centre Hospitalier Universitaire de Limoges *,FRA,Health
769,Chengdu University of Traditional Chinese Medicine,CHN,Universities
770,U.S. Army *,USA,Government
770,Berlin Institute of Health,DEU,Health
772,Griffith University,AUS,Universities
773,St Petersburg Pavlov State Medical University,RUS,Universities
774,Istanbul Medipol University *,TUR,Universities
775,Universitat Rostock *,DEU,Universities
776,University of Szeged,HUN,Universities
777,York University,CAN,Universities
778,Dartmouth-Hitchcock Health Care System,USA,Health
779,Universidade Federal do Rio Grande do Sul,BRA,Universities
780,Hacettepe University,TUR,Universities
781,Taipei Veterans General Hospital,TWN,Health
782,I.M. Sechenov First Moscow State Medical University,RUS,Universities
783,Ain Shams University *,EGY,Universities
784,Medizinische Universitat Graz *,AUT,Universities
785,Nantong University *,CHN,Universities
786,Chung-Ang University *,KOR,Universities
787,Shanghai Ninth People's Hospital,CHN,Health
788,Zhongnan Hospital of Wuhan University,CHN,Health
789,Centre Hospitalier Universitaire de Nancy,FRA,Health
790,Centre Hospitalier Universitaire de Caen *,FRA,Health
791,Orebro Universitet,SWE,Universities
792,University Hospitals Plymouth NHS Trust,GBR,Health
793,Deakin University *,AUS,Universities
794,Hebei Medical University *,CHN,Universities
795,Macquarie University *,AUS,Universities
796,Gunma University *,JPN,Universities
797,Universitatsklinikum Rostock,DEU,Health
798,Nara Medical University *,JPN,Universities
799,Osaka University *,JPN,Universities
800,"University of California, Irvine Healthcare",USA,Health
801,University of Malaya *,MYS,Universities
802,Universite du Quebec en Quebec *,CAN,Universities
803,Sir Charles Gairdner Hospital ,AUS,Health
804,The Affiliated Hospital of Qingdao University Medical College,CHN,Health
805,Cork University Hospital,IRL,Health
806,Xuzhou Medical University,CHN,Universities
807,Bruyere Research Institute,CAN,Health
808,Berufsgenossenschaftliches Universitatsklinikum Bergmannsheil GmbH,DEU,Health
809,Sherbrooke University,CAN,Universities
810,Universita degli Studi di Ferrara,ITA,Universities
811,Gazi University,TUR,Universities
812,First Hospital of Jilin University,CHN,Health
813,Huashan Hospital,CHN,Health
814,Rhode Island Hospital ,USA,Health
815,Second Affiliated Hospital of Soochow University,CHN,Health
816,Kobe University *,JPN,Universities
817,Hopital Foch,FRA,Health
818,George Institute for International Health *,AUS,Health
819,Universidad de Chile *,CHL,Universities
820,University College Cork *,IRL,Universities
821,Second Xiangya Hospital Affiliated to Central South University,CHN,Health
822,Universidade do Porto *,PRT,Universities
823,Azienda Ospedaliera Universitaria Pisana,ITA,Health
824,Belfast Health and Social Care Trust,GBR,Health
825,Universita degli Studi di Parma,ITA,Universities
826,Cleveland Clinic Abu Dhabi,ARE,Health
827,Pontificia Universidad Catolica de Chile *,CHL,Universities
828,Sir Run Run Shaw Hospital,CHN,Health
829,Arizona State University *,USA,Universities
830,Children's Hospital of Eastern Ontario,CAN,Health
831,Pusan National University Hospital,KOR,Health
832,Eberhard-Karls-Universitat Tubingen,DEU,Universities
833,Sapporo Medical University *,JPN,Universities
834,Universita degli Studi di Bari,ITA,Universities
835,Sun Yat-sen University First Hospital,CHN,Health
836,Dongguk University *,KOR,Universities
837,University of Science and Technology of China,CHN,Universities
838,Sigmund Freud University,AUT,Universities
839,University of KwaZulu-Natal *,ZAF,Universities
840,Universita degli Studi di Verona,ITA,Universities
841,Zhejiang Chinese Medical University *,CHN,Universities
842,Ben-Gurion University of the Negev *,ISR,Universities
843,Monash Medical Centre ,AUS,Health
844,Milwaukee VA Medical Center,USA,Health
845,Shandong Provincial Hospital,CHN,Health
846,Second Affiliated Hospital of China Medical University-Sheng Jing Hospital,CHN,Health
847,Jackson Health System,USA,Health
848,Semmelweis University,HUN,Universities
849,Minia University *,EGY,Universities
850,Affiliated Nanjing First Hospital,CHN,Health
851,Jiangnan University *,CHN,Universities
852,Guangxi Medical University *,CHN,Universities
853,Lanzhou University *,CHN,Universities
854,London North West Healthcare NHS Trust,GBR,Health
855,Taipei Medical University,TWN,Universities
856,China-Japan Friendship Hospital,CHN,Health
857,Freie Universitat Berlin,DEU,Universities
858,Henry Ford Health System,USA,Health
859,Jawaharlal Institute of Postgraduate Medical Education and Research,IND,Universities
860,Children's Healthcare of Atlanta ,USA,Health
861,Khoo Teck Puat Hospital,SGP,Health
862,Second Affiliated Hospital & Yuying Children's Hospital of Wenzhou Medical University,CHN,Health
863,"Colorado State University, Fort Collins *",USA,Universities
864,Universidade Estadual de Campinas *,BRA,Universities
865,Rabin Medical Center,ISR,Health
866,Akershus University Hospital,NOR,Health
867,Children's National Health System,USA,Health
868,Ataturk University,TUR,Universities
869,XuanWu Hospital,CHN,Health
870,University of Delhi *,IND,Universities
870,Universite de Lorraine *,FRA,Universities
872,University of Nebraska Medical Center,USA,Universities
873,Ospedale Niguarda,ITA,Health
874,"Government Medical College and Hospital, Chandigarh",IND,Health
875,Dongguk University Medical Center,KOR,Health
876,Centre Hospitalier Universitaire de Nice *,FRA,Health
877,Udayana University,IDN,Universities
878,Wroclaw Medical University,POL,Universities
879,University of the West of England,GBR,Universities
879,Denver Health Medical Center,USA,Health
881,"Christian Medical College, Vellore",IND,Universities
882,First Affiliated Jiangsu Province Hospital with Nanjing Medical University,CHN,Health
883,Centre Hospitalier Regional et Universitaire de Besancon,FRA,Health
884,VCU Medical Center,USA,Health
885,Korea University Medical Center,KOR,Health
886,Affiliated Hospital of Nantong University,CHN,Health
887,Loma Linda University *,USA,Universities
888,Nihon University *,JPN,Universities
889,Saitama Medical University *,JPN,Universities
890,Shanghai University of Traditional Chinese Medicine *,CHN,Universities
891,Soroka University Medical Center,ISR,Health
892,University of Mississippi *,USA,Universities
893,The Second Affiliated Hospital of Zhejiang University,CHN,Health
894,University Hospitals Coventry and Warwickshire NHS Trust,GBR,Health
895,Maulana Azad Medical College,IND,Health
896,Shanghai Medical College of Fudan University,CHN,Universities
897,Siriraj Hospital,THA,Health
898,University of Indonesia,IDN,Universities
899,Cooper University Health Care,USA,Health
900,Dokkyo Medical University *,JPN,Universities
901,Manipal University,IND,Universities
902,Swiss Federal Institute of Technology,CHE,Universities
903,Safdarjang Hospital,IND,Health
904,Nizam's Institute of Medical Sciences,IND,Universities
905,Fuwai Heart Hospital and Cardiovascular Institute,CHN,Health
906,Manipal Global Education Group *,MUL,Companies
907,Memorial University of Newfoundland,CAN,Universities
908,Aga Khan University *,PAK,Universities
909,Armed Forces Medical College,IND,Universities
910,Yeungnam University,KOR,Universities
911,Beijing University of Chinese Medicine *,CHN,Universities
912,First Affiliated Hospital of China Medical University,CHN,Health
913,Nanjing University of Chinese Medicine *,CHN,Universities
914,Hospital Clinico Universidad de Chile Jose Joaquin Aguirre,CHL,Health
915,Chi Mei Medical Center,TWN,Health
916,National Institute of Mental Health and Neuro Sciences,IND,Universities
917,"Universidad del Valle, Colombia *",COL,Universities
918,Nanjing Drum Tower Hospital,CHN,Health
919,Colorado School of Public Health,USA,Universities
920,Alder Hey Children's NHS Foundation Trust,GBR,Health
921,Hospital Universitario Infanta Leonor,ESP,Health
922,Universita degli Studi della Campania Luigi Vanvitelli,ITA,Universities
923,Toronto Rehab ,CAN,Health
924,Humboldt-Universitat zu Berlin,DEU,Universities
925,The University of Vermont Medical Center,USA,Health
926,Tampere University Hospital,FIN,Health
927,Universidade Federal de Sao Paulo *,BRA,Universities
928,Christian-Albrechts-Universitat zu Kiel,DEU,Universities
929,Kyushu University *,JPN,Universities
930,Alexandria University *,EGY,Universities
931,University of Northern Colorado *,USA,Universities
932,Hirosaki University *,JPN,Universities
933,Russian Academy of Medical Sciences,RUS,Health
934,Telethon Kids Institute,AUS,Health
935,Sun Yat-sen University Third Hospital,CHN,Health
936,Centre Hospitalier Universitaire de Rouen,FRA,Health
937,Center for Disease Control and Prevention China,CHN,Health
938,VetAgro Sup *,FRA,Universities
939,Sun Yat-sen University Second Hospital,CHN,Health
940,New York Medical College,USA,Universities
941,University of Mississippi Medical Center,USA,Universities
942,Shanghai Cancer Center Fudan University,CHN,Health
943,Second Affiliated Hospital of Nanchang University,CHN,Health
944,Hospital Universitario Ramon y Cajal *,ESP,Health
945,Hospital General Universitario de Valencia,ESP,Health
946,Shandong University Qilu Hospital,CHN,Health
947,Augusta University *,USA,Universities
948,Ministry of Health *,TUR,Health
949,Rowan University,USA,Universities
950,Saitama Medical University Saitama Medical Center,JPN,Health
951,Shaare Zedek Medical Center,ISR,Health
952,Ziekenhuis Oost-Limburg,BEL,Health
953,Baskent University *,TUR,Universities
954,Fujian Medical University *,CHN,Universities
955,Landspitali National University Hospital,ISL,Health
956,Mahidol University *,THA,Universities
957,Hamad Medical Corp *,QAT,Health
958,Salford Royal Hospitals NHS Trust,GBR,Health
959,Shanghai Changzheng Hospital,CHN,Health
960,Instituto Mexicano del Seguro Social *,MEX,Health
961,Ospedale Luigi Sacco,ITA,Health
962,Dalian Medical University *,CHN,Universities
963,Royal Brompton and Harefield NHS Foundation Trust,GBR,Health
964,Chungnam National University Hospital,KOR,Health
965,Ernst-Moritz-Arndt-Universitat Greifswald *,DEU,Universities
966,Universidad de Sevilla *,ESP,Universities
967,St. James's Hospital,IRL,Health
968,Shanghai Sixth People's Hospital,CHN,Health
969,Universitat zu Lubeck,DEU,Universities
970,Seoul National University Boramae Hospital,KOR,Health
971,King Saud bin Abdulaziz University for Health Sciences *,SAU,Universities
972,Tongji Hospital,CHN,Health
973,University of Maryland Medical Center,USA,Health
974,King Abdulaziz University *,SAU,Universities
975,Tampere University,FIN,Universities
976,Centro Hospitalar e Universitario de Coimbra,PRT,Health
977,The Affiliated Hospital of Jiangnan University,CHN,Health
978,Universitatsklinikum Greifswald,DEU,Health
979,Second Affiliated Hospital of Chongqing Medical University,CHN,Health
980,Fourth Hospital of Hebei Medical University,CHN,Health
981,Boston Medical Center ,USA,Health
982,Kyushu University Hospital,JPN,Health
983,Sree Chitra Tirunal Institute for Medical Sciences and Technology,IND,Universities
984,University Hospital Hradec Kralove,CZE,Health
985,Shanxi Medical University *,CHN,Universities
986,Universidade de Coimbra *,PRT,Universities
987,Isfahan University of Medical Sciences *,IRN,Universities
988,Eskisehir Osmangazi University *,TUR,Universities
989,Yueyang Hospital,CHN,Health
990,Ramathibodi Hospital,THA,Health
991,Complexo Hospitalario Universitario a Coruna,ESP,Health
992,Beaumont Hospital,IRL,Health
993,Fundacion Santa Fe de Bogota,COL,Health
994,First People's Hospital Affiliated to Shanghai Jiao Tong University,CHN,Health
995,Necmettin Erbakan University,TUR,Universities
996,University of Western Sydney,AUS,Universities
997,Xinjiang Medical University *,CHN,Universities
998,Universidad de la Republica *,URY,Universities
999,Royal Hospital,OMN,Health
1000,Otto-von-Guericke-Universitat Magdeburg *,DEU,Universities
1001,University of North Carolina Health Care,USA,Health
1002,Mersin University,TUR,Universities
1003,Universite du Luxembourg,LUX,Universities
1004,St George Hospital ,AUS,Health
1005,Ochsner Medical Center-New Orleans,USA,Health
1006,Ural State Medical University,RUS,Universities
1007,Weifang Medical University,CHN,Universities
1008,Airlangga university,IDN,Universities
1009,Saint Petersburg State Pediatric Medical University,RUS,Universities
1010,Ochsner Healthcare *,USA,Health
1011,Universidad de Valparaiso,CHL,Universities
1012,Hospital Universitario Miguel Servet,ESP,Health
1013,Kuban State Medical University,RUS,Universities
1014,Beaumont Health System,USA,Health
1015,"University of Science, Malaysia *",MYS,Universities
1016,Ankara Yildirim Beyazit University,TUR,Universities
1017,Complejo Universitario de San Carlos,ESP,Health
1018,Burdenko Neurosurgery Institute of the Russian Academy of Medical Sciences,RUS,Health
1019,Sakarya University *,TUR,Universities
1020,Hospital de Clinicas Dr. Manuel Quintela,URY,Health
1021,Pirogov Russian National Research Medical University,RUS,Universities
1022,The Affiliated Hospital of Nanjing University of Chinese Medicine,CHN,Health
1023,Tokyo Dental College *,JPN,Universities
1024,Yale New Haven Health System,USA,Health
1025,"Universidad de los Andes, Colombia *",COL,Universities
1026,Klinikum Augsburg,DEU,Health
1027,Kyung Hee University Medical Center,KOR,Health
1028,Complejo Hospitalario Universitario de Albacete,ESP,Health
1029,I-Shou University,TWN,Universities
1030,Centre Hospitalier Universitaire de Reims,FRA,Health
1031,Koc University,TUR,Universities
1032,"Shenzhen Peoples Hospital, 2nd Clinical Medical College of Jinan University",CHN,Health
1033,Northern State Medical University,RUS,Universities
1034,Universidad El Bosque,COL,Universities
1035,Hospital Universiti Sains Malaysia,MYS,Health
1036,Qingdao Municipal Hospital,CHN,Health
1037,Jan Evangelista Purkyne University,CZE,Universities
1038,B.V. Petrovsky Russian Research Centre of Surgery,RUS,Health
1039,Complejo Hospitalario Regional Reina Sofia,ESP,Health
1040,Moscow State University of Medicine and Dentistry,RUS,Universities
1041,Chia Nan University of Pharmacy and Science,TWN,Universities
1042,Technical University of Liberec,CZE,Universities
