Global Rank,Institution,Country,Sector
1,Chinese Academy of Sciences *,CHN,Government
2,Ministry of Agriculture,CHN,Government
3,Ministry of Education of the People's Republic of China,CHN,Government
4,Chinese Academy of Agricultural Sciences *,CHN,Government
5,Universidade de Sao Paulo *,BRA,Universities
6,Centre National de la Recherche Scientifique *,FRA,Government
7,United States Department of Agriculture,USA,Government
8,China Agricultural University,CHN,Universities
9,Consejo Superior de Investigaciones Cientificas *,ESP,Government
10,Universidade Estadual Paulista Julio de Mesquita Filho,BRA,Universities
11,Consejo Nacional de Investigaciones Cientificas y Tecnicas *,ARG,Government
12,Wageningen University and Research Centre *,NLD,Universities
13,"Institut National de Recherche pour l'Agriculture, l'Alimentation et l'Environnement *",FRA,Government
14,University of Guelph,CAN,Universities
15,University of Florida *,USA,Universities
16,Northwest A and F University,CHN,Universities
17,Russian Academy of Sciences *,RUS,Government
18,"University of California, Davis *",USA,Universities
19,Nanjing Agricultural University,CHN,Universities
20,BASF Group *,MUL,Companies
21,University of Illinois at Urbana-Champaign *,USA,Universities
22,Cornell University *,USA,Universities
23,Commonwealth Scientific and Industrial Research Organization *,AUS,Government
24,CGIAR Consortium of International Agricultural Research *,MUL,Non-Profit
25,Leibniz Gemeinschaft *,DEU,Government
26,Aarhus University *,DNK,Universities
27,South China Agricultural University,CHN,Universities
28,Indian Council of Agricultural Research *,IND,Government
29,Universidad Nacional Autonoma de Mexico,MEX,Universities
30,Empresa Brasileira de Pesquisa Agropecuaria *,BRA,Government
31,"University of Wisconsin, Madison *",USA,Universities
32,Zhejiang University *,CHN,Universities
33,Iowa State University,USA,Universities
34,National Institutes of Health,USA,Health
35,Michigan State University,USA,Universities
36,The University of Queensland *,AUS,Universities
37,University of Chinese Academy of Sciences,CHN,Universities
38,University of Copenhagen,DNK,Universities
39,University of Georgia,USA,Universities
40,National Engineering Research Center for Information Technology in Agriculture,CHN,Non-Profit
41,"Texas A&M University, College Station *",USA,Universities
42,University of Sydney,AUS,Universities
43,Agriculture and Agri-Food Canada,CAN,Government
44,North Carolina State University,USA,Universities
45,Sookmyung Womens University,KOR,Universities
46,University of Melbourne *,AUS,Universities
47,Swedish University of Agricultural Sciences,SWE,Universities
48,Tsinghua University *,CHN,Universities
49,Polish Academy of Sciences *,POL,Government
50,Irish Agriculture and Food Development Authority,IRL,Government
51,"Ohio State University, Columbus *",USA,Universities
52,Smithsonian Institution *,USA,Government
53,The University of British Columbia,CAN,Universities
54,The University of Edinburgh *,GBR,Universities
55,Universita degli Studi di Milano,ITA,Universities
56,Max Planck Gesellschaft *,DEU,Government
57,"University of Minnesota, Twin Cities *",USA,Universities
58,Beijing Academy of Agriculture and Forestry Sciences,CHN,Companies
59,Virginia Polytechnic Institute and State University,USA,Universities
60,"University of New England, Australia",AUS,Universities
61,Sichuan Agricultural University,CHN,Universities
62,Kansas State University,USA,Universities
63,Ghent University,BEL,Universities
64,University of Alberta,CAN,Universities
65,L'Alma Mater Studiorum - Universita di Bologna,ITA,Universities
66,Veterinarmedizinische Universitat Wien *,AUT,Universities
67,Huazhong Agricultural University,CHN,Universities
68,Universitat Autonoma de Barcelona *,ESP,Universities
69,Museum National d'Histoire Naturelle *,FRA,Government
70,Consejo Nacional de Ciencia y Tecnologia *,MEX,Government
71,Universitat Bern,CHE,Universities
72,Yangzhou University,CHN,Universities
73,Consiglio Nazionale delle Ricerche *,ITA,Government
74,Universidade Federal de Vicosa,BRA,Universities
75,University College Dublin,IRL,Universities
76,Northeast Agricultural University,CHN,Universities
77,Pennsylvania State University *,USA,Universities
78,United States Geological Survey,USA,Government
79,Agricultural Research Organization,ISR,Government
80,Universita degli Studi di Padova,ITA,Universities
81,Universidade Federal do Rio Grande do Sul,BRA,Universities
82,Seoul National University *,KOR,Universities
83,University of Helsinki,FIN,Universities
84,Boehringer Ingelheim *,MUL,Companies
85,Purdue University,USA,Universities
86,University of Oxford,GBR,Universities
87,Jilin University *,CHN,Universities
88,University of Saskatchewan,CAN,Universities
89,Korea Food Research Institute,KOR,Government
90,"University of Missouri, Columbia *",USA,Universities
91,University of Tehran,IRN,Universities
92,"University of Nebraska, Lincoln",USA,Universities
93,McGill University,CAN,Universities
94,"Institute of Zoology, Chinese Academy of Sciences",CHN,Government
95,"Colorado State University, Fort Collins *",USA,Universities
96,Universitat Zurich,CHE,Universities
97,Kyoto University *,JPN,Universities
97,Shanghai Jiao Tong University *,CHN,Universities
99,Jiangsu University *,CHN,Universities
100,Harvard University *,USA,Universities
101,Zagazig University *,EGY,Universities
102,"ParisTech, Institut des Sciences et Technologies de Paris - PRES *",FRA,Government
103,Massey University,NZL,Universities
104,Istituto di Scienze delle Produzioni Alimentari,ITA,Government
105,Oregon State University,USA,Universities
106,Universita degli Studi di Torino,ITA,Universities
107,"Washington State University, Pullman *",USA,Universities
108,Shandong Agricultural University,CHN,Universities
109,Universidade Federal do Parana,BRA,Universities
110,Universidade Federal de Lavras,BRA,Universities
111,Universitat Hohenheim,DEU,Universities
112,Institucio Catalana de Recerca i Estudis Avancats,ESP,Government
113,Rural Development Administration *,KOR,Government
114,Catholic University of Leuven,BEL,Universities
115,University of Calgary,CAN,Universities
116,The University of Adelaide,AUS,Universities
117,Bogor Agricultural University,IDN,Universities
118,Universidade Federal de Minas Gerais,BRA,Universities
119,Natural History Museum London,GBR,Government
120,Stanford University *,USA,Universities
121,University of Science and Technology of China,CHN,Universities
122,University of Manitoba,CAN,Universities
123,Universita degli Studi di Napoli Federico II,ITA,Universities
124,Universidade Federal do Rio de Janeiro *,BRA,Universities
125,U.S. Department of Health & Human Services *,USA,Health
126,Institut de Recherche pour le Developpement Paris *,FRA,Government
127,University of Bristol,GBR,Universities
128,Nanchang University *,CHN,Universities
129,AgResearch Ltd,NZL,Government
130,Academy of Sciences of the Czech Republic *,CZE,Government
131,Helmholtz Gemeinschaft *,DEU,Government
132,Sorbonne Universite *,FRA,Universities
133,Mississippi State University,USA,Universities
134,Chinese Academy of Fishery Sciences,CHN,Government
135,Centre de Recerca en Sanitat Animal,ESP,Government
136,Konkuk University *,KOR,Universities
137,Academic Center for Education Culture and Research *,IRN,Non-Profit
138,Utrecht University *,NLD,Universities
139,Freie Universitat Berlin,DEU,Universities
140,Southwest University *,CHN,Universities
141,Universidade Federal de Santa Maria *,BRA,Universities
142,University of Nottingham *,GBR,Universities
143,National Institute of Animal Science,KOR,Government
144,Norwegian University of Life Sciences,NOR,Universities
145,Universita degli Studi di Pisa,ITA,Universities
146,Universite Montpellier *,FRA,Universities
147,Guangdong Ocean University,CHN,Universities
148,University of Pennsylvania *,USA,Universities
149,University of Pretoria,ZAF,Universities
150,Shinshu University *,JPN,Universities
151,Columbia University *,USA,Universities
152,Universidade do Porto *,PRT,Universities
153,United Nations *,MUL,Non-Profit
154,University of Cambridge *,GBR,Universities
155,Chungnam National University,KOR,Universities
156,Technical University of Denmark,DNK,Universities
157,Japan Society for the Promotion of Science,JPN,Government
158,University of Tokyo *,JPN,Universities
159,Guangxi University,CHN,Universities
160,Universidad de Cordoba *,ESP,Universities
161,Institut de Recerca i Tecnologia Agroalimentaries Barcelona *,ESP,Government
162,University of Washington *,USA,Universities
163,Hokkaido University *,JPN,Universities
164,Centre de Cooperation Internationale en Recherche Agronomique pour le Developpement *,FRA,Government
165,Universite PSL *,FRA,Universities
166,Poznan University of Life Sciences,POL,Universities
167,"University of Arkansas, Fayetteville",USA,Universities
168,Ningxia University,CHN,Universities
169,Georg-August-Universitat Gottingen,DEU,Universities
170,"University of California, Berkeley *",USA,Universities
171,University of Veterinary and Animal Sciences,PAK,Universities
172,Lomonosov  Moscow State University,RUS,Universities
173,"Royal Veterinary College, University of London",GBR,Universities
174,Instituto Nacional de Pesquisas da Amazonia,BRA,Government
175,Auburn University,USA,Universities
176,"University of Michigan, Ann Arbor *",USA,Universities
177,Universita degli Studi di Bari,ITA,Universities
178,Chung-Ang University *,KOR,Universities
179,Smithsonian National Museum of Natural History,USA,Government
180,Cairo University *,EGY,Universities
181,Hunan Agricultural University,CHN,Universities
182,Jiangxi Agricultural University,CHN,Universities
183,Chonbuk National University *,KOR,Universities
184,Norwegian University of Science and Technology,NOR,Universities
185,International Maize and Wheat Improvement Center,MUL,Non-Profit
186,University Putra Malaysia,MYS,Universities
187,Ludwig-Maximilians Universitat Munchen *,DEU,Universities
188,Sun Yat-Sen University *,CHN,Universities
189,International Livestock Research Institute,MUL,Non-Profit
190,Prince of Songkla University,THA,Universities
191,Agricultural University of Hebei,CHN,Universities
192,Alliance of Bioversity International and CIAT,MUL,Non-Profit
193,Universidad Politecnica de Madrid *,ESP,Universities
194,University of Agriculture in Krakow,POL,Universities
195,Biotechnology and Biological Sciences Research Council *,GBR,Government
196,University of Exeter,GBR,Universities
197,Agricultural Research Center Egypt *,EGY,Government
198,Center for Disease Control and Prevention China,CHN,Health
199,Agrocampus Ouest *,FRA,Universities
200,"University of Hawaii, Manoa *",USA,Universities
201,Stellenbosch University,ZAF,Universities
202,"Food and Agriculture Organisation of the United Nations, Italy",ITA,Non-Profit
202,Food and Agriculture Organization of the United Nations,MUL,Non-Profit
204,University of Kentucky *,USA,Universities
205,Centers for Disease Control and Prevention,USA,Health
206,Universidade Estadual de Maringa,BRA,Universities
207,Beijing Technology and Business University,CHN,Universities
208,Tarbiat Modares University,IRN,Universities
209,Universidad de Murcia *,ESP,Universities
210,Universitat de Barcelona *,ESP,Universities
211,Zhejiang Ocean University,CHN,Universities
212,Universite de Liege,BEL,Universities
213,Ecole Pratique des Hautes Etudes,FRA,Universities
214,Universita degli Studi di Perugia,ITA,Universities
215,Gyeongsang National University *,KOR,Universities
216,Shanghai Ocean University,CHN,Universities
217,Henan University of Science and Technology *,CHN,Universities
218,International Food Policy Research Institute United States,USA,Non-Profit
219,Anhui University,CHN,Universities
220,"Kunming Institute of Zoology, Chinese Academy of Sciences",CHN,Government
221,Duke University *,USA,Universities
222,The University of Kent,GBR,Universities
222,Jiangnan University *,CHN,Universities
224,Universite Paris-Saclay *,FRA,Universities
224,Swiss Federal Institute of Technology,CHE,Universities
226,Rothamsted Research,GBR,Government
227,Rheinische Friedrich-Wilhelms-Universitat Bonn *,DEU,Universities
228,University of New South Wales,AUS,Universities
229,A.N. Severtsov Institute of Ecology and Evolution Russian Academy of Sciences,RUS,Government
230,Natural Resources Institute Finland,FIN,Government
231,Jiangsu Academy of Agricultural Sciences *,CHN,Government
232,Zoological Institute Russian Academy of Sciences,RUS,Government
233,"Institute of Subtropical Agriculture, Chinese Academy of Sciences",CHN,Government
234,Universita degli Studi di Firenze,ITA,Universities
235,National Chung Hsing University,TWN,Universities
236,University of St. Andrews,GBR,Universities
237,University of Arizona *,USA,Universities
238,National Agriculture and Food Research Organization,JPN,Government
239,Czech University of Life Sciences Prague,CZE,Universities
240,City University of Hong Kong *,HKG,Universities
241,Sejong University,KOR,Universities
242,King Saud University *,SAU,Universities
243,Indian Veterinary Research Institute,IND,Universities
244,Stiftung Tierarztliche Hochschule Hannover,DEU,Universities
244,Southwest Minzu University,CHN,Universities
246,Amity University *,IND,Universities
247,Universidade de Lisboa *,PRT,Universities
248,University of Zagreb,HRV,Universities
249,Gansu Agricultural University,CHN,Universities
250,Universita degli Studi di Sassari,ITA,Universities
251,Universidad Nacional del Altiplano,PER,Universities
252,Arizona State University *,USA,Universities
253,The University of Western Australia,AUS,Universities
254,Universidad Nacional de Colombia *,COL,Universities
255,University of Chicago *,USA,Universities
256,International Livestock Research Institute Kenya,KEN,Non-Profit
257,University of Life Sciences in Lublin,POL,Universities
258,"AgroParisTech, Institut des Sciences et Industries du Vivant et de l'Environnement",FRA,Universities
259,University of Toronto,CAN,Universities
260,Qingdao Agricultural University,CHN,Universities
261,University of Waterloo,CAN,Universities
262,Universite Francois Rabelais de Tours *,FRA,Universities
263,Pusan National University,KOR,Universities
264,Universidade Federal de Santa Catarina *,BRA,Universities
265,Simon Fraser University,CAN,Universities
266,"University of California, Santa Cruz",USA,Universities
267,Peking University *,CHN,Universities
268,University of Leeds,GBR,Universities
269,Universite de Paris Cite *,FRA,Universities
270,National Academy of Sciences of Ukraine *,UKR,Government
271,Laval University,CAN,Universities
272,International Food Policy Research Institute,MUL,Non-Profit
273,Australian National University,AUS,Universities
273,University of Antwerp,BEL,Universities
275,Max Planck Institut fur Evolutionare Anthropologie,DEU,Government
276,Max Planck Institut fur Neurobiologie,DEU,Government
277,South Australian Research and Development Institute,AUS,Government
278,Universitat Wien,AUT,Universities
279,The University of Reading,GBR,Universities
280,"Newcastle University, Newcastle upon Tyne",GBR,Universities
281,"University of Tennessee, Knoxville *",USA,Universities
282,Clemson University,USA,Universities
283,Universidade Federal da Bahia,BRA,Universities
284,Universidade Federal de Goias,BRA,Universities
284,Yanbian University *,CHN,Universities
286,Instituto de Salud Carlos III *,ESP,Health
286,Universita Cattolica del Sacro Cuore,ITA,Universities
288,Max Planck Institut fur biologische Intelligenz,DEU,Government
289,Universidade Federal Rural de Pernambuco,BRA,Universities
290,"Lincoln University, Lincoln",NZL,Universities
291,Universitat Politecnica de Valencia *,ESP,Universities
291,Murdoch University,AUS,Universities
293,Lunds University,SWE,Universities
294,Dankook University,KOR,Universities
295,Christian-Albrechts-Universitat zu Kiel,DEU,Universities
296,Universita degli Studi di Catania,ITA,Universities
297,National Research Centre *,EGY,Government
298,University of Warmia and Mazury,POL,Universities
299,"Oklahoma State University, Stillwater *",USA,Universities
300,Basque Research and Technology Alliance *,ESP,Government
301,Instituto Venezolano de Investigaciones Cientificas,VEN,Government
302,Universidad de Buenos Aires *,ARG,Universities
303,University of Glasgow *,GBR,Universities
304,University of Minnesota Health and Medicine,USA,Universities
305,Museo Nacional de Ciencias Naturales,ESP,Government
306,University of Tartu,EST,Universities
307,Universidad Nacional de La Plata *,ARG,Universities
308,Leibniz-Institut fur Agrartechnik Potsdam-Bornim,DEU,Government
309,Henan Agricultural University,CHN,Universities
310,"Monash University, Melbourne *",AUS,Universities
311,Texas Tech University,USA,Universities
311,Environment Canada,CAN,Government
313,Charles University *,CZE,Universities
314,Queen's University Belfast,GBR,Universities
315,"University of California, Los Angeles *",USA,Universities
316,Trinity College Dublin *,IRL,Universities
317,Norwegian Institute of Bioeconomy Research,NOR,Government
318,Justus-Liebig-Universitat Giessen *,DEU,Universities
318,National University of Singapore *,SGP,Universities
320,Universidade Estadual de Campinas *,BRA,Universities
321,Hanyang University *,KOR,Universities
322,University of Tsukuba *,JPN,Universities
323,Ocean University of China,CHN,Universities
324,Zhongkai University of Agriculture and Engineering,CHN,Universities
325,Utah State University *,USA,Universities
326,Universitat de Lleida,ESP,Universities
327,Humboldt-Universitat zu Berlin,DEU,Universities
328,Instituto Nacional de Investigacion y Tecnologia Agraria y Alimentaria ,ESP,Government
328,Universitat Heidelberg,DEU,Universities
330,Jagiellonian University,POL,Universities
331,University of Delaware,USA,Universities
332,Jinan University *,CHN,Universities
332,Bu-Ali Sina University,IRN,Universities
334,Hebrew University of Jerusalem,ISR,Universities
335,Virginia-Maryland Regional College of Veterinary Medicine,USA,Universities
336,University of Liverpool *,GBR,Universities
337,Southwest University of Science and Technology,CHN,Universities
338,Universita del Salento,ITA,Universities
339,Wuhan University *,CHN,Universities
340,International Institute of Tropical Agriculture,MUL,Non-Profit
341,Estonian University of Life Sciences,EST,Universities
342,Swansea University,GBR,Universities
343,University of South Bohemia,CZE,Universities
344,Universidad Complutense de Madrid *,ESP,Universities
345,Universitat Leipzig *,DEU,Universities
346,Universidade Estadual de Londrina,BRA,Universities
347,Agricultural Research Education and Extension Organization *,IRN,Government
348,Universita degli Studi di Messina,ITA,Universities
349,Woods Hole Oceanographic Institution,USA,Non-Profit
350,University of Baghdad,IRQ,Universities
351,National Dairy Research Institute,IND,Government
352,Universidade Federal de Mato Grosso do Sul,BRA,Universities
353,Bangladesh Agricultural University,BGD,Universities
354,Korea University *,KOR,Universities
355,Massachusetts Institute of Technology *,USA,Universities
356,National Kaohsiung University of Science and Technology,TWN,Universities
357,Sichuan University *,CHN,Universities
358,Universidade Federal da Paraiba,BRA,Universities
359,"University of Texas, Austin",USA,Universities
360,Alexandria University *,EGY,Universities
361,Universidad de Zaragoza *,ESP,Universities
362,Universidade Federal de Mato Grosso,BRA,Universities
363,Universitat Kassel,DEU,Universities
364,Veterinary Research Institute,CZE,Government
365,Macquarie University *,AUS,Universities
366,Inner Mongolia Agricultural University,CHN,Universities
367,Gadjah Mada University,IDN,Universities
368,University of Southern California *,USA,Universities
369,Shiraz University,IRN,Universities
370,University of Thessaly,GRC,Universities
371,Radboud University Nijmegen,NLD,Universities
372,Estacion Biologica de Donana,ESP,Government
373,Universidad de Chile *,CHL,Universities
374,Xinjiang Agricultural University,CHN,Universities
375,"Montpellier SupAgro, Centre International d'Etudes Superieures en Sciences Agronomiques *",FRA,Universities
376,Yale University *,USA,Universities
377,Universidade de Brasilia,BRA,Universities
378,Slovak Academy of Sciences *,SVK,Government
379,"University of Agriculture, Faisalabad",PAK,Universities
380,University of Aberdeen,GBR,Universities
381,"Institute of Geographic Sciences and Natural Resources Research, Chinese Academy of Sciences",CHN,Government
382,University of Vermont,USA,Universities
383,Lanzhou University *,CHN,Universities
384,Queensland University of Technology,AUS,Universities
385,Universite de Montreal,CAN,Universities
386,Institut National de la Sante et de la Recherche Medicale *,FRA,Health
387,Aristotle University of Thessaloniki,GRC,Universities
388,Slovak University of Agriculture in Nitra,SVK,Universities
388,Hungarian Academy of Sciences *,HUN,Government
390,Universidade Federal de Pelotas,BRA,Universities
391,Friedrich-Schiller-Universitat Jena *,DEU,Universities
392,Universidad de la Republica *,URY,Universities
393,Instituto Valenciano de Investigaciones Agrarias  *,ESP,Government
394,"University of Maryland, Baltimore",USA,Universities
395,"Boehringer Ingelheim, USA",USA,Companies
396,United States Fish and Wildlife Service,USA,Government
397,Universidad de Sonora,MEX,Universities
398,Chulalongkorn University,THA,Universities
399,Universidade de Santiago de Compostela *,ESP,Universities
400,Zhejiang Sci-Tech University,CHN,Universities
401,Kafrelsheikh University,EGY,Universities
402,University College Cork *,IRL,Universities
403,Wroclaw University of Environmental and Life Sciences,POL,Universities
404,Shanxi Agricultural University,CHN,Universities
405,Kyungpook National University *,KOR,Universities
406,Universidade Federal do Ceara,BRA,Universities
407,Universitat fur Bodenkultur Wien *,AUT,Universities
408,Universite de Rennes 1 *,FRA,Universities
409,Museum fur Naturkunde Berlin,DEU,Non-Profit
410,Naturalis Biodiversity Center,NLD,Government
411,"Alliance of Bioversity International and CIAT, Colombia",COL,Non-Profit
412,Pukyong National University,KOR,Universities
413,Brawijaya University,IDN,Universities
414,National Research and Innovation Agency *,IDN,Government
415,Florida State University *,USA,Universities
416,"Universidad de Leon, Spain *",ESP,Universities
417,Fundacao Oswaldo Cruz *,BRA,Health
418,University of Belgrade,SRB,Universities
419,Nanjing Forestry University,CHN,Universities
420,Dalhousie University *,CAN,Universities
421,Australian Museum,AUS,Non-Profit
422,King Abdulaziz University *,SAU,Universities
423,Kasetsart University,THA,Universities
424,Harper Adams University College,GBR,Universities
425,Warsaw University of Life Sciences,POL,Universities
426,Universidade Federal de Sao Carlos,BRA,Universities
427,VetAgro Sup *,FRA,Universities
428,Instituto Nacional de Tecnologia Agropecuaria,ARG,Government
429,North Dakota State University,USA,Universities
430,Princeton University,USA,Universities
431,Emory University *,USA,Universities
432,University of Ottawa,CAN,Universities
433,James Cook University *,AUS,Universities
434,Anhui Agricultural University,CHN,Universities
435,Instituto Smithsonian de Investigaciones Tropicales,PAN,Government
436,University of Cape Town,ZAF,Universities
437,"University of Massachusetts, Amherst",USA,Universities
438,American Museum of Natural History,USA,Government
439,University of Groningen *,NLD,Universities
440,Malayer University,IRN,Universities
441,University of the Philippines Diliman *,PHL,Universities
442,La Trobe University *,AUS,Universities
443,Centre d'Ecologie Fonctionnelle et Evolutive Montpellier,FRA,Government
444,Universidad de Sevilla *,ESP,Universities
445,National Oceanic and Atmospheric Administration,USA,Government
446,Universita degli Studi della Basilicata,ITA,Universities
446,Universita degli Studi del Molise,ITA,Universities
448,Universidade do Estado de Santa Catarina,BRA,Universities
449,Ningbo University,CHN,Universities
450,"University of California, San Diego *",USA,Universities
451,Senckenberg Forschungsinstitut und Naturmuseum *,DEU,Government
452,Bulgarian Academy of Sciences *,BGR,Government
453,Damanhour University,EGY,Universities
454,Council of Scientific and Industrial Research *,IND,Government
454,Diponegoro University,IDN,Universities
456,Universita degli Studi di Teramo,ITA,Universities
457,World Agroforestry,MUL,Non-Profit
458,"Institut de Systematique, Evolution, Biodiversite",FRA,Government
458,"Universite Paul Valery, Montpellier III *",FRA,Universities
460,Karlsruher Institut fur Technologie,DEU,Universities
461,National Science and Technology Development Agency *,THA,Government
462,Khon Kaen University,THA,Universities
463,Biology Centre of the ASCR,CZE,Government
464,Agricultural University of Athens,GRC,Universities
465,"University of Colorado, Boulder *",USA,Universities
466,Centro de Investigacion en Alimentacion y Desarrollo,MEX,Government
467,Wuhan Polytechnic University,CHN,Universities
468,University of Utah *,USA,Universities
469,Leibniz-Institut fur Nutztierbiologie,DEU,Government
470,International Rice Research Institute Filipinas,PHL,Non-Profit
471,University of Virginia *,USA,Universities
472,King Abdullah University of Science and Technology,SAU,Universities
473,The University of Sheffield,GBR,Universities
474,Institut Francais de Recherche pour l'Exploitation de la Mer *,FRA,Government
475,National Veterinary Institute,NOR,Government
476,Universita degli Studi della Tuscia,ITA,Universities
477,Jilin Agricultural University,CHN,Universities
478,University College London *,GBR,Universities
479,United Arab Emirates University,ARE,Universities
480,University of Mosul,IRQ,Universities
481,The Pirbright Institute,GBR,Government
482,International Rice Research Institute,MUL,Non-Profit
483,International Maize and Wheat Improvement Center Mexico,MEX,Non-Profit
484,"University of Maryland, College Park *",USA,Universities
484,Universidad de Castilla-La Mancha *,ESP,Universities
486,University of Sargodha,PAK,Universities
487,Beijing Normal University *,CHN,Universities
487,University of KwaZulu-Natal *,ZAF,Universities
489,George Mason University,USA,Universities
490,Universidade Federal do Para,BRA,Universities
491,Linkoping University,SWE,Universities
491,Helmholtz Zentrum fur Umweltforschung,DEU,Government
493,Arid Lands Cultivation Research Institute,EGY,Government
494,Mahidol University *,THA,Universities
495,Institute of Animal Reproduction and Food Research Polish Academy of Sciences,POL,Government
496,Smithsonian Conservation Biology Institute,USA,Government
497,Universidad de Almeria *,ESP,Universities
498,Tufts University,USA,Universities
499,Universidad Austral de Chile *,CHL,Universities
500,Ankara University,TUR,Universities
501,Universitat Rostock *,DEU,Universities
502,University of Kansas *,USA,Universities
503,Universita degli Studi di Parma,ITA,Universities
504,Universite de Lausanne,CHE,Universities
505,"University of California, Riverside",USA,Universities
506,"Louisiana State University, Baton Rouge",USA,Universities
507,University of Ljubljana *,SVN,Universities
508,Johns Hopkins University *,USA,Universities
509,Kangwon National University *,KOR,Universities
510,Martin-Luther-Universitat Halle-Wittenberg *,DEU,Universities
511,The Nottingham Trent University,GBR,Universities
512,Centre de Recerca Agrigenomica,ESP,Government
513,"Instituto Nacional de Investigaciones Forestales, Agricolas y Pecuarias",MEX,Government
514,"Institute of Soil Science, Chinese Academy of Sciences",CHN,Government
515,Zhengzhou University *,CHN,Universities
515,Universitat Hamburg *,DEU,Universities
517,Ferdowsi University of Mashhad,IRN,Universities
518,Universitat de Valencia *,ESP,Universities
519,"University of California, Santa Barbara",USA,Universities
520,Masaryk University,CZE,Universities
520,University of Nevada-Reno,USA,Universities
522,Institut Universitaire de France,FRA,Government
523,South Dakota State University,USA,Universities
524,Friedrich Loeffler Institutes Bundesforschungsinstitut fur Tiergesundheit,DEU,Government
525,Universidade Federal de Pernambuco,BRA,Universities
526,Adam Mickiewicz University,POL,Universities
527,Universidade Federal do Vale do Sao Francisco,BRA,Universities
528,East China Normal University,CHN,Universities
529,Benha University *,EGY,Universities
530,University of Wyoming,USA,Universities
531,Sunchon National University,KOR,Universities
532,Beijing University of Agriculture,CHN,Universities
532,University of Florida Health Science Center,USA,Health
534,Qingdao University of Science and Technology,CHN,Universities
535,Wildlife Conservation Society *,MUL,Non-Profit
536,Bangor University,GBR,Universities
537,Woodruff Health Sciences Center,USA,Health
538,"Norwegian Institute of Food, Fisheries and Aquaculture Research",NOR,Government
539,Case Western Reserve University,USA,Universities
540,Foshan University,CHN,Universities
541,National Veterinary Institute Sweden,SWE,Government
542,National Chiayi University,TWN,Universities
543,City of Scientific Research and Technological Applications *,EGY,Government
544,Harvard Medical School,USA,Universities
545,University of Auckland,NZL,Universities
545,Universidad Miguel Hernandez *,ESP,Universities
547,Natural Environment Research Council *,GBR,Government
548,Royal Netherlands Academy of Arts and Sciences *,NLD,Government
549,"National University of Ireland, Galway",IRL,Universities
550,Instituto Politecnico Nacional *,MEX,Universities
551,The American University in Cairo,EGY,Universities
552,Carleton University,CAN,Universities
553,University of Amsterdam *,NLD,Universities
554,Arak University,IRN,Universities
554,Nanjing Normal University,CHN,Universities
556,University of Idaho,USA,Universities
557,Universita Politecnica delle Marche,ITA,Universities
558,National Taiwan University,TWN,Universities
559,Yunnan Agricultural University,CHN,Universities
560,Universitat Konstanz,DEU,Universities
561,Junta de Comunidades de Castilla-La Mancha Toledo *,ESP,Government
561,"Northeast Institute of Geography and Agroecology, Chinese Academy of Sciences",CHN,Government
563,Hebei University of Engineering,CHN,Universities
564,Museo Argentino de Ciencias Naturales Bernardino Rivadavia,ARG,Government
565,Generalitat de Catalunya Barcelona *,ESP,Government
566,"Northwestern University, Evanston *",USA,Universities
567,Museu Paraense Emilio Goeldi,BRA,Government
568,Center for International Forestry Research,MUL,Non-Profit
569,Zhejiang A & F University *,CHN,Universities
570,Norwegian Institute for Nature Research,NOR,Government
571,"Institute of Soil and Water Conservation, Chinese Academy of Sciences",CHN,Government
572,"University of Connecticut, Storrs *",USA,Universities
573,North-West University,ZAF,Universities
574,Universidad de Oviedo *,ESP,Universities
575,Agencia Paulista de Tecnologia dos Agronegocios *,BRA,Government
576,Universidad Autonoma del Estado de Mexico,MEX,Universities
577,Institut National Polytechnique de Toulouse *,FRA,Universities
578,University of Tabriz,IRN,Universities
579,Aberystwyth University,GBR,Universities
580,Netherlands Institute of Ecology,NLD,Government
581,Airlangga university,IDN,Universities
582,Instituto de Investigacion en Recursos Cinegeticos,ESP,Government
583,Technische Universitat Munchen *,DEU,Universities
584,New York University *,USA,Universities
585,U.S. Army *,USA,Government
586,Eotvos Lorand University,HUN,Universities
587,Universite de Toulouse,FRA,Universities
588,WorldFish Center Malaysia,MYS,Non-Profit
589,Universidad Autonoma Metropolitana,MEX,Universities
590,University of Western Ontario,CAN,Universities
591,Assiut University *,EGY,Universities
592,Huazhong Normal University,CHN,Universities
593,Deakin University *,AUS,Universities
594,University of Oslo,NOR,Universities
595,Heilongjiang Bayi Agricultural University,CHN,Universities
596,Tarim University,CHN,Universities
597,University of Prince Edward Island,CAN,Universities
598,Ataturk University,TUR,Universities
599,London School of Hygiene and Tropical Medicine,GBR,Universities
600,Universita degli Studi di Palermo,ITA,Universities
601,Uppsala University,SWE,Universities
601,West Virginia University *,USA,Universities
603,"University of Science, Malaysia *",MYS,Universities
604,University of Lincoln,GBR,Universities
605,RIKEN-Institute of Physical and Chemical Research,JPN,Government
606,Alfred Wegener Institut fur Polar und Meeresforschung,DEU,Government
607,International Crops Research Institute for the Semi-Arid Tropics,MUL,Non-Profit
608,Nuclear Research Center,EGY,Government
609,University of Durham,GBR,Universities
610,Chiang Mai University,THA,Universities
611,University of Tasmania,AUS,Universities
612,Patuakhali University of Science and Technology,BGD,Universities
613,"Agence Nationale de la Securite Sanitaire de l'Alimentation, de l'Environnement et du Travail *",FRA,Health
614,University of South Florida System *,USA,Universities
615,"South China Sea Institute of Oceanology, Chinese Academy of Sciences",CHN,Government
616,University of Stirling,GBR,Universities
617,Griffith University,AUS,Universities
618,Albert-Ludwigs-Universitat Freiburg im Breisgau,DEU,Universities
619,"Instituto Federal de Educacao, Ciencia e Tecnologia Goiano",BRA,Universities
620,Universidad de Colima,MEX,Universities
621,Imperial College London,GBR,Universities
622,Conselho Nacional de Desenvolvimento Cientifico e Tecnologico,BRA,Government
623,Universita degli Studi di Udine,ITA,Universities
623,University of Veterinary Medicine and Pharmacy,SVK,Universities
625,National Institute of Advanced Industrial Science & Technology,JPN,Government
626,"University of California, Irvine *",USA,Universities
627,Leiden University *,NLD,Universities
628,Universidad de Antioquia *,COL,Universities
629,Zoological Society of London,GBR,Non-Profit
630,Quaid-i-Azam University,PAK,Universities
631,Shenyang Agricultural University,CHN,Universities
632,Instituto Butantan,BRA,Health
633,Charles Sturt University,AUS,Universities
634,McMaster University,CAN,Universities
635,"University of the Punjab, Lahore",PAK,Universities
636,Vrije Universiteit Amsterdam *,NLD,Universities
637,Universidad Autonoma de Madrid *,ESP,Universities
638,Indiana University-Bloomington,USA,Universities
639,Kirikkale University *,TUR,Universities
639,Urmia University,IRN,Universities
641,King Mongkut's University of Technology Thonburi,THA,Universities
642,Capital Normal University *,CHN,Universities
643,Nigde University,TUR,Universities
644,Deutsches Primatenzentrum,DEU,Government
645,Universita degli Studi di Modena e Reggio Emilia,ITA,Universities
646,Field Museum Natural History,USA,Government
647,Jeju National University *,KOR,Universities
648,University of Technology and Life Sciences,POL,Universities
649,"University of Montana, Missoula",USA,Universities
649,West Pomeranian University of Technology,POL,Universities
651,Universitat de Girona *,ESP,Universities
652,Universita degli Studi di Camerino,ITA,Universities
653,Georgetown University *,USA,Universities
654,University of Madras,IND,Universities
655,Vietnam Academy of Science and Technology *,VNM,Government
656,Aalborg University *,DNK,Universities
657,Hohai University,CHN,Universities
658,Istituto Superiore di Sanita,ITA,Health
659,Universidade Federal Fluminense,BRA,Universities
660,University of Sussex *,GBR,Universities
661,University of Nairobi,KEN,Universities
661,"Universite Paul Sabatier, Toulouse III *",FRA,Universities
663,"Institute of Oceanology, Chinese Academy of Sciences",CHN,Government
664,Universidade do Oeste Paulista,BRA,Universities
665,Aix-Marseille Universite *,FRA,Universities
666,Universidade Federal Rural do Rio de Janeiro,BRA,Universities
667,"Xishuangbanna Tropical Botanical Garden, Chinese Academy of Sciences",CHN,Government
668,University of Arid Agriculture,PAK,Universities
669,Max Planck Institut fur Chemische Okologie,DEU,Government
670,University of the Philippines Los Banos,PHL,Universities
671,Japan International Research Center for Agricultural Sciences,JPN,Government
672,South African National Biodiversity Institute,ZAF,Government
673,Stockholm University,SWE,Universities
674,"Southern Illinois University, Carbondale *",USA,Universities
675,"University of Technology, Malaysia",MYS,Universities
676,Embrapa Cerrados,BRA,Government
677,New Mexico State University,USA,Universities
678,Centro Cientifico Tecnologico Nordeste,ARG,Government
679,University of Mohaghegh Ardabili,IRN,Universities
680,Institute of Marine Research,NOR,Government
681,University of Pittsburgh *,USA,Universities
681,"Universidad de los Andes, Colombia *",COL,Universities
683,Ben-Gurion University of the Negev *,ISR,Universities
684,Gifu University *,JPN,Universities
685,Centre de Recerca Ecologica i Aplicacions Forestals,ESP,Government
686,Medical Research Council,GBR,Health
687,Animal Health Research Institute,EGY,Government
688,"Queen Mary, University of London",GBR,Universities
689,Institute of Cytology and Genetics Russian Academy of Sciences,RUS,Government
690,Centre for Ecology and Hydrology,GBR,Government
690,Brown University,USA,Universities
692,Universidade Federal do Rio Grande do Norte,BRA,Universities
693,Hasanuddin University,IDN,Universities
694,Centro de Investigacion y Tecnologia Agroalimentaria de Aragon *,ESP,Government
695,Tel Aviv University,ISR,Universities
696,Washington University in Saint Louis *,USA,Universities
697,University of Szczecin,POL,Universities
697,National Institute for Environmental Studies,JPN,Government
699,University of New Mexico *,USA,Universities
700,Universidad Autonoma de Queretaro,MEX,Universities
701,Pontificia Universidade Catolica do Parana,BRA,Universities
702,WorldFish Center,MUL,Non-Profit
702,University of Novi Sad,SRB,Universities
704,Unite Mixte de Recherche des Genetique Animale et Biologie Integrative,FRA,Government
705,Universidad Nacional de Rosario *,ARG,Universities
706,The Manchester Metropolitan University,GBR,Universities
707,Universidad Cardenal Herrera CEU,ESP,Universities
708,University of Otago,NZL,Universities
709,Xiamen University *,CHN,Universities
710,Leibniz Institut fur Zoo- und Wildtierforschung Berlin,DEU,Government
711,University of Basrah,IRQ,Universities
712,Comision de Investigaciones Cientificas *,ARG,Government
713,Universita degli Studi di Roma La Sapienza,ITA,Universities
714,COMSATS Institute of Information Technology *,PAK,Universities
714,Universita degli Studi di Pavia,ITA,Universities
716,"University of North Carolina, Chapel Hill *",USA,Universities
716,University of Birjand,IRN,Universities
718,Universidad de Concepcion *,CHL,Universities
719,Mansoura University *,EGY,Universities
720,University of Miami *,USA,Universities
720,Universidad de Granada *,ESP,Universities
722,City University of New York *,USA,Universities
723,University of Malaya *,MYS,Universities
724,Institute of Vertebrate Biology of the ASCR,CZE,Government
725,University of South Florida,USA,Universities
726,Colegio de Postgraduados,MEX,Universities
726,The University of Manchester *,GBR,Universities
728,"Rutgers, The State University of New Jersey",USA,Universities
729,Shahid Bahonar University of Kerman,IRN,Universities
730,Guizhou University,CHN,Universities
731,Universite du Quebec en Quebec *,CAN,Universities
732,Universidad Nacional del Nordeste *,ARG,Universities
733,Beni Suef University *,EGY,Universities
734,"Montana State University, Bozeman",USA,Universities
735,National Pingtung University of Science and Technology,TWN,Universities
736,Universidad Nacional del Centro de la Provincia de Buenos Aires *,ARG,Universities
737,Memorial University of Newfoundland,CAN,Universities
738,I.I. Schmalhausen Institute of Zoology National Academy of Sciences of Ukraine,UKR,Government
739,Junta de Comunidades de Castilla-La Mancha Ciudad Real,ESP,Government
740,University of Turku,FIN,Universities
741,Kafkas University,TUR,Universities
741,Universita degli Studi di Siena,ITA,Universities
743,Deutsche Sammlung von Mikroorganismen und Zellkulturen GmbH,DEU,Non-Profit
744,Universidad de Cadiz *,ESP,Universities
745,University of York,GBR,Universities
746,Constantine the Philosopher University in Nitra,SVK,Universities
746,Hiroshima University *,JPN,Universities
748,Shandong University *,CHN,Universities
749,Leibniz Institut fur Gewasserokologie und Binnenfischerei,DEU,Government
750,Graduate University for Advanced Studies,JPN,Universities
751,Gorgan University of Agricultural Sciences and Natural Resources,IRN,Universities
752,Akdeniz University,TUR,Universities
753,Empresa de Pesquisa Agropecuaria e Extensao Rural de Santa Catarina,BRA,Government
754,Ege University,TUR,Universities
755,Universidade Federal do Piaui,BRA,Universities
755,Kobe University *,JPN,Universities
757,Tohoku University *,JPN,Universities
758,University of Oklahoma *,USA,Universities
759,University of New Hampshire,USA,Universities
760,Rede de Quimica e Tecnologia,PRT,Non-Profit
761,British Antarctic Survey,GBR,Government
762,Florida Atlantic University,USA,Universities
763,Balikesir University,TUR,Universities
764,Yamaguchi University *,JPN,Universities
765,National Institute of Oceanography and Fisheries,EGY,Government
765,Leibniz Institut fur Pflanzengenetik und Kulturpflanzenforchung,DEU,Government
767,Nippon Veterinary and Life Science University,JPN,Universities
768,Anand Agricultural University,IND,Universities
769,German Centre for Integrative Biodiversity Research iDiv Halle-Jena-Leipzig,DEU,Government
770,"Shaanxi Normal University, Xi'an",CHN,Universities
771,California Academy of Sciences,USA,Non-Profit
772,Chungbuk National University,KOR,Universities
773,Agricultural Research Council,ZAF,Government
774,Universite Claude Bernard Lyon 1 *,FRA,Universities
775,University of Southern Mississippi,USA,Universities
776,Lancaster University *,GBR,Universities
776,Saint Petersburg State University,RUS,Universities
778,Tecnologico Nacional de Mexico *,MEX,Government
779,Mulawarman University,IDN,Universities
780,Tehran University of Medical Sciences *,IRN,Universities
781,Tokyo University of Agriculture,JPN,Universities
782,Tokyo University of Agriculture and Technology,JPN,Universities
783,Ministry of Ecology and Environment,CHN,Government
784,Kagoshima University *,JPN,Universities
785,"Islamic Azad University, Rasht",IRN,Universities
786,Max Planck Institut fur Biogeochemie,DEU,Government
787,Embrapa Recursos Geneticos e Biotecnologia,BRA,Government
788,Centre d'Etudes Biologiques de Chize,FRA,Government
789,Leibniz Institut fur Pflanzenbiochemie,DEU,Government
790,Universidade Federal da Grande Dourados,BRA,Universities
791,Swedish Museum of Natural History,SWE,Government
792,Hubei University,CHN,Universities
793,Udayana University,IDN,Universities
794,Universidade Estadual do Ceara,BRA,Universities
794,Universite Clermont-Auvergne,FRA,Universities
796,University of the Free State,ZAF,Universities
797,University of Jyvaskyla,FIN,Universities
798,Brigham Young University,USA,Universities
798,Universidade Federal de Uberlandia,BRA,Universities
800,Beijing Forestry University,CHN,Universities
800,"California Polytechnic State University, San Luis Obispo",USA,Universities
802,Fujian Agriculture and Forestry University,CHN,Universities
803,Universitas Sumatera Utara,IDN,Universities
803,Oxford Brookes University,GBR,Universities
805,Padjadjaran University,IDN,Universities
806,Universidade Federal do Espirito Santo,BRA,Universities
807,University of Gothenburg,SWE,Universities
808,Universidade Federal de Sao Joao del Rei,BRA,Universities
809,Central South University of Forestry and Technology,CHN,Universities
810,"Instituto de Ecologia, A.C.",MEX,Government
811,Universidade Federal de Sergipe,BRA,Universities
811,"Chengdu Institute of Biology, Chinese Academy of Sciences",CHN,Government
813,Sultan Qaboos University *,OMN,Universities
814,Comenius University in Bratislava,SVK,Universities
815,University of Greenwich,GBR,Universities
816,Medizinische Universitat Wien,AUT,Universities
816,Embrapa Gado de Leite,BRA,Government
818,"University of Alaska, Fairbanks",USA,Universities
819,"Northwest Institute of Eco-Environment and Resources, Chinese Academy of Sciences",CHN,Government
820,University Malaysia Terengganu,MYS,Universities
821,Recep Tayyip Erdogan University,TUR,Universities
822,Flinders University,AUS,Universities
823,Universidade Federal da Fronteira Sul,BRA,Universities
824,Instituto Oswaldo Cruz,BRA,Health
825,Central Queensland University,AUS,Universities
826,Universite de Strasbourg *,FRA,Universities
827,Universidad Nacional de Costa Rica,CRI,Universities
828,Universidade Federal de Sao Paulo *,BRA,Universities
829,"University of the Witwatersrand, Johannesburg",ZAF,Universities
830,Universidad Autonoma de Yucatan,MEX,Universities
830,University of Nigeria,NGA,Universities
832,Cukurova University,TUR,Universities
833,The University of Salford,GBR,Universities
834,Universidade de Tras-os-Montes e Alto Douro,PRT,Universities
835,Hebei University *,CHN,Universities
836,Universidade do Algarve,PRT,Universities
837,Universite de Caen Basse-Normandie *,FRA,Universities
838,Universidade Federal do Amazonas,BRA,Universities
839,University of Bergen,NOR,Universities
840,Universitas Negeri Sebelas Maret,IDN,Universities
841,Australian Research Council *,AUS,Government
842,Kings College London,GBR,Universities
843,Leibniz-Zentrum fur Agrarlandschaftsforschung,DEU,Government
844,Pakistan Atomic Energy Commission *,PAK,Government
845,Universidade Estadual do Centro-Oeste,BRA,Universities
846,University of Debrecen,HUN,Universities
847,"Government College University, Faisalabad",PAK,Universities
848,Universidad Nacional del Comahue *,ARG,Universities
849,Instituto Federal Catarinense,BRA,Universities
850,Universidad Autonoma de Chihuahua,MEX,Universities
851,Qinghai University,CHN,Universities
852,Egyptian Atomic Energy Authority *,EGY,Government
852,University of Peradeniya,LKA,Universities
854,Academia Sinica *,TWN,Government
854,Institute of Genetics and Animal Biotechnology of the Polish Academy of Sciences,POL,Government
856,University of Oregon,USA,Universities
856,University of Agriculture,PAK,Universities
856,Julius-Maximilians-Universitat Wurzburg *,DEU,Universities
859,Lorestan University,IRN,Universities
860,Selcuk University *,TUR,Universities
860,University of East Anglia *,GBR,Universities
860,Universidade Federal do Agreste de Pernambuco,BRA,Universities
863,The Islamia University of Bahawalpur,PAK,Universities
864,Pontificia Universidad Catolica de Chile *,CHL,Universities
865,Royal Belgian Institute of Natural Sciences,BEL,Government
866,The University of Hong Kong *,HKG,Universities
867,University of Bialystok,POL,Universities
868,National Sun Yat-sen University,TWN,Universities
869,Osterreichische Akademie der Wissenschaften *,AUT,Government
870,Altai State University,RUS,Universities
870,Wildlife Conservation Society USA,USA,Non-Profit
872,University of Guilan,IRN,Universities
873,Mendel University in Brno,CZE,Universities
874,University of Oulu,FIN,Universities
875,"University of Technology, Sydney",AUS,Universities
876,Universidade Tecnologica Federal do Parana,BRA,Universities
877,Shihezi University,CHN,Universities
878,Universidad Publica de Navarra *,ESP,Universities
879,Biodiversitat und Klima Forschungszentrum,DEU,Government
880,Universidade de Aveiro,PRT,Universities
881,Okayama University *,JPN,Universities
882,Universita degli Studi Roma Tre,ITA,Universities
883,University of Kerala,IND,Universities
884,Catholic University of Louvain,BEL,Universities
885,Ahmadu Bello University *,NGA,Universities
886,Universite Sidi Mohamed Ben Abdellah *,MAR,Universities
887,Universidad Nacional de Cordoba *,ARG,Universities
888,University of Karachi,PAK,Universities
889,Institute of Biodiversity and Ecosystems Research Bulgarian Academy of Sciences,BGR,Government
890,Tata Institute of Fundamental Research,IND,Universities
891,Munster Technological University,IRL,Universities
892,University of Wroclaw,POL,Universities
893,Instituto de Investigaciones Agropecuarias,CHL,Government
894,Boston University *,USA,Universities
894,"Vietnam National University, Hanoi",VNM,Universities
896,University of Birmingham,GBR,Universities
897,Anhui University of Science and Technology,CHN,Universities
898,Universite de La Rochelle *,FRA,Universities
899,Guru Angad Dev Veterinary and Animal Sciences University,IND,Universities
900,Liverpool John Moores University,GBR,Universities
901,Universidade Federal dos Vales do Jequitinhonha e Mucuri,BRA,Universities
902,University of Cincinnati *,USA,Universities
903,Georgia Institute of Technology *,USA,Universities
904,Salahaddin University-Erbil,IRQ,Universities
905,Lithuanian University of Health Sciences,LTU,Universities
906,University of Southern Denmark,DNK,Universities
907,Universidad Nacional del Litoral *,ARG,Universities
907,Hungarian University of Agriculture and Life Sciences,HUN,Universities
909,Institut des Sciences de l'Evolution,FRA,Government
910,Thamar University,YEM,Universities
910,Helmholtz-Zentrum fur Ozeanforschung Kiel Umgewandelt,DEU,Government
912,Ain Shams University *,EGY,Universities
913,Universitat Pompeu Fabra *,ESP,Universities
914,Louisiana State University Agricultural Center,USA,Non-Profit
915,"Islamic Azad University, Science and Research Branch",IRN,Universities
916,Universite de Bordeaux *,FRA,Universities
917,Pontificia Universidade Catolica do Rio Grande do Sul,BRA,Universities
918,Chonnam National University,KOR,Universities
919,Kerala Agricultural University,IND,Universities
920,"Swiss Federal Institute for Forest, Snow and Landscape Research",CHE,Government
921,Ohio State University Wexner Medical Center,USA,Health
922,Universidad de las Palmas de Gran Canaria *,ESP,Universities
923,Henan Institute of Science and Technology,CHN,Universities
924,Universidade Estadual de Santa Cruz,BRA,Universities
925,Universidad Veracruzana,MEX,Universities
926,University of Phayao,THA,Universities
927,Universidade Estadual do Oeste do Parana,BRA,Universities
927,Instituto Nacional de Investigacion Agropecuaria,URY,Government
929,Guangxi Normal University,CHN,Universities
930,Universidade Federal do ABC,BRA,Universities
931,South Valley University *,EGY,Universities
932,Universidad de Extremadura *,ESP,Universities
933,University of Southern Queensland,AUS,Universities
933,George Washington University *,USA,Universities
935,Kongju National University,KOR,Universities
935,Bahauddin Zakariya University,PAK,Universities
937,University of Southampton,GBR,Universities
938,Centro de Investigaciones Biologicas del Noroeste,MEX,Government
939,Royal Netherlands Institute for Sea Research,NLD,Government
940,"Federal University of Agriculture, Abeokuta",NGA,Universities
941,Nelson Mandela Metropolitan University,ZAF,Universities
942,Universitat Potsdam,DEU,Universities
943,"University of Maryland, Baltimore County",USA,Universities
944,Osaka Metropolitan University *,JPN,Universities
945,Universidade Estadual do Sudoeste da Bahia,BRA,Universities
946,"Northeastern University, USA",USA,Universities
947,Indian Institute of Science,IND,Universities
948,Tokai University *,JPN,Universities
949,Institut Pluridisciplinaire Hubert Curien,FRA,Government
950,Animal and Plant Quarantine Agency,KOR,Government
951,Universidade Federal do Reconcavo da Bahia,BRA,Universities
952,Universidad de Costa Rica,CRI,Universities
953,Instituto Politecnico de Braganca,PRT,Universities
954,Centro Cientifico Tecnologico La Plata,ARG,Government
955,Universite de Bretagne Occidentale *,FRA,Universities
956,University of Warsaw,POL,Universities
956,Nature Research Centre,LTU,Government
958,Kyushu University *,JPN,Universities
959,Universita degli Studi di Genova,ITA,Universities
960,Andalas University,IDN,Universities
961,Karl Franzens Universitat Graz *,AUT,Universities
962,Universitat Duisburg Essen *,DEU,Universities
963,Universidad Autonoma del Estado de Hidalgo,MEX,Universities
964,El Colegio de la Frontera Sur,MEX,Government
965,Universite de Lyon,FRA,Universities
966,Universita degli Studi dell Aquila,ITA,Universities
967,Universidade Federal de Campina Grande,BRA,Universities
968,Universite de Haute-Alsace Mulhouse-Colmar *,FRA,Universities
969,University of Surrey,GBR,Universities
970,Northern Arizona University,USA,Universities
971,University of Notre Dame,USA,Universities
972,Centre for Ecological Research,HUN,Government
973,Technische Universitat Braunschweig,DEU,Universities
974,Cardiff University,GBR,Universities
975,Eberhard-Karls-Universitat Tubingen,DEU,Universities
975,York University,CAN,Universities
977,Universite Badji Mokhtar - Annaba,DZA,Universities
978,Universidad del Pais Vasco *,ESP,Universities
979,Universita degli Studi di Cagliari,ITA,Universities
980,Instituto de Investigacion y Formacion Agraria y Pesquera *,ESP,Government
981,Nagoya University *,JPN,Universities
982,Addis Ababa University,ETH,Universities
983,Josip Juraj Strossmayer University of Osijek,HRV,Universities
984,Incheon National University,KOR,Universities
985,Jordan University of Science and Technology,JOR,Universities
986,"University of Illinois, Chicago *",USA,Universities
987,Universidade Estadual do Norte Fluminense Darcy Ribeiro,BRA,Universities
987,Northeast Forestry University,CHN,Universities
989,Centro Cientifico Tecnologico Patagonia Norte,ARG,Government
990,Tulane University *,USA,Universities
991,Uludag University,TUR,Universities
992,Ondokuz Mayis University *,TUR,Universities
992,Al-Azhar University *,EGY,Universities
994,Universidade Federal do Rio Grande,BRA,Universities
995,University of Wollongong *,AUS,Universities
996,Museum and Institute of Zoology Polish Academy of Sciences,POL,Government
996,Instituto de Investigacion en Biodiversidad y Medioambiente,ARG,Government
996,Yangtze University,CHN,Universities
999,"University of Maine, Orono",USA,Universities
1000,Shahid Chamran University,IRN,Universities
1001,Universidad de Guadalajara,MEX,Universities
1002,Medizinische Hochschule Hannover,DEU,Universities
1003,Suranaree University of Technology,THA,Universities
1004,Universidade de Vigo *,ESP,Universities
1005,Laboratoire Evolution et Diversite Biologique,FRA,Government
1006,Universidad Central de Venezuela,VEN,Universities
1007,Universite de Franche-Comte *,FRA,Universities
1008,Berlin-Brandenburgische Institut fur Biodiversitatsforschung,DEU,Health
1009,Instituto Nacional de Investigacao Agraria e Veterinaria,PRT,Government
1010,Universidad de Malaga *,ESP,Universities
1010,University of South Carolina *,USA,Universities
1012,Sriwijaya University,IDN,Universities
1013,University of Tromso - The Arctic University of Norway,NOR,Universities
1014,Royal Melbourne Institute of Technology *,AUS,Universities
1015,University of Iowa *,USA,Universities
1016,Ecole Nationale Superieure de Formation de Enseignement Agricole de Toulouse *,FRA,Universities
1016,Landcare Research,NZL,Government
1018,Universidade Federal Rural da Amazonia,BRA,Universities
1019,Isfahan University of Technology,IRN,Universities
1020,Curtin University *,AUS,Universities
1020,National University of Malaysia *,MYS,Universities
1022,Universite de Neuchatel,CHE,Universities
1023,Westfalische Wilhelms-Universitat Munster *,DEU,Universities
1024,Kuwait Institute for Scientific Research *,KWT,Government
1025,University of Veterinary and Pharmaceutical Sciences Brno,CZE,Universities
1026,University of the Ryukyus *,JPN,Universities
1027,Universite de Bourgogne *,FRA,Universities
1028,Universidad Autonoma Chapingo,MEX,Universities
1029,Royal Holloway - University of London,GBR,Universities
1030,"State University of New York, Stony Brook *",USA,Universities
1030,Hunan Normal University,CHN,Universities
1032,University of Lodz,POL,Universities
1033,Universidad Autonoma de Nuevo Leon *,MEX,Universities
1034,Yuzuncu Yil University *,TUR,Universities
1035,Queen's University,CAN,Universities
1036,Universitat Bielefeld,DEU,Universities
1037,Universidade Nova de Lisboa *,PRT,Universities
1037,Rheinisch-Westfalische Technische Hochschule Aachen,DEU,Universities
1039,Florida International University,USA,Universities
1040,Hankyong National University *,KOR,Universities
1041,Charles Darwin University *,AUS,Universities
1041,Universidade Federal do Pampa,BRA,Universities
1041,University of Indonesia,IDN,Universities
1044,"Institute of Hydrobiology, Chinese Academy of Sciences",CHN,Government
1045,University of Windsor,CAN,Universities
1046,Lampung University,IDN,Universities
1047,Istituto per le Risorse Biologiche e le Biotecnologie Marine,ITA,Government
1048,Universitat zu Koln,DEU,Universities
1049,Fayoum University *,EGY,Universities
1050,University of North Texas,USA,Universities
1051,Nanjing University *,CHN,Universities
1051,Universite Savoie Mont Blanc *,FRA,Universities
1051,"Kunming Institute of Botany, Chinese Academy of Science",CHN,Government
1054,Universidade do Estado do Rio de Janeiro *,BRA,Universities
1055,Universidade Federal do Maranhao,BRA,Universities
1055,Palaeontological Institute Russian Academy of Sciences,RUS,Government
1057,Universita degli Studi di Trento,ITA,Universities
1058,South Australian Museum,AUS,Non-Profit
1059,Institut Mediterrani d'Estudis Avancats,ESP,Government
1060,Suez Canal University *,EGY,Universities
1061,Universidad de Alcala *,ESP,Universities
1062,International Center for Agricultural Research in the Dry Areas,MUL,Non-Profit
1062,Universitas Jenderal Soedirman,IDN,Universities
1062,Universidad Autonoma de Baja California,MEX,Universities
1065,Universidad Autonoma del Estado de Morelos,MEX,Universities
1065,"State University of New York, Buffalo",USA,Universities
1067,University of Duhok,IRQ,Universities
1068,The University of Newcastle,AUS,Universities
1069,Universite de Carthage *,TUN,Universities
1070,Universidad Nacional Mayor de San Marcos,PER,Universities
1071,Palacky University,CZE,Universities
1072,"Biodiversity Research Center, Academia Sinica",TWN,Government
1073,Universitat de les Illes Balears *,ESP,Universities
1073,University of Victoria,CAN,Universities
1075,Universidade Federal do Acre,BRA,Universities
1076,Universitat d'Alacant *,ESP,Universities
1077,Hacettepe University,TUR,Universities
1078,Laboratoire de Biometrie et Biologie Evolutive,FRA,Government
1079,Villanova University,USA,Universities
1080,Johann Wolfgang Goethe-Universitat Frankfurt am Main *,DEU,Universities
1081,Institut de Ciencies del Mar ,ESP,Government
1082,Syiah Kuala University,IDN,Universities
1083,Hainan Normal University,CHN,Universities
1084,Boise State University,USA,Universities
1085,Universidad de Salamanca *,ESP,Universities
1086,Ernst-Moritz-Arndt-Universitat Greifswald *,DEU,Universities
1087,"University of Maryland, Center for Environmental Science",USA,Government
1088,Universite Grenoble-Alpes *,FRA,Universities
1089,Forestry and Forest Products Research Institute,JPN,Government
1090,Institut National de la Recherche Agronomique,MAR,Government
1091,Universidade Estadual de Montes Claros *,BRA,Universities
1091,"China Medical University, Taichung *",TWN,Universities
1093,University of Sadat City,EGY,Universities
1094,Universidad Nacional de Mar del Plata *,ARG,Universities
1095,Menoufia University *,EGY,Universities
1096,Henan University *,CHN,Universities
1097,Vrije Universiteit Brussel,BEL,Universities
1098,Johns Hopkins Medicine,USA,Health
1099,Nagasaki University *,JPN,Universities
1100,Universidade Regional do Cariri,BRA,Universities
1101,Centre Mediterrani d'Investigacions Marines i Ambientals CS,ESP,Government
1102,Rhodes University,ZAF,Universities
1103,Universidad Nacional de Cuyo *,ARG,Universities
1104,Institute of Ecology and Biological Resources,VNM,Government
1105,University of Malaysia Sabah,MYS,Universities
1106,Institut de Biologia Evolutiva,ESP,Government
1107,Universidade Federal Rural do Semi-Arido,BRA,Universities
1108,Shantou University *,CHN,Universities
1109,Centre d'Estudis Avancats de Blanes,ESP,Government
1110,Ruhr-Universitat Bochum *,DEU,Universities
1111,Ohio University,USA,Universities
1112,Universidade dos Acores,PRT,Universities
1113,Kyung Hee University *,KOR,Universities
1114,Carl von Ossietzky Universitat Oldenburg,DEU,Universities
1115,University of Portsmouth,GBR,Universities
1116,Universidade de Evora,PRT,Universities
1117,Keio University *,JPN,Universities
1118,Universitat Koblenz-Landau,DEU,Universities
1119,University of Limpopo,ZAF,Universities
1120,Oregon Health & Science University *,USA,Universities
1121,Universidade Estadual de Ponta Grossa,BRA,Universities
1122,Drexel University,USA,Universities
1122,University of Miyazaki *,JPN,Universities
1124,Universidad Rey Juan Carlos *,ESP,Universities
1125,University of Houston,USA,Universities
1126,National University of Life and Environmental Sciences of Ukraine,UKR,Universities
1126,Instituto Pirenaico de Ecologia ,ESP,Government
1128,Bangabandhu Sheikh Mujibur Rahman Agricultural University,BGD,Universities
1129,Universite d Abomey Calavi,BEN,Universities
1130,"Universite des Antilles, Guadeloupe *",GLP,Universities
1131,Firat University,TUR,Universities
1132,Universita degli Studi di Roma Tor Vergata,ITA,Universities
1133,University of Zabol,IRN,Universities
1134,"Research Center for Eco-Environmental Sciences, Chinese Academy of Sciences",CHN,Government
1135,Naresuan University,THA,Universities
1136,Universitat Osnabruck,DEU,Universities
1137,Okinawa Institute of Science and Technology Graduate University,JPN,Universities
1138,Shahid Beheshti University,IRN,Universities
1139,Royal Botanic Gardens Kew,GBR,Government
1140,Universidade Federal de Alagoas,BRA,Universities
1141,Institute of Archaeology and Ethnography Russian Academy of Sciences,RUS,Government
1142,University of Calcutta,IND,Universities
1143,Institution de la Recherche et de l'Enseignement Superieur Agricoles *,TUN,Government
1143,University of Silesia in Katowice,POL,Universities
1145,"Indian Institute of Science Education and Research, Thiruvananthapuram",IND,Government
1146,Georgia State University,USA,Universities
1147,Trakia University,BGR,Universities
1148,Damietta University,EGY,Universities
1148,Sungkyunkwan University,KOR,Universities
1150,Monterey Bay Aquarium Research Institute,USA,Non-Profit
1151,Universidad Nacional de Tucuman *,ARG,Universities
1152,Stazione Zoologica Anton Dohrn Napoli,ITA,Government
1153,Embrapa Semiarido,BRA,Government
1154,Osaka University *,JPN,Universities
1155,Universidade do Minho,PRT,Universities
1156,Tribhuvan University *,NPL,Universities
1157,University of the Sunshine Coast,AUS,Universities
1158,Acadia University,CAN,Universities
1159,College of William and Mary,USA,Universities
1159,Guizhou Normal University,CHN,Universities
1161,Universite de Lille *,FRA,Universities
1162,"University of Texas, Arlington",USA,Universities
1163,Biologie des Organismes et Ecosystemes Aquatiques,FRA,Government
1164,Universidade Federal do Oeste do Para,BRA,Universities
1164,Universita degli Studi di Ferrara,ITA,Universities
1166,Pontificia Universidad Javeriana *,COL,Universities
1167,North Carolina A&T State University,USA,Universities
1168,Tomsk State University,RUS,Universities
1169,Universite du Quebec en Rimouski,CAN,Universities
1170,University of Rhode Island,USA,Universities
1171,Centros de Investigacion do Sistema Universitario Galego *,ESP,Government
1171,Nicolaus Copernicus University,POL,Universities
1173,"Institute of Vertebrate Paleontology and Paleoanthropology, Chinese Academy of Sciences",CHN,Government
1174,Universidad de Huelva *,ESP,Universities
1175,Can Tho University,VNM,Universities
1176,Temple University *,USA,Universities
1177,Canakkale Onsekiz Mart Universitesi *,TUR,Universities
1178,Institute of Ecology and Botany Hungarian Academy of Sciences,HUN,Government
1179,Cogna Educacao SA *,BRA,Companies
1180,Bandung Institute of Technology,IDN,Universities
1181,National Taiwan Normal University,TWN,Universities
1182,Universita degli Studi di Milano-Bicocca,ITA,Universities
1183,University of Patras,GRC,Universities
1184,China West Normal University,CHN,Universities
1185,Victoria University of Wellington,NZL,Universities
1186,Universitat Innsbruck *,AUT,Universities
1187,Mahasarakham University,THA,Universities
1188,Hainan University,CHN,Universities
1189,"City University of New York, Hunter College",USA,Universities
1190,Shiraz University of Medical Sciences *,IRN,Universities
1190,Tikrit University,IRQ,Universities
1190,University of Veterinary Medicine Budapest,HUN,Universities
1193,Universidad Juarez Autonoma de Tabasco,MEX,Universities
1194,Vidyasagar University,IND,Universities
1195,Universiti Teknologi MARA,MYS,Universities
1195,University of Fort Hare,ZAF,Universities
1197,San Diego State University,USA,Universities
1198,Centro Cientifico Tecnologico Mendoza,ARG,Government
1199,University of Maribor,SVN,Universities
1200,City University of New York Graduate Center,USA,Universities
1201,University of Mataram,IDN,Universities
1202,Adnan Menderes University,TUR,Universities
1203,Wildlife Institute of India,IND,Government
1204,University of Lethbridge,CAN,Universities
1205,Shahrekord University,IRN,Universities
1206,"University of Kurdistan, Sanandaj",IRN,Universities
1207,Universidad Autonoma de Tamaulipas,MEX,Universities
1208,"Texas State University, San Marcos",USA,Universities
1209,Al-Qasim Green University,IRQ,Universities
1210,Obihiro University of Agriculture and Veterinary Medicine,JPN,Universities
1211,Siedlce University of Natural Sciences and Humanities,POL,Universities
1212,Taif University,SAU,Universities
1213,Dalian Ocean University,CHN,Universities
1214,Universidad Autonoma Agraria Antonio Narro,MEX,Universities
1214,University of South Africa,ZAF,Universities
1216,National Veterinary Research Institute,POL,Government
1217,Nanyang Technological University *,SGP,Universities
1218,Universidad Tecnologica Nacional *,ARG,Universities
1218,Pontificia Universidad Catolica del Ecuador,ECU,Universities
1220,"University of Hawaii, Hilo",USA,Universities
1221,Razi University,IRN,Universities
1222,Erciyes University,TUR,Universities
1223,Corporacion Colombiana de Investigacion Agropecuaria,COL,Government
1224,University of Rochester *,USA,Universities
1225,University of Mons,BEL,Universities
1226,"University of the West Indies, Mona Campus *",JAM,Universities
1227,Nankai University *,CHN,Universities
1228,University of Delhi *,IND,Universities
1229,Mustafa Kemal University *,TUR,Universities
1230,Universite Libre de Bruxelles,BEL,Universities
1230,"Saint Louis University, Saint Louis *",USA,Universities
1230,University of Montenegro,MNE,Universities
1233,Universidade Estadual do Maranhao,BRA,Universities
1234,Staatliches Museum fur Naturkunde Stuttgart,DEU,Non-Profit
1235,"Beijing Institute of Genomics, Chinese Academy of Sciences",CHN,Government
1236,Universidade Estadual de Mato Grosso do Sul,BRA,Universities
1237,International Crops Research Institute for the Semi-Arid Tropics India,IND,Non-Profit
1238,South African Institute for Aquatic Biodiversity,ZAF,Government
1239,Indian Space Research Organization *,IND,Government
1240,Kent State University,USA,Universities
1241,"University of Louisiana, Lafayette",USA,Universities
1242,"Nanjing Institute of Geology and Palaeontology, Chinese Academy of Sciences",CHN,Government
1243,Sohag University *,EGY,Universities
1244,"University of Alabama, Tuscaloosa",USA,Universities
1245,Shahid Beheshti University of Medical Sciences and Health Services *,IRN,Universities
1246,Ehime University *,JPN,Universities
1247,Universidad Nacional Agraria La Molina,PER,Universities
1248,South China Normal University,CHN,Universities
1249,Abdul Wali Khan University,PAK,Universities
1250,Makerere University *,UGA,Universities
1250,University of Athens,GRC,Universities
1252,Central Institute of Fisheries Education,IND,Government
1253,Koltsov Institute of Developmental Biology Russian Academy of Sciences,RUS,Government
1254,Miami University of Ohio,USA,Universities
1255,Henan Normal University,CHN,Universities
1256,Tamil Nadu Veterinary and Animal Sciences University,IND,Universities
1257,Universidade Federal do Amapa,BRA,Universities
1258,"Instituto Universitario de Ciencias Psicologicas, Sociais e da Vida",PRT,Universities
1258,Sokoine University of Agriculture,TZA,Universities
1260,Haramaya University,ETH,Universities
1261,Universitas Riau,IDN,Universities
1262,University of Crete,GRC,Universities
1263,University of Canterbury,NZL,Universities
1264,Igdir University,TUR,Universities
1265,University of Ostrava,CZE,Universities
1266,Yunnan University,CHN,Universities
1267,Concordia University,CAN,Universities
1268,Universidade Estadual de Feira de Santana,BRA,Universities
1269,Universidad de La Laguna,ESP,Universities
1270,University of Sulaimani,IRQ,Universities
1271,"Universidad Andres Bello, Chile",CHL,Universities
1272,Negeri Malang University,IDN,Universities
1272,University of New Brunswick,CAN,Universities
1274,Centre National de la Recherche Scientifique et Technologique *,BFA,Government
1274,Desert Research Center,EGY,Government
1276,Universite Paris-Nord 13 *,FRA,Universities
1277,Tianjin Agricultural University,CHN,Universities
1278,Nord University,NOR,Universities
1279,Qufu Normal University,CHN,Universities
1280,Programa Iniciativa Cientifica Milenio *,CHL,Government
1281,Centro de Investigacions Marinas ,ESP,Government
1282,"University of the West Indies, St. Augustine Campus",TTO,Universities
1283,Sam Ratulangi University,IDN,Universities
1284,Kuwait University *,KWT,Universities
1285,"Universidad del Valle, Colombia *",COL,Universities
1286,Universidad de Guanajuato,MEX,Universities
1286,"State University of New York, College of Environmental Science and Forestry",USA,Universities
1288,Universidad de Caldas,COL,Universities
1289,Tabriz University of Medical Sciences,IRN,Universities
1290,Punjabi University,IND,Universities
1290,Universite Hassan II de Casablanca *,MAR,Universities
1292,University of Balochistan,PAK,Universities
1293,Ross University School of Veterinary Medicine,KNA,Universities
1294,Universidad Nacional de San Antonio Abad del Cusco,PER,Universities
1295,Universidade do Estado de Mato Grosso,BRA,Universities
1296,University of Agricultural Sciences and Veterinary Medicine of Cluj-Napoca,ROU,Universities
1296,University of Haifa,ISR,Universities
1298,Taras Shevchenko National University of Kyiv,UKR,Universities
1298,Ecole Nationale Veterinaire de Toulouse *,FRA,Universities
1300,Aswan University *,EGY,Universities
1301,Trent University,CAN,Universities
1302,University of Gdansk,POL,Universities
1303,"Northwest University, Xi'an",CHN,Universities
1303,University of Hyogo,JPN,Universities
1305,Chapman University,USA,Universities
1305,University of Chester,GBR,Universities
1307,University of the Western Cape,ZAF,Universities
1308,University of Jiroft,IRN,Universities
1309,Yamagata University *,JPN,Universities
1310,Mugla University,TUR,Universities
1311,Haluoleo University,IDN,Universities
1311,"AgroSup Dijon, Institut National Superieur des Sciences Agronomiques, de l'Alimentation et de l'Environnement *",FRA,Universities
1313,Universidade Federal do Tocantins,BRA,Universities
1314,Universidade do Vale do Rio dos Sinos,BRA,Universities
1315,Centro de Investigacion Cientifica y de Educacion Superior de Ensenada,MEX,Government
1316,"Texas A&M University, Kingsville",USA,Universities
1317,Institute of Plant and Animal Ecology Russian Academy of Sciences,RUS,Government
1318,Potsdam Institut fur Klimafolgenforschung,DEU,Government
1319,Mehmet Akif Ersoy University,TUR,Universities
1320,University of Rzeszow,POL,Universities
1321,University of Wolverhampton,GBR,Universities
1322,Instituto Espanol de Oceanografia,ESP,Government
1323,Lala Lajpat Rai University of Veterinary and Animal Sciences,IND,Universities
1324,Northern Arctic Federal University,RUS,Universities
1324,National Institute of Water & Atmospheric Research,NZL,Government
1324,Northeast Normal University,CHN,Universities
1327,The Chinese University of Hong Kong *,HKG,Universities
1328,Universite de Perpignan Via Domitia *,FRA,Universities
1329,State Oceanic Administration,CHN,Government
1330,Universidad Autonoma de Guerrero,MEX,Universities
1331,Hofstra University *,USA,Universities
1332,Ss Cyril and Methodius University of Skopje *,MKD,Universities
1333,Tyumen State University,RUS,Universities
1334,Universidade Federal de Juiz de Fora,BRA,Universities
1334,Universidad de Puerto Rico *,PRI,Universities
1336,Anhui Normal University,CHN,Universities
1336,Centro de Investigacion y de Estudios Avanzados del IPN *,MEX,Universities
1338,Kindai University *,JPN,Universities
1339,University of Bengkulu,IDN,Universities
1340,Institut Agronomique et Veterinaire Hassan II,MAR,Universities
1340,Razi Vaccine and Serum Research Institute,IRN,Health
1342,Centro Nacional Patagonico,ARG,Government
1343,Bahir Dar University,ETH,Universities
1343,University of Malaysia Kelantan,MYS,Universities
1345,Zanjan University,IRN,Universities
1346,Universidad Michoacana de San Nicolas de Hidalgo,MEX,Universities
1347,University of Venda,ZAF,Universities
1348,Universite de Tunis El Manar *,TUN,Universities
1349,Universidade Estadual do Vale do Acarau,BRA,Universities
1350,Universidad Nacional de Misiones,ARG,Universities
1350,Nihon University *,JPN,Universities
1352,Universite de La Manouba,TUN,Universities
1353,Pontificia Universidade Catolica de Minas Gerais,BRA,Universities
1354,Istanbul University *,TUR,Universities
1355,Kwame Nkrumah University of Science and Technology,GHA,Universities
1356,Tokyo University of Marine Science and Technology,JPN,Universities
1357,"Ormat Technologies, United States",USA,Companies
1357,Ormat Technologies Inc *,MUL,Companies
1359,Moscow State Pedagogical University,RUS,Universities
1360,University of Johannesburg,ZAF,Universities
1361,Arkansas State University,USA,Universities
1362,Universidade Federal de Ouro Preto,BRA,Universities
1362,Namik Kemal University,TUR,Universities
1364,Yibin University,CHN,Universities
1365,Universite d Antananarivo,MDG,Universities
1366,Universidad de Jaen *,ESP,Universities
1366,University of Dhaka,BGD,Universities
1368,Universidade de Passo Fundo,BRA,Universities
1369,Hirosaki University *,JPN,Universities
1370,Universidad del Zulia,VEN,Universities
1371,Universidad Nacional de la Patagonia San Juan Bosco,ARG,Universities
1371,Harran University,TUR,Universities
1373,Universitas Lambung Mangkurat,IDN,Universities
1374,Sari Agricultural Sciences and Natural Resources University,IRN,Universities
1375,Universidad San Francisco de Quito,ECU,Universities
1376,University of Plovdiv Paisii Hilendarski,BGR,Universities
1377,"Instituto Federal de Educacao, Ciencia e Tecnologia do Ceara",BRA,Universities
1378,Universite de Yaounde I,CMR,Universities
1379,Universidad Industrial de Santander,COL,Universities
1380,Tanta University,EGY,Universities
1381,Obafemi Awolowo University,NGA,Universities
1382,Ilia State University,GEO,Universities
1383,Universidad Autonoma de Sinaloa,MEX,Universities
1384,University of Ibadan,NGA,Universities
1385,Universidade de Coimbra *,PRT,Universities
1386,"University of Malaysia, Sarawak",MYS,Universities
1387,Azabu University,JPN,Universities
1388,"Shenyang Institute of Applied Ecology, Chinese Academy of Sciences",CHN,Government
1389,Plant and Food Research,NZL,Companies
1390,Babes-Bolyai University,ROU,Universities
1391,"University of Texas, El Paso",USA,Universities
1392,Izmir Katip Celebi University *,TUR,Universities
1392,"University of North Carolina, Wilmington",USA,Universities
1394,Banaras Hindu University,IND,Universities
1395,Universite Mohammed V de Rabat *,MAR,Universities
1396,Universidad del Tolima,COL,Universities
1397,Universidad Pedagogica y Tecnologica de Colombia,COL,Universities
1398,Universidad Autonoma de San Luis Potosi,MEX,Universities
1399,Universidade Federal de Rondonia,BRA,Universities
1400,Universidad de Cordoba,COL,Universities
1401,Universite Cadi Ayyad *,MAR,Universities
1402,Egerton University,KEN,Universities
1403,Hawassa University,ETH,Universities
1404,Istanbul University Cerrahpasa *,TUR,Universities
1405,Universite Ferhat Abbas de Setif,DZA,Universities
1406,University of Iceland,ISL,Universities
1407,Institute of Animal Physiology and Genetics of the ASCR,CZE,Government
1408,Bingol University,TUR,Universities
1409,National Taiwan Ocean University,TWN,Universities
1410,Renmin University of China,CHN,Universities
1410,University of Santo Tomas,PHL,Universities
1412,Sher-e-Bangla Agricultural University,BGD,Universities
1413,Instituto de Ecologia y Biodiversidad,CHL,Non-Profit
1414,Kochi University *,JPN,Universities
1415,University of Sarajevo,BIH,Universities
1416,Sylhet Agricultural University,BGD,Universities
1417,University of Kalyani,IND,Universities
1418,East Tennessee State University,USA,Universities
1419,Hosei University,JPN,Universities
1420,Bozok University *,TUR,Universities
1421,Universidad Mayor *,CHL,Universities
1422,Rakuno Gakuen University,JPN,Universities
1422,Kitasato University *,JPN,Universities
1424,Gauhati University,IND,Universities
1425,Eskisehir Osmangazi University *,TUR,Universities
1426,"California State University, Fullerton",USA,Universities
1426,Ahi Evran University *,TUR,Universities
1428,University of Burdwan,IND,Universities
1429,Guangdong Academy of Sciences *,CHN,Government
1430,Universidad de la Frontera,CHL,Universities
1431,Universidad Nacional de La Pampa *,ARG,Universities
1432,Gomal University,PAK,Universities
1433,Chiba University *,JPN,Universities
1434,"University of Tennessee, Chattanooga",USA,Universities
1435,Universidad Nacional de San Agustin,PER,Universities
1436,Far Eastern Federal University,RUS,Universities
1437,Ministry of Agriculture,IRQ,Government
1438,Universidad Catolica de Temuco,CHL,Universities
1439,Manipal University,IND,Universities
1440,P P Shirshov Institute of Oceanology Russian Academy of Sciences,RUS,Government
1441,Universidade Paulista,BRA,Universities
1442,Pavol Jozef Safarik University in Kosice,SVK,Universities
1443,Manipal Global Education Group *,MUL,Companies
1443,Western University of Health Sciences,USA,Universities
1445,University of Colombo,LKA,Universities
1446,Iranian Fisheries Science Research Institute,IRN,Government
1447,Universidad Nacional del Sur *,ARG,Universities
1448,Cumhuriyet University *,TUR,Universities
1449,Universidade Catolica Dom Bosco,BRA,Universities
1449,Universidad de Los Lagos,CHL,Universities
1451,University of Ilorin,NGA,Universities
1452,Tshwane University of Technology,ZAF,Universities
1453,Mie University *,JPN,Universities
1454,Hazara University,PAK,Universities
1455,Southwest Forestry University,CHN,Universities
1455,Sinop University,TUR,Universities
1457,Kumamoto University *,JPN,Universities
1457,Universite de Douala,CMR,Universities
1459,Shenyang Normal University,CHN,Universities
1460,Universidade Federal de Jatai,BRA,Universities
1461,Sam Houston State University,USA,Universities
1461,V.N. Karazin Kharkiv National University,UKR,Universities
1463,Technical University in Zvolen,SVK,Universities
1464,Universite de Bejaia,DZA,Universities
1464,Western Kentucky University,USA,Universities
1466,Sofia University,BGR,Universities
1466,Indian Agricultural Research Institute,IND,Government
1468,Universidad Autonoma de Chile,CHL,Universities
1469,University of Canberra,AUS,Universities
1470,Papanin Institute for Biology of Inland Waters Russian Academy of Sciences,RUS,Government
1471,Mizoram University,IND,Universities
1472,Dali University,CHN,Universities
1473,Instituto Tecnologico de Sonora,MEX,Universities
1474,Instituto de Investigaciones Biologicas Clemente Estable,URY,Government
1475,Universidade Eduardo Mondlane,MOZ,Universities
1476,Korea Polar Research Institute,KOR,Government
1477,Pontificia Universidad Catolica de Valparaiso *,CHL,Universities
1478,Payame Noor University,IRN,Universities
1479,University of Khartoum *,SDN,Universities
1480,King Faisal University,SAU,Universities
1481,Universidade Estadual da Paraiba,BRA,Universities
1481,Universite de Dschang,CMR,Universities
1483,Universite de Gabes *,TUN,Universities
1484,Assam University,IND,Universities
1485,Centro Cientifico Tecnologico de Santa Fe,ARG,Government
1486,Universidade Lusofona de Humanidades e Tecnologias,PRT,Universities
1486,Sichuan Normal University,CHN,Universities
1488,Universite Mohamed-Cherif Messaadia Souk Ahras,DZA,Universities
1489,Linyi University,CHN,Universities
1490,Jimma University *,ETH,Universities
1491,"Vietnam National University, Ho Chi Minh City",VNM,Universities
1492,"Universidad de los Andes, Venezuela",VEN,Universities
1493,Cochin University of Science and Technology,IND,Universities
1494,Universidade Federal da Integracao Latino-Americana,BRA,Universities
1495,Benemerita Universidad Autonoma de Puebla *,MEX,Universities
1496,University of Zielona Gora,POL,Universities
1497,Medical University of Lublin,POL,Universities
1498,Northern Illinois University,USA,Universities
1499,University of Calicut,IND,Universities
1500,Universidad Catolica del Maule,CHL,Universities
1501,Centro de Ecologia Aplicada y Sustentabilidad,CHL,Government
1502,Toho University *,JPN,Universities
1503,Universidad Central del Ecuador,ECU,Universities
1503,University of Western Sydney,AUS,Universities
1505,Punjab Agricultural University,IND,Universities
1506,Universidad Arturo Prat *,CHL,Universities
1507,"Instituto Federal de Educacao, Ciencia e Tecnologia Espirito Santo",BRA,Universities
1508,Sher-e-Kashmir University of Agricultural Sciences and Technology-Srinagar,IND,Universities
1509,Guangzhou University,CHN,Universities
1510,Universidad del Quindio,COL,Universities
1511,Tokyo Metropolitan University,JPN,Universities
1512,Duy Tan University,VNM,Universities
1513,Khulna University,BGD,Universities
1514,University of Kufa,IRQ,Universities
1515,Afyon Kocatepe University *,TUR,Universities
1516,Bharathidasan University,IND,Universities
1517,Walailak University,THA,Universities
1518,Universidad Catolica del Norte,CHL,Universities
1519,Universidad Autonoma de Tlaxcala,MEX,Universities
1520,Aligarh Muslim University,IND,Universities
1521,Bharathiar University,IND,Universities
1522, Wolaita Sodo University,ETH,Universities
1523,"Universidad Santo Tomas, Chile",CHL,Universities
1524,Daugavpils University,LVA,Universities
1525,Ordu University,TUR,Universities
1526,Cherepovets State University,RUS,Universities
1527,Universidad Autonoma de Chiapas,MEX,Universities
1528,"Instituto Federal de Educacao, Ciencia e Tecnologia de Piaui",BRA,Universities
1528,Qassim University,SAU,Universities
1530,University of Zimbabwe,ZWE,Universities
1531,Universite de Lome,TGO,Universities
1532,Aksaray University,TUR,Universities
1533,Universidad Distrital Francisco Jose de Caldas,COL,Universities
1534,Dokuz Eylul University *,TUR,Universities
1535,Siirt University,TUR,Universities
1536,Shanghai Normal University,CHN,Universities
1536,Southern University of Science and Technology,CHN,Universities
1538,University of Presov in Presov,SVK,Universities
1538,Liaocheng University *,CHN,Universities
1540,Tamil Nadu Agricultural University,IND,Universities
1541,Central Agricultural University,IND,Universities
1542,Universidad Catolica de Valencia San Vicente Martir,ESP,Universities
1543,Govind Ballabh Pant University of Agriculture and Technology,IND,Universities
1544,Universidad CES *,COL,Universities
1545,Universidade Federal do Sul e Sudeste do Para,BRA,Universities
1546,Centro Cientifico Tecnologico NOA Sur,ARG,Government
1547,Universidade Federal do Sul da Bahia,BRA,Universities
1548,Southern Cross University,AUS,Universities
1549,Institute of Cytology Russian Academy of Sciences,RUS,Government
1550,Jiangsu University of Science and Technology,CHN,Universities
1551,Mae Fah Luang University,THA,Universities
1552,University of Chittagong,BGD,Universities
1553,Universite 8 mai 1945 Guelma,DZA,Universities
1554,Universidad de Magallanes,CHL,Universities
1555,"Universidad de Las Americas, Chile",CHL,Universities
1556,Federal University of Technology Akure,NGA,Universities
1557,University of Dar es Salaam,TZA,Universities
1558,Universidad Autonoma de Baja California Sur,MEX,Universities
1559,Tianjin Normal University,CHN,Universities
1560,Universidad Cientifica del Sur,PER,Universities
1561,Universidade do Estado de Minas Gerais,BRA,Universities
1562,"Usmanu Danfodiyo University, Sokoto *",NGA,Universities
1563,Sher-e-Kashmir University of Agricultural Sciences and Technology-Jammu,IND,Universities
1564,Okayama University of Science,JPN,Universities
1565,Assam Agricultural University,IND,Universities
1566,Cape Peninsula University of Technology,ZAF,Universities
1567,Federation University,AUS,Universities
1568,Chinese Research Academy of Environmental Sciences,CHN,Non-Profit
1569,Eszterhazy Karoly University of Applied Sciences,HUN,Universities
1570,Mianyang Normal University,CHN,Universities
1571,Universidade do Vale do Itajai,BRA,Universities
