Global Rank,Institution,Country,Sector
1,Chinese Academy of Sciences *,CHN,Government
2,National Aeronautics and Space Administration *,USA,Government
3,Centre National de la Recherche Scientifique *,FRA,Government
4,Max Planck Gesellschaft *,DEU,Government
5,California Institute of Technology *,USA,Universities
6,Istituto Nazionale di Astrofisica *,ITA,Government
7,Harvard University *,USA,Universities
8,NASA Goddard Space Flight Center,USA,Government
9,Smithsonian Institution *,USA,Government
10,Jet Propulsion Laboratory,USA,Government
11,Sorbonne Universite *,FRA,Universities
12,Harvard-Smithsonian Center for Astrophysics,USA,Government
13,"National Astronomical Observatories, Chinese Academy of Science",CHN,Government
14,Helmholtz Gemeinschaft *,DEU,Government
15,Massachusetts Institute of Technology *,USA,Universities
16,Universite PSL *,FRA,Universities
17,University of Chinese Academy of Sciences,CHN,Universities
18,"University of California, Berkeley *",USA,Universities
19,University of Arizona *,USA,Universities
20,University of Cambridge *,GBR,Universities
21,European Southern Observatory *,DEU,Government
22,Johns Hopkins University *,USA,Universities
23,Consejo Superior de Investigaciones Cientificas *,ESP,Government
24,Russian Academy of Sciences *,RUS,Government
25,Max Planck Institut fur Astronomie,DEU,Government
26,Universite de Paris Cite *,FRA,Universities
27,University of Tokyo *,JPN,Universities
28,"Southeast University, Nanjing *",CHN,Universities
29,Observatoire de Paris,FRA,Government
30,Princeton University,USA,Universities
31,Istituto Nazionale di Ricerca Metrologica,ITA,Government
32,"University of Colorado, Boulder *",USA,Universities
33,"University of Michigan, Ann Arbor *",USA,Universities
34,Tsinghua University *,CHN,Universities
35,Stanford University *,USA,Universities
36,NASA Ames Research Center,USA,Government
37,University of Washington *,USA,Universities
38,Leiden University *,NLD,Universities
39,Deutsches Zentrum fur Luft- und Raumfahrt,DEU,Government
40,University of Oxford,GBR,Universities
41,Universidad Nacional Autonoma de Mexico,MEX,Universities
42,Columbia University *,USA,Universities
43,Space Telescope Science Institute,USA,Government
44,Cornell University *,USA,Universities
45,National Astronomical Observatory of Japan *,JPN,Government
46,"University of California, Los Angeles *",USA,Universities
47,European Space Agency *,MUL,Government
48,University of Chicago *,USA,Universities
49,Ludwig-Maximilians Universitat Munchen *,DEU,Universities
50,Instituto de Astrofisica de Canarias *,ESP,Government
51,Commissariat a l'Energie Atomique et aux Energies Alternatives *,FRA,Government
52,Max Planck Institut fur Extraterrestrische Physik,DEU,Government
53,Pennsylvania State University *,USA,Universities
54,Technische Universitat Munchen *,DEU,Universities
55,"University of Texas, Austin",USA,Universities
56,Istituto Nazionale di Fisica Nucleare *,ITA,Government
57,University College London *,GBR,Universities
58,"University of California, Santa Cruz",USA,Universities
59,Ministry of Education of the People's Republic of China,CHN,Government
60,European Space Research and Technology Centre,NLD,Government
61,"Northwestern University, Evanston *",USA,Universities
62,Yale University *,USA,Universities
63,The University of Edinburgh *,GBR,Universities
64,Kenyon College,USA,Universities
65,University of Toronto,CAN,Universities
66,Australian Research Council *,AUS,Government
67,Laboratorio Nacional de Astrofisica *,BRA,Government
68,"Ohio State University, Columbus *",USA,Universities
69,Science and Technology Facilities Council *,GBR,Government
70,"University of California, Irvine *",USA,Universities
71,Observatorio Nacional,BRA,Government
72,Peking University *,CHN,Universities
73,Universite Grenoble-Alpes *,FRA,Universities
74,Purdue University,USA,Universities
75,Australian National University,AUS,Universities
76,Universidad de La Laguna,ESP,Universities
77,Universite de Geneve,CHE,Universities
78,UK Astronomy Technology Centre,GBR,Government
79,Universite Paris-Saclay *,FRA,Universities
80,Swiss Federal Institute of Technology,CHE,Universities
81,Universitat Heidelberg,DEU,Universities
82,National Oceanic and Atmospheric Administration,USA,Government
83,Arizona State University *,USA,Universities
84,Carnegie Institution for Science *,USA,Non-Profit
85,Leibniz Gemeinschaft *,DEU,Government
86,Wuhan University *,CHN,Universities
87,Shanghai Jiao Tong University *,CHN,Universities
88,"University of Wisconsin, Madison *",USA,Universities
89,China University of Petroleum,CHN,Universities
90,Max Planck Institut fur Astrophysik,DEU,Government
91,Institut de Recherche pour le Developpement Paris *,FRA,Government
92,Canadian Institute for Advanced Research,CAN,Non-Profit
93,NASA Marshall Space Flight Center,USA,Government
94,NASA Johnson Space Center,USA,Government
95,Glenn Research Center,USA,Government
96,Instituto Nacional de Pesquisas Espaciais,BRA,Government
97,Zhejiang University *,CHN,Universities
98,Osservatorio Astronomico di Padova,ITA,Government
99,University of Illinois at Urbana-Champaign *,USA,Universities
100,Osservatorio di Astrofisica e Scienza dello Spazio di Bologna ,ITA,Government
101,Commonwealth Scientific and Industrial Research Organization *,AUS,Government
102,Universidad de Chile *,CHL,Universities
103,Aix-Marseille Universite *,FRA,Universities
104,University of Durham,GBR,Universities
105,"University of Hawaii, Manoa *",USA,Universities
106,"University of California, San Diego *",USA,Universities
107,Max Planck Institut fur Radioastronomie,DEU,Government
108,"Ministerio da Ciencia, Tecnologia e Inovacao, Brasil",BRA,Government
109,ARC Centre of Excellence for All-Sky Astrophysics in 3 Dimensions,AUS,Government
110,Institut d'Estudis Espacials de Catalunya,ESP,Government
111,University of Amsterdam *,NLD,Universities
112,Simons Foundation,USA,Non-Profit
113,BeiHang University *,CHN,Universities
114,University of Science and Technology of China,CHN,Universities
115,"University of Maryland, College Park *",USA,Universities
116,Met Office,GBR,Government
117,Institut de Planetologie et Astrophysique de Grenoble,FRA,Government
118,"University of California, Santa Barbara",USA,Universities
119,Lawrence Berkeley National Laboratory *,USA,Government
120,Academia Sinica *,TWN,Government
121,NASA Langley Research Center,USA,Government
122,China Aerospace Science and Technology Corp *,CHN,Government
123,University of Pennsylvania *,USA,Universities
124,University of Virginia *,USA,Universities
125,Korea Astronomy and Space Science Institute *,KOR,Government
126,The University of Manchester *,GBR,Universities
127,Lunds University,SWE,Universities
128,Qilu University of Technology,CHN,Universities
129,Observatorio Europeo Austral *,CHL,Non-Profit
130,Nanjing University of Aeronautics and Astronautics,CHN,Universities
131,Osservatorio Astrofisico di Arcetri,ITA,Government
132,Institut d'Astrophysique de Paris,FRA,Government
133,Los Alamos National Laboratory *,USA,Government
134,Kavli Institute for Cosmology,GBR,Government
135,University of Groningen *,NLD,Universities
136,"Texas A&M University, College Station *",USA,Universities
137,Harbin Institute of Technology,CHN,Universities
138,"University of California, Davis *",USA,Universities
139,Japan Aerospace Exploration Agency,JPN,Government
140,Universita degli Studi di Padova,ITA,Universities
141,Centro de Fisica Teorica y Matematicas CS,ESP,Government
142,"Rutgers, The State University of New Jersey",USA,Universities
143,Infrared Processing and Analysis Center,USA,Government
144,Leibniz-Institut fur Astrophysik Potsdam,DEU,Government
145,"Universite Paul Sabatier, Toulouse III *",FRA,Universities
146,Kavli Institute for Particle Astrophysics and Cosmology,USA,Non-Profit
147,University of Copenhagen,DNK,Universities
148,"Astrophysique, Instrumentation et Modelisation",FRA,Government
149,Kyoto University *,JPN,Universities
150,Rutherford Appleton Laboratory,GBR,Government
151,University of Southern California *,USA,Universities
152,European Space Astronomy Centre,ESP,Government
153,Laboratoire d'Etudes Spatiales et d'Instrumentation en Astrophysique,FRA,Government
154,New York University *,USA,Universities
155,Northwestern Polytechnical University,CHN,Universities
155,University of Southampton,GBR,Universities
157,"Monash University, Melbourne *",AUS,Universities
158,University of Warwick,GBR,Universities
159,Instituto de Astrofisica de Andalucia ,ESP,Government
160,University of Florida *,USA,Universities
161,Nanjing University *,CHN,Universities
162,L'Alma Mater Studiorum - Universita di Bologna,ITA,Universities
163,University of Pittsburgh *,USA,Universities
164,Nagoya University *,JPN,Universities
165,Royal Netherlands Meteorological Institute,NLD,Government
166,Astroparticule et Cosmologie,FRA,Government
167,Polish Academy of Sciences *,POL,Government
168,"University of Maryland, Baltimore",USA,Universities
169,Imperial College London,GBR,Universities
170,Liverpool John Moores University,GBR,Universities
171,Institut National de Physique Nucleaire et de Physique des Particules,FRA,Government
172,Universidad Rey Juan Carlos *,ESP,Universities
173,University of Leeds,GBR,Universities
174,United States Geological Survey,USA,Government
175,The University of Western Australia,AUS,Universities
176,Universitat de Barcelona *,ESP,Universities
177,Universitat Bern,CHE,Universities
178,Carnegie Mellon University *,USA,Universities
179,"Institute of Astrophysics and Astronomy, Academia Sinica",TWN,Government
180,Instituto de Fisica Teorica,ESP,Government
181,National Research Council Canada *,CAN,Government
182,Southwest Research Institute,USA,Non-Profit
183,Ecole Polytechnique Federale de Lausanne,CHE,Universities
184,Brandeis University,USA,Universities
185,Observatoire de la Cote d'Azur *,FRA,Government
186,National Radio Astronomy Observatory Charlottesville,USA,Government
187,Universite Cote d’Azur *,FRA,Universities
188,College de France,FRA,Universities
189,Rheinische Friedrich-Wilhelms-Universitat Bonn *,DEU,Universities
189,University of Dundee,GBR,Universities
191,"University of California, Riverside",USA,Universities
192,Institut de Recherches sur les lois Fondamentales de l'Univers,FRA,Government
193,University of Utah *,USA,Universities
194,Kunming University of Science and Technology,CHN,Universities
195,Duke University *,USA,Universities
196,Institute for Advanced Study,USA,Non-Profit
196,Universidade de Sao Paulo *,BRA,Universities
198,Pontificia Universidad Catolica de Chile *,CHL,Universities
199,Institut de Recherche en Astrophysique et Planetologie,FRA,Government
200,Instituto Nacional de Tecnica Aeroespacial Esteban Terradas *,ESP,Government
201,"Colorado State University, Fort Collins *",USA,Universities
202,Michigan State University,USA,Universities
203,Shandong University *,CHN,Universities
204,Swinburne University of Technology *,AUS,Universities
205,Brown University,USA,Universities
206,National University of Defense Technology,CHN,Universities
207,University of St. Andrews,GBR,Universities
208,University of Sydney,AUS,Universities
209,Osservatorio Astronomico di Trieste,ITA,Government
210,Programa Iniciativa Cientifica Milenio *,CHL,Government
211,Carleton College,USA,Universities
212,Georgia Institute of Technology *,USA,Universities
213,The University of British Columbia,CAN,Universities
214,University of Victoria,CAN,Universities
214,Universite de Strasbourg *,FRA,Universities
216,Observatoire des Sciences de l Univers Institut Pytheas,FRA,Government
217,Universities Space Research Association,USA,Non-Profit
218,Max Planck Institute fur Gravitationsphysik,DEU,Government
219,McGill University,CAN,Universities
220,Boston University *,USA,Universities
221,Weizmann Institute of Science,ISR,Universities
222,Osservatorio Astronomico di Roma,ITA,Government
223,Fraunhofer Gesellschaft *,DEU,Government
224,Max Planck Institut fur Sonnensystemforschung,DEU,Government
225,Laboratori Nazionali del Gran Sasso,ITA,Government
226,University of Leicester,GBR,Universities
226,University of Portsmouth,GBR,Universities
228,NASA Goddard Institute for Space Studies,USA,Government
229,University of New South Wales,AUS,Universities
230,University of Science and Technology Beijing,CHN,Universities
231,Universite Claude Bernard Lyon 1 *,FRA,Universities
232,Stockholm University,SWE,Universities
233,Radboud University Nijmegen,NLD,Universities
234,Basque Excellence Research Centre *,ESP,Government
235,Laboratoire de Physique Nucleaire et de Hautes Energies,FRA,Government
236,Beijing Aerospace Automatic Control Institute,CHN,Government
237,Geoforschungszentrum Potsdam,DEU,Government
238,The Oskar Klein Centre for Cosmoparticle Physics,SWE,Government
239,"Northeastern University, USA",USA,Universities
240,U.S. Air Force,USA,Government
241,Australian Research Council Centre of Excellence for Gravitational Wave Discovery,AUS,Government
242,University of Exeter,GBR,Universities
243,"University of North Carolina, Chapel Hill *",USA,Universities
244,"Aerospace Information Research Institute, Chinese Academy of Sciences",CHN,Government
245,SLAC National Accelerator Laboratory,USA,Government
246,China University of Geosciences,CHN,Universities
247,Tel Aviv University,ISR,Universities
248,National Institute of Standards and Technology *,USA,Government
249,Tohoku University *,JPN,Universities
250,China Academy of Space Technology,CHN,Government
251,Institut de Ciencies de l'Espai,ESP,Government
252,Beijing Institute of Technology,CHN,Universities
253,"Purple Mountain Observatory, Chinese Academy of Sciences",CHN,Government
254,University of Nottingham *,GBR,Universities
255,Instituto Geografico Nacional *,ESP,Government
256,University of Surrey,GBR,Universities
257,Catholic University of Leuven,BEL,Universities
258,Netherlands Institute for Radio Astronomy,NLD,Government
259,Southern Methodist University,USA,Universities
260,US National Science Foundation *,USA,Government
261,Consejo Nacional de Investigaciones Cientificas y Tecnicas *,ARG,Government
262,George Mason University,USA,Universities
263,Argonne National Laboratory,USA,Government
264,"National Time Service Center, Chinese Academy of Sciences",CHN,Government
265,Fermi National Accelerator Laboratory,USA,Government
266,Tokai University *,JPN,Universities
267,University of Nevada-Reno,USA,Universities
268,University of East Anglia *,GBR,Universities
269,Cardiff University,GBR,Universities
270,Lomonosov  Moscow State University,RUS,Universities
271,University of Notre Dame,USA,Universities
272,Instituto Milenio de Astrofisica,CHL,Government
273,Virginia Polytechnic Institute and State University,USA,Universities
274,High Energy Accelerator Research Organization,JPN,Government
275,Centro de Astrobiologia,ESP,Government
276,Istituto di Radioastronomia,ITA,Government
277,University of Hertfordshire,GBR,Universities
278,"University of Minnesota, Twin Cities *",USA,Universities
279,Beijing Normal University *,CHN,Universities
280,Osterreichische Akademie der Wissenschaften *,AUT,Government
281,Vanderbilt University *,USA,Universities
282,Universidad Diego Portales,CHL,Universities
283,Osservatorio Astronomico di Brera,ITA,Government
284,Universidad Autonoma de Madrid *,ESP,Universities
285,National Center for Atmospheric Research,USA,Government
286,University of Birmingham,GBR,Universities
287,Seoul National University *,KOR,Universities
288,Institut fur Weltraumforschung Osterreichische Akademie der Wissenschaften,AUT,Government
289,Ecole Normale Superieure de Lyon *,FRA,Universities
290,Curtin University *,AUS,Universities
291,University of Oslo,NOR,Universities
292,University of Oklahoma *,USA,Universities
293,Ikerbasque-Basque Foundation for Science,ESP,Government
294,Hungarian Academy of Sciences *,HUN,Government
295,Uppsala University,SWE,Universities
296,Universitat Hamburg *,DEU,Universities
297,ESA Centre for Earth Observation,ITA,Government
297,Universitat zu Koln,DEU,Universities
299,Universite de Bordeaux *,FRA,Universities
300,University of Alberta,CAN,Universities
301,Portland State University,USA,Universities
301,Institut Pierre Simon Laplace,FRA,Government
303,"University of Massachusetts, Amherst",USA,Universities
304,Dalian University of Technology,CHN,Universities
305,Macquarie University *,AUS,Universities
306,Hokkaido University *,JPN,Universities
306,The Open University,GBR,Universities
308,Graduate University for Advanced Studies,JPN,Universities
309,SETI Institute,USA,Non-Profit
310,American Museum of Natural History,USA,Government
311,SRON Netherlands Institute for Space Research,NLD,Government
312,RIKEN-Institute of Physical and Chemical Research,JPN,Government
313,Universitat de Valencia *,ESP,Universities
314,Forschungszentrum Julich in der Helmholtz Gemeinschaft,DEU,Government
314,Universidad Complutense de Madrid *,ESP,Universities
316,Iowa State University,USA,Universities
317,Woods Hole Oceanographic Institution,USA,Non-Profit
318,Nicolaus Copernicus Astronomical Center Polish Academy of Sciences,POL,Government
318,University of Iowa *,USA,Universities
320,University of Helsinki,FIN,Universities
321,Institut Polytechnique de Grenoble *,FRA,Universities
322,Aarhus University *,DNK,Universities
323,Osservatorio Astrofisico di Torino,ITA,Government
324,Centre de Physique des Particules de Marseille,FRA,Government
325,Chalmers University of Technology *,SWE,Universities
326,The University of Queensland *,AUS,Universities
327,Sharif University of Technology,IRN,Universities
328,"Institute of Geology and Geophysics, Chinese Academy of Sciences",CHN,Government
329,University of Bristol,GBR,Universities
330,University of Melbourne *,AUS,Universities
331,University Putra Malaysia,MYS,Universities
332,Universitat Zurich,CHE,Universities
333,Laboratoire de Physique Subatomique et de Cosmologie,FRA,Government
334,Universite de Montreal,CAN,Universities
335,Western Washington University,USA,Universities
336,Consiglio Nazionale delle Ricerche *,ITA,Government
337,Japan Science & Technology Agency,JPN,Government
338,United States Department of Agriculture,USA,Government
339,National Institute of Water & Atmospheric Research,NZL,Government
340,Academy of Sciences of the Czech Republic *,CZE,Government
341,Lafayette College,USA,Universities
342,Universita degli Studi di Udine,ITA,Universities
343,Technical University of Denmark,DNK,Universities
344,Washington University in Saint Louis *,USA,Universities
345,Donostia International Physics Center ,ESP,Government
346,Trinity College Dublin *,IRL,Universities
347,Universita degli Studi di Roma La Sapienza,ITA,Universities
348,Istituto di Astrofisica e Planetologia Spaziali,ITA,Government
349,University of Calgary,CAN,Universities
350,University of Kentucky *,USA,Universities
351,Sichuan University *,CHN,Universities
352,Sun Yat-Sen University *,CHN,Universities
353,Osservatorio Astronomico di Capodimonte,ITA,Government
353,Fudan University *,CHN,Universities
355,Universitat Wien,AUT,Universities
356,Space Research Institute Russian Academy of Sciences,RUS,Government
357,Yunnan Astronomical Observatory,CHN,Government
358,US Naval Research Laboratory,USA,Government
359,Institut Universitaire de France,FRA,Government
360,Delft University of Technology,NLD,Universities
361,Romanian Academy *,ROU,Government
361,University of Sussex *,GBR,Universities
363,Hebrew University of Jerusalem,ISR,Universities
364,Oregon State University,USA,Universities
365,Laboratoire d'Annecy-le-Vieux de Physique des Particules,FRA,Government
366,North Carolina State University,USA,Universities
367,Brookhaven National Laboratory *,USA,Government
368,Chengdu University of Technology,CHN,Universities
369,Xi'an Jiaotong University *,CHN,Universities
370,Rochester Institute of Technology *,USA,Universities
371,Instituto de Fisica Fundamental,ESP,Government
372,Institut d'Astrophysique Spatiale,FRA,Government
373,"National Radio Astronomy Observatory, Socorro",USA,Government
373,Universite Montpellier *,FRA,Universities
375,Xidian University,CHN,Universities
376,Universidade de Lisboa *,PRT,Universities
377,Pohang University of Science and Technology,KOR,Universities
378,Eotvos Lorand University,HUN,Universities
379,University of Delaware,USA,Universities
380,Queen's University Belfast,GBR,Universities
381,Universite de Cergy-Pontoise *,FRA,Universities
382,"Shanghai Astronomical Observatory, Chinese Academy of Sciences ",CHN,Government
383,Universite de Liege,BEL,Universities
383,Observatoire Astronomique de Strasbourg,FRA,Government
385,Lawrence Livermore National Laboratory *,USA,Government
386,"Institut National de Recherche pour l'Agriculture, l'Alimentation et l'Environnement *",FRA,Government
387,Tata Institute of Fundamental Research,IND,Universities
388,Shanghai University,CHN,Universities
389,University of Central Florida,USA,Universities
390,Technische Universitat Dresden,DEU,Universities
391,University of Bath,GBR,Universities
392,Planetary Science Institute,USA,Non-Profit
393,"Airbus, Germany",DEU,Companies
394,Universite Clermont-Auvergne,FRA,Universities
395,Universite de Bourgogne *,FRA,Universities
396,Universita degli Studi di Torino,ITA,Universities
397,Rice University,USA,Universities
398,Universite d'Orleans *,FRA,Universities
399,University of Waterloo,CAN,Universities
399,University of Warsaw,POL,Universities
401,Laboratoire d'Astrophysique de Bordeaux - Observatoire de Bordeaux,FRA,Government
402,Jilin University *,CHN,Universities
403,"Queen Mary, University of London",GBR,Universities
404,"University of Alabama, Huntsville",USA,Universities
405,Clemson University,USA,Universities
406,Deutsche Elektronen-Synchrotron Desy,DEU,Government
407,Airbus SAS *,MUL,Companies
408,Institut de Radioastronomie Millimetrique,FRA,Government
409,Georg-August-Universitat Gottingen,DEU,Universities
410,Huazhong University of Science and Technology *,CHN,Universities
411,Tokyo Institute of Technology,JPN,Universities
412,Norwegian University of Science and Technology,NOR,Universities
412,China University of Mining and Technology,CHN,Universities
414,Tufts University,USA,Universities
415,University of Rochester *,USA,Universities
416,National Institute for Subatatomic Physics,NLD,Government
417,National Taiwan University,TWN,Universities
418,Charles University *,CZE,Universities
419,Centro de Fisica Miguel Antonio Catalan CS,ESP,Government
420,Centre National d'Etudes Spatiales *,FRA,Government
421,"University of Maryland, Baltimore County",USA,Universities
422,Ecole Normale Superieure de Paris *,FRA,Universities
423,Universite de Toulouse,FRA,Universities
423,University Corporation for Atmospheric Research,USA,Non-Profit
425,Ruhr-Universitat Bochum *,DEU,Universities
426,Universite de Haute-Alsace Mulhouse-Colmar *,FRA,Universities
427,Ocean University of China,CHN,Universities
428,Istituto Nazionale di Geofisica e Vulcanologia,ITA,Government
429,University of Malta,MLT,Universities
429,Universita degli Studi di Milano-Bicocca,ITA,Universities
431,Istituto di Astrofisica Spaziale e Fisica Cosmica di Milano,ITA,Government
432,University of Oregon,USA,Universities
433,Institut de Fisica d'Altes Energies,ESP,Government
434,Dartmouth College *,USA,Universities
435,Universidad de Antofagasta,CHL,Universities
436,Environment Canada,CAN,Government
436,Indiana University-Bloomington,USA,Universities
438,"University of Alabama, Tuscaloosa",USA,Universities
439,The Catholic University of America,USA,Universities
440,University of Nevada-Las Vegas,USA,Universities
441,University of Bergen,NOR,Universities
441,Universitat Potsdam,DEU,Universities
443,City University of New York *,USA,Universities
444,"State University of New York, Stony Brook *",USA,Universities
445,Keele University,GBR,Universities
446,Royal Holloway - University of London,GBR,Universities
447,Laboratoire Univers et Particules de Montpellier,FRA,Government
448,Universitat Bremen *,DEU,Universities
449,King Abdullah University of Science and Technology,SAU,Universities
449,Kings College London,GBR,Universities
451,Tongji University *,CHN,Universities
452,Trinity University,USA,Universities
453,University of Electronic Science and Technology of China,CHN,Universities
453,Laboratoire d'Etude du Rayonnement et de la Matiere en Astrophysique et Atmospheres,FRA,Government
455,"University of Missouri, Columbia *",USA,Universities
456,Universita degli Studi di Napoli Federico II,ITA,Universities
457,West Virginia University *,USA,Universities
458,Universite de Versailles Saint Quentin en Yvelines *,FRA,Universities
459,Utrecht University *,NLD,Universities
459,Ohio University,USA,Universities
459,Scuola Normale Superiore Pisa *,ITA,Universities
462,Barcelona Institute of Science and Technology *,ESP,Government
463,Kansas State University,USA,Universities
464,Kitami Institute of Technology,JPN,Universities
465,Universita degli Studi di Firenze,ITA,Universities
466,Yonsei University *,KOR,Universities
467,Universitat Politecnica de Valencia *,ESP,Universities
468,Xiamen University *,CHN,Universities
468,Northumbria University,GBR,Universities
470,Lockheed Martin Corp *,USA,Companies
471,Institut de Physique du Globe de Paris,FRA,Government
472,Instituto de Fisica Corpuscular,ESP,Government
473,Comision Nacional de Investigacion Cientifica y Tecnologica *,CHL,Government
474,University of Malaya *,MYS,Universities
475,Eberhard-Karls-Universitat Tubingen,DEU,Universities
476,Case Western Reserve University,USA,Universities
477,"Newcastle University, Newcastle upon Tyne",GBR,Universities
478,"Centro de Investigaciones Energeticas, Medioambientales y Tecnologicas *",ESP,Government
479,Southwest Jiaotong University,CHN,Universities
480,"University of Montana, Missoula",USA,Universities
481,Space Science Institute,USA,Non-Profit
481,Universita degli Studi di Milano,ITA,Universities
483,Research Centre for Astronomy and Earth Sciences Hungarian Academy of Sciences,HUN,Government
484,University of New Hampshire,USA,Universities
484,College of William and Mary,USA,Universities
486,"Ormat Technologies, United States",USA,Companies
486,Ormat Technologies Inc *,MUL,Companies
488,Uzbekistan Academy of Sciences *,UZB,Government
489,Florida State University *,USA,Universities
490,The University of Sheffield,GBR,Universities
491,Shandong University of Science and Technology,CHN,Universities
492,Universite de Lorraine *,FRA,Universities
493,U.S. Army *,USA,Government
494,Universitat Innsbruck *,AUT,Universities
495,Beijing Institute of Control Engineering,CHN,Government
496,University of KwaZulu-Natal *,ZAF,Universities
497,Institut Pluridisciplinaire Hubert Curien,FRA,Government
497,Karl Franzens Universitat Graz *,AUT,Universities
499,Hiroshima University *,JPN,Universities
500,Gottfried Wilhelm Leibniz Universitat Hannover,DEU,Universities
501,Museum National d'Histoire Naturelle *,FRA,Government
502,Universita degli Studi Roma Tre,ITA,Universities
503,Korea University of Science and Technology,KOR,Universities
504,Universite de Lyon,FRA,Universities
505,Oak Ridge National Laboratory,USA,Government
505,Rheinisch-Westfalische Technische Hochschule Aachen,DEU,Universities
507,"Wesleyan University, Middletown",USA,Universities
508,George Washington University *,USA,Universities
509,Nanjing University of Information Science and Technology,CHN,Universities
510,National Research Foundation *,ZAF,Government
511,Gran Sasso Science Institute,ITA,Universities
512,Tianjin University *,CHN,Universities
513,Friedrich-Alexander-Universitat Erlangen-Nurnberg *,DEU,Universities
514,Universite de Lille *,FRA,Universities
514,P P Shirshov Institute of Oceanology Russian Academy of Sciences,RUS,Government
516,Hohai University,CHN,Universities
517,Universidad de Santiago de Chile,CHL,Universities
518,Raytheon Technologies Corporation *,MUL,Companies
518,"Laboratoire Atmospheres, Milieux, Observations Spatiales",FRA,Government
520,"Laboratoire de Geologie de Lyon: Terre, Planetes et Environnement",FRA,Government
521,Institut Francais de Recherche pour l'Exploitation de la Mer *,FRA,Government
522,Junta de Andalucia Sevilla *,ESP,Government
523,National Institute of Advanced Industrial Science & Technology,JPN,Government
524,"University of Arkansas, Fayetteville",USA,Universities
525,University of South Carolina *,USA,Universities
526,Universidad de Granada *,ESP,Universities
527,Konkoly Observatory Hungarian Academy of Sciences,HUN,Government
528,Laboratoire d'Etudes en Geophysique et Oceanographie Spatiales,FRA,Government
529,Universidad Politecnica de Cartagena *,ESP,Universities
530,"Washington State University, Pullman *",USA,Universities
531,York University,CAN,Universities
532,University of Turku,FIN,Universities
533,University of Auckland,NZL,Universities
534,San Diego State University,USA,Universities
535,The University of Adelaide,AUS,Universities
536,Institut National des Sciences de l'Univers,FRA,Government
537,University of Ljubljana *,SVN,Universities
538,Swedish Institute of Space Physics,SWE,Government
539,Subaru Telescope,USA,Government
540,Pusan National University,KOR,Universities
541,University of New Mexico *,USA,Universities
542,McMaster University,CAN,Universities
543,University of San Francisco,USA,Universities
544,Universidad de Concepcion *,CHL,Universities
545,Universita degli Studi di Trieste,ITA,Universities
546,National Observatory of Athens,GRC,Government
546,Lancaster University *,GBR,Universities
548,University of Glasgow *,GBR,Universities
549,Laboratoire de Physique des 2 Infinis Irene Joliot-Curie,FRA,Government
550,Institucio Catalana de Recerca i Estudis Avancats,ESP,Government
551,University of Western Ontario,CAN,Universities
552,"University of Connecticut, Storrs *",USA,Universities
553,University of South Florida System *,USA,Universities
554,Universita degli Studi di Cagliari,ITA,Universities
555,Technische Universitat Berlin,DEU,Universities
556,P N Lebedev Physics Institute Russian Academy of Sciences,RUS,Government
556,National University of Singapore *,SGP,Universities
558,Karlsruher Institut fur Technologie,DEU,Universities
559,Ghent University,BEL,Universities
560,Dalhousie University *,CAN,Universities
561,Agenzia Spaziale Italiana,ITA,Government
562,Instituto de Fisica de Cantabria,ESP,Government
562,"University of Texas, San Antonio",USA,Universities
564,University of Louisville *,USA,Universities
565,Instituto de Geociencias,ESP,Government
566,Universita degli Studi di Salerno,ITA,Universities
567,University of Cape Town,ZAF,Universities
568,Universita degli Studi di Ferrara,ITA,Universities
569,The University of Reading,GBR,Universities
570,Inter-University Centre for Astronomy and Astrophysics,IND,Government
571,Texas Tech University,USA,Universities
572,Osaka University *,JPN,Universities
573,Aalto University,FIN,Universities
574,University of Georgia,USA,Universities
575,Chang'an University ,CHN,Universities
576,Rikkyo University,JPN,Universities
577,Max Planck Institut fur Meteorologie,DEU,Government
578,"Louisiana State University, Baton Rouge",USA,Universities
579,"ParisTech, Institut des Sciences et Technologies de Paris - PRES *",FRA,Government
580,Cranfield University,GBR,Universities
581,Astronomical Institute of the ASCR,CZE,Government
582,National Oceanography Centre Southampton,GBR,Government
583,American University,USA,Universities
584,Universidad Nacional de La Plata *,ARG,Universities
585,Kyung Hee University *,KOR,Universities
586,Georgia State University,USA,Universities
587,Rhodes University,ZAF,Universities
588,"Montana State University, Bozeman",USA,Universities
589,University of Houston,USA,Universities
590,Istituto di Geoscienze e Georisorse,ITA,Government
591,Universidad Politecnica de Madrid *,ESP,Universities
592,Universita degli Studi di Pisa,ITA,Universities
593,Perimeter Institute for Theoretical Physics,CAN,Non-Profit
594,Central South University *,CHN,Universities
595,University of Otago,NZL,Universities
596,University of Pretoria,ZAF,Universities
597,Universitat Politecnica de Catalunya *,ESP,Universities
598,"Universidad Andres Bello, Chile",CHL,Universities
599,University of South Florida,USA,Universities
600,Colorado School of Mines,USA,Universities
601,Universita degli Studi di Roma Tor Vergata,ITA,Universities
602,China Meteorological Administration,CHN,Government
602,Universita degli Studi della Campania Luigi Vanvitelli,ITA,Universities
604,Northern Arizona University,USA,Universities
605,Universidad de Valparaiso,CHL,Universities
606,Center for Theoretical Physics Polish Academy of Sciences,POL,Government
607,Osservatorio Astronomico Cagliari,ITA,Government
608,Consejo Nacional de Ciencia y Tecnologia *,MEX,Government
609,New Mexico State University,USA,Universities
610,Alfred Wegener Institut fur Polar und Meeresforschung,DEU,Government
611,Pacific Northwest National Laboratory,USA,Government
612,Missouri University of Science & Technology,USA,Universities
613,Centre d'Etudes Nucleaires de Bordeaux Gradignan,FRA,Government
614,Westfalische Wilhelms-Universitat Munster *,DEU,Universities
615,Universite de Franche-Comte *,FRA,Universities
616,The Chinese University of Hong Kong *,HKG,Universities
617,Universita degli Studi dell'Insubria,ITA,Universities
618,Universidad Catolica de la Santisima Concepcion,CHL,Universities
619,Scuola Internazionale Superiore di Studi Avanzati,ITA,Universities
620,Natural Environment Research Council *,GBR,Government
621,Universidade do Porto *,PRT,Universities
622,Swedish Research Council *,SWE,Government
623,Hirosaki University *,JPN,Universities
624,University of Kansas *,USA,Universities
625,University of the Pacific,USA,Universities
626,Sungkyunkwan University,KOR,Universities
626,Universitat Autonoma de Barcelona *,ESP,Universities
628,Laboratoire d'Oceanographie et du Climat: Experimentations et Approches Numeriques,FRA,Government
629,Technion - Israel Institute of Technology *,ISR,Universities
630,Lanzhou University *,CHN,Universities
631,Southern University of Science and Technology,CHN,Universities
632,University of Manitoba,CAN,Universities
633,Universite Savoie Mont Blanc *,FRA,Universities
633,Peoples'Friendship University of Russia,RUS,Universities
635,"Institute of Tibetan Plateau Research, Chinese Academy of Sciences",CHN,Government
636,Natural History Museum London,GBR,Government
636,Institut de Physique des 2 Infinis de Lyon,FRA,Government
638,Freie Universitat Berlin,DEU,Universities
639,Universidad de La Serena,CHL,Universities
639,Institut National de Recherche en Informatique et en Automatique *,FRA,Government
641,Universitat Stuttgart,DEU,Universities
642,Onsala Space Observatory,SWE,Government
642,British Antarctic Survey,GBR,Government
644,Politecnico di Milano,ITA,Universities
645,Universidade Federal do Rio Grande do Sul,BRA,Universities
646,University of Canterbury,NZL,Universities
647,University of Wyoming,USA,Universities
648,Nanchang University *,CHN,Universities
649,"Raytheon Co, USA",USA,Companies
650,University of the Western Cape,ZAF,Universities
651,Universidade Federal do Espirito Santo,BRA,Universities
652,Technische Universitat Darmstadt,DEU,Universities
653,The University of Hong Kong *,HKG,Universities
653,Indian Institute of Astrophysics,IND,Government
655,Ecole Polytechnique,FRA,Universities
656,Royal Institute of Technology,SWE,Universities
657,Universidad Bernardo O'Higgins,CHL,Universities
658,The University of Kent,GBR,Universities
658,Universidad de Cantabria *,ESP,Universities
660,Institut des Sciences de la Terre de Paris,FRA,Government
661,Universita degli Studi di Palermo,ITA,Universities
662,University of Tasmania,AUS,Universities
663,Humboldt-Universitat zu Berlin,DEU,Universities
663,Queen's University,CAN,Universities
665,Frankfurt Institute for Advanced Studies,DEU,Non-Profit
666,Helmholtz-Zentrum fur Ozeanforschung Kiel Umgewandelt,DEU,Government
667,Abdus Salam International Centre for Theoretical Physics,ITA,Government
668,Christian-Albrechts-Universitat zu Kiel,DEU,Universities
669,Jinan University *,CHN,Universities
670,New Jersey Institute of Technology,USA,Universities
671,City University of New York Graduate Center,USA,Universities
672,Moscow Institute of Physics and Technology,RUS,Universities
673,National Academy of Sciences of Ukraine *,UKR,Government
674,National Central University,TWN,Universities
675,Nanyang Technological University *,SGP,Universities
676,University of Toledo *,USA,Universities
677,Johann Wolfgang Goethe-Universitat Frankfurt am Main *,DEU,Universities
678,Institut Terre et Environnement de Strasbourg,FRA,Government
679,University of Zagreb,HRV,Universities
680,National Tsing Hua University,TWN,Universities
681,Universidad Nacional de Cordoba *,ARG,Universities
682,Dublin Institute For Advanced Studies,IRL,Non-Profit
683,"Institute of Oceanology, Chinese Academy of Sciences",CHN,Government
684,GSI Helmholtzzentrum fur Schwerionenforschung GmbH,DEU,Government
684,Kobe University *,JPN,Universities
684,University of Pune,IND,Universities
687,Indian Institute of Science,IND,Universities
688,"Indian Institute of Technology, Hyderabad",IND,Universities
689,Centro Cientifico Tecnologico La Plata,ARG,Government
690,Natural Resources Canada,CAN,Government
691,Ryerson University,CAN,Universities
692,Alikhanov Institute for Theoretical and Experimental Physics,RUS,Government
693,"Institute of Atmospheric Physics, Chinese Academy of Sciences",CHN,Government
694,National Research Nuclear University MEPhI,RUS,Universities
695,"University of Texas, Arlington",USA,Universities
696,China Academy of Launch Vehicle Technology,CHN,Government
697,"Institute of High Energy Physics, Chinese Academy of Science",CHN,Government
698,Wayne State University,USA,Universities
699,Foundation for Research and Technology Hellas *,GRC,Government
700,University of Central Lancashire,GBR,Universities
701,Ecole Nationale du Genie de l'Eau et de l'Environnement de Strasbourg *,FRA,Universities
702,University of Southern Queensland,AUS,Universities
703,"Sandia National Laboratories, New Mexico",USA,Government
704,Osservatorio Astrofisico di Catania,ITA,Government
705,Kyoto Sangyo University,JPN,Universities
706,Universite de Nantes *,FRA,Universities
707,National Institute of Science Education and Research,IND,Government
708,Universitat de les Illes Balears *,ESP,Universities
709,University of Tsukuba *,JPN,Universities
710,China Earthquake Administration,CHN,Government
711,GNS Science,NZL,Companies
712,Max Planck Institut fur Physik,DEU,Government
713,Dublin City University,IRL,Universities
714,University of Johannesburg,ZAF,Universities
714,Lowell Observatory,USA,Non-Profit
716,University of Oulu,FIN,Universities
717,Drexel University,USA,Universities
718,Universidad de Buenos Aires *,ARG,Universities
719,Joint Institute for Laboratory Astrophysics,USA,Government
720,Universita degli Studi di Parma,ITA,Universities
721,Max Planck Institut fur Kernphysik,DEU,Government
722,Florida Institute of Technology,USA,Universities
723,Massey University,NZL,Universities
724,University College Dublin,IRL,Universities
725,Skolkovo Institute of Science and Technology,RUS,Universities
726,Universitat Duisburg Essen *,DEU,Universities
727,Xinjiang Astronomical Observatory,CHN,Government
728,Villanova University,USA,Universities
729,China Electronics Technology Group Corp *,CHN,Companies
730,Laval University,CAN,Universities
731,Howard University *,USA,Universities
732,Geosciences Montpellier,FRA,Government
733,Universite Paris-Est Creteil *,FRA,Universities
733,"Northwest Institute of Eco-Environment and Resources, Chinese Academy of Sciences",CHN,Government
735,University of Strathclyde *,GBR,Universities
736,"Universite des Antilles, Guadeloupe *",GLP,Universities
737,Institut de Mineralogie et de Physique des Milieux Condenses,FRA,Government
738,Universitat der Bundeswehr Munchen,DEU,Universities
738,Princeton Plasma Physics Laboratory,USA,Government
740,Meteo-France *,FRA,Government
741,University of Szeged,HUN,Universities
742,Universite Libre de Bruxelles,BEL,Universities
743,Nanjing Normal University,CHN,Universities
744,Marquette University,USA,Universities
745,Universita degli Studi di Siena,ITA,Universities
746,Universidade Federal de Minas Gerais,BRA,Universities
747,Shanghai University of Engineering Science,CHN,Universities
748,Universite de Bretagne Occidentale *,FRA,Universities
748,Okayama University *,JPN,Universities
750,"University of Wisconsin, Milwaukee",USA,Universities
751,GLA University,IND,Universities
752,Jagiellonian University,POL,Universities
753,Kyushu University *,JPN,Universities
754,Lehigh University,USA,Universities
755,Guangzhou University,CHN,Universities
755,University of Miami *,USA,Universities
757,Royal Belgian Institute of Natural Sciences,BEL,Government
758,"Guangzhou Institute of Geochemistry, Chinese Academy of Sciences",CHN,Government
759,British Geological Survey,GBR,Government
760,Laboratori Nazionali di Frascati,ITA,Government
761,State Oceanic Administration,CHN,Government
762,Chiba University *,JPN,Universities
763,National Centre for Nuclear Research,POL,Government
764,University at Texas Rio Grande Valley,USA,Universities
765,Centre de Recherches Petrographiques et Geochimiques,FRA,Government
766,Instituto de Astrofisica e Ciencias do Espaco,PRT,Universities
767,Brigham Young University,USA,Universities
768,Instituto Nacional de Astrofisica Optica y Electronica,MEX,Government
768,Universita degli Studi di Perugia,ITA,Universities
770,Japan Meteorological Agency,JPN,Government
771,Korea Advanced Institute of Science and Technology *,KOR,Universities
772,Friedrich-Schiller-Universitat Jena *,DEU,Universities
773,Shibaura Institute of Technology,JPN,Universities
774,Aerospace Corp,USA,Companies
774,Technische Universitat Braunschweig,DEU,Universities
776,Finnish Meteorological Institute,FIN,Government
777,"University of Alaska, Fairbanks",USA,Universities
778,Universite de Rennes 1 *,FRA,Universities
779,Chongqing University,CHN,Universities
780,National Research Institute for Earth Science and Disaster Prevention,JPN,Government
781,San Jose State University,USA,Universities
782,"National University of Ireland, Galway",IRL,Universities
783,Universidad de Alcala *,ESP,Universities
784,Institute for Basic Science,KOR,Government
785,Universidad del Pais Vasco *,ESP,Universities
786,Istituto Universitario di Studi Superiori Pavia,ITA,Universities
787,"Indian Institute of Science Education and Research, Kolkata",IND,Government
788,Royal Netherlands Institute for Sea Research,NLD,Government
789,Ulsan National Institute of Science and Technology *,KOR,Universities
790,Observatoire Midi Pyrenees,FRA,Government
791,Western Michigan University,USA,Universities
791,Universitat Basel,CHE,Universities
793,University of Cincinnati *,USA,Universities
793,Escuela Politecnica Nacional,ECU,Universities
795,Boston College,USA,Universities
796,Plymouth University,GBR,Universities
797,Catholic University of Louvain,BEL,Universities
798,Universidade Federal do Rio de Janeiro *,BRA,Universities
799,Aristotle University of Thessaloniki,GRC,Universities
800,Saint Petersburg State University,RUS,Universities
801,"Indian Institute of Technology, Bombay",IND,Universities
802,University of Wroclaw,POL,Universities
803,University of Iceland,ISL,Universities
804,Ehime University *,JPN,Universities
805,Laboratoire Leprince-Ringuet,FRA,Government
806,National Yang Ming Chiao Tung University,TWN,Universities
807,Universita degli Studi di Trento,ITA,Universities
808,Vrije Universiteit Amsterdam *,NLD,Universities
809,Polar Research Institute of China,CHN,Government
810,"Innovation Academy for Precision Measurement Science and Technology, Chinese Academy of Sciences",CHN,Government
811,Masaryk University,CZE,Universities
812,Institute of Physics of the ASCR,CZE,Government
813,Universidade de Coimbra *,PRT,Universities
814,Yunnan University,CHN,Universities
815,University of Crete,GRC,Universities
816,National Institute of Information and Communications Technology,JPN,Government
817,Universitat Bielefeld,DEU,Universities
817,Pontificia Universidad Catolica de Valparaiso *,CHL,Universities
819,Chinese Academy of Meteorological Sciences,CHN,Government
820,The University of Hull,GBR,Universities
821,University of Liverpool *,GBR,Universities
822,Universidad de Atacama,CHL,Universities
823,Fukuoka University *,JPN,Universities
823,Office National d'Etudes et de Recherches Aerospatiales Chatillon *,FRA,Government
825,Universita degli Studi di Camerino,ITA,Universities
826,Japan Agency for Marine-Earth Science and Technology,JPN,Government
827,Istituto per la Scienza e Tecnologia dei Plasmi,ITA,Government
828,Laboratoire de Physique des Plasmas,FRA,Government
829,University of Athens,GRC,Universities
830,"New York University, Abu Dhabi",ARE,Universities
831,Chungnam National University,KOR,Universities
832,Bureau of Meteorology *,AUS,Government
833,Tokyo Metropolitan University,JPN,Universities
834,Embry-Riddle Aeronautical University *,USA,Universities
835,Politecnico di Torino *,ITA,Universities
836,Universidade Estadual de Campinas *,BRA,Universities
837,Auburn University,USA,Universities
838,"University of Tennessee, Knoxville *",USA,Universities
839,Syracuse University,USA,Universities
840,Ruder Boskovic Institute *,HRV,Government
841,Smithsonian National Museum of Natural History,USA,Government
841,Universita degli Studi di Genova,ITA,Universities
843,Institut des Sciences de la Terre,FRA,Government
844,Pondicherry University,IND,Universities
845,Indian Institute of Space Science and Technology,IND,Universities
845,Utah State University *,USA,Universities
847,University of Tehran,IRN,Universities
848,Universidade Estadual Paulista Julio de Mesquita Filho,BRA,Universities
849,Silesian University in Opava,CZE,Universities
850,Centro Studi e Ricerche Enrico Fermi,ITA,Government
851,Universita degli Studi di Catania,ITA,Universities
851,Beijing Institute of Tracking and Telecommunications Technology,CHN,Non-Profit
853,Aryabhatta Research Institute of Observational Sciences,IND,Government
854,Guangxi University,CHN,Universities
854,Physical Research Laboratory,IND,Government
856,Universita degli Studi di Sassari,ITA,Universities
857,Universite de Reims Champagne-Ardenne *,FRA,Universities
858,North-West University,ZAF,Universities
859,Raman Research Institute,IND,Government
860,Laboratoire Magmas et Volcans,FRA,Government
861,Waseda University,JPN,Universities
862,University of North Texas,USA,Universities
863,Centro Brasileiro de Pesquisas Fisicas,BRA,Government
864,Huazhong Normal University,CHN,Universities
865,Hanyang University *,KOR,Universities
866,Universita della Calabria,ITA,Universities
867,Universita degli Studi di Urbino Carlo Bo,ITA,Universities
868,"Institute of Earth Sciences, Academia Sinica",TWN,Government
869,Keio University *,JPN,Universities
869,Haverford College in Pennsylvania,USA,Universities
871,Chiba Institute of Technology,JPN,Universities
872,Nanjing University of Science and Technology,CHN,Universities
873,Universite Mohammed V de Rabat *,MAR,Universities
874,University of Aizu,JPN,Universities
875,Universidade Federal de Santa Catarina *,BRA,Universities
876,"University of Texas, Dallas",USA,Universities
877,Korea Institute for Advanced Study,KOR,Government
878,Institute of Atmospheric Physics of the ASCR,CZE,Government
879,University of Namur,BEL,Universities
880,Academy of Athens,GRC,Government
881,Mahidol University *,THA,Universities
882,"Science System and Applications, Inc",USA,Companies
883,Michigan Technological University,USA,Universities
884,University of Tampa,USA,Universities
884,Rensselaer Polytechnic Institute,USA,Universities
886,Chungbuk National University,KOR,Universities
887,Johannes Gutenberg-Universitat Mainz *,DEU,Universities
887,Nicolaus Copernicus University,POL,Universities
889,Centro Cientifico Tecnologico de Cordoba,ARG,Government
890,Universidad Catolica del Norte,CHL,Universities
891,Old Dominion University,USA,Universities
891,Adam Mickiewicz University,POL,Universities
893,Saint Mary's University,CAN,Universities
894,Institute of Astronomy Russian Academy of Sciences,RUS,Government
895,Laboratoire des Sciences du Climat et l'Environnement,FRA,Government
895,University of Rhode Island,USA,Universities
897,Universidad Autonoma del Estado de Hidalgo,MEX,Universities
898,Universitat d'Alacant *,ESP,Universities
899,Geosciences Environnement Toulouse,FRA,Government
900,Universidad de Oviedo *,ESP,Universities
901,Istituto di Fotonica e Nanotecnologie,ITA,Government
902,The Hong Kong University of Science and Technology,HKG,Universities
903,Technische Universitat Graz *,AUT,Universities
903,University of Nigeria,NGA,Universities
905,Universidad de Valladolid *,ESP,Universities
906,Universidad de Sevilla *,ESP,Universities
907,Helsinki Institute of Physics,FIN,Government
907,Comision de Investigaciones Cientificas *,ARG,Government
909,Boise State University,USA,Universities
910,Universite de Lausanne,CHE,Universities
911,University of Tromso - The Arctic University of Norway,NOR,Universities
911,Universite Gustave Eiffel *,FRA,Universities
913,Ben-Gurion University of the Negev *,ISR,Universities
913,Baylor University,USA,Universities
915,Tianjin Normal University,CHN,Universities
916,Information Engineering University,CHN,Universities
917,Instituto de Salud Carlos III *,ESP,Health
918,Victoria University of Wellington,NZL,Universities
919,University of New Brunswick,CAN,Universities
920,East China Normal University,CHN,Universities
920,Universidad Michoacana de San Nicolas de Hidalgo,MEX,Universities
922,Birla Institute of Technology and Science *,IND,Universities
923,Swarthmore College,USA,Universities
924,Universidad de Almeria *,ESP,Universities
924,Medical University of Warsaw,POL,Universities
926,Vrije Universiteit Brussel,BEL,Universities
927,Julius-Maximilians-Universitat Wurzburg *,DEU,Universities
928,Ibaraki University,JPN,Universities
929,"Istituto Superconduttori, Materiali Innovativi e Dispositivi",ITA,Government
930,"Institute of Geochemistry, Chinese Academy of Sciences",CHN,Government
930,Instituto de Astronomia y Fisica del Espacio,ARG,Government
932,"California Polytechnic State University, San Luis Obispo",USA,Universities
933,National Taiwan Normal University,TWN,Universities
934,New Mexico Institute of Mining and Technology *,USA,Universities
935,Malmo University,SWE,Universities
936,Kagoshima University *,JPN,Universities
937,"Institute of Earth Environment, Chinese Academy of Science",CHN,Government
938,Universidad de Malaga *,ESP,Universities
939,Institut de Physique de Rennes,FRA,Government
939,A.Alikhanyan National Laboratory,ARM,Government
941,Henryk Niewodniczanski Institute of Nuclear Physics Polish Academy of Sciences,POL,Government
941,Technische Universitat Dortmund *,DEU,Universities
941,Special Astrophysical Observatory Russian Academy of Sciences,RUS,Government
944,Yamaguchi University *,JPN,Universities
945,Christ University,IND,Universities
946,Carleton University,CAN,Universities
947,Ioffe Institute Russian Academy of Sciences,RUS,Government
948,Ewha Womans University *,KOR,Universities
949,Royal Military College of Canada,CAN,Universities
950,Universitat Bayreuth,DEU,Universities
951,"Indian Institute of Technology, Kanpur",IND,Universities
952,Saha Institute of Nuclear Physics,IND,Government
953,Geosciences Rennes,FRA,Government
954,Universita degli Studi di Pavia,ITA,Universities
955,Vilnius University,LTU,Universities
955,Hampton University,USA,Universities
957,Institute for Research in Fundamental Sciences,IRN,Government
958,"California State University, Northridge",USA,Universities
959,Kanazawa University *,JPN,Universities
960,Universitat Leipzig *,DEU,Universities
961,University of Tartu,EST,Universities
962,Universidad Adolfo Ibanez,CHL,Universities
962,Technische Universitat Wien *,AUT,Universities
964,Civil Aviation University of China,CHN,Universities
965,Bulgarian Academy of Sciences *,BGR,Government
966,Chinese Academy of Geological Sciences *,CHN,Government
966,Trento Institute for Fundamental Physics and Applications,ITA,Government
968,Institute of Nuclear Research Hungarian Academy of Sciences,HUN,Government
969,Institut National de la Sante et de la Recherche Medicale *,FRA,Health
970,"California State Polytechnic University, Pomona",USA,Universities
971,Hong Kong Polytechnic University,HKG,Universities
971,Meiji University,JPN,Universities
973,Macau University of Science and Technology,MAC,Universities
974,Florida Atlantic University,USA,Universities
975,"California State University, Los Angeles",USA,Universities
976,University of Waikato,NZL,Universities
976,Universitat Rostock *,DEU,Universities
978,Naval Postgraduate School,USA,Universities
979,Chiang Mai University,THA,Universities
980,"University of the Witwatersrand, Johannesburg",ZAF,Universities
981,Chulalongkorn University,THA,Universities
982,Kindai University *,JPN,Universities
983,Universidade Federal de Santa Maria *,BRA,Universities
984,Kwansei Gakuin University,JPN,Universities
985,Bar-Ilan University,ISR,Universities
986,"City University of New York, Hunter College",USA,Universities
987,"Northrop Grumman Corp, USA",USA,Companies
988,Universidad de Cadiz *,ESP,Universities
989,Zhengzhou University *,CHN,Universities
990,Tokyo University of Science,JPN,Universities
991,Institut des Sciences Moleculaires d'Orsay,FRA,Government
991,Umea University *,SWE,Universities
993,University of Delhi *,IND,Universities
993,China Three Gorges University,CHN,Universities
995,Aberystwyth University,GBR,Universities
996,Universite d'Angers *,FRA,Universities
997,Slovak Academy of Sciences *,SVK,Government
997,University of Idaho,USA,Universities
999,Osaka Metropolitan University *,JPN,Universities
1000,"Indian Institute of Technology, Gandhinagar",IND,Universities
1001,"University of Hawaii, Hilo",USA,Universities
1002,National Institute of Polar Research,JPN,Government
1003,China Academy of Engineering Physics *,CHN,Government
1004,Kyungpook National University *,KOR,Universities
1005,Laboratori Nazionali del Sud,ITA,Government
1005,Universita del Salento,ITA,Universities
1007,Office National d'Etudes et de Recherches Aerospatiales Palaiseau,FRA,Government
1008,"Institute of Urban Environment, Chinese Academy of Sciences",CHN,Government
1009,The University of Newcastle,AUS,Universities
1010,University of Belgrade,SRB,Universities
1011,Institut de Ciencies del Mar ,ESP,Government
1012,Sejong University,KOR,Universities
1013,"State University of New York, Albany",USA,Universities
1014,University of Zielona Gora,POL,Universities
1015,Institut des Sciences Moleculaires,FRA,Government
1016,"University of Massachusetts, Lowell",USA,Universities
1017,Chinese Academy of Social Sciences,CHN,Government
1018,Bandung Institute of Technology,IDN,Universities
1019,"Birkbeck, University of London",GBR,Universities
1019,Saitama University,JPN,Universities
1021,University of Lodz,POL,Universities
1022,Niigata University *,JPN,Universities
1023,Central Astronomical Observatory Russian Academy of Sciences,RUS,Government
1024,Universidade Federal do ABC,BRA,Universities
1025,Centre Mediterrani d'Investigacions Marines i Ambientals CS,ESP,Government
1026,The Institute of Statistical Mathematics,JPN,Government
1027,Paul Scherrer Institute,CHE,Government
1028,Sabanci University,TUR,Universities
1029,University of Bialystok,POL,Universities
1030,Institute for Nuclear Research Russian Academy of Sciences,RUS,Government
1031,Franklin & Marshall College,USA,Universities
1032,Universitat Augsburg,DEU,Universities
1032,The University of Winnipeg,CAN,Universities
1034,Meteorological Research Institute,JPN,Government
1035,Ural Federal University,RUS,Universities
1036,"University of Colorado, Denver *",USA,Universities
1037,Universidad de Zaragoza *,ESP,Universities
1038,Inje University *,KOR,Universities
1039,National Institute of Technology Rourkela,IND,Universities
1040,Helmholtz-Zentrum Hereon,DEU,Government
1041,University of Mississippi *,USA,Universities
1042,National Defense Academy of Japan,JPN,Universities
1043,University of Nova Gorica,SVN,Universities
1044,Shanghai Normal University,CHN,Universities
1045,Universidade de Vigo *,ESP,Universities
1045,Universidad de Guadalajara,MEX,Universities
1047,Open University of Israel,ISR,Universities
1048,Kogakuin University,JPN,Universities
1049,"Indian Institute of Technology, Varanasi",IND,Universities
1050,University of Saskatchewan,CAN,Universities
1051,Centros de Investigacion do Sistema Universitario Galego *,ESP,Government
1052,Anhui Normal University,CHN,Universities
1053,Institute of Applied Physics Russian Academy of Sciences,RUS,Government
1054,Oberlin College,USA,Universities
1054,Albert-Ludwigs-Universitat Freiburg im Breisgau,DEU,Universities
1056,Universidade de Aveiro,PRT,Universities
1057,Korea Institute of Science and Technology Information,KOR,Government
1058,Max Planck Institut fur Chemie,DEU,Government
1059,Universidad de Guanajuato,MEX,Universities
1060,Benemerita Universidad Autonoma de Puebla *,MEX,Universities
1061,"Xi'an Institute of Optics and Precision Mechanics, Chinese Academy of Sciences",CHN,Government
1062,Ecole Superieure de Physique et de Chimie Industrielles de la Ville de Paris,FRA,Universities
1063,Aoyama Gakuin University,JPN,Universities
1064,National Sun Yat-sen University,TWN,Universities
1065,Russian Research Centre Kurchatov Institute,RUS,Government
1066,Hebei Normal University,CHN,Universities
1067,Pandit Ravishankar Shukla University,IND,Universities
1068,"California State University, Fullerton",USA,Universities
1069,Kumaun University,IND,Universities
1070,"University of Colorado, Anschutz Medical Campus",USA,Universities
1071,"University of Colorado, Colorado Springs",USA,Universities
1071,"Indian Institute of Science Education and Research, Mohali",IND,Government
1073,University of Gothenburg,SWE,Universities
1074,Konan University,JPN,Universities
1075,Kumamoto University *,JPN,Universities
1076,Vietnam Academy of Science and Technology *,VNM,Government
1077,Institute of Solar-Terrestrial Physics Russian Academy of Sciences,RUS,Government
1078,Instituto Politecnico Nacional *,MEX,Universities
1079,Universidade Federal do Rio Grande do Norte,BRA,Universities
1080,Montclair State University,USA,Universities
1081,"Presidency University, Kolkata",IND,Universities
1081,Jacobs University Bremen *,DEU,Universities
1083,State University - Higher School of Economics,RUS,Universities
1084,Carl von Ossietzky Universitat Oldenburg,DEU,Universities
1085,Universidad Nacional de San Juan *,ARG,Universities
1086,Nazarbayev University,KAZ,Universities
1087,Universidad de la Republica *,URY,Universities
1088,Universidad Nacional de Colombia *,COL,Universities
1089,"Indian Institute of Technology, Indore",IND,Universities
1090,Isfahan University of Technology,IRN,Universities
1091,Universidade de Brasilia,BRA,Universities
1092,"University of Alaska, Anchorage",USA,Universities
1093,Universidade Federal do Rio Grande,BRA,Universities
1094,"South China Sea Institute of Oceanology, Chinese Academy of Sciences",CHN,Government
1095,Universita degli Studi Gabriele d'Annunzio di Chieti e Pescara,ITA,Universities
1096,United Arab Emirates University,ARE,Universities
1097,University of the Free State,ZAF,Universities
1098,Universidad Autonoma de Chiapas,MEX,Universities
1099,Xiangtan University,CHN,Universities
1100,Institute of Spacecraft System Engineering,CHN,Government
1101,Istanbul University *,TUR,Universities
1102,Shinshu University *,JPN,Universities
1103,"Indian Institute of Science Education and Research, Bhopal",IND,Government
1104,Lulea University of Technology,SWE,Universities
1104,University of Seoul,KOR,Universities
1106,University of Rwanda *,RWA,Universities
1107,S.N. Bose National Centre for Basic Sciences ,IND,Government
1108,University of Regina,CAN,Universities
1109,United States Naval Academy,USA,Universities
1110,"Indian Institute of Science Education and Research, Pune",IND,Government
1111,Kazan Federal University,RUS,Universities
1112,Universidade Federal de Sao Paulo *,BRA,Universities
1113,"University of the Punjab, Lahore",PAK,Universities
1114,Charles Sturt University,AUS,Universities
1115,King Abdulaziz University *,SAU,Universities
1115,Medical University of Lodz,POL,Universities
1117,Fachhochschule Nordwestschweiz,CHE,Universities
1117,SRI International,USA,Non-Profit
1119,Museum fur Naturkunde Berlin,DEU,Non-Profit
1120,Universidade de Santiago de Compostela *,ESP,Universities
1121,Tennessee State University,USA,Universities
1122,AlbaNova University Center,SWE,Universities
1123,University of Electro-Communications,JPN,Universities
1123,Shahid Beheshti University,IRN,Universities
1125,Pedagogical University of Cracow,POL,Universities
1126,University of Southern Denmark,DNK,Universities
1127,National Cheng Kung University,TWN,Universities
1128,Institute for Nuclear Research and Nuclear Energy Bulgarian Academy of Sciences,BGR,Government
1129,University of Debrecen,HUN,Universities
1129,Yokohama National University,JPN,Universities
1131,National University of Computer and Emerging Sciences,PAK,Universities
1132,Universidad de Extremadura *,ESP,Universities
1133,Keldysh Institute for Applied Mathematics Russian Academy of Sciences,RUS,Government
1134,Universidad de Murcia *,ESP,Universities
1135,Chennai Mathematical Institute,IND,Universities
1136,Universita degli Studi di Bari,ITA,Universities
1137,Universidad de Tarapaca,CHL,Universities
1138,Guizhou University,CHN,Universities
1139,Novosibirsk State University,RUS,Universities
1140,National Institute for Environmental Studies,JPN,Government
1140,Universidad Nacional de Cuyo *,ARG,Universities
1142,Japan Atomic Energy Agency,JPN,Government
1143,University of Split,HRV,Universities
1144,Instituto Presbiteriano Mackenzie *,BRA,Non-Profit
1145,Semmelweis University,HUN,Universities
1146,Wigner Research Centre for Physics,HUN,Government
1147,China Aerodynamics Research and Development Center,CHN,Government
1148,King Saud University *,SAU,Universities
1149,City University of Hong Kong *,HKG,Universities
1150,Okayama University of Science,JPN,Universities
1151,"Indian Institute of Technology, Kharagpur",IND,Universities
1152,Institute of Mathematics Polish Academy of Sciences,POL,Government
1153,University of the West of Scotland,GBR,Universities
1154,Nihon University *,JPN,Universities
1155,National Academy of Sciences of Armenia *,ARM,Government
1156,Manipal University,IND,Universities
1157,Guilin University of Technology,CHN,Universities
1158,Institute for Space Sciences,ROU,Government
1159,Institute for Plasma Research,IND,Government
1160,Khalifa University *,ARE,Universities
1161,Universidad Autonoma de Chile,CHL,Universities
1161,"China Medical University, Taichung *",TWN,Universities
1163,China West Normal University,CHN,Universities
1164,National Research Institute of Astronomy and Geophysics,EGY,Government
1165,Ithaca College,USA,Universities
1165,Laboratoire Kastler Brossel,FRA,Government
1167,University of Western Sydney,AUS,Universities
1168,University of Antwerp,BEL,Universities
1169,Institut National des Sciences Appliquees de Rennes *,FRA,Universities
1170,Tokushima University *,JPN,Universities
1171,University of Shizuoka,JPN,Universities
1172,Toho University *,JPN,Universities
1173,"Changchun Institute of Optics Fine Mechanics and Physics, Chinese Academy of Sciences",CHN,Government
1174,"Institute of Modern Physics, Chinese Academy of Sciences",CHN,Government
1175,Ankara University,TUR,Universities
1176,Universita degli Studi del Sannio,ITA,Universities
1176,Manipal Global Education Group *,MUL,Companies
1178,Southern Federal University,RUS,Universities
1179,Beijing Academy of Science and Technology *,CHN,Government
1180,University of Hyogo,JPN,Universities
1181,Universidad de Puerto Rico *,PRI,Universities
1182,Universite du Quebec en Quebec *,CAN,Universities
1183,Mbarara University of Science and Technology,UGA,Universities
1184,University of Rijeka,HRV,Universities
1185,Universite Cadi Ayyad *,MAR,Universities
1186,Maria Curie Sklodowska University,POL,Universities
1187,Leibniz Institut fur Tropospharenforschung,DEU,Government
1188,Kochi University *,JPN,Universities
1189,Universidade Presbiteriana Mackenzie,BRA,Universities
1190,Indian Space Research Organization *,IND,Government
1191,"Indian Institute of Technology, Madras",IND,Universities
1192,Centro de Investigacion Cientifica y de Educacion Superior de Ensenada,MEX,Government
1192,Universita degli Studi di Napoli Parthenope,ITA,Universities
1194,Raja Ramanna Centre for Advanced Technology,IND,Government
1195,Doshisha University,JPN,Universities
1196,University of Namibia,NAM,Universities
1197,Yunnan Normal University,CHN,Universities
1198,Kaohsiung Medical University,TWN,Universities
1199,Indian Institute of Tropical Meteorology,IND,Government
1200,"Northwest University, Xi'an",CHN,Universities
1201,Korea Polar Research Institute,KOR,Government
1202,Guizhou Normal University,CHN,Universities
1203,Taras Shevchenko National University of Kyiv,UKR,Universities
1204,Ege University,TUR,Universities
1205,Institute of Terrestrial Magnetism Ionosphere and Radiowave Propagation Russian Academy of Sciences,RUS,Government
1206,Bauman Moscow State Technical University,RUS,Universities
1207,Homi Bhabha National Institute,IND,Universities
1208,Politecnico di Bari,ITA,Universities
1209,University Centre in Svalbard,NOR,Universities
1210,Al-Farabi Kazakh National University,KAZ,Universities
1211,Maastricht University,NLD,Universities
1212,Ilia State University,GEO,Universities
1213,University of Calcutta,IND,Universities
1213,"Indian Institute of Technology, Roorkee",IND,Universities
1215,Addis Ababa University,ETH,Universities
1216,Canakkale Onsekiz Mart Universitesi *,TUR,Universities
1217,University of Lagos,NGA,Universities
1218,United Schmidt Institute of Physics of the Earth Russian Academy of Sciences,RUS,Government
1219,Universidad Tecnica Federico Santa Maria *,CHL,Universities
1220,Institute of Space Technology,PAK,Universities
1221,Cairo University *,EGY,Universities
1222,Universidade Cruzeiro do Sul,BRA,Universities
1223,National University of Malaysia *,MYS,Universities
1224,Council of Scientific and Industrial Research *,IND,Government
1225,Instituto Tecnologico de Aeronautica,BRA,Universities
1226,Czech Technical University in Prague,CZE,Universities
1227,University of Rzeszow,POL,Universities
1228,"Universidad Nacional de San Martin, Argentina *",ARG,Universities
1229,Kyushu Institute of Technology,JPN,Universities
1230,Anhui University,CHN,Universities
1231,V.N. Karazin Kharkiv National University,UKR,Universities
1232,Chubu University,JPN,Universities
1233,Irkutsk State University,RUS,Universities
1234,N.I. Lobachevsky State University of Nizhni Novgorod *,RUS,Universities
1235,Jadavpur University,IND,Universities
1236,COMSATS Institute of Information Technology *,PAK,Universities
1237,"Indian Institute of Technology, Delhi",IND,Universities
1238,National Chung Hsing University,TWN,Universities
1239,Ivane Javakhishvili Tbilisi State University,GEO,Universities
1240,Tubitak Scientific and Technical Research Council of Turkey *,TUR,Government
1241,Ariel University *,ISR,Universities
1242,Luoyang Normal University,CHN,Universities
1243,"Hefei Institutes of Physical Sciences, Chinese Academy of Sciences",CHN,Government
1244,Australian Defence Force Academy,AUS,Universities
1245,Banaras Hindu University,IND,Universities
1246,PLA Naval Aviation University,CHN,Universities
1247,Samara University,RUS,Universities
1248,China Electronics Technology Group Corp No 22 Research Institute,CHN,Non-Profit
1249,State Key Joint Laboratory of Environmental Simulation and Pollution Control,CHN,Government
1250,Vikram Sarabhai Space Centre,IND,Government
1251,Air Force Engineering University,CHN,Universities
1252,National Geophysical Research Institute,IND,Government
1253,Shanghai Aerospace Control Technology Institute,CHN,Government
1254,Qian Xuesen Laboratory of Space Technology,CHN,Government
1255,Kola Science Centre Russian Academy of Sciences,RUS,Government
1256,Institute of Applied Physics and Computational Mathematics,CHN,Government
1257,"Instituto Federal de Educacao, Ciencia e Tecnologia de Sao Paulo",BRA,Universities
1258,Shanghai Academy of Spaceflight Technology,CHN,Government
1259,Vernadsky Institute of Geochemistry and Analytical Chemistry Russian Academy of Sciences,RUS,Government
1260,Universiti Teknologi MARA,MYS,Universities
1261,Space Applications Centre,IND,Government
1262,Andhra University,IND,Universities
1263,"Moscow Aviation Institute, State University of Aerospace Technologies",RUS,Universities
1264,Army Engineering University of PLA,CHN,Universities
1265,Universidade Cidade de Sao Paulo,BRA,Universities
1266,"Shanghai Institute of Technical Physics, Chinese Academy of Sciences",CHN,Government
1267,Changchun University of Science and Technology,CHN,Universities
1268,Beijing Institute of Space Mechanics and Electricity,CHN,Government
1269,Beijing Information Science and Technology University,CHN,Universities
