Global Rank,Institution,Country,Sector
1,University of Oxford,GBR,Universities
2,Max Planck Gesellschaft *,DEU,Government
3,University of Amsterdam *,NLD,Universities
4,Harvard University *,USA,Universities
5,University of Groningen *,NLD,Universities
6,"University of Michigan, Ann Arbor *",USA,Universities
7,"University of California, Los Angeles *",USA,Universities
8,Pennsylvania State University *,USA,Universities
9,Stockholm University,SWE,Universities
10,Centre National de la Recherche Scientifique *,FRA,Government
11,University of Toronto,CAN,Universities
12,National University of Singapore *,SGP,Universities
13,Max Planck Institut fur Demografische Forschung,DEU,Government
14,The University of Manchester *,GBR,Universities
15,Utrecht University *,NLD,Universities
16,University of Oslo,NOR,Universities
17,Cornell University *,USA,Universities
18,New York University *,USA,Universities
19,University of Sussex *,GBR,Universities
20,"University of Wisconsin, Madison *",USA,Universities
21,"University of Minnesota, Twin Cities *",USA,Universities
22,Universitat Autonoma de Barcelona *,ESP,Universities
23,"University of North Carolina, Chapel Hill *",USA,Universities
24,"University of Texas, Austin",USA,Universities
25,"University of California, Irvine *",USA,Universities
26,University of Melbourne *,AUS,Universities
27,London School of Economics and Political Science,GBR,Universities
28,University College London *,GBR,Universities
29,Peking University *,CHN,Universities
30,Catholic University of Leuven,BEL,Universities
31,The University of British Columbia,CAN,Universities
32,Johns Hopkins University *,USA,Universities
33,University of Washington *,USA,Universities
34,University of Southern California *,USA,Universities
35,Erasmus University Rotterdam *,NLD,Universities
36,University of St. Andrews,GBR,Universities
37,Duke University *,USA,Universities
38,University of Birmingham,GBR,Universities
39,Columbia University *,USA,Universities
40,University of Pennsylvania *,USA,Universities
41,Arizona State University *,USA,Universities
42,Universitat Wien,AUT,Universities
43,United Nations *,MUL,Non-Profit
44,Radboud University Nijmegen,NLD,Universities
45,Institut Zur Zukunft der Arbeit,DEU,Non-Profit
46,Universidad Nacional Autonoma de Mexico,MEX,Universities
47,Princeton University,USA,Universities
48,The University of Edinburgh *,GBR,Universities
49,City University of New York *,USA,Universities
50,University of Southampton,GBR,Universities
51,Stanford University *,USA,Universities
52,University of Copenhagen,DNK,Universities
53,Maastricht University,NLD,Universities
54,Lunds University,SWE,Universities
55,International Institute for Applied Systems Analysis,AUT,Government
56,Universitat Mannheim,DEU,Universities
57,"Northwestern University, Evanston *",USA,Universities
58,Australian National University,AUS,Universities
59,University of Pittsburgh *,USA,Universities
60,McGill University,CAN,Universities
61,University of Ottawa,CAN,Universities
62,"Ohio State University, Columbus *",USA,Universities
63,Sun Yat-Sen University *,CHN,Universities
64,York University,CAN,Universities
65,The University of Queensland *,AUS,Universities
66,Royal Netherlands Academy of Arts and Sciences *,NLD,Government
67,Generalitat de Catalunya Barcelona *,ESP,Government
68,European University Institute,ITA,Universities
69,Brown University,USA,Universities
70,Universite de Geneve,CHE,Universities
71,University of Essex,GBR,Universities
72,"University of California, Davis *",USA,Universities
73,Universite de Lausanne,CHE,Universities
74,University of Exeter,GBR,Universities
75,State University - Higher School of Economics,RUS,Universities
76,Universita degli Studi di Firenze,ITA,Universities
77,Leibniz Gemeinschaft *,DEU,Government
78,Catholic University of Louvain,BEL,Universities
79,Washington University in Saint Louis *,USA,Universities
80,University of Sydney,AUS,Universities
81,University of Southern Denmark,DNK,Universities
82,University of Western Ontario,CAN,Universities
83,University of Bristol,GBR,Universities
84,"University of Colorado, Boulder *",USA,Universities
85,University of Alberta,CAN,Universities
86,University of Glasgow *,GBR,Universities
87,University of Cambridge *,GBR,Universities
88,Yale University *,USA,Universities
89,Universitat Potsdam,DEU,Universities
90,The University of Sheffield,GBR,Universities
91,Universita Commerciale Luigi Bocconi,ITA,Universities
92,"Rutgers, The State University of New Jersey",USA,Universities
93,Consejo Nacional de Ciencia y Tecnologia *,MEX,Government
94,University of Antwerp,BEL,Universities
95,Humboldt-Universitat zu Berlin,DEU,Universities
96,University of Warwick,GBR,Universities
97,London School of Hygiene and Tropical Medicine,GBR,Universities
98,The University of Hong Kong *,HKG,Universities
99,Kings College London,GBR,Universities
100,"Monash University, Melbourne *",AUS,Universities
101,Universita degli Studi di Trento,ITA,Universities
102,University of Johannesburg,ZAF,Universities
103,L'Alma Mater Studiorum - Universita di Bologna,ITA,Universities
104,Universita degli Studi di Roma La Sapienza,ITA,Universities
105,Queen's University Belfast,GBR,Universities
106,University of Bergen,NOR,Universities
107,McMaster University,CAN,Universities
108,Universite de Neuchatel,CHE,Universities
109,Universita degli Studi di Milano,ITA,Universities
110,Ghent University,BEL,Universities
111,Universidade Federal de Minas Gerais,BRA,Universities
112,Vrije Universiteit Amsterdam *,NLD,Universities
113,Universitat zu Koln,DEU,Universities
114,Universita degli Studi di Milano-Bicocca,ITA,Universities
115,University of Warsaw,POL,Universities
116,"Queen Mary, University of London",GBR,Universities
117,University of New South Wales,AUS,Universities
118,"University of Maryland, Baltimore",USA,Universities
119,University of Helsinki,FIN,Universities
120,University of Waterloo,CAN,Universities
121,Vanderbilt University *,USA,Universities
122,Malmo University,SWE,Universities
123,Universitat Zurich,CHE,Universities
124,Freie Universitat Berlin,DEU,Universities
125,"University of Maryland, College Park *",USA,Universities
126,Osterreichische Akademie der Wissenschaften *,AUT,Government
127,Ryerson University,CAN,Universities
128,Deakin University *,AUS,Universities
129,Vrije Universiteit Brussel,BEL,Universities
130,University of Calgary,CAN,Universities
131,Universite de Montreal,CAN,Universities
132,Universita degli Studi di Padova,ITA,Universities
133,George Washington University *,USA,Universities
134,Consejo Nacional de Investigaciones Cientificas y Tecnicas *,ARG,Government
135,United Nations University,MUL,Non-Profit
136,El Colegio de Mexico,MEX,Universities
137,The Chinese University of Hong Kong *,HKG,Universities
138,University of Utah *,USA,Universities
139,Universidade de Lisboa *,PRT,Universities
140,Ludwig-Maximilians Universitat Munchen *,DEU,Universities
141,Aalborg University *,DNK,Universities
142,Leiden University *,NLD,Universities
143,Consejo Superior de Investigaciones Cientificas *,ESP,Government
144,Boston College,USA,Universities
145,Carleton University,CAN,Universities
146,Universite Libre de Bruxelles,BEL,Universities
147,Russian Academy of Sciences *,RUS,Government
148,University of South Africa,ZAF,Universities
149,Charles University *,CZE,Universities
150,Norwegian University of Science and Technology,NOR,Universities
151,Macquarie University *,AUS,Universities
152,"State University of New York, Albany",USA,Universities
153,"University of the Witwatersrand, Johannesburg",ZAF,Universities
154,The University of Western Australia,AUS,Universities
155,Universite du Quebec en Quebec *,CAN,Universities
156,Hebrew University of Jerusalem,ISR,Universities
157,Stellenbosch University,ZAF,Universities
158,Ecole des Hautes Etudes en Sciences Sociales *,FRA,Universities
159,Seoul National University *,KOR,Universities
160,University of Manitoba,CAN,Universities
161,Universite de Lille *,FRA,Universities
162,"Universite Pantheon Sorbonne, Paris1 *",FRA,Universities
163,Laval University,CAN,Universities
164,Oslo Metropolitan University,NOR,Universities
165,University of Turku,FIN,Universities
166,Syracuse University,USA,Universities
167,Ben-Gurion University of the Negev *,ISR,Universities
168,Institut d'Etudes Politiques de Paris-Sciences Po,FRA,Universities
169,Universita degli Studi di Napoli Federico II,ITA,Universities
170,Universidad Nacional de Educacion a Distancia *,ESP,Universities
171,North-West University,ZAF,Universities
172,Universiti Brunei Darussalam,BRN,Universities
173,Universitat de Barcelona *,ESP,Universities
174,Universidad Autonoma del Estado de Mexico,MEX,Universities
175,Universidad de Buenos Aires *,ARG,Universities
176,Universitat Bielefeld,DEU,Universities
177,Universita degli Studi Ca Foscari di Venezia,ITA,Universities
178,University of Applied Sciences and Arts Western Switzerland *,CHE,Universities
179,Flinders University,AUS,Universities
180,University of Ghana,GHA,Universities
181,University of Pretoria,ZAF,Universities
182,Universite du Quebec en Montreal,CAN,Universities
183,Universidade Estadual de Campinas *,BRA,Universities
184,University of Malaya *,MYS,Universities
185,Universidad de Granada *,ESP,Universities
186,University of Delhi *,IND,Universities
187,Universite Lumiere Lyon 2 *,FRA,Universities
