Global Rank,Institution,Country,Sector
1,Harvard University *,USA,Universities
2,Harvard Medical School,USA,Universities
3,Children's Hospital of Philadelphia,USA,Health
4,Cincinnati Children's Hospital Medical Center,USA,Health
5,Children's Hospital Boston  *,USA,Health
6,Johns Hopkins University *,USA,Universities
7,U.S. Department of Health & Human Services *,USA,Health
8,University of Pennsylvania *,USA,Universities
9,Hospital for Sick Children,CAN,Health
10,Baylor College of Medicine,USA,Universities
11,Nationwide Children's Hospital ,USA,Health
12,"University of Michigan, Ann Arbor *",USA,Universities
13,Stanford University *,USA,Universities
14,University College London *,GBR,Universities
15,National Institutes of Health,USA,Health
16,Assistance Publique Hopitaux de Paris *,FRA,Health
17,University of Pennsylvania Health System,USA,Health
18,"University of California, San Francisco *",USA,Universities
19,University of Washington *,USA,Universities
20,Johns Hopkins Medicine,USA,Health
21,University of Toronto,CAN,Universities
22,Columbia University *,USA,Universities
23,Great Ormond Street Hospital for Children NHS Trust,GBR,Health
24,University of Melbourne *,AUS,Universities
25,Emory University *,USA,Universities
26,"Northwestern University, Evanston *",USA,Universities
27,"University of North Carolina, Chapel Hill *",USA,Universities
28,Duke University *,USA,Universities
29,"University of Colorado, Denver *",USA,Universities
30,Washington University in Saint Louis *,USA,Universities
31,Texas Children's Hospital ,USA,Health
32,Murdoch Children's Research Institute,AUS,Health
33,"Ohio State University, Columbus *",USA,Universities
34,"University of Colorado, Anschutz Medical Campus",USA,Universities
35,Institut National de la Sante et de la Recherche Medicale *,FRA,Health
36,Ann & Robert H. Lurie Children s Hospital,USA,Health
37,Seattle Children's Hospital,USA,Health
38,"University of California, San Diego *",USA,Universities
39,Woodruff Health Sciences Center,USA,Health
40,Children's Hospital Colorado,USA,Health
41,Columbia University Irving Medical Center,USA,Health
42,Centers for Disease Control and Prevention,USA,Health
43,Vanderbilt University *,USA,Universities
44,Stanford Medicine,USA,Health
45,Northwestern Medicine,USA,Health
46,Karolinska Institute,SWE,Universities
47,University of Amsterdam *,NLD,Universities
48,Yale University *,USA,Universities
49,"University of California, Los Angeles *",USA,Universities
50,Children's National Health System,USA,Health
51,Royal Children's Hospital Melbourne,AUS,Health
52,Tel Aviv University,ISR,Universities
53,University of Cincinnati *,USA,Universities
54,Utrecht University *,NLD,Universities
55,University of Pittsburgh *,USA,Universities
56,Erasmus University Rotterdam *,NLD,Universities
57,Massachusetts General Hospital,USA,Health
58,Universite de Paris Cite *,FRA,Universities
59,Vrije Universiteit Amsterdam *,NLD,Universities
60,Duke Medicine,USA,Health
61,Erasmus Medical Center,NLD,Health
62,"World Health Organization, Switzerland",CHE,Health
63,Washington University Medical Center ,USA,Health
64,University of Pittsburgh Medical Center ,USA,Health
65,"University of California, Davis *",USA,Universities
66,University of Sydney,AUS,Universities
67,Vanderbilt University Medical Center,USA,Health
68,University of Southern California *,USA,Universities
69,Cornell University *,USA,Universities
70,All India Institute of Medical Sciences,IND,Universities
71,The University of British Columbia,CAN,Universities
72,Kings College London,GBR,Universities
73,University of Utah *,USA,Universities
74,University of Cincinnati Medical Center,USA,Health
75,"University of Minnesota, Twin Cities *",USA,Universities
76,University of Calgary,CAN,Universities
77,Orebro University Hospital,SWE,Health
78,University of Florida *,USA,Universities
79,New York University *,USA,Universities
80,Brown University,USA,Universities
81,University of Michigan Health System,USA,Health
82,University Medical Center Utrecht,NLD,Health
83,Pennsylvania State University *,USA,Universities
84,Yale University Health & Medicine,USA,Health
85,Samsung Corp *,MUL,Companies
86,Clalit Health Services *,ISR,Health
87,Copenhagen University Hospital,DNK,Health
88,Academisch Medisch Centrum,NLD,Health
88,World Health Organization *,MUL,Health
90,Children's Healthcare of Atlanta ,USA,Health
91,Ospedale Pediatrico Bambino Gesu,VAT,Health
92,University of Oxford,GBR,Universities
93,"University of Wisconsin, Madison *",USA,Universities
94,"University of Alabama, Birmingham *",USA,Universities
95,University of Texas Southwestern Medical Center ,USA,Universities
96,George Washington University *,USA,Universities
97,Children's Hospital Los Angeles ,USA,Health
98,University of Chicago *,USA,Universities
99,University of Copenhagen,DNK,Universities
100,Rady Children's Hospital-San Diego,USA,Health
101,Instituto de Salud Carlos III *,ESP,Health
102,Mayo Clinic *,USA,Health
103,Shanghai Jiao Tong University *,CHN,Universities
104,Medical Research Council,GBR,Health
105,Universita degli Studi di Milano,ITA,Universities
106,Capital University of Medical Sciences,CHN,Universities
107,Mount Sinai Health System *,USA,Health
108,Ohio State University Wexner Medical Center,USA,Health
109,Chinese Academy of Sciences *,CHN,Government
110,The Children's Hospital at Westmead,AUS,Health
111,"Newcastle University, Newcastle upon Tyne",GBR,Universities
112,Case Western Reserve University,USA,Universities
113,University of Cambridge *,GBR,Universities
114,Leiden University *,NLD,Universities
115,National Institute of Child Health and Human Development,USA,Health
116,University of Groningen *,NLD,Universities
117,Oregon Health & Science University *,USA,Universities
118,Wayne State University,USA,Universities
119,The University of Queensland *,AUS,Universities
120,UCLA Health System,USA,Health
121,University of New South Wales,AUS,Universities
122,Imperial College London,GBR,Universities
123,F Hoffmann-La Roche *,MUL,Companies
124,University of Rochester *,USA,Universities
125,Icahn School of Medicine at Mount Sinai,USA,Universities
126,Karolinska University Hospital,SWE,Health
127,Bharati Vidyapeeth Deemed University,IND,Universities
128,University of Pittsburgh Health Sciences,USA,Universities
129,"Colorado State University, Fort Collins *",USA,Universities
130,Zhejiang University *,CHN,Universities
131,Sorbonne Universite *,FRA,Universities
132,University of Virginia *,USA,Universities
133,Ministry of Education of the People's Republic of China,CHN,Government
134,Huazhong University of Science and Technology *,CHN,Universities
135,"AstraZeneca, United States",USA,Companies
136,University of Southern California Health Sciences Campus,USA,Health
137,Radboud University Nijmegen Medical Centre,NLD,Health
138,Fudan University *,CHN,Universities
139,University of Arizona *,USA,Universities
140,Nemours Children's Health System,USA,Government
141,University of Alberta,CAN,Universities
142,University Medical Center Groningen,NLD,Health
143,University of Miami *,USA,Universities
144,Medical College of Wisconsin,USA,Universities
145,University Hospitals Leuven,BEL,Health
146,Universita degli Studi di Roma La Sapienza,ITA,Universities
147,Guys & Saint Thomas NHS Foundation Trust,GBR,Health
148,Tehran University of Medical Sciences *,IRN,Universities
149,Centre National de la Recherche Scientifique *,FRA,Government
150,"Monash University, Melbourne *",AUS,Universities
151,George Washington The School of Medicine & Health Sciences,USA,Health
152,The University of Western Australia,AUS,Universities
153,Leiden University Medical Center,NLD,Health
154,University of Oslo,NOR,Universities
155,Wuhan Children's Hospital,CHN,Health
156,Weill Cornell Medicine,USA,Universities
157,McGill University,CAN,Universities
158,Alberta Children's Hospital,CAN,Health
159,"Fondazione IRCCS Ospedale Maggiore Policlinico, Mangiagalli e Regina Elena",ITA,Health
160,BC Children's Hospital and Sunny Hill Health Centre for Children Vancouver,CAN,Health
161,Peking University *,CHN,Universities
162,NYU Langone Medical Center,USA,Health
163,Women and Infants Hospital of Rhode Island ,USA,Health
164,Zhongnan Hospital of Wuhan University,CHN,Health
165,Universita Cattolica del Sacro Cuore,ITA,Universities
166,Xi'an Jiaotong University *,CHN,Universities
167,"University of Maryland, Baltimore",USA,Universities
168,Care New England Health System *,USA,Health
169,Montefiore Medical Center *,USA,Health
170,Childrens Mercy Hospital ,USA,Health
171,University of Iowa *,USA,Universities
172,Boston University *,USA,Universities
173,University of Washington Medicine ,USA,Health
174,McMaster University,CAN,Universities
175,University of Kansas *,USA,Universities
176,Indiana University-Purdue University Indianapolis,USA,Universities
177,St Jude Childrens Research Hospital,USA,Health
178,Cleveland Clinic *,USA,Health
179,University of Rochester Medical Center,USA,Health
180,"University of Illinois, Chicago *",USA,Universities
181,"University of Texas, Austin",USA,Universities
182,Charite - Universitatsmedizin Berlin *,DEU,Health
183,Chonbuk National University Hospital,KOR,Health
184,The University of Reading,GBR,Universities
185,UC Davis Health System,USA,Health
186,Statens Serum Institut,DNK,Health
187,Universita degli Studi di Napoli Federico II,ITA,Universities
188,Medical University of South Carolina *,USA,Universities
189,Oslo University Hospital,NOR,Health
190,McGill University Health Centre,CAN,Health
191,Medizinische Hochschule Hannover,DEU,Universities
192,Universita degli Studi di Salerno,ITA,Universities
193,Centre Hospitalier Universitaire Sainte-Justine,CAN,Health
194,UC San Diego Health System,USA,Health
195,University Hospitals of Cleveland  *,USA,Health
195,Universitat de Barcelona *,ESP,Universities
197,Hospital de Sant Joan de Deu de Esplugues de Llobregat *,ESP,Health
198,University of Miami Health System,USA,Health
199,Universita degli Studi di Padova,ITA,Universities
200,Universitat Hamburg *,DEU,Universities
200,Universidade de Sao Paulo *,BRA,Universities
202,National University of Singapore *,SGP,Universities
203,Penn State Milton S. Hershey Medical Center,USA,Health
204,University of South Florida System *,USA,Universities
205,University of Gothenburg,SWE,Universities
206,Sichuan University *,CHN,Universities
207,University Hospital Southampton NHS Foundation Trust,GBR,Health
208,Catholic University of Leuven,BEL,Universities
209,RTI Health Solutions,USA,Companies
209,Brigham and Women's Hospital,USA,Health
211,Russian Academy of Sciences *,RUS,Government
212,University of Helsinki,FIN,Universities
213,US Food and Drug Administration,USA,Government
214,University of Auckland,NZL,Universities
215,University of Manitoba,CAN,Universities
216,University of Otago,NZL,Universities
217,University of Tennessee Health Science Center,USA,Health
218,Detroit Medical Center,USA,Health
219,United Nations International Children's Emergency Fund *,MUL,Non-Profit
220,"University of California, Berkeley *",USA,Universities
221,Hospital Universitari de Girona Dr Josep Trueta,ESP,Health
222,University of South Florida,USA,Universities
223,University of Bristol,GBR,Universities
224,Wuhan University *,CHN,Universities
225,The University of Edinburgh *,GBR,Universities
226,Michigan State University,USA,Universities
227,Center for Drug Evaluation & Research,USA,Government
228,University of Turku,FIN,Universities
229,Peking University Health Science Center,CHN,Universities
230,Universitatsklinikum Hamburg Eppendorf,DEU,Health
231,Fondazione Policlinico Universitario Agostino Gemelli IRCCS,ITA,Health
232,Helsinki University Central Hospital,FIN,Health
233,"Rutgers, The State University of New Jersey",USA,Universities
234,Semmelweis University,HUN,Universities
235,"Kaiser Permanente, Oakland *",USA,Health
236,Norwegian Institute of Public Health,NOR,Health
237,Hacettepe University,TUR,Universities
238,Sanofi *,MUL,Companies
239,Turku University Hospital,FIN,Health
240,University of Florida Health Science Center,USA,Health
241,AstraZeneca *,MUL,Companies
242,UCSF Benioff Children's Hospital,USA,Health
243,Dartmouth College *,USA,Universities
244,University of Northern Colorado *,USA,Universities
245,Children's Hospital of Eastern Ontario,CAN,Health
246,National Research Institute for Child Health and Development,JPN,Health
247,"University of California, Irvine *",USA,Universities
248,"University of Nebraska, Lincoln",USA,Universities
249,Zentralinstitut fur Seelische Gesundheit,DEU,Government
250,Seoul National University *,KOR,Universities
251,Colorado School of Public Health,USA,Universities
252,Kings College Hospital NHS Foundation Trust,GBR,Health
253,Universite de Liege,BEL,Universities
254,Virginia Commonwealth University *,USA,Universities
255,South London and Maudsley NHS Foundation Trust,GBR,Health
256,Max Planck Gesellschaft *,DEU,Government
257,University of Southampton,GBR,Universities
258,Instituto de Investigacion Sanitaria de Navarra,ESP,Health
259,Veterans Affairs Medical Centers *,USA,Health
260,Schneider Children's Medical Center of Israel,ISR,Health
261,Telethon Kids Institute,AUS,Health
262,Rush University Medical Center,USA,Health
263,Memorial Sloan-Kettering Cancer Center,USA,Health
264,University of Utah Health Care,USA,Health
265,Arizona Health Sciences Center University of Arizona Tucson,USA,Health
266,Rush University *,USA,Universities
267,Albert Einstein College of Medicine,USA,Universities
268,Hospital Universitario La Paz,ESP,Health
269,Rainbow Babies and Children's Hospital ,USA,Health
270,Tufts University,USA,Universities
271,Umea University *,SWE,Universities
272,University of Arkansas for Medical Sciences,USA,Universities
272,University of Glasgow *,GBR,Universities
274,National Institute of Mental Health,USA,Health
275,"University of Missouri, Kansas City",USA,Universities
276,BJC HealthCare,USA,Health
277,Universite de Montreal,CAN,Universities
278,Royal Brompton and Harefield NHS Foundation Trust,GBR,Health
279,Qatar Foundation *,QAT,Non-Profit
280,Institut d'Investigacions Biomediques August Pi i Sunyer,ESP,Health
281,Vrije Universiteit Brussel,BEL,Universities
282,Institut Hospital del Mar d’Investigacions Mediques,ESP,Health
283,University of Western Ontario,CAN,Universities
284,University of Kansas Medical Center,USA,Health
285,Kennedy Krieger Institute,USA,Health
286,Nanjing Medical University *,CHN,Universities
287,Uppsala University,SWE,Universities
288,Wuhan Union Hospital,CHN,Health
289,Medical University of Warsaw,POL,Universities
290,Clinica Universidad de Navarra,ESP,Health
291,Boston University Medical Campus ,USA,Health
292,University of Wisconsin Health,USA,Health
293,Universita degli Studi di Messina,ITA,Universities
294,"United Nations International Children's Emergency Fund, United States",USA,Non-Profit
295,Kobe Gakuin University,JPN,Universities
295,Sidra Medicine,QAT,Health
297,Universite de Fribourg,CHE,Universities
298,Ghent University Hospital,BEL,Health
299,Russian Academy of Medical Sciences,RUS,Health
300,University College Cork *,IRL,Universities
301,"Kinderspital Zurich, Universitats-Kinderklinik",CHE,Health
302,"University of Connecticut, Storrs *",USA,Universities
303,Boston Medical Center ,USA,Health
304,"Saint Louis University, Saint Louis *",USA,Universities
305,Princeton University,USA,Universities
306,Universitat Heidelberg,DEU,Universities
307,University of Athens,GRC,Universities
308,Pirogov Russian National Research Medical University,RUS,Universities
309,Queen's University Belfast,GBR,Universities
310,Shahid Beheshti University of Medical Sciences and Health Services *,IRN,Universities
311,Thomas Jefferson University *,USA,Universities
312,Children's Hospital Fudan University,CHN,Health
313,The University of Adelaide,AUS,Universities
314,Hudson Institute of Medical Research,AUS,Non-Profit
315,The University of Manchester *,GBR,Universities
316,I.M. Sechenov First Moscow State Medical University,RUS,Universities
317,"University of Texas, Health Science Center at Houston",USA,Universities
318,University of Ottawa,CAN,Universities
319,Children's Hospital School of Medicine Zhejiang University,CHN,Health
320,"State University of New York, Buffalo",USA,Universities
321,Ben-Gurion University of the Negev *,ISR,Universities
322,University of Liverpool *,GBR,Universities
323,Chonbuk National University *,KOR,Universities
324,London School of Hygiene and Tropical Medicine,GBR,Universities
325,Universitat Regensburg *,DEU,Universities
326,United States Department of Agriculture,USA,Government
327,University of New Mexico *,USA,Universities
328,Yonsei University *,KOR,Universities
329,Chongqing Medical University *,CHN,Universities
330,University of Cape Town,ZAF,Universities
331,Birmingham Children's Hospital NHS Foundation Trust,GBR,Health
332,Universidad de Navarra *,ESP,Universities
333,USF Health,USA,Universities
334,Drexel University,USA,Universities
335,Wake Forest University *,USA,Universities
336,Istituto Giannina Gaslini Ospedale Pediatrico IRCCS,ITA,Health
337,King Chulalongkorn Memorial Hospital,THA,Health
338,Motol University Hospital,CZE,Health
339,University of Louisville *,USA,Universities
340,Medizinische Universitat Graz *,AUT,Universities
341,Sheffield Children's NHS Foundation Trust,GBR,Health
342,University of Minnesota Health and Medicine,USA,Universities
343,Odense University Hospital,DNK,Health
344,Renmin Hospital of Wuhan University,CHN,Health
345,Aalborg University Hospital,DNK,Health
346,"University of Missouri, Columbia *",USA,Universities
347,Wake Forest University Baptist Medical Center,USA,Health
348,Tampere University,FIN,Universities
349,Skane University Hospital,SWE,Health
349,Massachusetts Institute of Technology *,USA,Universities
349,Catholic University of Louvain,BEL,Universities
352,University of Warwick,GBR,Universities
353,Medizinische Universitat Wien,AUT,Universities
354,Dana Farber Cancer Institute ,USA,Health
355,Isfahan University of Medical Sciences *,IRN,Universities
356,University of Nottingham *,GBR,Universities
357,Charles University *,CZE,Universities
358,Universidad de Granada *,ESP,Universities
359,The University of Hong Kong *,HKG,Universities
360,University of Vermont,USA,Universities
361,Soroka University Medical Center,ISR,Health
362,Ghent University,BEL,Universities
363,Florida International University,USA,Universities
364,Auckland District Health Board *,NZL,Health
365,Universitat Zurich,CHE,Universities
366,Universitat Duisburg Essen *,DEU,Universities
367,Abu Dhabi Health Services Co *,ARE,Companies
368,Jichi Medical University *,JPN,Universities
369,Aarhus University *,DNK,Universities
370,Universitatsklinikum Heidelberg,DEU,Health
371,Norwegian University of Science and Technology,NOR,Universities
372,Lunds University,SWE,Universities
373,Cliniques Universitaires Saint-Luc,BEL,Health
374,Centre de Recherche des Cordeliers,FRA,Government
375,National Taiwan University,TWN,Universities
376,Hospital Infantil Universitario Nino Jesus,ESP,Health
377,Royal College of Surgeons,IRL,Universities
378,University of Oklahoma *,USA,Universities
379,University of Tokyo *,JPN,Universities
380,Mashhad University of Medical Sciences,IRN,Universities
380,National Human Genome Research Institute,USA,Health
382,Instituto de Investigacion Sanitaria de Santiago de Compostela,ESP,Health
382,Albert-Ludwigs-Universitat Freiburg im Breisgau,DEU,Universities
384,Complejo Hospitalario Universitario de Santiago,ESP,Health
385,Aalborg University *,DNK,Universities
385,University Hospital Brussels,BEL,Health
387,Centre Hospitalier Universitaire de Liege,BEL,Health
388,Cairo University *,EGY,Universities
388,Dokuz Eylul University *,TUR,Universities
390,Royal Women's Hospital ,AUS,Health
391,National Jewish Health,USA,Health
392,Centro de Investigacion Biomedica en Red de Salud Mental,ESP,Health
393,Indiana University Health,USA,Health
394,Linkoping University,SWE,Universities
395,National Institute of Public Health of Japan,JPN,Health
396,University Hospitals Bristol NHS Foundation Trust,GBR,Health
397,Deakin University *,AUS,Universities
397,Pontificia Universidad Catolica de Chile *,CHL,Universities
399,University of Virginia Health System,USA,Health
400,Tel Aviv Sourasky Medical Center,ISR,Health
401,Central South University *,CHN,Universities
402,Universita degli Studi di Milano-Bicocca,ITA,Universities
403,Centro Hospitalar de Sao Joao,PRT,Health
404,University of Kentucky *,USA,Universities
405,University of Electronic Science and Technology of China,CHN,Universities
406,Hospital Clinic i Provincial de Barcelona,ESP,Health
407,University of Birmingham,GBR,Universities
408,L'Alma Mater Studiorum - Universita di Bologna,ITA,Universities
409,Centre Hospitalier Universitaire Vaudois ,CHE,Health
410,Tongji University *,CHN,Universities
411,"GlaxoSmithKline, United States",USA,Companies
412,Universitat Ulm *,DEU,Universities
413,Universitatsklinikum Koln,DEU,Health
414,The North Shore-LIJ Health System *,USA,Health
415,National Taiwan University Hospital,TWN,Health
416,Polish Academy of Sciences *,POL,Government
417,University of Exeter,GBR,Universities
418,University of Health Sciences,TUR,Universities
419,Universitatsklinikum Freiburg,DEU,Health
420,Yonsei University Health System,KOR,Health
421,Women's and Children's Hospital,AUS,Health
422,Universidade Estadual de Campinas *,BRA,Universities
423,Newcastle upon Tyne Hospitals NHS Foundation Trust,GBR,Health
424,Australian National University,AUS,Universities
425,Merck *,MUL,Companies
426,Sheba Medical Center,ISR,Health
427,Hospital Universitari Vall d'Hebron,ESP,Health
428,CareGroup Healthcare System *,USA,Health
429,Universita Vita-Salute San Raffaele,ITA,Universities
430,Institut des Maladies Genetiques Imagine,FRA,Government
431,University of Illinois at Urbana-Champaign *,USA,Universities
432,Politecnico di Milano,ITA,Universities
433,"Centro de Investigacion Biomedica en Red de Enfermedades Respiratorias, Madrid *",ESP,Health
434,Taipei Medical University Hospital,TWN,Health
435,St Georges University of London,GBR,Universities
436,Maccabi Health Care Services,ISR,Health
436,Children's Memorial Health Institute,POL,Health
438,"Agency for Science, Technology and Research Singapore *",SGP,Government
439,The University of Sheffield,GBR,Universities
440,GlaxoSmithKline *,MUL,Companies
441,Universidade Federal de Minas Gerais,BRA,Universities
442,Children Medical Center Hospital,IRN,Health
443,University of Nebraska Medical Center,USA,Universities
444,Anhui Medical University *,CHN,Universities
445,"Merck & Co Inc, United States",USA,Companies
446,Ospedale infantile Burlo Garofolo IRCCS,ITA,Health
447,Universitats Kinderspital beider Basel,CHE,Health
447,Intermountain Healthcare,USA,Health
449,Arizona State University *,USA,Universities
450,Children's Health Ireland at Crumlin,IRL,Health
451,NHS Greater Glasgow and Clyde,GBR,Health
451,University of Texas Medical Branch ,USA,Universities
453,The Children's Hospital of Chongqing Medical University,CHN,Health
454,Westfalische Wilhelms-Universitat Munster *,DEU,Universities
455,NHS Lothian,GBR,Health
456,Kandang Kerbau Women's and Children's Hospital,SGP,Health
456,Universidade Federal de Sao Paulo *,BRA,Universities
458,Klinikum Ludwig Maximilians Universitat Munchen,DEU,Health
459,Zhengzhou University *,CHN,Universities
459,Universite Claude Bernard Lyon 1 *,FRA,Universities
461,University of Chicago Medical Center ,USA,Health
462,Beth Israel Deaconess Medical Center,USA,Health
463,Technion - Israel Institute of Technology *,ISR,Universities
464,Dalhousie University *,CAN,Universities
465,Shanghai First Maternity and Infant Health Hospital,CHN,Health
466,Universita degli Studi di Pavia,ITA,Universities
467,Universita degli Studi di Pisa,ITA,Universities
467,Fordham University,USA,Universities
469,"State University of New York, Stony Brook *",USA,Universities
470,Hopitaux Universitaires de Geneve,CHE,Health
471,Public Health England,GBR,Health
472,Universitatsklinikum Essen,DEU,Health
473,Centre Hospitalier Universitaire Dijon,FRA,Health
474,Trinity College Dublin *,IRL,Universities
475,Universidad de la Republica *,URY,Universities
476,Universite Paris-Saclay *,FRA,Universities
477,Mount Sinai Hospital Joseph and Wolf Lebovic Health Complex,CAN,Health
478,Hanyang University *,KOR,Universities
479,Manchester University NHS Foundation Trust,GBR,Health
480,"University of Colorado, Boulder *",USA,Universities
481,Folkhalsan,FIN,Health
482,University of Iowa Health Care,USA,Health
483,First Affiliated Hospital of Jinan University,CHN,Health
483,Children's Hospital of Wisconsin,USA,Health
485,University College London Hospital NHS Trust,GBR,Health
486,Helmholtz Gemeinschaft *,DEU,Government
487,Cambridge University Hospitals NHS Foundation Trust,GBR,Health
488,National Center for Global Health and Medicine,JPN,Health
489,Hebrew University of Jerusalem,ISR,Universities
490,Centre de Recherche Saint Antoine,FRA,Government
491,Loma Linda University *,USA,Universities
492,University of Toledo Medical Center,USA,Health
493,Griffith University,AUS,Universities
494,Cardiff University,GBR,Universities
495,Austin Health,AUS,Health
496,Tampere University Hospital,FIN,Health
497,Fred Hutchinson Cancer Research Center,USA,Health
498,University of South Carolina *,USA,Universities
499,"China Medical University, Shenyang *",CHN,Universities
500,Universita degli Studi di Torino,ITA,Universities
501,Shiraz University of Medical Sciences *,IRN,Universities
501,Friedrich-Alexander-Universitat Erlangen-Nurnberg *,DEU,Universities
503,Osaka Metropolitan University *,JPN,Universities
504,University Hospital Maastricht,NLD,Health
505,University of Bergen,NOR,Universities
506,Tilburg University,NLD,Universities
507,The Jikei University School of Medicine *,JPN,Universities
508,Kobe University *,JPN,Universities
509,Phoenix Children's Hospital,USA,Health
510,Sungkyunkwan University,KOR,Universities
511,"Soochow University, Suzhou *",CHN,Universities
512,Moorfields Eye Hospital NHS Trust,GBR,Health
513,Second Affiliated Hospital of China Medical University-Sheng Jing Hospital,CHN,Health
514,Renji Hospital,CHN,Health
515,Le Bonheur Children's Hospital,USA,Health
516,Universidad de Chile *,CHL,Universities
517,Universidade do Porto *,PRT,Universities
518,University of Massachusetts Medical School,USA,Universities
519,"Chang Gung Memorial Hospital, Taipei *",TWN,Health
520,"Queen Mary, University of London",GBR,Universities
521,Georgetown University *,USA,Universities
522,"King Abdulaziz University Hospital, Jeddah",SAU,Health
523,Oulu University Hospital,FIN,Health
524,Chulalongkorn University,THA,Universities
525,Dartmouth-Hitchcock Health Care System,USA,Health
526,University of Leicester,GBR,Universities
527,University of Oklahoma Health Sciences Center,USA,Universities
528,Xinhua Hospital,CHN,Health
529,Alder Hey Children's NHS Foundation Trust,GBR,Health
530,Jilin University *,CHN,Universities
530,University of Southern Denmark,DNK,Universities
532,Hospital Infantil de Mexico Federico Gomez,MEX,Health
533,Universita degli Studi di Firenze,ITA,Universities
534,University of Ljubljana *,SVN,Universities
534,Maastricht University,NLD,Universities
536,Universidade Federal do Rio Grande do Sul,BRA,Universities
537,Universita degli Studi della Campania Luigi Vanvitelli,ITA,Universities
538,Centre Hospitalier Regional et Universitaire de Tours,FRA,Health
539,Saint Louis University Care,USA,Health
540,Tulane University *,USA,Universities
541,Air Force Medical University *,CHN,Universities
541,University Hospital of Northern Norway,NOR,Health
543,Istituto Superiore di Sanita,ITA,Health
544,Plymouth University,GBR,Universities
545,Tsinghua University *,CHN,Universities
546,Sanjay Gandhi Postgraduate Institute of Medical Sciences,IND,Universities
547,Universitatsspital Zurich,CHE,Health
548,Jinan University *,CHN,Universities
549,Universitatsklinikum Regensburg,DEU,Health
550,Sun Yat-Sen University *,CHN,Universities
551,Okayama University *,JPN,Universities
552,Universita degli Studi di Parma,ITA,Universities
553,Ospedale Casa Sollievo della Sofferenza IRCCS,ITA,Health
554,Hospital Universitario La Fe,ESP,Health
555,Fondazione IRCCS Policlinico San Matteo ,ITA,Health
556,Fondazione IRCCS San Raffaele del Monte Tabor,ITA,Health
557,Clinical Hospital Centre Rijeka,HRV,Health
557,VCU Medical Center,USA,Health
557,University of York,GBR,Universities
560,University of South Australia,AUS,Universities
561,Justus-Liebig-Universitat Giessen *,DEU,Universities
562,University of Indonesia,IDN,Universities
563,National Center of Neurology and Psychiatry,JPN,Health
564,Rambam Health Care Campus,ISR,Health
564,University College Dublin,IRL,Universities
566,Uppsala University Hospital,SWE,Health
566,Centre Hospitalier Universitaire de Montpellier *,FRA,Health
568,National Cancer Institute,USA,Health
569,Chinese Academy of Medical Sciences and Peking Union Medical College *,CHN,Universities
569,Johann Wolfgang Goethe-Universitat Frankfurt am Main *,DEU,Universities
571,Hospital General Universitario Gregorio Maranon *,ESP,Health
572,Alexandria University *,EGY,Universities
573,Universita degli Studi dell Aquila,ITA,Universities
574,Universita degli Studi di Perugia,ITA,Universities
575,University of Connecticut Health Center,USA,Universities
576,Nagoya University *,JPN,Universities
577,Radboud University Nijmegen,NLD,Universities
578,University of Texas M.D. Anderson Cancer Center ,USA,Health
578,Tokyo Womens Medical University *,JPN,Universities
580,Shandong University *,CHN,Universities
581,St. Olavs University Hospital,NOR,Health
582,Starship Children's Hospital,NZL,Health
583,Airlangga university,IDN,Universities
584,University of Texas Health Science Center at San Antonio ,USA,Universities
585,University of Houston,USA,Universities
586,Centro de Investigacion Biomedica en Red Fisiopatologia de la Obesidad y Nutricion,ESP,Health
587,University of Leeds,GBR,Universities
588,Universitatsklinikum Munster,DEU,Health
589,Oxford University Hospitals NHS Trust,GBR,Health
590,Kyungpook National University *,KOR,Universities
591,Simon Fraser University,CAN,Universities
592,Saveetha University,IND,Universities
593,Consiglio Nazionale delle Ricerche *,ITA,Government
594,Universidad Autonoma de Madrid *,ESP,Universities
595,Universitat Leipzig *,DEU,Universities
596,Azienda Ospedaliera di Padova,ITA,Health
597,Universita degli Studi di Bari,ITA,Universities
598,Clemson University,USA,Universities
598,Universite Paris-Nord 13 *,FRA,Universities
598,"Centro de Investigacion Biomedica en Red Fisiopatologia de la Obesidad y Nutricion, Madrid",ESP,Health
601,Universite Montpellier *,FRA,Universities
602,Universite de Strasbourg *,FRA,Universities
603,Samsung Medical Center Seoul,KOR,Health
603,"University of the Witwatersrand, Johannesburg",ZAF,Universities
605,University of South Dakota,USA,Universities
606,West China Second University Hospital,CHN,Health
606,University of Louisville Health Sciences Center,USA,Health
608,Korea University *,KOR,Universities
609,Universita Politecnica delle Marche,ITA,Universities
610,Hematological Scientific Centre of the Russian Academy of Medical Sciences,RUS,Health
611,Virginia Polytechnic Institute and State University,USA,Universities
612,"University of California, Irvine Healthcare",USA,Health
613,Carmel Medical Center,ISR,Health
614,University of Mississippi *,USA,Universities
615,Universidad Complutense de Madrid *,ESP,Universities
616,Baystate Health System,USA,Health
617,Johannes Gutenberg-Universitat Mainz *,DEU,Universities
618,Universidade da Coruna,ESP,Universities
619,Harvard Pilgrim Health Care,USA,Health
620,Centre de Recherche en Epidemiologie et Statistiques,FRA,Government
621,Tufts Medical Center,USA,Health
622,Universitatsklinikum Erlangen,DEU,Health
623,West Virginia University *,USA,Universities
624,Medizinische Universitat Innsbruck *,AUT,Universities
625,Temple University *,USA,Universities
626,Philipps-Universitat Marburg *,DEU,Universities
627,University Hospital Hradec Kralove,CZE,Health
628,Universitatsklinikum Tubingen,DEU,Health
628,Nanyang Technological University *,SGP,Universities
630,VA Palo Alto Health Care System,USA,Health
631,U.S. Department of Energy *,USA,Government
632,Seoul National University Hospital *,KOR,Health
632,Universidade de Lisboa *,PRT,Universities
632,Ljubljana University Medical Centre,SVN,Health
635,Indiana University-Bloomington,USA,Universities
636,Pontificia Universidad Javeriana *,COL,Universities
637,Cedars-Sinai Medical Center ,USA,Health
638,Azienda Ospedaliero Universitaria di Bologna - Policlinico di Sant'Orsola Malpighi,ITA,Health
639,Universitatsklinikum Frankfurt,DEU,Health
640,University of Kelaniya,LKA,Universities
641,Rede D’Or Sao Luiz *,BRA,Health
642,Wuhan Tongji Hospital,CHN,Health
643,Kyoto University *,JPN,Universities
644,Institut Pasteur de Paris *,FRA,Health
645,Universite de Lausanne,CHE,Universities
646,Universidade Federal do Rio Grande do Norte,BRA,Universities
647,Universidade Federal Fluminense,BRA,Universities
648,Universite PSL *,FRA,Universities
649,"Kaiser Permanente Southern California, Pasadena",USA,Health
650,Carnegie Mellon University *,USA,Universities
651,New York State Psychiatric Institute,USA,Health
652,University Health Network *,CAN,Health
653,Centro de Investigacion Biomedica en Red de Enfermedades Raras,ESP,Health
653,Taipei Medical University,TWN,Universities
655,University of Georgia,USA,Universities
656,Swansea University,GBR,Universities
657,"Population Council, USA",USA,Non-Profit
658,Istanbul University *,TUR,Universities
659,North Carolina State University,USA,Universities
659,Aarhus University Hospital,DNK,Health
661,Connecticut Children's Medical Center ,USA,Health
662,Aristotle University of Thessaloniki,GRC,Universities
663,George Institute for International Health *,AUS,Health
664,Universite Saint-Joseph *,LBN,Universities
665,Instituto de Medicina Integral Professor Fernando Figueira,BRA,Health
666,Ain Shams University *,EGY,Universities
667,Umberto I Policlinico di Roma,ITA,Health
668,Universitatsmedizin der Johannes Gutenberg-Universitat Mainz,DEU,Health
669,Brigham Young University,USA,Universities
670,RAND Corp,USA,Non-Profit
671,National Institute for Health and Welfare,FIN,Health
672,Auckland City Hospital,NZL,Health
673,City University of New York *,USA,Universities
673,Universite Jean Monnet *,FRA,Universities
675,Children's Hospital Affiliated to Soochow University,CHN,Health
676,Creighton University,USA,Universities
677,Ege University,TUR,Universities
678,Universitat Bern,CHE,Universities
679,Ospedale Luigi Sacco,ITA,Health
680,Kyorin University *,JPN,Universities
681,Florida State University *,USA,Universities
682,New York Medical College,USA,Universities
683,Hospital Universitario 12 de Octubre,ESP,Health
684,"Universite Paul Sabatier, Toulouse III *",FRA,Universities
685,The Chinese University of Hong Kong *,HKG,Universities
686,University of Tokyo Hospital,JPN,Health
687,Universita degli Studi di Roma Tor Vergata,ITA,Universities
688,Imperial College Healthcare NHS Trust,GBR,Health
689,State University of New York Upstate Medical University *,USA,Universities
690,National University Health System *,SGP,Health
691,Eberhard-Karls-Universitat Tubingen,DEU,Universities
692,Universita degli Studi di Brescia,ITA,Universities
693,Seoul National University Bundang Hospital,KOR,Health
694,Aga Khan University *,PAK,Universities
695,Palacky University,CZE,Universities
696,Imam Khomeini Hospital Complex,IRN,Health
697,Wroclaw Medical University,POL,Universities
698,University of Central Lancashire,GBR,Universities
699,First Affiliated Hospital of Zhengzhou University,CHN,Health
700,Universita degli Studi di Trieste,ITA,Universities
701,Universita degli Studi di Verona,ITA,Universities
702,The Leeds Teaching Hospitals NHS Trust,GBR,Health
703,Hospital Regional Universitario de Malaga,ESP,Health
704,Sir Mortimer B. Davis Jewish General Hospital,CAN,Health
705,Tianjin Medical University *,CHN,Universities
706,Centre Hospitalo Universitaire Hedi Chaker,TUN,Health
707,Centre Hospitalier Universitaire de Toulouse *,FRA,Health
708,University of Bath,GBR,Universities
709,Bar-Ilan University,ISR,Universities
710,University of Mississippi Medical Center,USA,Universities
711,"Ormat Technologies, United States",USA,Companies
711,Ormat Technologies Inc *,MUL,Companies
713,University of Belgrade,SRB,Universities
714,"University of Massachusetts, Amherst",USA,Universities
715,Orebro Universitet,SWE,Universities
716,Universita degli Studi di Palermo,ITA,Universities
717,Curtin University *,AUS,Universities
718,Aix-Marseille Universite *,FRA,Universities
719,"University of Illinois, College of Medicine at Chicago",USA,Health
720,Hyogo College of Medicine *,JPN,Universities
720,Universidad Nacional Autonoma de Mexico,MEX,Universities
722,Institut Curie,FRA,Health
723,The University of Newcastle,AUS,Universities
724,Rheinische Friedrich-Wilhelms-Universitat Bonn *,DEU,Universities
725,CGIAR Consortium of International Agricultural Research *,MUL,Non-Profit
726,St Georges Healthcare NHS Trust,GBR,Health
727,Fundacao Oswaldo Cruz *,BRA,Health
727,Stellenbosch University,ZAF,Universities
729,University of Oregon,USA,Universities
730,Ludwig-Maximilians Universitat Munchen *,DEU,Universities
731,Assistance Publique Hopitaux de Marseille *,FRA,Health
731,Centre Hospitalier Regional et Universitaire de Besancon,FRA,Health
731,Hofstra University *,USA,Universities
731,Universite de Geneve,CHE,Universities
735,Tabriz University of Medical Sciences,IRN,Universities
736,Hospices Civils de Lyon *,FRA,Health
736,Kansai Medical University *,JPN,Universities
738,Haukeland University Hospital,NOR,Health
739,New York Presbyterian Hospital,USA,Health
740,IWK Health Centre *,CAN,Health
741,Hospital de la Santa Creu i Sant Pau,ESP,Health
742,Chang Gung University,TWN,Universities
743,Arkansas Children's Hospital ,USA,Health
744,Guangzhou Medical University *,CHN,Universities
745,Hospital Nacional de Pediatria Profesor Dr Juan P Garrahan,ARG,Health
746,Istanbul University Cerrahpasa *,TUR,Universities
746,Purdue University,USA,Universities
748,Sahlgrenska University Hospital,SWE,Health
749,University of the West of England,GBR,Universities
750,Manchester Academic Health Science Centre,GBR,Health
751,Nippon Medical School *,JPN,Universities
751,University of Delaware,USA,Universities
753,Centre Hospitalier Universitaire de Saint-Etienne,FRA,Health
754,Universita degli Studi di Cagliari,ITA,Universities
755,Kenya Medical Research Institute,KEN,Health
755,Center for Disease Control and Prevention China,CHN,Health
757,Julius-Maximilians-Universitat Wurzburg *,DEU,Universities
758,Korea University Medical Center,KOR,Health
759,Seoul National University Children's Hospital,KOR,Health
760,University of Waterloo,CAN,Universities
760,University of Gondar,ETH,Universities
762,University of Toledo *,USA,Universities
762,Fuwai Heart Hospital and Cardiovascular Institute,CHN,Health
764,University of Central Florida,USA,Universities
765,Boston College,USA,Universities
766,Henry Ford Health System,USA,Health
767,West China Hospital,CHN,Health
768,Instituto Nacional de Pediatria,MEX,Health
769,Technische Universitat Dresden,DEU,Universities
770,"Washington State University, Pullman *",USA,Universities
770,La Trobe University *,AUS,Universities
772,Florida Atlantic University,USA,Universities
773,Consejo Superior de Investigaciones Cientificas *,ESP,Government
774,Georgia State University,USA,Universities
775,University of Antwerp,BEL,Universities
776,"University of Maryland, College Park *",USA,Universities
777,Cukurova University,TUR,Universities
778,Universitat Autonoma de Barcelona *,ESP,Universities
779,The General Hospital of the People's Liberation Army *,CHN,Health
780,San Diego State University,USA,Universities
780,Manisa Celal Bayar University *,TUR,Universities
782,Stony Brook University Medicine,USA,Health
783,Hopitaux Universitaires de Strasbourg,FRA,Health
784,Universitat Witten-Herdecke,DEU,Universities
784,Medical University of Gdansk,POL,Universities
786,Region Stockholm,SWE,Government
787,Kazan State Medical University,RUS,Universities
788,"Chang Gung Memorial Hospital, Kaohsiung",TWN,Health
789,Erciyes University,TUR,Universities
790,International Centre for Diarrhoeal Disease Research,BGD,Health
791,University Hospital of Bern,CHE,Health
792,Uludag University,TUR,Universities
793,Westmead Hospital ,AUS,Health
794,Azienda Ospedaliera San Gerardo Monza,ITA,Health
795,University of Tromso - The Arctic University of Norway,NOR,Universities
796,South Eastern Sydney Local Health District *,AUS,Health
797,Monash Health *,AUS,Health
798,Ankara University,TUR,Universities
799,St Josephs Hospital and Medical Center ,USA,Health
800,Universidad de Murcia *,ESP,Universities
800,University Hospital in Olomouc,CZE,Health
802,Shamir Medical Center,ISR,Health
803,Iran University of Medical Sciences *,IRN,Universities
804,King Abdulaziz University *,SAU,Universities
805,Institucio Catalana de Recerca i Estudis Avancats,ESP,Government
806,Queensland University of Technology,AUS,Universities
807,Queen's University,CAN,Universities
808,Centre Hospitalier Universitaire de Bordeaux,FRA,Health
809,Universitat Wien,AUT,Universities
809,Universitatsklinikum Mannheim,DEU,Health
811,Birmingham Women's NHS Foundation Trust,GBR,Health
812,Universitatsklinikum Giessen und Marburg GmbH Standort Giessen,DEU,Health
813,Albany Medical Center *,USA,Health
814,Lomonosov  Moscow State University,RUS,Universities
815,Loma Linda University Medical Center ,USA,Health
816,Azienda Ospedaliera di Verona,ITA,Health
817,International Food Policy Research Institute,MUL,Non-Profit
818,Nagasaki University *,JPN,Universities
819,Pennington Biomedical Research Center,USA,Health
820,Kurume University *,JPN,Universities
821,University of Eastern Finland,FIN,Universities
822,Centre Hospitalier Universitaire de Quebec,CAN,Health
823,Donald and Barbara Zucker School of Medicine at Hofstra/Northwell,USA,Universities
824,Osaka City General Hospital,JPN,Health
825,University of East Anglia *,GBR,Universities
826,University of Oulu,FIN,Universities
827,California Department of Public Health,USA,Health
827,Liverpool John Moores University,GBR,Universities
827,"Northeastern University, USA",USA,Universities
830,University of Denver,USA,Universities
831,Universitatsklinikum Wurzburg,DEU,Health
832,"Louisiana State University, Health Sciences Center",USA,Universities
833,Mario Negri Istituto di Ricerche Farmacologiche,ITA,Health
834,Universidade Federal do Rio de Janeiro *,BRA,Universities
835,"Chang Gung Memorial Hospital, Taoyuan",TWN,Health
836,Gifu University *,JPN,Universities
837,Centre Hospitalier Universitaire de Caen *,FRA,Health
838,Nihon University *,JPN,Universities
839,National Institute of Allergy and Infectious Diseases,USA,Health
840,Universita degli Studi di Catania,ITA,Universities
841,Shaare Zedek Medical Center,ISR,Health
842,St Marianna University School of Medicine *,JPN,Universities
843,Centre Hospitalier Universitaire de Nantes *,FRA,Health
844,Instituto Mexicano del Seguro Social *,MEX,Health
845,York University,CAN,Universities
846,Hamilton Health Sciences,CAN,Health
847,Royal Melbourne Hospital,AUS,Health
848,Universite de Bordeaux *,FRA,Universities
849,Universitat zu Koln,DEU,Universities
850,Instituto de Investigacion Hospital 12 de Octubre,ESP,Health
851,Linkoping University Hospital,SWE,Health
852,Uniformed Services University of the Health Sciences,USA,Universities
853,Centre Hospitalier Regional Universitaire de Lille *,FRA,Health
853,Universitat Pompeu Fabra *,ESP,Universities
855,University of North Carolina Health Care,USA,Health
856,Teachers College of Columbia University,USA,Universities
856,Centro de Investigacion Biomedica en Red de Epidemiologia y Salud Publica,ESP,Health
858,King Georges Medical University,IND,Universities
859,Technische Universitat Munchen *,DEU,Universities
860,Augusta University *,USA,Universities
861,Nanjing University *,CHN,Universities
862,University of Ulsan *,KOR,Universities
863,Assiut University *,EGY,Universities
864,Catholic University of Korea *,KOR,Universities
865,Spedali Civili di Brescia,ITA,Health
866,Keio University *,JPN,Universities
867,Universitatsklinikum Schleswig-Holstein,DEU,Health
868,Australian Catholic University,AUS,Universities
869,Loyola University of Chicago *,USA,Universities
870,Eindhoven University of Technology,NLD,Universities
870,University of Strathclyde *,GBR,Universities
872,The University of Salford,GBR,Universities
873,King Saud University *,SAU,Universities
874,Aichi Medical University *,JPN,Universities
875,University of Ulster,GBR,Universities
876,South African Medical Research Council,ZAF,Health
877,Centre for Addiction and Mental Health,CAN,Health
878,Universitat Basel,CHE,Universities
879,University of Zagreb,HRV,Universities
880,University of New Mexico Health Sciences Center,USA,Health
880,Centre de Recherche Bordeaux Population Health,FRA,Government
882,Douglas Mental Health University Institute,CAN,Government
883,Makerere University *,UGA,Universities
884,Comision Coordinadora de Institutos Nacionales de Salud y Hospitales de Alta Especialidad,MEX,Health
885,Oak Ridge Institute for Science and Education,USA,Government
886,"Centro de Investigacion Biomedica en Red de Epidemiologia y Salud Publica, Madrid",ESP,Health
887,Hospital de Cruces,ESP,Health
888,University of Durham,GBR,Universities
889,Fondazione IRCCS Istituto Nazionale Tumori di Milano,ITA,Health
890,Hadassah University Medical Center *,ISR,Health
891,Wenzhou Medical University *,CHN,Universities
892,Asan Medical Center Seoul *,KOR,Health
893,Universita degli Studi di Genova,ITA,Universities
894,Monash Medical Centre ,AUS,Health
895,Kyoto Prefectural University of Medicine,JPN,Universities
896,Alberta Health Services,CAN,Health
897,Universitat de Valencia *,ESP,Universities
898,Hospital de Clinicas de Porto Alegre,BRA,Health
898,Shahid Sadoughi University of Medical Sciences,IRN,Universities
900,Instituto de Salud Global de Barcelona,ESP,Health
901,Toho University *,JPN,Universities
902,Children's Medical Center Dallas,USA,Health
902,Universidad de Zaragoza *,ESP,Universities
904,Instituto de Investigacion Sanitaria del Hospital Clinico San Carlos,ESP,Health
904,Children's Hospital of Orange County ,USA,Health
906,Macquarie University *,AUS,Universities
907,Gazi University,TUR,Universities
908,Hamamatsu University School of Medicine *,JPN,Universities
909,Universite du Quebec en Quebec *,CAN,Universities
910,St Michaels Hospital Toronto,CAN,Health
911,Bahir Dar University,ETH,Universities
912,U.S. Army *,USA,Government
913,University of Nairobi,KEN,Universities
914,"University of Technology, Sydney",AUS,Universities
915,Laval University,CAN,Universities
916,Almazov National Medical Research Centre,RUS,Health
917,Jawaharlal Institute of Postgraduate Medical Education and Research,IND,Universities
918,Saitama Children's Medical Center,JPN,Health
919,Universidade Federal da Bahia,BRA,Universities
920,University Hospital Antwerp,BEL,Health
921,Heinrich Heine Universitat Dusseldorf  *,DEU,Universities
922,Universitat des Saarlandes *,DEU,Universities
923,Freie Universitat Berlin,DEU,Universities
924,Yokohama City University *,JPN,Universities
925,"University of Wisconsin, Milwaukee",USA,Universities
926,Prince of Wales Hospital,HKG,Health
926,Institut de Recerca Hospital Universitari Vall d'Hebron,ESP,Health
928,Marmara University *,TUR,Universities
928,"Oklahoma State University, Stillwater *",USA,Universities
930,"Pfizer Inc, United States",USA,Companies
931,"Kaiser Permanente Medical Center, Los Angeles",USA,Health
932,Mie University *,JPN,Universities
933,Stavanger University Hospital,NOR,Health
933,Hospital Italiano de Buenos Aires *,ARG,Health
935,"Institut National de Recherche pour l'Agriculture, l'Alimentation et l'Environnement *",FRA,Government
936,"University of California, Riverside",USA,Universities
937,National Cheng Kung University Hospital,TWN,Health
938,Universitatsklinikum Bonn,DEU,Health
939,Lancaster University *,GBR,Universities
940,University of Aberdeen,GBR,Universities
940,Swiss Federal Institute of Technology,CHE,Universities
942,Poznan University of Medical Sciences,POL,Universities
942,Universidad del Pais Vasco *,ESP,Universities
944,Universite Libre de Bruxelles,BEL,Universities
945,Leibniz Gemeinschaft *,DEU,Government
945,Hospital Universitario Central de Asturias,ESP,Health
947,"University of North Carolina, Greensboro",USA,Universities
947,Mahidol University *,THA,Universities
949,Maimonides Medical Center,USA,Health
950,University of Saskatchewan,CAN,Universities
951,Ruhr-Universitat Bochum *,DEU,Universities
952,University Hospitals Leicester NHS Trust,GBR,Health
953,Universita degli Studi Gabriele d'Annunzio di Chieti e Pescara,ITA,Universities
954,"Queen Margaret University, Edinburgh",GBR,Universities
955,George Mason University,USA,Universities
956,Haramaya University,ETH,Universities
957,Addis Ababa University,ETH,Universities
958,"Birkbeck, University of London",GBR,Universities
958,Kagoshima University *,JPN,Universities
960,University of KwaZulu-Natal *,ZAF,Universities
961,Hong Kong Polytechnic University,HKG,Universities
962,Flinders University,AUS,Universities
963,National Health Commission of the People's Republic of China,CHN,Health
964,Nottingham University Hospitals NHS Trust,GBR,Health
965,Kanagawa Children's Medical Center,JPN,Health
966,Chungnam National University Hospital,KOR,Health
967,"State University of New York, Albany",USA,Universities
968,Universidad de Castilla-La Mancha *,ESP,Universities
969,Pfizer *,MUL,Companies
970,Southern Medical University *,CHN,Universities
971,New York State Department of Health *,USA,Health
972,Clinical Hospital Center Split,HRV,Health
973,University of Malaya *,MYS,Universities
974,Inje University *,KOR,Universities
975,Auburn University,USA,Universities
976,"Texas A&M University, College Station *",USA,Universities
977,Instituto de Investigacion Sanitaria IdIPAZ,ESP,Health
978,Hospital Universitario Miguel Servet,ESP,Health
979,Queensland Institute of Medical Research,AUS,Health
980,Gadjah Mada University,IDN,Universities
981,Universidad de Buenos Aires *,ARG,Universities
981,Aghia Sophia Children's Hospital,GRC,Health
983,University of Notre Dame,USA,Universities
984,L’Istituto di Scienze Neurologiche di Bologna,ITA,Health
985,University of Split,HRV,Universities
986,Pontificia Universidade Catolica do Rio Grande do Sul,BRA,Universities
987,Stockholm University,SWE,Universities
988,University of Wollongong *,AUS,Universities
989,James Cook University *,AUS,Universities
989,Hokkaido University *,JPN,Universities
991,Rhode Island Hospital ,USA,Health
992,University of Delhi *,IND,Universities
993,Instituto de Investigacion Sanitaria Gregorio Maranon,ESP,Health
994,Loughborough University,GBR,Universities
994,University of Sussex *,GBR,Universities
996,King Saud bin Abdulaziz University for Health Sciences *,SAU,Universities
997,Norfolk and Norwich University Hospitals NHS Foundation Trust,GBR,Health
998,Universitat Politecnica de Catalunya *,ESP,Universities
999,Instituto Nacional de Salud Publica,MEX,Health
999,"National University of Ireland, Galway",IRL,Universities
1001,Vilnius University,LTU,Universities
1002,Aljouf University,SAU,Universities
1003,Holland Bloorview Kids Rehabilitation Hospital,CAN,Health
1004,Sunnybrook Health Sciences Centre,CAN,Health
1005,Lady Hardinge Medical College,IND,Health
1005,Georgia Institute of Technology *,USA,Universities
1005,Osaka University *,JPN,Universities
1008,Universidade Federal de Pernambuco,BRA,Universities
1008,Universidad de Malaga *,ESP,Universities
1010,Qingdao University *,CHN,Universities
1011,Medical University of Silesia,POL,Universities
1012,Hospital Universitario Puerta de Hierro Majadahonda,ESP,Health
1013,Tohoku University *,JPN,Universities
1014,"Christian Medical College, Vellore",IND,Universities
1015,Berlin Institute of Health,DEU,Health
1016,Hallym University *,KOR,Universities
1017,Consejo Nacional de Investigaciones Cientificas y Tecnicas *,ARG,Government
1018,City University of New York Graduate Center,USA,Universities
1019,Stollery Children's Hospital Foundation,CAN,Health
1020,University of Ioannina,GRC,Universities
1021,Second Affiliated Hospital & Yuying Children's Hospital of Wenzhou Medical University,CHN,Health
1022,"University of Tennessee, Knoxville *",USA,Universities
1023,Universidad de Sevilla *,ESP,Universities
1024,Manipal Global Education Group *,MUL,Companies
1025,Institute for Clinical Evaluative Sciences,CAN,Health
1026,Manipal University,IND,Universities
1027,Azienda Ospedaliera Careggi,ITA,Health
1028,Hospital de Ninos Ricardo Gutierrez,ARG,Health
1028,Complejo Asistencial Universitario de Leon,ESP,Health
1030,University of Huddersfield,GBR,Universities
1031,Universidade do Estado do Rio de Janeiro *,BRA,Universities
1032,Abertawe Bro Morgannwg University NHS Trust,GBR,Health
1033,Universidade Federal de Santa Catarina *,BRA,Universities
1034,Universidade de Santiago de Compostela *,ESP,Universities
1035,Denver Health Medical Center,USA,Health
1036,Jagiellonian University,POL,Universities
1037,Second Xiangya Hospital Affiliated to Central South University,CHN,Health
1038,Western Michigan University,USA,Universities
1039,Universidad de Oviedo *,ESP,Universities
1039,"City University of New York, John Jay College of Criminal Justice",USA,Universities
1041,Complejo Hospitalario Virgen del Rocio,ESP,Health
1042,University of Ghana,GHA,Universities
1042,Chelsea and Westminster Hospital NHS Foundation Trust,GBR,Health
1044,Complejo Asistencial Universitario de Burgos,ESP,Health
1045,University of Kentucky HealthCare,USA,Health
1046,Kyushu University *,JPN,Universities
1046,Universitat Potsdam,DEU,Universities
1048,SUNY Downstate Medical Center,USA,Universities
1049,Akershus University Hospital,NOR,Health
1050,University of Crete,GRC,Universities
1051,Instituto Fernandes Figueira,BRA,Health
1051,National Cheng Kung University,TWN,Universities
1053,Muhimbili University of Health and Allied Sciences,TZA,Universities
1053,Institut Necker Enfants Malades,FRA,Government
1055,Barts and the London NHS Trust,GBR,Health
1056,Universitat Rovira i Virgili *,ESP,Universities
1056,University of Nevada-Reno,USA,Universities
1058,South Australian Health and Medical Research Institute,AUS,Health
1059,Mackay Medical College,TWN,Universities
1060,City University of Hong Kong *,HKG,Universities
1061,Universita degli Studi di Foggia,ITA,Universities
1062,Hospital das Clinicas da Faculdade de Medicina da Universidade de Sao Paulo,BRA,Health
1063,Universidade Estadual Paulista Julio de Mesquita Filho,BRA,Universities
1064,Cardiff and Vale NHS Trust,GBR,Health
1065,"Louisiana State University, Baton Rouge",USA,Universities
1066,Peking Union Medical College Hospital Beijing,CHN,Health
1067,The Ottawa Hospital  *,CAN,Health
1068,Lawson Health Research Institute,CAN,Health
1069,Chung-Ang University *,KOR,Universities
1070,Swiss Tropical and Public Health Institute,CHE,Government
1071,Universidade Federal de Pelotas,BRA,Universities
1071,Istanbul Medeniyet University,TUR,Universities
1073,King Faisal Specialist Hospital and Research Centre  *,SAU,Health
1074,University of the Philippines Diliman *,PHL,Universities
1075,Beaumont Health System,USA,Health
1076,Ministerio de Salud *,PER,Health
1077,University of North Dakota,USA,Universities
1077,University of Twente,NLD,Universities
1079,Tata Memorial Centre,IND,Government
1080,Ottawa Hospital Research Institute,CAN,Health
1081,Jimma University *,ETH,Universities
1082,Safdarjang Hospital,IND,Health
1083,University of Colombo,LKA,Universities
1084,University of Tasmania,AUS,Universities
1085,Nanjing Drum Tower Hospital,CHN,Health
1086,Centro Medico Nacional Siglo XXI,MEX,Health
1086,Cork University Hospital,IRL,Health
1086,Indian Council of Medical Research *,IND,Health
1089,Georgetown University Medical Center,USA,Health
1089,Edge Hill University,GBR,Universities
1091,Seguro Social de Salud *,PER,Health
1092,"University of Hawaii, Manoa *",USA,Universities
1093,Hackensack University Medical Center,USA,Health
1093,Hospital de Clinicas da Universidade Federal do Parana,BRA,Health
1095,First Hospital of Jilin University,CHN,Health
1096,University College of Medical Sciences,IND,Universities
1096,Complejo Universitario de San Carlos,ESP,Health
1098,Northshore University HealthSystem,USA,Health
1098,Universite du Quebec en Montreal,CAN,Universities
1100,Universita degli Studi Magna Graecia di Catanzaro,ITA,Universities
1100,Keele University,GBR,Universities
1102,Maulana Azad Medical College,IND,Health
1103,"China Medical University, Taichung *",TWN,Universities
1104,National University of Malaysia *,MYS,Universities
1105,Helmholtz Zentrum Munchen Forschungszentrum fur Umwelt und Gesundheit,DEU,Government
1106,Yale New Haven Health System,USA,Health
1107,Universita degli Studi di Siena,ITA,Universities
1107,"Weill Cornell Medicine, Qatar",QAT,Universities
1109,Universidade Federal da Paraiba,BRA,Universities
1109,Lanzhou University *,CHN,Universities
1111,National Institute for Public Health and the Environment,NLD,Health
1112,Universidad del Desarrollo,CHL,Universities
1113,Hospital Clinico Universitario Lozano Blesa,ESP,Health
1114,Tokyo Medical and Dental University,JPN,Universities
1115,Sherbrooke University,CAN,Universities
1116,Hamad Medical Corp *,QAT,Health
1117,Hospital Universitario Virgen de La Arrixaca,ESP,Health
1118,Fundacion Universitaria de Ciencias de la Salud,COL,Universities
1119,Memorial University of Newfoundland,CAN,Universities
1120,University of Western Sydney,AUS,Universities
1121,King Abdullah International Medical Research Center,SAU,Health
1121,MetroHealth System ,USA,Health
1123,Clinica Alemana de Santiago,CHL,Health
1124,Universitatsklinikum des Saarlandes,DEU,Health
1124,"Washington State University, Spokane Campus",USA,Universities
1126,Universidad Miguel Hernandez *,ESP,Universities
1127,Cambridge Health Alliance,USA,Health
1128,Universitatsklinikum Leipzig,DEU,Health
1129,University of the Philippines Manila,PHL,Universities
1130,"California State University, Fullerton",USA,Universities
1130,"University of Science, Malaysia *",MYS,Universities
1132,Central Michigan University,USA,Universities
1132,Parc Sanitari de Sant Joan de Deu *,ESP,Health
1134,"University of Medicine, Pharmacy, Science and Technology of Targu Mures",ROU,Universities
1135,Universita degli Studi dell'Insubria,ITA,Universities
1136,Universita degli Studi di Udine,ITA,Universities
1137,Cha University *,KOR,Universities
1138,Complejo Hospitalario de Navarra,ESP,Health
1139,Padjadjaran University,IDN,Universities
1140,University Hospitals Birmingham NHS Foundation Trust,GBR,Health
1141,Universidad de La Laguna,ESP,Universities
1141,Xiamen University *,CHN,Universities
1143,American University of Beirut *,LBN,Universities
1143,Atrium Health *,USA,Health
1143,Universidad de Cadiz *,ESP,Universities
1146,University of Ibadan,NGA,Universities
1146,Azienda Ospedaliera Universitaria Pisana,ITA,Health
1146,Queen Mary Hospital Hong Kong,HKG,Health
1149,Universidad de Extremadura *,ESP,Universities
1150,Ewha Womans University *,KOR,Universities
1151,Juntendo University *,JPN,Universities
1152,Universite Paris-Est Creteil *,FRA,Universities
1152,University of Rhode Island,USA,Universities
1154,Instituto Nacional de Perinatologia Isidro Espinosa de los Reyes,MEX,Health
1155,University of Szeged,HUN,Universities
1156,Universita degli Studi di Modena e Reggio Emilia,ITA,Universities
1157,National Defense Medical Center,TWN,Health
1158,Centro Hospitalar de Lisboa Central,PRT,Health
1158,Royal Darwin Hospital,AUS,Health
1158,"University of Texas, Arlington",USA,Universities
1161,Kuopio University Hospital,FIN,Health
1162,Ernst-Moritz-Arndt-Universitat Greifswald *,DEU,Universities
1163,Oslo Metropolitan University,NOR,Universities
1163,Khon Kaen University,THA,Universities
1163,Sigmund Freud University,AUT,Universities
1166,Azienda Ospedaliera di Parma,ITA,Health
1166,Kyung Hee University *,KOR,Universities
1168,Universidad Europea de Madrid,ESP,Universities
1169,Medical College and Hospital Kolkata,IND,Health
1170,Coventry University,GBR,Universities
1170,Medical University of Lodz,POL,Universities
1172,Complejo Hospitalario Regional Reina Sofia,ESP,Health
1173,Royal North Shore Hospital,AUS,Health
1174,National Institute on Drug Abuse,USA,Health
1175,University of Malawi,MWI,Universities
1176,Inha University,KOR,Universities
1177,Otto-von-Guericke-Universitat Magdeburg *,DEU,Universities
1178,Zhujiang Hospital,CHN,Health
1179,Hospital Nuestra Senora de Candelaria,ESP,Health
1180,Universidad Autonoma del Estado de Hidalgo,MEX,Universities
1181,Mackay Memorial Hospital,TWN,Health
1182,Universitat zu Lubeck,DEU,Universities
1183,Landspitali National University Hospital,ISL,Health
1184,Universidade Federal do Parana,BRA,Universities
1185,Hamadan University of Medical Sciences,IRN,Universities
1185,Makerere University College of Health Sciences,UGA,Universities
1185,Foothills Medical Centre,CAN,Health
1188,Hospital Universitari Germans Trias i Pujol,ESP,Health
1188,Universidade do Minho,PRT,Universities
1190,Jeju National University *,KOR,Universities
1191,Universidade de Brasilia,BRA,Universities
1191,Bundang Cha Medical Center,KOR,Health
1193,Hallym University Medical Center,KOR,Health
1194,Ministry of National Guard - Health Affairs,SAU,Health
1194,Amrita Institute for Medical Science and Research,IND,Health
1194,Belfast Health and Social Care Trust,GBR,Health
1197,Wright State University,USA,Universities
1198,"University of Alabama, Tuscaloosa",USA,Universities
1199,Charles Darwin University *,AUS,Universities
1200,Friedrich-Schiller-Universitat Jena *,DEU,Universities
1201,University of Pecs,HUN,Universities
1202,Sir Charles Gairdner Hospital ,AUS,Health
1203,Universite de Lille *,FRA,Universities
1204,Istituto di Fisiologia Clinica,ITA,Government
1205,Universitatsklinikum Gottingen,DEU,Health
1206,Hospital Edgardo Rebagliati Martins,PER,Health
1207,Tri-Service General Hospital,TWN,Health
1208,Universite Grenoble-Alpes *,FRA,Universities
1209,Anima Holding SA *,BRA,Companies
1210,Hospital Puerta del Mar,ESP,Health
1210,St Antonius Hospital,NLD,Health
1212,University of Pretoria,ZAF,Universities
1213,Universidad de Santiago de Chile,CHL,Universities
1214,Universidad Rey Juan Carlos *,ESP,Universities
1215,Harbor–UCLA Medical Center,USA,Health
1216,London Health Sciences Centre,CAN,Health
1217,Ministry of Health,SAU,Health
1218,Universidade de Coimbra *,PRT,Universities
1219,University of Medicine and Pharmacy Victor Babes,ROU,Universities
1220,Riga Stradins University,LVA,Universities
1221,Hospital Universitario Ramon y Cajal *,ESP,Health
1222,Universitat de Girona *,ESP,Universities
1222,Hippokration General Hospital,GRC,Health
1224,Koc University,TUR,Universities
1225,Mount Sinai Hospital,USA,Health
1226,National Yang Ming Chiao Tung University,TWN,Universities
1227,Cancer Research UK,GBR,Health
1228,Rheinisch-Westfalische Technische Hochschule Aachen,DEU,Universities
1229,Moi University,KEN,Universities
1230,Institut Mondor de Recherche Biomedicale,FRA,Government
1231,Jordan University of Science and Technology,JOR,Universities
1231,Murdoch University,AUS,Universities
1233,Universitatsklinikum Ulm,DEU,Health
1234,Universitatsklinikum Carl Gustav Carus Dresden,DEU,Health
1234,Rowan University,USA,Universities
1236,Medical University of Kerman,IRN,Universities
1236,Instituto de Investigación Sanitaria Biocruces Bizkaia,ESP,Health
1238,"King Abdulaziz Medical City, Riyadh",SAU,Health
1239,Universita degli Studi di Ferrara,ITA,Universities
1239,Beijing Normal University *,CHN,Universities
1241,St.John's National Academy of Health Sciences *,IND,Health
1242,First Affiliated Hospital of Chongqing Medical University,CHN,Health
1243,Prince Sattam Bin Abdulaziz University,SAU,Universities
1244,Complexo Hospitalario Universitario a Coruna,ESP,Health
1245,Universidad ICESI,COL,Universities
1246,Universidad de Concepcion *,CHL,Universities
1247,East Carolina University,USA,Universities
1248,Chiang Mai University,THA,Universities
1249,KIIT University,IND,Universities
1250,Universidad de Puerto Rico *,PRI,Universities
1250,"Universidad Santo Tomas, Chile",CHL,Universities
1252,Ministry of Health,MYS,Health
1253,Burnet Institute,AUS,Health
1254,Hospital Universitario Son Espases,ESP,Health
1255,"Centro de Investigacion Biomedica en Red de Enfermedades Raras, Madrid",ESP,Health
1256,OU Medicine,USA,Health
1257,University of Memphis,USA,Universities
1258,Kermanshah University of Medical Sciences,IRN,Universities
1259,"University of Nebraska, Omaha",USA,Universities
1260,Masaryk University,CZE,Universities
1261,Utah State University *,USA,Universities
1261,Heraklion University General Hospital,GRC,Health
1263,University of Guelph,CAN,Universities
1264,Instituto Nacional de Saude Dr. Ricardo Jorge,PRT,Health
1264,Chungnam National University,KOR,Universities
1266,Mansoura University *,EGY,Universities
1267,Institut de Recerca Sant Joan de Deu,ESP,Health
1268,Institute of Cancer Research,GBR,Health
1269,Fundacio de Recerca Sant Joan de Deu *,ESP,Non-Profit
1270,Northeast Ohio Medical University,USA,Universities
1271,Fundacion Valle del Lili,COL,Health
1272,Centre Hospitalier Universitaire de Grenoble,FRA,Health
1273,Hospital Clinico Universitario de Valladolid,ESP,Health
1274,"University of Massachusetts, Boston",USA,Universities
1275,Alfred Health,AUS,Health
1276,The University of Vermont Medical Center,USA,Health
1276,Duquesne University,USA,Universities
1278,Comenius University in Bratislava,SVK,Universities
1279,Universidad Nacional de Colombia *,COL,Universities
1279,Klinikum Rechts der Isar der Technische Universitat Munchen,DEU,Health
1281,Northumbria University,GBR,Universities
1282,Hiroshima University *,JPN,Universities
1282,N.N. Blokhin Cancer Research Center of the Russian Academy of Medical Sciences,RUS,Health
1284,University of Iceland,ISL,Universities
1285,Mohammed Bin Rashid University of Medicine and Health Sciences,ARE,Universities
1286,Universidad de Jaen *,ESP,Universities
1286,Texas Tech University Health Sciences Center,USA,Universities
1288,University of Jordan,JOR,Universities
1289,Chung-Ho Memorial Hospital,TWN,Health
1289,Nanfang Hospital,CHN,Health
1291,Portland State University,USA,Universities
1292,Tygerberg Hospital,ZAF,Health
1293,West Virginia University Health Sciences Center,USA,Health
1293,Linkou Chang Gung Memorial Hospital,TWN,Health
1295,University of Rzeszow,POL,Universities
1296,University of Nevada-Las Vegas,USA,Universities
1297,Princess Nourah bint Abdul Rahman University *,SAU,Universities
1298,Hospital Clinico Universitario de Valencia,ESP,Health
1299,Universitat Bielefeld,DEU,Universities
1299,"University of North Carolina, Charlotte",USA,Universities
1301,University of Brighton *,GBR,Universities
1301,Instituto de Investigacion Sanitaria La Fe,ESP,Health
1303,Universite de Rennes 1 *,FRA,Universities
1303,Universidade Nova de Lisboa *,PRT,Universities
1305,Taibah University,SAU,Universities
1305,Universidade Federal de Ciencias da Saude de Porto Alegre,BRA,Universities
1307,Universidade Federal de Alagoas,BRA,Universities
1308,Singapore General Hospital,SGP,Health
1309,University of Missouri Health Care ,USA,Health
1310,Saint Petersburg State Pediatric Medical University,RUS,Universities
1311,East China Normal University,CHN,Universities
1311,Universite de Versailles Saint Quentin en Yvelines *,FRA,Universities
1313,Sir Ganga Ram Hospital,IND,Health
1314,Universite de Lorraine *,FRA,Universities
1315,King Saud University Medical City,SAU,Health
1315,University of Haifa,ISR,Universities
1317,Sociedade Beneficiente Israelita Brasileira Albert Einstein,BRA,Health
1318,Humboldt-Universitat zu Berlin,DEU,Universities
1319,Deutsches Diabetes-Zentrum - Leibniz-Zentrum fur Diabetes-Forschung an der Heinrich-Heine-Universitat Dusseldorf,DEU,Government
1320,Carl von Ossietzky Universitat Oldenburg,DEU,Universities
1321,Bnai Zion Medical Center,ISR,Health
1321,Complejo Hospitalario Torrecardenas,ESP,Health
1323,Banaras Hindu University,IND,Universities
1323,Eastern Virginia Medical School,USA,Universities
1325,Loyola Medicine,USA,Health
1325,Centro Hospitalar de Lisboa Norte,PRT,Health
1327,Ministry of Health *,TUR,Health
1327,Attikon Athens University Hospital,GRC,Health
1329,Marquette University,USA,Universities
1330,Iuliu Hatieganu University of Medicine and Pharmacy Cluj Napoca,ROU,Universities
1330,Ahvaz Jundishapur University of Medical Sciences *,IRN,Universities
1332, Centre Hospitalier de l'Universite de Montreal,CAN,Health
1332,Aston University,GBR,Universities
1334,Hospital Universitario Virgen de las Nieves,ESP,Health
1334,Mbarara University of Science and Technology,UGA,Universities
1336,Deutsches Herzzentrum Berlin,DEU,Health
1337,Hospital Universitario Doctor Peset,ESP,Health
1338,Hospital Universitario Rio Hortega,ESP,Health
1338,Universitatsklinikum Greifswald,DEU,Health
1338,Nanchang University *,CHN,Universities
1338,Oakland University,USA,Universities
1342,Instituto Tecnologico y de Estudios Superiores de Monterrey,MEX,Universities
1343,Royal Prince Alfred Hospital ,AUS,Health
1344,Instituto de Investigacion Biomedica de Malaga,ESP,Health
1345,"California State University, Los Angeles",USA,Universities
1346,Siriraj Hospital,THA,Health
1347,North-West University,ZAF,Universities
1348,Royal Brisbane and Women's Hospital *,AUS,Health
1348,University of Tartu,EST,Universities
1350,Universidad Autonoma de Nuevo Leon *,MEX,Universities
1351,Eulji University *,KOR,Universities
1352,Hashemite University,JOR,Universities
1353,Horbachevsky Ternopil State Medical University,UKR,Universities
1354,Baylor Scott & White Health,USA,Health
1355,Los Angeles Biomedical Research Institute,USA,Health
1355,Fujian Medical University *,CHN,Universities
1355,Universidade Federal de Juiz de Fora,BRA,Universities
1358,Ajou University,KOR,Universities
1359,Universidade Federal de Sao Carlos,BRA,Universities
1360,Instituto Politecnico Nacional *,MEX,Universities
1361,Xiangya Hospital Affiliated to Central South University,CHN,Health
1361,Universitatsklinikum Dusseldorf,DEU,Health
1361,"Government Medical College and Hospital, Chandigarh",IND,Health
1364,MedStar Health *,USA,Health
1365,Walter Reed National Military Medical Center,USA,Health
1366,Universitas Sumatera Utara,IDN,Universities
1367,Brighton and Sussex University Hospitals NHS Trust,GBR,Health
1368,Guru Tegh Bahadur Hospital,IND,Health
1369,Arabian Gulf University *,BHR,Universities
1370,Mazandaran University of Medical Sciences,IRN,Universities
1370,Chiba University *,JPN,Universities
1372,National University of Malaysia Medical Center,MYS,Health
1373,Kaohsiung Medical University,TWN,Universities
1374,Universitatsklinikum Jena,DEU,Health
1375,Universitatsspital Basel,CHE,Health
1375,Centre Hospitalier Universitaire de Poitiers,FRA,Health
1377,Seth Gordhandas Sunderdas Medical College and King Edward Memorial Hospital ,IND,Health
1378,Hunter Medical Research Institute,AUS,Health
1379,Servicio Andaluz de Salud Sevilla *,ESP,Health
1380,Hospital Universitario Fundacion Alcorcon,ESP,Health
1381,Peter Maccallum Cancer Centre,AUS,Health
1382,Instituto de Investigacion Sanitaria Aragon,ESP,Health
1383,Instituto de Investigacion e Innovacion Parc Tauli,ESP,Health
1384,Kuwait University *,KWT,Universities
1384,Brock University,CAN,Universities
1386,Kahramanmaras Sutcu Imam University,TUR,Universities
1387,Hospital de Cabuenes,ESP,Health
1388,Hospital for Special Surgery,USA,Health
1389,Hospital Universitario Austral,ARG,Health
1390,Fukushima Medical University *,JPN,Universities
1391,Eastern Michigan University,USA,Universities
1391,Klinikum Stuttgart,DEU,Health
1391,Universidad Austral,ARG,Universities
1394,Daegu Catholic University *,KOR,Universities
1395,Paracelsus Medizinische Privatuniversitat,AUT,Universities
1396,Hackensack Meridian Health,USA,Health
1397,Universidade Federal do Ceara,BRA,Universities
1398,Universidade Federal do Espirito Santo,BRA,Universities
1399,Fundacio Institut d'Investigacio Sanitaria Illes Balears,ESP,Health
1400,Centro Hospitalar e Universitario de Coimbra,PRT,Health
1400,Faculdade de Ciencias Medicas da Santa Casa de Sao Paulo,BRA,Universities
1402,Menoufia University *,EGY,Universities
1403,"University of the West Indies, Mona Campus *",JAM,Universities
1404,Eskisehir Osmangazi University *,TUR,Universities
1405,Junta de Andalucia Sevilla *,ESP,Government
1406,Universidade Federal de Uberlandia,BRA,Universities
1406,Karadeniz Technical University,TUR,Universities
1406,Universidad de Guadalajara,MEX,Universities
1409,Sun Yat-sen University First Hospital,CHN,Health
1410,"Epidemiologie et Analyses en Sante Publique: Risques, Maladies Chroniques, Handicaps",FRA,Government
1410,National Health Laboratory Services,ZAF,Government
1410,Ramathibodi Hospital,THA,Health
1413,Dicle University *,TUR,Universities
1414,Texas Tech University,USA,Universities
1415,Polish Mothers Memorial Hospital Research Institute,POL,Health
1416,Taichung Veterans General Hospital,TWN,Health
1417,Jackson Health System,USA,Health
1418,Baskent University *,TUR,Universities
1418,Menzies School of Health Research,AUS,Universities
1420,University of Windsor,CAN,Universities
1421,Qatar University,QAT,Universities
1422,The Affiliated Hospital of Qingdao University Medical College,CHN,Health
1423,Medical University of Bialystok,POL,Universities
1424,Sheffield Teaching Hospitals NHS Trust,GBR,Health
1425,Temple Health,USA,Health
1425,Izmir Katip Celebi University *,TUR,Universities
1427,Hospital Universitario de Fuenlabrada,ESP,Health
1428,Edith Wolfson Medical Center,ISR,Health
1429,Centro Academico de Salud de la Universidad Austral,ARG,Universities
1430,University of Maryland Medical Center,USA,Health
1431,Centre Hospitalier Universitaire de Rennes,FRA,Health
1432,Soon Chun Hyang University *,KOR,Universities
1433,Adnan Menderes University,TUR,Universities
1433,Isala Clinics,NLD,Health
1435,University of Novi Sad,SRB,Universities
1436,Martin-Luther-Universitat Halle-Wittenberg *,DEU,Universities
1437,The Royal Marsden NHS Foundation Trust,GBR,Health
1437,Staten Island University Hospital,USA,Health
1439,Edith Cowan University,AUS,Universities
1440,Universidad de Antioquia *,COL,Universities
1441,Donostia Ospitalea,ESP,Health
1442,Yonsei University Severance Hospital,KOR,Health
1442,"Universidad Andres Bello, Chile",CHL,Universities
1444,Universite Francois Rabelais de Tours *,FRA,Universities
1445,Swinburne University of Technology *,AUS,Universities
1446,Medical University of Lublin,POL,Universities
1446,Kocaeli University *,TUR,Universities
1448,Concordia University,CAN,Universities
1448,"University College Hospital, Ibadan",NGA,Health
1450,Yuzuncu Yil University *,TUR,Universities
1451,Deutsches Krebsforschungszentrum,DEU,Government
1452,First Affiliated Jiangsu Province Hospital with Nanjing Medical University,CHN,Health
1453,Toronto General Hospital,CAN,Health
1454,Fondazione IRCCS Istituto Neurologico Carlo Besta,ITA,Health
1455,University General Hospital,CZE,Health
1456,Jacobi Medical Center,USA,Health
1457,Hospital Universitari de Tarragona Joan XXIII,ESP,Health
1458,Pusan National University Hospital,KOR,Health
1459,Universidade de Pernambuco *,BRA,Universities
1460,Spectrum Health,USA,Health
1461,Shandong Provincial Hospital,CHN,Health
1462,University of Sharjah,ARE,Universities
1463,Chung Shan Medical University,TWN,Universities
1463,Arak University of Medical Sciences *,IRN,Universities
1465,Universite Cote d’Azur *,FRA,Universities
1466,Fundacion Cardioinfantil Instituto de Cardiologia,COL,Health
1467,Prince of Songkla University,THA,Universities
1468,Obafemi Awolowo University,NGA,Universities
1469,Saitama Medical University *,JPN,Universities
1470,Hospital General Universitario de Alicante *,ESP,Health
1471,Akdeniz University,TUR,Universities
1472,Chung Shan Medical University Hospital,TWN,Health
1473,Hospital Universitario de Nuevo Leon,MEX,Health
1474,University of Toyama *,JPN,Universities
1475,"Chang Gung Memorial Hospital, Keelung",TWN,Health
1476,Istituti Ortopedici Rizzoli,ITA,Health
1477,Tokyo Womens Medical University Hospital,JPN,Health
1478,Institut Pierre Louis d'Epidemiologie et de Sante Publique,FRA,Government
1479,Alborz University of Medical Sciences,IRN,Universities
1480,Guilan University of Medical Sciences,IRN,Universities
1481,University of Zambia,ZMB,Universities
1482,United Arab Emirates University,ARE,Universities
1483,Universidade Federal de Sergipe,BRA,Universities
1484,University of West Attica,GRC,Universities
1485,First Affiliated Hospital of Anhui Medical University,CHN,Health
1486,Universitatsklinikums Aachen,DEU,Health
1487,Roswell Park Cancer Institute,USA,Health
1488,Nicolaus Copernicus University,POL,Universities
1488,Harokopio University,GRC,Universities
1490,Tanta University,EGY,Universities
1490,Charite Campus Virchow Klinikum,DEU,Health
1490,University of Nigeria,NGA,Universities
1493,Massey University,NZL,Universities
1494,Qassim University,SAU,Universities
1495,Homi Bhabha National Institute,IND,Universities
1496,Carol Davila University of Medicine and Pharmacy,ROU,Universities
1497,Zahedan University of Medical Sciences,IRN,Universities
1498,Anglia Ruskin University,GBR,Universities
1499,Centre Hospitalier Universitaire d'Angers,FRA,Health
1500,Liverpool Heart and Chest Hospital NHS Foundation Trust,GBR,Health
1501,"Universidad de Puerto Rico, Ciencias Medicas",PRI,Universities
1502,University of Zimbabwe,ZWE,Universities
1503,University of Tsukuba *,JPN,Universities
1504,Washington Hospital Center,USA,Health
1504,Shinshu University *,JPN,Universities
1506,"University of Medicine and Pharmacy, Ho Chi Minh City",VNM,Universities
1507,Philippine General Hospital,PHL,Health
1508,Imam Abdulrahman Bin Faisal University *,SAU,Universities
1509,Centre Hospitalier Universitaire de Nancy,FRA,Health
1510,Universidade Federal de Goias,BRA,Universities
1511,Universidad de la Frontera,CHL,Universities
1512,Inonu University,TUR,Universities
1513,"Scientific Centre of Obstetrics, Gynaecology and Perinatology of the Russian Academy of Medical Sciences",RUS,Health
1514,Syracuse University,USA,Universities
1515,Ankara Yildirim Beyazit University,TUR,Universities
1516,Peoples'Friendship University of Russia,RUS,Universities
1517,University of the Sunshine Coast,AUS,Universities
1517,King Fahad Medical City ,SAU,Health
1519,Universitat de les Illes Balears *,ESP,Universities
1519,Seoul National University Boramae Hospital,KOR,Health
1521,"University of Illinois, College of Medicine at Peoria",USA,Universities
1522,Universite de Lyon,FRA,Universities
1523,Qom University of Medical Sciences,IRN,Universities
1524,Qazvin University of Medical Sciences,IRN,Universities
1525,Zagazig University *,EGY,Universities
1526,Los Angeles County-USC Medical Center ,USA,Health
1527,University of Notre Dame Australia,AUS,Universities
1528,University of the Ryukyus *,JPN,Universities
1529,East Tennessee State University,USA,Universities
1529,Shandong University Qilu Hospital,CHN,Health
1531,National Institute of Mental Health and Neuro Sciences,IND,Universities
1532,University of South China,CHN,Universities
1532,Nara Medical University *,JPN,Universities
1532,Pomeranian Medical University,POL,Universities
1535,University Hospital Centre Zagreb,HRV,Health
1536,Mersin University,TUR,Universities
1536,Nantong University *,CHN,Universities
1538,Universite Clermont-Auvergne,FRA,Universities
1538,Hopital Erasme,BEL,Health
1540,Universita degli Studi del Piemonte Orientale Amedeo Avogadro,ITA,Universities
1541,Prince Sultan Military Medical City,SAU,Health
1542,University Putra Malaysia,MYS,Universities
1543,Yeungnam University,KOR,Universities
1544,Complejo Asistencial Universitario de Salamanca,ESP,Health
1544,Massachusetts Eye and Ear Infirmary ,USA,Health
1546,Chonnam National University Hospital,KOR,Health
1547,Hospital Universitario Dr. Jose Eleuterio Gonzalez,MEX,Health
1548,Ondokuz Mayis University *,TUR,Universities
1549,Baylor University,USA,Universities
1550,Meir Medical Center,ISR,Health
1550,Centre Hospitalier Universitaire de Clermont-Ferrand,FRA,Health
1552,Universidad de Cartagena,COL,Universities
1553,Adiyaman University,TUR,Universities
1554,Bogomolets National Medical University,UKR,Universities
1554,Lithuanian University of Health Sciences,LTU,Universities
1556,Johannes Kepler Universitat Linz,AUT,Universities
1556,Third Affiliated Hospital of Zhengzhou University,CHN,Health
1558,Nagoya City University *,JPN,Universities
1559,Shariati Hospital,IRN,Health
1559,Hospital Universiti Sains Malaysia,MYS,Health
1561,Clinica Las Condes,CHL,Health
1561,Fujita Health University *,JPN,Universities
1563,Rosalind Franklin University of Medicine and Science,USA,Universities
1564,Rabin Medical Center,ISR,Health
1565,Suez Canal University *,EGY,Universities
1565,Universite Hassan II de Casablanca *,MAR,Universities
1567,Kirikkale University *,TUR,Universities
1568,Centre Hospitalier Universitaire de Brest,FRA,Health
1568,King Khalid University,SAU,Universities
1570,Ariel University *,ISR,Universities
1571,San Francisco State University,USA,Universities
1571,Hebei Medical University *,CHN,Universities
1573,Complejo Hospitalario Materno - Insular,ESP,Health
1574,King Saud Medical City,SAU,Health
1575,The First Affiliated Hospital of Zhejiang University,CHN,Health
1576,Helwan University Cairo *,EGY,Universities
1577,Istanbul Medipol University *,TUR,Universities
1577,Niigata University *,JPN,Universities
1577,Lebanese University,LBN,Universities
1580,American University of Beirut Medical Center,LBN,Health
1581,"Southern Illinois University, Carbondale *",USA,Universities
1582,Goztepe Training and Research Hospital,TUR,Health
1583,Taipei Veterans General Hospital,TWN,Health
1584,University of Yamanashi *,JPN,Universities
1585,Universitat Rostock *,DEU,Universities
1586,University of Nicosia,CYP,Universities
1587,Sultan Qaboos University *,OMN,Universities
1588,Gaziantep University *,TUR,Universities
1589,Sanford Health,USA,Health
1589,Binzhou Medical University *,CHN,Universities
1591,Necmettin Erbakan University,TUR,Universities
1592,Harbin Medical University *,CHN,Universities
1593,Zanjan University of Medical Sciences *,IRN,Universities
1593,Al-Azhar University *,EGY,Universities
1595,Selcuk University *,TUR,Universities
1595,North Khorasan University of Medical Sciences,IRN,Universities
1597,Second Affiliated Hospital of Lanzhou University,CHN,Health
1598,Maharishi Markandeshwar University *,IND,Universities
1598,Academic Center for Education Culture and Research *,IRN,Non-Profit
1600,Ospedale Niguarda,ITA,Health
1601,Azienda Ospedaliera Sant Andrea,ITA,Health
1602,Bangabandhu Sheikh Mujib Medical University,BGD,Universities
1603,Saitama Medical University Saitama Medical Center,JPN,Health
1604,Umm Al-Qura University,SAU,Universities
1604,University of Malaya Medical Centre,MYS,Health
1604,Tokyo Metropolitan Institute of Medical Science,JPN,Health
1607,Centre Hospitalier Universitaire de Limoges *,FRA,Health
1608,Guangxi Medical University *,CHN,Universities
1609,Showa University *,JPN,Universities
1610,Basurtuko Ospitalea,ESP,Health
1611,Dongguk University *,KOR,Universities
1612,Women's Hospital School of Medicine Zhejiang University,CHN,Health
1612,Trakya University,TUR,Universities
1612,Asahikawa Medical University,JPN,Universities
1615,National Cerebral and Cardiovascular Center,JPN,Health
1615,Dokkyo Medical University *,JPN,Universities
1617,Centro de Educacion Medica e Investigaciones Clinicas Norberto Quirno,ARG,Universities
1618,Pamukkale University,TUR,Universities
1619,University of Rijeka,HRV,Universities
1619,Federation University,AUS,Universities
1621,Universita Campus Bio-Medico di Roma,ITA,Universities
1622,Ryerson University,CAN,Universities
1623,University of Johannesburg,ZAF,Universities
1624,Majmaah University,SAU,Universities
1625,Kaplan Medical Center,ISR,Health
1626,Alfaisal University,SAU,Universities
1627,Tottori University *,JPN,Universities
1628,Royal Devon and Exeter NHS Foundation Trust,GBR,Health
1629,Teikyo University *,JPN,Universities
1630,Centre Hospitalier Universitaire de Rouen,FRA,Health
1631,University of the Free State,ZAF,Universities
1632,University of North Texas Health Science Center,USA,Health
1633,Hospital Universitario Marques de Valdecilla,ESP,Health
1634,Ulsan University Hospital,KOR,Health
1635,Centre Hospitalier Universitaire de Amiens-Picardie,FRA,Health
1636,Nepean Hospital,AUS,Health
1637,Obstetrics and Gynecology Hospital Fudan University,CHN,Health
1638,Minia University *,EGY,Universities
1639,Democritus University Of Thrace,GRC,Universities
1640,Cumhuriyet University *,TUR,Universities
1641,Ankara Training and Research Hospital,TUR,Health
1642,Azienda Sanitaria Ulss 6 Vicenza,ITA,Health
1642,Acibadem University,TUR,Universities
1644,"University of Colorado, Colorado Springs",USA,Universities
1645,Faculdade de Medicina do ABC,BRA,Universities
1646,University of Patras,GRC,Universities
1647,Hanoi Medical University,VNM,Universities
1648,Kagawa University *,JPN,Universities
1649,First Affiliated Hospital of Guangxi Medical University,CHN,Health
1650,Naval Medical Center Portsmouth,USA,Health
1651,St Johns Medical College,IND,Universities
1652,Grupo Hospitalario Quironsalud *,ESP,Health
1653,JSS Academy of Higher Education and Research,IND,Universities
1654,"Suleyman Demirel University, Isparta",TUR,Universities
1655,VetAgro Sup *,FRA,Universities
1655,Universitat Internacional de Catalunya ,ESP,Universities
1657,Mugla University,TUR,Universities
1657,Queen Elizabeth Hospital Hong Kong,HKG,Health
1659,Geisinger Medical System,USA,Health
1659,Instituto de Biomedicina de Sevilla,ESP,Government
1659,Universite du Quebec en Trois-Rivieres,CAN,Universities
1662,Dow University of Health Sciences,PAK,Universities
1663,Universite Mohammed V de Rabat *,MAR,Universities
1664,Seoul St. Mary's Hospital,KOR,Health
1665,Liverpool Hospital ,AUS,Health
1666,Universitatsklinikum Rostock,DEU,Health
1667,Centre Hospitalier Universitaire de Nice *,FRA,Health
1668,Pandit Bhagwat Dayal Sharma Post Graduate Institute of Medical Sciences,IND,Universities
1669,Pedagogical University of Kielce,POL,Universities
1670,Firat University,TUR,Universities
1671,Josip Juraj Strossmayer University of Osijek,HRV,Universities
1672,University of Limpopo,ZAF,Universities
1673,University of South Alabama *,USA,Universities
1673,Hospital Sirio-Libanes,BRA,Health
1675,Escola Bahiana de Medicina e Saude Publica,BRA,Universities
1676,Albany Medical College,USA,Universities
1677,Juntendo University Urayasu Hospital,JPN,Health
1678,"Shaheed Rajaie Cardiovascular, Medical and Research Center",IRN,Health
1678,Sapporo Medical University *,JPN,Universities
1680,Benha University *,EGY,Universities
1681,Thammasat University,THA,Universities
1682,Morehouse School of Medicine,USA,Universities
1683,Universite de Tunis El Manar *,TUN,Universities
1684,Ataturk University,TUR,Universities
1684,Army Medical University *,CHN,Universities
1686,Complejo Hospitalario Regional Virgen Macarena,ESP,Health
1687,First Affiliated Hospital of China Medical University,CHN,Health
1688,Jefferson Health System,USA,Health
1689,National Research Centre *,EGY,Government
1690,Sohag University *,EGY,Universities
1691,Complejo Hospitalario San Pedro Hospital De La Rioja,ESP,Health
1692,Texas Christian University,USA,Universities
1692,International University of Health and Welfare *,JPN,Universities
1694,Bezmialem Vakif University,TUR,Universities
1695,Sultan Qaboos University Hospital,OMN,Health
1696,Zabol University of Medical Sciences,IRN,Universities
1697,"Universite de Picardie Jules Verne, Amiens *",FRA,Universities
1698,Chonnam National University,KOR,Universities
1699,Centre Hospitalier Universitaire de Reims,FRA,Health
1700,Universidad El Bosque,COL,Universities
1701,Second Hospital of Hebei Medical University,CHN,Health
1701,Golestan University of Medical Sciences and Health Services,IRN,Universities
1703,EMMES Corp,USA,Companies
1704,Gunma University *,JPN,Universities
1705,Tarbiat Modares University,IRN,Universities
1706,Armed Forces Medical College,IND,Universities
1707,Xinjiang Medical University *,CHN,Universities
1708,Research Centre for Medical Genetics,RUS,Health
1709,St Petersburg Pavlov State Medical University,RUS,Universities
1710,Christchurch Hospital,NZL,Health
1711,Council of Scientific and Industrial Research *,IND,Government
1711,University of Occupational and Environmental Health,JPN,Universities
1713,Southern Illinois University School of Medicine,USA,Universities
1713,Tokyo Medical University *,JPN,Universities
1713,Hartford Hospital ,USA,Health
1716,Complexo Pequeno Principe *,BRA,Companies
1717,Hiroshima University Hospital,JPN,Health
1718,University of Ostrava,CZE,Universities
1719,Ministry of Health,ISR,Health
1720,University of Kufa,IRQ,Universities
1721,Fujian Medical University Union Hospital,CHN,Health
1722,University Hospital Brno,CZE,Health
1723,South Tees Hospitals NHS Foundation Trust,GBR,Health
1724,Belarusian State Medical University,BLR,Universities
1725,Hospital Professor Doutor Fernando Fonseca,PRT,Health
1726,Cha Gangnam Medical Center,KOR,Health
1727,Medical University of Sofia *,BGR,Universities
1728,Ural State Medical University,RUS,Universities
1729,"Federal Research Center of Nutrition, Biotechnology and Food Safety",RUS,Government
1730,Moscow State University of Medicine and Dentistry,RUS,Universities
1731,St. Lukes International Hospital,JPN,Health
1731,Hirosaki University *,JPN,Universities
1733,Gaziosmanpasa University,TUR,Universities
1734,Kitasato University *,JPN,Universities
1735,Naval Medical Center San Diego ,USA,Health
1736,Centre Hospitalier Universitaire Ibn Rochd Casablanca,MAR,Health
1737,Siberian State Medical University,RUS,Universities
1738,Princess Margaret Cancer Centre,CAN,Health
1739,Privolzhsky Research Medical University,RUS,Universities
1740,Assuta Medical Center Tel Aviv *,ISR,Health
1741,Osaka University of Pharmaceutical Sciences *,JPN,Universities
1742,Ministry of Health and Population of Egypt,EGY,Health
1743,Samara State Medical University,RUS,Universities
1743,Humanitas University *,ITA,Universities
1743,Harran University,TUR,Universities
1746,"King Abdulaziz Medical City, Jeddah",SAU,Health
1747,Universidade de Fortaleza,BRA,Universities
1748,Saga University *,JPN,Universities
1749,Kuban State Medical University,RUS,Universities
1750,Omsk State Medical University,RUS,Universities
1751,University Hospital of Ioannina,GRC,Health
1752,Marmara University Hospital,TUR,Health
1753,Nagoya University Hospital,JPN,Health
1754,Philadelphia College of Osteopathic Medicine,USA,Universities
1755,Universite de Rouen Normandie *,FRA,Universities
1756,Bahcesehir University *,TUR,Universities
1757,Galilee Medical Center,ISR,Health
1758,Irkutsk State Medical University,RUS,Universities
1759,Barzilai Medical Center,ISR,Health
1760,Petrozavodsk State University,RUS,Universities
