Global Rank,Institution,Country,Sector
1,Chinese Academy of Sciences *,CHN,Government
2,Ministry of Education of the People's Republic of China,CHN,Government
3,China University of Geosciences,CHN,Universities
4,Centre National de la Recherche Scientifique *,FRA,Government
5,China National Petroleum Corp *,CHN,Companies
6,PetroChina Co Ltd,CHN,Companies
7,Russian Academy of Sciences *,RUS,Government
8,University of Chinese Academy of Sciences,CHN,Universities
9,China University of Mining and Technology,CHN,Universities
10,NASA Goddard Space Flight Center,USA,Government
11,National Aeronautics and Space Administration *,USA,Government
12,China University of Petroleum,CHN,Universities
13,China Petroleum and Chemical Corporation *,CHN,Companies
14,Helmholtz Gemeinschaft *,DEU,Government
15,Central South University *,CHN,Universities
16,"China University of Petroleum, Beijing",CHN,Universities
17,"Science System and Applications, Inc",USA,Companies
18,"University of Texas, Austin",USA,Universities
19,Chinese Academy of Geological Sciences *,CHN,Government
20,Southwest Petroleum University,CHN,Universities
21,Duy Tan University,VNM,Universities
22,"Institute of Geology and Geophysics, Chinese Academy of Sciences",CHN,Government
23,National Oceanic and Atmospheric Administration,USA,Government
24,Consejo Superior de Investigaciones Cientificas *,ESP,Government
25,China Geological Survey *,CHN,Government
26,United States Department of Agriculture,USA,Government
27,Stanford University *,USA,Universities
28,Institut de Recherche pour le Developpement Paris *,FRA,Government
29,United States Geological Survey,USA,Government
30,Ufa State Petroleum Technological University,RUS,Universities
31,Sorbonne Universite *,FRA,Universities
32,South China Agricultural University,CHN,Universities
33,Centre d'Etudes Spatiales de la Biosphere,FRA,Government
34,University of Electronic Science and Technology of China,CHN,Universities
35,Lancaster University *,GBR,Universities
36,Boston University *,USA,Universities
37,Tsinghua University *,CHN,Universities
38,Texas Tech University,USA,Universities
39,Wuhan University *,CHN,Universities
40,Massachusetts Institute of Technology *,USA,Universities
41,"University of Maryland, College Park *",USA,Universities
42,Jet Propulsion Laboratory,USA,Government
43,"Texas A&M University, College Station *",USA,Universities
44,"University of Maryland, Baltimore",USA,Universities
45,University of Illinois at Urbana-Champaign *,USA,Universities
46,University of Arizona *,USA,Universities
47,Jilin University *,CHN,Universities
48,Chengdu University of Technology,CHN,Universities
49,State Grid Corporation of China *,CHN,Companies
50,Commonwealth Scientific and Industrial Research Organization *,AUS,Government
51,European Space Agency *,MUL,Government
52,Consiglio Nazionale delle Ricerche *,ITA,Government
53,"Institut National de Recherche pour l'Agriculture, l'Alimentation et l'Environnement *",FRA,Government
54,University of Oxford,GBR,Universities
55,California Institute of Technology *,USA,Universities
56,"University of California, Berkeley *",USA,Universities
57,University of Southampton,GBR,Universities
58,State Key Laboratory of Remote Sensing Science,CHN,Government
59,Natural Environment Research Council *,GBR,Government
60,Nanjing University *,CHN,Universities
61,Schlumberger *,MUL,Companies
62,Peking University *,CHN,Universities
63,Swiss Federal Institute of Technology,CHE,Universities
64,Consejo Nacional de Investigaciones Cientificas y Tecnicas *,ARG,Government
65,Harvard University *,USA,Universities
66,"Aerospace Information Research Institute, Chinese Academy of Sciences",CHN,Government
67,Universidad Nacional Autonoma de Mexico,MEX,Universities
68,Columbia University *,USA,Universities
69,Curtin University *,AUS,Universities
70,Beijing Normal University *,CHN,Universities
71,University of Alberta,CAN,Universities
72,BeiHang University *,CHN,Universities
73,Deutsches Zentrum fur Luft- und Raumfahrt,DEU,Government
74,"Northeastern University, China",CHN,Universities
75,"Institute of Rock and Soil Mechanics, Chinese Academy of Sciences",CHN,Government
76,University College London *,GBR,Universities
77,Pennsylvania State University *,USA,Universities
77,University of Washington *,USA,Universities
79,Universidade de Sao Paulo *,BRA,Universities
80,Sichuan University *,CHN,Universities
81,Aalto University,FIN,Universities
82,"Saudi Arabian Oil Co, USA",USA,Companies
83,Chongqing University,CHN,Universities
83,Universities Space Research Association,USA,Non-Profit
85,Geoforschungszentrum Potsdam,DEU,Government
86,Tongji University *,CHN,Universities
87,Shandong University of Science and Technology,CHN,Universities
88,The University of Queensland *,AUS,Universities
89,"University of Wisconsin, Madison *",USA,Universities
90,"University of Nebraska, Lincoln",USA,Universities
91,"University of Connecticut, Storrs *",USA,Universities
92,Aramco *,MUL,Companies
93,"University of Colorado, Boulder *",USA,Universities
94,Instituto Nacional de Pesquisas Espaciais,BRA,Government
95,Centre National d'Etudes Spatiales *,FRA,Government
96,TotalEnergies *,MUL,Companies
97,University of Tokyo *,JPN,Universities
98,"Guangzhou Institute of Geochemistry, Chinese Academy of Sciences",CHN,Government
99,Yale University *,USA,Universities
100,University of Leeds,GBR,Universities
101,"University of North Carolina, Chapel Hill *",USA,Universities
102,Research Institute of Petroleum Exploration and Development,CHN,Government
103,Conselho Nacional de Desenvolvimento Cientifico e Tecnologico,BRA,Government
104,University of Durham,GBR,Universities
105,Princeton University,USA,Universities
106,Oregon State University,USA,Universities
107,Wuhan University of Technology,CHN,Universities
108,"University of Texas, Arlington",USA,Universities
109,United Nations *,MUL,Non-Profit
110,The Chinese University of Hong Kong *,HKG,Universities
111,University of Tulsa,USA,Universities
112,"Universite Paul Sabatier, Toulouse III *",FRA,Universities
113,Cornell University *,USA,Universities
114,University of South Florida System *,USA,Universities
115,Forschungszentrum Julich in der Helmholtz Gemeinschaft,DEU,Government
116,"Northwestern University, Evanston *",USA,Universities
117,Imperial College London,GBR,Universities
118,"University of California, Los Angeles *",USA,Universities
119,National Oceanography Centre Southampton,GBR,Government
120,University of Calgary,CAN,Universities
121,Leibniz Gemeinschaft *,DEU,Government
122,"Saudi Arabian Oil Co, Saudi Arabia",SAU,Companies
123,University of Cambridge *,GBR,Universities
124,British Geological Survey,GBR,Government
125,University of New South Wales,AUS,Universities
126,Shell *,MUL,Companies
127,The University of Edinburgh *,GBR,Universities
127,Japan Aerospace Exploration Agency,JPN,Government
129,Helmholtz Zentrum fur Umweltforschung,DEU,Government
130,University of Nottingham *,GBR,Universities
131,University of Twente,NLD,Universities
132,University of South Florida-Saint Petersburg,USA,Universities
133,University of Bergen,NOR,Universities
134,Michigan State University,USA,Universities
135,University of Toronto,CAN,Universities
136,China National Offshore Oil Corp *,CHN,Companies
137,Museum National d'Histoire Naturelle *,FRA,Government
138,South China University of Technology,CHN,Universities
139,Institut National des Sciences de l'Univers,FRA,Government
140,The University of British Columbia,CAN,Universities
141,Chang'an University ,CHN,Universities
142,University of Tehran,IRN,Universities
143,National Cheng Kung University,TWN,Universities
144,Ernst-Moritz-Arndt-Universitat Greifswald *,DEU,Universities
145,Natural Resources Canada,CAN,Government
146,Zhejiang University *,CHN,Universities
147,The University of Hong Kong *,HKG,Universities
148,"TotalEnergies, France",FRA,Companies
149,Australian National University,AUS,Universities
150,University of Florida *,USA,Universities
151,Chevron Corp,USA,Companies
152,City University of Hong Kong *,HKG,Universities
153,Universitat de Barcelona *,ESP,Universities
154,Universitat Leipzig *,DEU,Universities
155,University of Pittsburgh *,USA,Universities
156,Korea Advanced Institute of Science and Technology *,KOR,Universities
157,University of Strathclyde *,GBR,Universities
158,"Equinor ASA, Norway",NOR,Companies
159,Nanyang Technological University *,SGP,Universities
160,Universitat Zurich,CHE,Universities
161,Institut Terre et Environnement de Strasbourg,FRA,Government
162,Suez University,EGY,Universities
163,Hohai University,CHN,Universities
164,The University of Western Australia,AUS,Universities
165,"Schlumberger, United States",USA,Companies
166,NASA Ames Research Center,USA,Government
167,Academy of Scientific and Innovative Research,IND,Universities
168,Queen's University Belfast,GBR,Universities
169,Shandong University *,CHN,Universities
170,King Abdullah University of Science and Technology,SAU,Universities
171,Sun Yat-Sen University *,CHN,Universities
172,Equinor ASA *,MUL,Companies
173,Rice University,USA,Universities
174,Polish Academy of Sciences *,POL,Government
175,Istituto Nazionale di Geofisica e Vulcanologia,ITA,Government
176,Universite de Paris Cite *,FRA,Universities
177,Utrecht University *,NLD,Universities
178,"University of Michigan, Ann Arbor *",USA,Universities
179,Australian Research Council *,AUS,Government
180,Institut des Sciences de la Terre de Paris,FRA,Government
181,George Mason University,USA,Universities
182,China Earthquake Administration,CHN,Government
183,Ecole Nationale du Genie de l'Eau et de l'Environnement de Strasbourg *,FRA,Universities
184,The University of Adelaide,AUS,Universities
185,Universite de Strasbourg *,FRA,Universities
186,"Nanjing Institute of Geography and Limnology, Chinese Academy of Sciences",CHN,Government
186,Ministry of Agriculture,CHN,Government
188,"Monash University, Melbourne *",AUS,Universities
189,Max Planck Gesellschaft *,DEU,Government
190,Tohoku University *,JPN,Universities
191,Technische Universitat Munchen *,DEU,Universities
192,Universita degli Studi di Roma La Sapienza,ITA,Universities
193,"Institute of Tibetan Plateau Research, Chinese Academy of Sciences",CHN,Government
194,Cardiff University,GBR,Universities
195,University of Wyoming,USA,Universities
196,Hong Kong Polytechnic University,HKG,Universities
197,Dalian Jiaotong University,CHN,Universities
198,University of Oklahoma *,USA,Universities
199,"Shell, Netherlands",NLD,Companies
200,Alfred Wegener Institut fur Polar und Meeresforschung,DEU,Government
201,Delft University of Technology,NLD,Universities
202,Swiss Federal Institute of Aquatic Science and Technology,CHE,Government
203,IFP Energies nouvelles,FRA,Government
204,Xi'an University of Technology,CHN,Universities
205,Universite PSL *,FRA,Universities
206,Virginia Polytechnic Institute and State University,USA,Universities
207,University of Melbourne *,AUS,Universities
208,University of Oslo,NOR,Universities
209,China Institute of Water Resources and Hydropower Research,CHN,Government
210,Universite Kasdi Merbah Ouargla,DZA,Universities
210,NASA Johnson Space Center,USA,Government
212,The University of Manchester *,GBR,Universities
213,Saint Petersburg Mining University,RUS,Universities
214,University of Sydney,AUS,Universities
215,"University of Texas, Dallas",USA,Universities
216,"Research Center for Eco-Environmental Sciences, Chinese Academy of Sciences",CHN,Government
217,"Northwest University, Xi'an",CHN,Universities
218,Georgia Institute of Technology *,USA,Universities
219,"University of Maine, Orono",USA,Universities
220,"University of California, San Diego *",USA,Universities
221,Technical University of Denmark,DNK,Universities
222,Aix-Marseille Universite *,FRA,Universities
223,"University of California, Santa Cruz",USA,Universities
224,University of Northern British Columbia,CAN,Universities
225,Purdue University,USA,Universities
226,Environment Canada,CAN,Government
227,Universidad de Granada *,ESP,Universities
228,Universitat Potsdam,DEU,Universities
229,"University of California, Santa Barbara",USA,Universities
230,University of Bristol,GBR,Universities
231,Xi'an Jiaotong University *,CHN,Universities
232,University of Science and Technology of China,CHN,Universities
233,Norwegian University of Life Sciences,NOR,Universities
234,Colorado School of Mines,USA,Universities
235,University of Iowa *,USA,Universities
236,Rheinische Friedrich-Wilhelms-Universitat Bonn *,DEU,Universities
237,Institut Francais de Recherche pour l'Exploitation de la Mer *,FRA,Government
238,Arizona State University *,USA,Universities
239,Institut de Physique du Globe de Paris,FRA,Government
240,Universite Montpellier *,FRA,Universities
241,Johns Hopkins University *,USA,Universities
242,"Institute of Geographic Sciences and Natural Resources Research, Chinese Academy of Sciences",CHN,Government
243,Duke University *,USA,Universities
244,University of Leicester,GBR,Universities
245,Northern Arizona University,USA,Universities
246,"ParisTech, Institut des Sciences et Technologies de Paris - PRES *",FRA,Government
247,Seoul National University *,KOR,Universities
248,National Institute of Advanced Industrial Science & Technology,JPN,Government
249,"Ohio State University, Columbus *",USA,Universities
250,University of Helsinki,FIN,Universities
251,North China University of Water Conservancy and Electric Power,CHN,Universities
252,Oak Ridge National Laboratory,USA,Government
253,The University of Reading,GBR,Universities
254,Royal Holloway - University of London,GBR,Universities
254,Universitat Bern,CHE,Universities
256,University of Miami *,USA,Universities
257,University of Exeter,GBR,Universities
258,Royal Melbourne Institute of Technology *,AUS,Universities
259,Lawrence Berkeley National Laboratory *,USA,Government
260,University of Aberdeen,GBR,Universities
261,University of Southern California *,USA,Universities
262,Commissariat a l'Energie Atomique et aux Energies Alternatives *,FRA,Government
263,Wageningen University and Research Centre *,NLD,Universities
264,"University of California, Davis *",USA,Universities
265,Carnegie Institution for Science *,USA,Non-Profit
266,National Institute of Information and Communications Technology,JPN,Government
267,"Heriot-Watt University, United Kingdom",GBR,Universities
268,"Trofimuk United Institute of Geology, Geophysics and Mineralogy Russian Academy of Sciences",RUS,Government
269,Taiyuan University of Technology,CHN,Universities
270,Rheinisch-Westfalische Technische Hochschule Aachen,DEU,Universities
271,"Southeast University, Nanjing *",CHN,Universities
272,Washington University in Saint Louis *,USA,Universities
273,Quaid-i-Azam University,PAK,Universities
274,"Swiss Federal Institute for Forest, Snow and Landscape Research",CHE,Government
275,Heriot-Watt University *,MUL,Universities
276,"University of Alaska, Fairbanks",USA,Universities
276,Zhengzhou University *,CHN,Universities
278,Hebrew University of Jerusalem,ISR,Universities
279,Universidad Complutense de Madrid *,ESP,Universities
280,Universidade Estadual de Campinas *,BRA,Universities
281,Geological Survey of Finland,FIN,Government
282,University of Georgia,USA,Universities
283,Trinity College Dublin *,IRL,Universities
284,University of Baghdad,IRQ,Universities
285,Petrobras *,MUL,Companies
286,Czech Geological Survey,CZE,Government
287,Universidad Rey Juan Carlos *,ESP,Universities
288,University of Kentucky *,USA,Universities
289,McGill University,CAN,Universities
289,China Railway Engineering Corp *,CHN,Companies
291,Leibniz-Institut fur Ostseeforschung Warnemunde,DEU,Government
292,University of Tromso - The Arctic University of Norway,NOR,Universities
293,University of York,GBR,Universities
294,Karlsruher Institut fur Technologie,DEU,Universities
295,"Petrobras, Brazil",BRA,Companies
296,Meteo-France *,FRA,Government
297,Universitat Heidelberg,DEU,Universities
298,The University of Sheffield,GBR,Universities
299,University of Copenhagen,DNK,Universities
300,Observatoire Midi Pyrenees,FRA,Government
301,Brown University,USA,Universities
302,University of Science and Technology Beijing,CHN,Universities
303,Universitat zu Koln,DEU,Universities
304,Universidade Federal do Rio de Janeiro *,BRA,Universities
305,Technische Universitat Berlin,DEU,Universities
306,University of Glasgow *,GBR,Universities
307,Universita degli Studi di Milano,ITA,Universities
308,Griffith University,AUS,Universities
309,Aarhus University *,DNK,Universities
310,GNS Science,NZL,Companies
311,Geological Survey of Denmark and Greenland,DNK,Government
312,Macquarie University *,AUS,Universities
313,Catholic University of Louvain,BEL,Universities
314,University of Tasmania,AUS,Universities
315,China Railway Group Ltd,CHN,Companies
316,Universidad de Alcala *,ESP,Universities
317,Plymouth Marine Laboratory,GBR,Government
318,National Central University,TWN,Universities
319,University of Cincinnati *,USA,Universities
320,Chiba University *,JPN,Universities
321,Universita della Calabria,ITA,Universities
322,Universita degli Studi di Milano-Bicocca,ITA,Universities
322,Stockholm University,SWE,Universities
324,Laboratoire d'Etudes en Geophysique et Oceanographie Spatiales,FRA,Government
325,University of Waterloo,CAN,Universities
326,Geosciences Environnement Toulouse,FRA,Government
327,Freie Universitat Berlin,DEU,Universities
328,University of Utah *,USA,Universities
329,"Newcastle University, Newcastle upon Tyne",GBR,Universities
330,Nelson Mandela Metropolitan University,ZAF,Universities
331,Universita degli Studi di Pisa,ITA,Universities
332,Universite de Versailles Saint Quentin en Yvelines *,FRA,Universities
333,Lomonosov  Moscow State University,RUS,Universities
334,Tianjin University *,CHN,Universities
335,Kyoto University *,JPN,Universities
336,Universite de Lorraine *,FRA,Universities
337,Iowa State University,USA,Universities
338,Universitat Bremen *,DEU,Universities
339,Ecole Pratique des Hautes Etudes,FRA,Universities
340,Universite Clermont-Auvergne,FRA,Universities
341,Shaoxing University,CHN,Universities
342,Institut Universitaire Europeen de la Mer,FRA,Government
343,"University of Massachusetts, Amherst",USA,Universities
344,Universite de Bretagne-Sud *,FRA,Universities
345,University of Kansas *,USA,Universities
346,Anhui University of Science and Technology,CHN,Universities
347,Catholic University of Leuven,BEL,Universities
348,Woods Hole Oceanographic Institution,USA,Non-Profit
349,Universite de Bretagne Occidentale *,FRA,Universities
350,Council of Scientific and Industrial Research *,IND,Government
351,King Fahd University of Petroleum and Minerals,SAU,Universities
352,The University of Newcastle,AUS,Universities
353,"Institute of Geochemistry, Chinese Academy of Sciences",CHN,Government
354,Universite Paris-Saclay *,FRA,Universities
355,Academia Sinica *,TWN,Government
356,Gottfried Wilhelm Leibniz Universitat Hannover,DEU,Universities
356,Universite de Geneve,CHE,Universities
358,University of Liverpool *,GBR,Universities
359,Southwest Jiaotong University,CHN,Universities
360,"ExxonMobil, USA",USA,Companies
360,ExxonMobil *,MUL,Companies
362,Academy of Sciences of the Czech Republic *,CZE,Government
363,Guangzhou University,CHN,Universities
364,Plymouth University,GBR,Universities
365,Utah State University *,USA,Universities
366,Universite de Toulouse,FRA,Universities
367,Harbin Institute of Technology,CHN,Universities
368,Huazhong University of Science and Technology *,CHN,Universities
368,"Louisiana State University, Baton Rouge",USA,Universities
370,Norwegian University of Science and Technology,NOR,Universities
371,Royal Netherlands Institute for Sea Research,NLD,Government
372,University of Oregon,USA,Universities
373,Helmholtz-Zentrum fur Ozeanforschung Kiel Umgewandelt,DEU,Government
374,The University of Hull,GBR,Universities
375,China Railway Eryuan Engineering Group Co Ltd,CHN,Companies
376,Graduate University for Advanced Studies,JPN,Universities
377,Ministry of Ecology and Environment,CHN,Government
377,"Washington State University, Pullman *",USA,Universities
379,Queensland University of Technology,AUS,Universities
380,Universitat fur Bodenkultur Wien *,AUT,Universities
381,Sichuan Agricultural University,CHN,Universities
382,"Rutgers, The State University of New Jersey",USA,Universities
383,Istituto per il Rilevamento Elettromagnetico dell'Ambiente,ITA,Government
384,Smithsonian Institution *,USA,Government
385,Istituto di Scienze Marine,ITA,Government
386,Nanjing Forestry University,CHN,Universities
387,Aberystwyth University,GBR,Universities
388,Changsha University of Science and Technology,CHN,Universities
389,University of Chicago *,USA,Universities
390,"University of Technology, Sydney",AUS,Universities
391,Universite de Rennes 1 *,FRA,Universities
392,University of New Mexico *,USA,Universities
393,L'Alma Mater Studiorum - Universita di Bologna,ITA,Universities
394,Shenzhen University,CHN,Universities
395,University of Wollongong *,AUS,Universities
396,Natural History Museum London,GBR,Government
397,University of Stavanger,NOR,Universities
398,Universita degli Studi di Palermo,ITA,Universities
399,Instituto Geologico y Minero de Espana Madrid,ESP,Government
400,"Universite des Antilles, Guadeloupe *",GLP,Universities
401,Dalian University of Technology,CHN,Universities
402,Netherlands Organisation for Applied Scientific Research *,MUL,Government
403,"State University of New York, Buffalo",USA,Universities
404,Waseda University,JPN,Universities
405,Laboratoire Magmas et Volcans,FRA,Government
406,University of North Dakota,USA,Universities
407,Brigham Young University,USA,Universities
408,Laval University,CAN,Universities
409,Lunds University,SWE,Universities
410,Tel Aviv University,ISR,Universities
411,"University of California, Riverside",USA,Universities
412,State Oceanic Administration,CHN,Government
413,British Antarctic Survey,GBR,Government
414,Deltares,NLD,Non-Profit
415,Institut Pierre Simon Laplace,FRA,Government
416,Geosciences Montpellier,FRA,Government
417,South China Normal University,CHN,Universities
418,Istituto di Ricerca per la Protezione Idrogeologica,ITA,Government
419,Memorial University of Newfoundland,CAN,Universities
420,Instituto Andaluz de Ciencias de la Tierra,ESP,Government
421,Universidade de Santiago de Compostela *,ESP,Universities
422,K.N.Toosi University of Technology,IRN,Universities
423,European Space Research and Technology Centre,NLD,Government
424,Lulea University of Technology,SWE,Universities
425,Deakin University *,AUS,Universities
426,Hacettepe University,TUR,Universities
427,Swedish Museum of Natural History,SWE,Government
428,University College Dublin,IRL,Universities
429,Australian Nuclear Science & Technology Organisation,AUS,Government
430,"Institute of Mountain Hazards and Environment, Chinese Academy of Sciences",CHN,Government
431,University of Athens,GRC,Universities
432,Universidade Federal do Rio Grande do Sul,BRA,Universities
433,Northeast Petroleum University,CHN,Universities
434,Universitat de Valencia *,ESP,Universities
435,Nanjing Hydraulic Research Institute,CHN,Government
436,Universite de Lille *,FRA,Universities
437,Indiana University-Bloomington,USA,Universities
438,Beijing Jiaotong University,CHN,Universities
439,Laboratoire des Sciences du Climat et l'Environnement,FRA,Government
440,Henan Polytechnic University,CHN,Universities
441,Friedrich-Schiller-Universitat Jena *,DEU,Universities
441,Universite de Bordeaux *,FRA,Universities
443,"University of Minnesota, Twin Cities *",USA,Universities
444,Universite du Quebec en Quebec *,CAN,Universities
445,Universite Gustave Eiffel *,FRA,Universities
446,Geological Survey of Norway,NOR,Government
447,Nanjing University of Information Science and Technology,CHN,Universities
448,Universidade Federal de Minas Gerais,BRA,Universities
449,Universidad Michoacana de San Nicolas de Hidalgo,MEX,Universities
450,Royal Belgian Institute of Natural Sciences,BEL,Government
451,Dartmouth College *,USA,Universities
452,National University of Malaysia *,MYS,Universities
453,National Taiwan University,TWN,Universities
454,Institut Universitaire de France,FRA,Government
455,University of Houston,USA,Universities
456,Hefei University of Technology,CHN,Universities
457,Christian-Albrechts-Universitat zu Kiel,DEU,Universities
458,National Research Institute for Earth Science and Disaster Prevention,JPN,Government
459,Centro de Pesquisas Leopoldo Americo Miguez de Mello,BRA,Non-Profit
460,Universite de Lausanne,CHE,Universities
461,Universitat Politecnica de Catalunya *,ESP,Universities
462,Universite Grenoble-Alpes *,FRA,Universities
463,Japan Agency for Marine-Earth Science and Technology,JPN,Government
464,Hunan University of Science and Technology,CHN,Universities
465,Uppsala University,SWE,Universities
466,Universidad Nacional del Centro de la Provincia de Buenos Aires *,ARG,Universities
466,Chulalongkorn University,THA,Universities
468,Chongqing Jiaotong University,CHN,Universities
469,Universidad de Chile *,CHL,Universities
469,University of Manitoba,CAN,Universities
471,Nanjing Normal University,CHN,Universities
472,Georg-August-Universitat Gottingen,DEU,Universities
473,Shanghai Jiao Tong University *,CHN,Universities
474,Johannes Gutenberg-Universitat Mainz *,DEU,Universities
474,Guangxi University,CHN,Universities
474,North Carolina State University,USA,Universities
477,Hokkaido University *,JPN,Universities
478,University of Regina,CAN,Universities
478,Eberhard-Karls-Universitat Tubingen,DEU,Universities
480,University of Zagreb,HRV,Universities
481,Institut de Mineralogie et de Physique des Milieux Condenses,FRA,Government
482,Ghent University,BEL,Universities
483,Kobe University *,JPN,Universities
484,Universidad de Salamanca *,ESP,Universities
485,AGH University of Science and Technology,POL,Universities
486,University of Patras,GRC,Universities
487,University of Waikato,NZL,Universities
488,Shiraz University,IRN,Universities
489,Vrije Universiteit Amsterdam *,NLD,Universities
490,"Colorado State University, Fort Collins *",USA,Universities
491,"University of Alabama, Tuscaloosa",USA,Universities
492,Inha University,KOR,Universities
493,Universita degli Studi di Padova,ITA,Universities
493,University of Amsterdam *,NLD,Universities
495,Wuhan Institute of Technology,CHN,Universities
496,University of Saskatchewan,CAN,Universities
496,Nagoya University *,JPN,Universities
498,Universitat Wien,AUT,Universities
499,Charles University *,CZE,Universities
500,Masaryk University,CZE,Universities
501,Southern University of Science and Technology,CHN,Universities
501,Istituto di Geologia Ambientale e Geoingegneria,ITA,Government
503,Chiba Institute of Technology,JPN,Universities
504,Novosibirsk State University,RUS,Universities
505,Geosciences Rennes,FRA,Government
506,Geological Survey of Israel,ISR,Government
507,City University of New York *,USA,Universities
508,Universite Mohammed V de Rabat *,MAR,Universities
509,The Open University,GBR,Universities
510,Victoria University of Wellington,NZL,Universities
511,Wroclaw University of Science and Technology,POL,Universities
512,Bureau de Recherches Geologiques et Minieres,FRA,Government
513,China Coal Research Institute,CHN,Companies
514,"Institute of Earth Environment, Chinese Academy of Science",CHN,Government
515,Mississippi State University,USA,Universities
516,National Center for Atmospheric Research,USA,Government
517,Guizhou Institute of Technology,CHN,Universities
517,Universidad Catolica del Norte,CHL,Universities
519,Universite d'Orleans *,FRA,Universities
520,Michigan Technological University,USA,Universities
521,"University of New England, Australia",AUS,Universities
521,Lawrence Livermore National Laboratory *,USA,Government
523,Kyushu University *,JPN,Universities
524,Universite Savoie Mont Blanc *,FRA,Universities
525,Florida State University *,USA,Universities
526,Lanzhou University *,CHN,Universities
527,Universitat Basel,CHE,Universities
528,Ocean University of China,CHN,Universities
529,University of Nevada-Reno,USA,Universities
529,Universidade de Lisboa *,PRT,Universities
531,Universite de Pau et des Pays de l'Adour *,FRA,Universities
532,Universita degli Studi di Torino,ITA,Universities
533,"Institute of Oceanology, Chinese Academy of Sciences",CHN,Government
534,Universidade Federal de Ouro Preto,BRA,Universities
535,"Indian Institute of Technology, Bombay",IND,Universities
536,Ludwig-Maximilians Universitat Munchen *,DEU,Universities
537,Centro Cientifico Tecnologico de Santa Fe,ARG,Government
538,Jagiellonian University,POL,Universities
539,University of St. Andrews,GBR,Universities
540,"Institute of Atmospheric Physics, Chinese Academy of Sciences",CHN,Government
541,National Academy of Sciences of Ukraine *,UKR,Government
542,Universitat Hamburg *,DEU,Universities
543,Friedrich-Alexander-Universitat Erlangen-Nurnberg *,DEU,Universities
544,University of New Hampshire,USA,Universities
545,San Diego State University,USA,Universities
546,Environnements et Paleoenvironnements Oceaniques et Continentaux,FRA,Government
547,Histoire Naturelle de l'Homme Prehistorique,FRA,Government
547,Institut des Sciences de l'Evolution,FRA,Government
549,Chonbuk National University *,KOR,Universities
550,Universidade Federal de Campina Grande,BRA,Universities
551,Massey University,NZL,Universities
552,"University of the Witwatersrand, Johannesburg",ZAF,Universities
553,Universite de Nantes *,FRA,Universities
554,Simon Fraser University,CAN,Universities
555,Los Alamos National Laboratory *,USA,Government
556,Universidade Federal de Sao Carlos,BRA,Universities
557,University of Malta,MLT,Universities
558,Centre de Recherches Petrographiques et Geochimiques,FRA,Government
559,"Nanjing Institute of Geology and Palaeontology, Chinese Academy of Sciences",CHN,Government
560,"University of Hawaii, Manoa *",USA,Universities
561,Universite Claude Bernard Lyon 1 *,FRA,Universities
562,Universite Francois Rabelais de Tours *,FRA,Universities
563,Indian Institute of Technology,IND,Universities
564,University of Portsmouth,GBR,Universities
565,East China Normal University,CHN,Universities
566,Universita degli Studi di Napoli Federico II,ITA,Universities
567,Ecole Normale Superieure de Lyon *,FRA,Universities
568,Pacific Northwest National Laboratory,USA,Government
569,Max Planck Institut fur Chemie,DEU,Government
570,Johann Wolfgang Goethe-Universitat Frankfurt am Main *,DEU,Universities
570,Institut des Sciences de la Terre d'Orleans,FRA,Government
572,Universita degli Studi Roma Tre,ITA,Universities
573,Laurentian University,CAN,Universities
574,University of Cape Town,ZAF,Universities
575,Institut de Ciencies del Mar ,ESP,Government
576,University of Vermont,USA,Universities
576,"Montana State University, Bozeman",USA,Universities
578,Universitat Bayreuth,DEU,Universities
579,Universita degli Studi di Firenze,ITA,Universities
580,Ministry of Water Resources of China,CHN,Government
581,"Xinjiang Institute of Ecology and Geography, Chinese Academy of Sciences",CHN,Government
582,Yangtze University,CHN,Universities
583,University of Wroclaw,POL,Universities
584,Laboratoire d'Oceanologie et de Geosciences,FRA,Government
585,Centre Mediterrani d'Investigacions Marines i Ambientals CS,ESP,Government
586,China National Nuclear Corporation *,CHN,Government
587,Saint Petersburg State University,RUS,Universities
588,Universite de Perpignan Via Domitia *,FRA,Universities
589,University of Novi Sad,SRB,Universities
590,"University of Kurdistan, Sanandaj",IRN,Universities
591,Institut des Sciences de la Terre,FRA,Government
592,Yunnan University,CHN,Universities
593,Istituto di Geoscienze e Georisorse,ITA,Government
594,Slovak Academy of Sciences *,SVK,Government
595,Institucio Catalana de Recerca i Estudis Avancats,ESP,Government
596,Nanjing University of Technology,CHN,Universities
597,Universite de Caen Basse-Normandie *,FRA,Universities
598,"Laboratoire de Geologie de Lyon: Terre, Planetes et Environnement",FRA,Government
599,Universita degli Studi di Cagliari,ITA,Universities
600,Helmholtz Zentrum Dresden Rossendorf ,DEU,Government
601,Norwegian Geotechnical Institute,NOR,Government
602,Universidad de Buenos Aires *,ARG,Universities
603,Obafemi Awolowo University,NGA,Universities
604,Consejo Nacional de Ciencia y Tecnologia *,MEX,Government
605,University of Silesia in Katowice,POL,Universities
606,University of Debrecen,HUN,Universities
607,Netherlands Organisation for Applied Scientific Research,NLD,Government
608,Tarbiat Modares University,IRN,Universities
609,Universitat d'Alacant *,ESP,Universities
610,Ormat Technologies Inc *,MUL,Companies
610,"Ormat Technologies, United States",USA,Companies
612,"Indian Institute of Technology, Kanpur",IND,Universities
613,Ecole Polytechnique Federale de Lausanne,CHE,Universities
614,University of Birmingham,GBR,Universities
615,University of Victoria,CAN,Universities
616,Korea Institute of Geoscience and Mineral Resources,KOR,Government
617,Pondicherry University,IND,Universities
618,Istituto Nazionale di Oceanografia e Geofisica Sperimentale,ITA,Government
619,Institute of Marine Research,NOR,Government
620,Universita degli Studi di Perugia,ITA,Universities
621,Adam Mickiewicz University,POL,Universities
622,University of Warsaw,POL,Universities
623,Universita degli Studi Ca Foscari di Venezia,ITA,Universities
624,University of Ottawa,CAN,Universities
625,Montanuniversitat Leoben,AUT,Universities
626,Westfalische Wilhelms-Universitat Munster *,DEU,Universities
627,Pontificia Universidad Catolica del Peru,PER,Universities
628,Littoral Environnement et Societes,FRA,Government
629,Universite de Lyon,FRA,Universities
630,Technische Universitat Bergakademie Freiberg,DEU,Universities
631,Finnish Meteorological Institute,FIN,Government
632,University of Ljubljana *,SVN,Universities
632,Osterreichische Akademie der Wissenschaften *,AUT,Government
634,Silesian University of Technology,POL,Universities
635,Institut fur Weltraumforschung Osterreichische Akademie der Wissenschaften,AUT,Government
636,Universidad de Sevilla *,ESP,Universities
637,Xi'an University of Science and Technology,CHN,Universities
638,Aristotle University of Thessaloniki,GRC,Universities
639,Technical University of Kosice,SVK,Universities
640,Universidad Nacional de La Plata *,ARG,Universities
641,Universite du Littoral Cote d'Opale *,FRA,Universities
642,Fuzhou University,CHN,Universities
643,"Exploration and Petroleum Engineering Advanced Research Center, SAU",SAU,Companies
644,Comision de Investigaciones Cientificas *,ARG,Government
645,Lehigh University,USA,Universities
646,Eotvos Lorand University,HUN,Universities
647,Universidade de Brasilia,BRA,Universities
648,Amirkabir University of Technology,IRN,Universities
649,James Cook University *,AUS,Universities
650,Shandong University of Technology,CHN,Universities
651,University Centre in Svalbard,NOR,Universities
652,Ministere de la Culture et de la Communication *,FRA,Government
653,New Mexico Institute of Mining and Technology *,USA,Universities
654,University of Auckland,NZL,Universities
655,Brunel University,GBR,Universities
655,Yonsei University *,KOR,Universities
657,Laboratoire d'Oceanographie et du Climat: Experimentations et Approches Numeriques,FRA,Government
658,University of Delaware,USA,Universities
659,Ecole Nationale des Ponts ParisTech,FRA,Universities
660,Chalmers University of Technology *,SWE,Universities
661,Indian Space Research Organization *,IND,Government
662,"National University of Ireland, Galway",IRL,Universities
663,Wadia Institute of Himalayan Geology,IND,Government
664,Istanbul Technical University,TUR,Universities
665,The Hong Kong University of Science and Technology,HKG,Universities
666,Bandung Institute of Technology,IDN,Universities
667,Southwest University of Science and Technology,CHN,Universities
668,Hungarian Academy of Sciences *,HUN,Government
669,University of Stirling,GBR,Universities
670,Universite Bordeaux Montaigne *,FRA,Universities
671,Universite de La Rochelle *,FRA,Universities
672,"California State University, Northridge",USA,Universities
672,Universidad de Cantabria *,ESP,Universities
674,Syiah Kuala University,IDN,Universities
675,College de France,FRA,Universities
676,Universite du Quebec en Chicoutimi,CAN,Universities
676,Universitat Innsbruck *,AUT,Universities
678,East China Institute of Technology,CHN,Universities
679,Okayama University *,JPN,Universities
680,Sultan Qaboos University *,OMN,Universities
681,Kazan Federal University,RUS,Universities
682,Universidade do Estado do Rio de Janeiro *,BRA,Universities
683,University of Western Ontario,CAN,Universities
684,Queen's University,CAN,Universities
685,Huazhong Agricultural University,CHN,Universities
686,"University of Tennessee, Knoxville *",USA,Universities
687,University of Iceland,ISL,Universities
688,University of Tsukuba *,JPN,Universities
689,National University of Singapore *,SGP,Universities
689,University of Turku,FIN,Universities
691,University of Tartu,EST,Universities
692,University of Otago,NZL,Universities
692,Beijing University of Technology,CHN,Universities
694,University of Nevada-Las Vegas,USA,Universities
695,Boise State University,USA,Universities
696,University of Rhode Island,USA,Universities
697,"South China Sea Institute of Oceanology, Chinese Academy of Sciences",CHN,Government
698,University of Peshawar,PAK,Universities
699,Research Centre for Astronomy and Earth Sciences Hungarian Academy of Sciences,HUN,Government
700,Dalhousie University *,CAN,Universities
701,"University of Technology, Malaysia",MYS,Universities
702,Slovenian Academy of Sciences and Arts *,SVN,Government
703,Universite de Liege,BEL,Universities
704,Institute of Nuclear Research Hungarian Academy of Sciences,HUN,Government
705,Royal Institute of Technology,SWE,Universities
706,Beijing Research Institute of Uranium Geology,CHN,Government
707,Agricultural Research Education and Extension Organization *,IRN,Government
708,Universita degli Studi di Genova,ITA,Universities
709,Universitat Stuttgart,DEU,Universities
710,"University of North Carolina, Wilmington",USA,Universities
711,Universite Paris-Est Creteil *,FRA,Universities
712,Comenius University in Bratislava,SVK,Universities
712,Universite de Yaounde I,CMR,Universities
714,"State University of New York, Stony Brook *",USA,Universities
715,University of Oulu,FIN,Universities
716,Gubkin University,RUS,Universities
717,Instituto de Geociencias,ESP,Government
718,Kunming University of Science and Technology,CHN,Universities
719,Institute of Geological Sciences Polish Academy of Sciences,POL,Government
720,Bundesanstalt fur Geowissenschaften und Rohstoffe,DEU,Government
721,Museo Argentino de Ciencias Naturales Bernardino Rivadavia,ARG,Government
722,Universidade Federal do Parana,BRA,Universities
722,"University of Arkansas, Fayetteville",USA,Universities
724,University of Haifa,ISR,Universities
724,Jiangxi University of Science and Technology,CHN,Universities
726,University of Canterbury,NZL,Universities
727,Museum fur Naturkunde Berlin,DEU,Non-Profit
728,"Indian Institute of Technology, Kharagpur",IND,Universities
729,Senckenberg Forschungsinstitut und Naturmuseum *,DEU,Government
729,Universite de Franche-Comte *,FRA,Universities
731,"Northwest Institute of Eco-Environment and Resources, Chinese Academy of Sciences",CHN,Government
732,Flinders University,AUS,Universities
733,Ruhr-Universitat Bochum *,DEU,Universities
734,Universite Cote d’Azur *,FRA,Universities
735,Carleton University,CAN,Universities
736,Tulane University *,USA,Universities
737,Xiamen University *,CHN,Universities
737,Ain Shams University *,EGY,Universities
739,Universite de Bourgogne *,FRA,Universities
740,U.S. Army *,USA,Government
741,Universita degli Studi di Bari,ITA,Universities
742,"Universite Pantheon Sorbonne, Paris1 *",FRA,Universities
743,Universita degli Studi di Catania,ITA,Universities
744,Anna University,IND,Universities
745,Biogeosciences Dijon,FRA,Government
746,National Geophysical Research Institute,IND,Government
747,"Birkbeck, University of London",GBR,Universities
748,Universidad de Concepcion *,CHL,Universities
749,Ben-Gurion University of the Negev *,ISR,Universities
749,Hebei GEO University,CHN,Universities
751,Universite Libre de Bruxelles,BEL,Universities
752,University of Johannesburg,ZAF,Universities
753,"Shaanxi Normal University, Xi'an",CHN,Universities
754,Institut de Diagnosi Ambiental i Estudis de l'Aigua,ESP,Government
755,Universidad de Oviedo *,ESP,Universities
755,National University of Science and Technology MISIS *,RUS,Universities
757,"University of Texas, El Paso",USA,Universities
758,Sejong University,KOR,Universities
759,Centro de Investigacion y Desarrollo Pascual Vila CS,ESP,Government
760,Technische Universitat Dresden,DEU,Universities
761,University of Szeged,HUN,Universities
762,Universidade Federal do Ceara,BRA,Universities
763,Kochi University *,JPN,Universities
764,Birbal Sahni Institute of Palaeobotany,IND,Government
765,Qingdao University of Technology,CHN,Universities
766,Universitat Autonoma de Barcelona *,ESP,Universities
767,St. Francis Xavier University,CAN,Universities
768,Universita degli Studi di Trieste,ITA,Universities
769,Guizhou University,CHN,Universities
770,Universita degli Studi di Pavia,ITA,Universities
771,Universita degli Studi di Ferrara,ITA,Universities
772,Universidade Federal de Goias,BRA,Universities
773,Ecole Normale Superieure de Paris *,FRA,Universities
774,National Taiwan Normal University,TWN,Universities
775,Universita degli Studi di Camerino,ITA,Universities
775,Observatoire des Sciences de l Univers Institut Pytheas,FRA,Government
777,Karl Franzens Universitat Graz *,AUT,Universities
777,Universidad Autonoma de Madrid *,ESP,Universities
779,Universidade Estadual Paulista Julio de Mesquita Filho,BRA,Universities
780,Chonnam National University,KOR,Universities
781,University of KwaZulu-Natal *,ZAF,Universities
782,Mohammed VI Polytechnic University,MAR,Universities
783,University of Guilan,IRN,Universities
784,West Virginia University *,USA,Universities
785,"Institute of Earth Sciences, Academia Sinica",TWN,Government
786,Centro Cientifico Tecnologico La Plata,ARG,Government
786,Observatoire de la Cote d'Azur *,FRA,Government
786,Universidad del Pais Vasco *,ESP,Universities
789,Pukyong National University,KOR,Universities
790,Beijing Institute of Technology,CHN,Universities
791,Syracuse University,USA,Universities
792,Universite Cadi Ayyad *,MAR,Universities
793,"Institute of Soil and Water Conservation, Chinese Academy of Sciences",CHN,Government
794,Universidade Federal de Pernambuco,BRA,Universities
795,Xi'an University of Architecture and Technology,CHN,Universities
796,"Oklahoma State University, Stillwater *",USA,Universities
797,Western Michigan University,USA,Universities
798,"Presidency University, Kolkata",IND,Universities
799,Azerbaijan State Oil and Industry University,AZE,Universities
800,Universidad de Zaragoza *,ESP,Universities
801,University of South Carolina *,USA,Universities
801,Universite du Quebec en Rimouski,CAN,Universities
803,US Naval Research Laboratory,USA,Government
803,Universidade de Aveiro,PRT,Universities
805,Universite de Fribourg,CHE,Universities
806,Urmia University,IRN,Universities
807,Universidade do Algarve,PRT,Universities
808,Universidad Austral de Chile *,CHL,Universities
809,Satbayev University,KAZ,Universities
810,University of Gothenburg,SWE,Universities
811,Universidad de Castilla-La Mancha *,ESP,Universities
812,Instituto Potosino de Investigacion Cientifica y Tecnologica,MEX,Government
812,Universitat Rovira i Virgili *,ESP,Universities
814,"University of Alaska, Anchorage",USA,Universities
815,King Abdulaziz University *,SAU,Universities
816,Technische Universitat Darmstadt,DEU,Universities
816,Universita degli Studi della Basilicata,ITA,Universities
816,Polish Geological Institute National,POL,Government
819,University of Nigeria,NGA,Universities
820,Universidade de Evora,PRT,Universities
821,Khalifa University *,ARE,Universities
822,Indian Institute of Science,IND,Universities
823,Chungbuk National University,KOR,Universities
824,Hiroshima University *,JPN,Universities
825,Xian Shiyou University,CHN,Universities
826,Institute of Geology of Ore Deposits Petrography Mineralogy and Geochemistry Russian Academy of Sciences,RUS,Government
827,Empresa Brasileira de Pesquisa Agropecuaria *,BRA,Government
828,Smithsonian National Museum of Natural History,USA,Government
828,Universite du Quebec en Montreal,CAN,Universities
830,"University of the Punjab, Lahore",PAK,Universities
830,Guilin University of Technology,CHN,Universities
832,Julius-Maximilians-Universitat Wurzburg *,DEU,Universities
833,National Institute of Water & Atmospheric Research,NZL,Government
834,Bedford Institute of Oceanography,CAN,Government
835,University of South Australia,AUS,Universities
835,Institute of the Earth Crust Russian Academy of Sciences,RUS,Government
837,National Institute of Polar Research,JPN,Government
838,University of Gdansk,POL,Universities
839,Politecnico di Torino *,ITA,Universities
840,Universidad Politecnica de Madrid *,ESP,Universities
841,Shahrood University of Technology,IRN,Universities
842,Lakehead University,CAN,Universities
843,Universita degli Studi di Parma,ITA,Universities
844,Universite de Poitiers *,FRA,Universities
845,Universidade Federal do Rio Grande do Norte,BRA,Universities
846,Universite de Rouen Normandie *,FRA,Universities
847,Centre de Recherche sur la Paleobiodiversite et les Paleoenvironnements,FRA,Government
848,Cairo University *,EGY,Universities
849,McMaster University,CAN,Universities
849,"Secretaria de Ciencia, Tecnologia e Innovacion Productiva *",ARG,Government
851,Politecnico di Milano,ITA,Universities
852,Universidad Nacional de Cuyo *,ARG,Universities
853,Universita degli Studi di Siena,ITA,Universities
854,Niigata University *,JPN,Universities
855,Miami University of Ohio,USA,Universities
856,Universidad de la Republica *,URY,Universities
857,Vrije Universiteit Brussel,BEL,Universities
858,Pontificia Universidad Catolica de Chile *,CHL,Universities
859,Kola Science Centre Russian Academy of Sciences,RUS,Government
860,Kanazawa University *,JPN,Universities
861,Middle East Technical University,TUR,Universities
862,Tokyo Institute of Technology,JPN,Universities
863,Wuhan University of Science and Technology,CHN,Universities
864,"Curtin University, Malaysia",MYS,Universities
865,Universidad Nacional de Cordoba *,ARG,Universities
866,"Indian Institute of Technology, Roorkee",IND,Universities
867,Banaras Hindu University,IND,Universities
867,Keele University,GBR,Universities
869,Babes-Bolyai University,ROU,Universities
870,Yamaguchi University *,JPN,Universities
871,Southern Ural State University,RUS,Universities
872,Technische Universitat Clausthal,DEU,Universities
873,Albert-Ludwigs-Universitat Freiburg im Breisgau,DEU,Universities
874,Technische Universitat Braunschweig,DEU,Universities
875,Liaoning Technical University,CHN,Universities
876,University of New Brunswick,CAN,Universities
877,Vernadsky Institute of Geochemistry and Analytical Chemistry Russian Academy of Sciences,RUS,Government
878,National Research and Innovation Agency *,IDN,Government
879,Universita degli Studi Gabriele d'Annunzio di Chieti e Pescara,ITA,Universities
880,Damghan University,IRN,Universities
881,Missouri University of Science & Technology,USA,Universities
882,Baylor University,USA,Universities
883,University of Szczecin,POL,Universities
884,Central Institute of Mining and Fuel Research,IND,Government
885,University of Ghana,GHA,Universities
886,Helmholtz-Zentrum Hereon,DEU,Government
887,University of Belgrade,SRB,Universities
888,Universidade de Coimbra *,PRT,Universities
889,National Technical University of Athens,GRC,Universities
890,A.P. Vinogradov Institute of Geochemistry Russian Academy of Sciences,RUS,Government
891,Beijing Forestry University,CHN,Universities
892,Isfahan University of Technology,IRN,Universities
893,Universidad de Jaen *,ESP,Universities
894,Aligarh Muslim University,IND,Universities
895,University College Cork *,IRL,Universities
896,Japan Atomic Energy Agency,JPN,Government
897,Universita degli Studi di Modena e Reggio Emilia,ITA,Universities
898,Universita degli Studi dell'Insubria,ITA,Universities
899,Guangdong Ocean University,CHN,Universities
900,Pontificia Universidad Catolica de Valparaiso *,CHL,Universities
901,Naturalis Biodiversity Center,NLD,Government
902,China Meteorological Administration,CHN,Government
903,Xinjiang University,CHN,Universities
903,Bulgarian Academy of Sciences *,BGR,Government
905,Universidade Federal da Paraiba,BRA,Universities
906,University of Windsor,CAN,Universities
907,Universite Mohammed Premier Oujda *,MAR,Universities
908,Addis Ababa University,ETH,Universities
909,Geological Institute Russian Academy of Sciences,RUS,Government
910,Korea Polar Research Institute,KOR,Government
911,"Instituto Argentino de Nivologia, Glaciologia y Ciencias Ambientales",ARG,Government
912,Tanta University,EGY,Universities
913,Centro Cientifico Tecnologico Mendoza,ARG,Government
914,Tomsk Polytechnic University,RUS,Universities
915,University of Tabriz,IRN,Universities
915,King Saud University *,SAU,Universities
917,Indian Institute of Technology Guwahati,IND,Universities
918,Chrono-Environnement,FRA,Government
919,Universidade Federal do Para,BRA,Universities
920,Universidade Federal da Bahia,BRA,Universities
921,United Arab Emirates University,ARE,Universities
922,University of Malaya *,MYS,Universities
923,Cherepovets State University,RUS,Universities
924,Universidad Nacional de Colombia *,COL,Universities
925,Petronas University of Technology,MYS,Universities
925,Salahaddin University-Erbil,IRQ,Universities
927,Universite Hassan II de Casablanca *,MAR,Universities
928,Universidade Federal de Santa Maria *,BRA,Universities
929,Tomsk State University,RUS,Universities
930,Stellenbosch University,ZAF,Universities
931,Universidade Federal Fluminense,BRA,Universities
932,Escuela Politecnica Nacional,ECU,Universities
933,Ferdowsi University of Mashhad,IRN,Universities
934,Hebei University of Technology,CHN,Universities
935,Universidade do Porto *,PRT,Universities
936,"Islamic Azad University, Science and Research Branch",IRN,Universities
937,Nagasaki University *,JPN,Universities
938,University of the Philippines Diliman *,PHL,Universities
939,Pusan National University,KOR,Universities
940,Gadjah Mada University,IDN,Universities
941,National Institute of Oceanography,IND,Government
942,Institute of Geography Russian Academy of Sciences,RUS,Government
943,Universitat Salzburg,AUT,Universities
943,Universidade de Vigo *,ESP,Universities
945,National Research Centre *,EGY,Government
946,Southwest University *,CHN,Universities
947,Shimane University *,JPN,Universities
948,Universidad Nacional de Salta *,ARG,Universities
949,Egyptian Petroleum Research Institute,EGY,Government
950,Siberian Federal University,RUS,Universities
951,Physical Research Laboratory,IND,Government
952,Centro Cientifico Tecnologico de Cordoba,ARG,Government
953,Universidade Federal de Vicosa,BRA,Universities
954,Hubei University of Technology,CHN,Universities
955,University of Mosul,IRQ,Universities
956,Northwest A and F University,CHN,Universities
957,Chungnam National University,KOR,Universities
958,Universidad Nacional del Sur *,ARG,Universities
959,Cochin University of Science and Technology,IND,Universities
959,Palaeontological Institute Russian Academy of Sciences,RUS,Government
961,University of Shizuoka,JPN,Universities
962,University of Bucharest,ROU,Universities
963,Czech University of Life Sciences Prague,CZE,Universities
964,Tallinn University of Technology,EST,Universities
965,Universidad Industrial de Santander,COL,Universities
966,Museo Nacional de Ciencias Naturales,ESP,Government
966,Skolkovo Institute of Science and Technology,RUS,Universities
968,University of Sulaimani,IRQ,Universities
969,Yazd University,IRN,Universities
970,University of Lodz,POL,Universities
971,Universidad Nacional de Rio Cuarto,ARG,Universities
972,University of South Alabama *,USA,Universities
972,Instituto Tecnologico Vale,BRA,Non-Profit
972,Korea University *,KOR,Universities
975,University of Science and Technology Liaoning,CHN,Universities
976,North China Institute of Science and Technology,CHN,Universities
977,Federal University of Technology Akure,NGA,Universities
978,Xihua University,CHN,Universities
979,University of Delhi *,IND,Universities
980,Institut Catala de Paleontologia Miquel Crusafont,ESP,Non-Profit
981,Universidade Federal do Espirito Santo,BRA,Universities
981,Karadeniz Technical University,TUR,Universities
983,National Taiwan Ocean University,TWN,Universities
984,Institute of Geology of the ASCR,CZE,Government
985,Irkutsk State University,RUS,Universities
986,VSB-Technical University of Ostrava,CZE,Universities
987,Istanbul University Cerrahpasa *,TUR,Universities
988,Shanghai Ocean University,CHN,Universities
989,Centro Cientifico Tecnologico Bahia Blanca,ARG,Government
990,University of the Free State,ZAF,Universities
991,University of Babylon,IRQ,Universities
991,China Three Gorges University,CHN,Universities
993,Universidad Autonoma de Nuevo Leon *,MEX,Universities
994,University of Jammu,IND,Universities
995,"Daqing Oilfield Co Ltd, CN",CHN,Companies
996,Universidade Federal dos Vales do Jequitinhonha e Mucuri,BRA,Universities
997,Universite du Quebec en Abitibi-Temiscamingue,CAN,Universities
998,University of South Africa,ZAF,Universities
999,Universiti Brunei Darussalam,BRN,Universities
1000,Gansu Agricultural University,CHN,Universities
1001,United Schmidt Institute of Physics of the Earth Russian Academy of Sciences,RUS,Government
1002,Universidad de Huelva *,ESP,Universities
1003,Universidade Federal de Santa Catarina *,BRA,Universities
1004,University of Shanghai for Science and Technology,CHN,Universities
1005,Centro Nacional Patagonico,ARG,Government
1006,Dokuz Eylul University *,TUR,Universities
1007,Shinshu University *,JPN,Universities
1008,Kumamoto University *,JPN,Universities
1009,Okayama University of Science,JPN,Universities
1010,Perm National Research Polytechnic University,RUS,Universities
1011,P P Shirshov Institute of Oceanology Russian Academy of Sciences,RUS,Government
1012,Universidad Nacional de Rio Negro,ARG,Universities
1013,Serbian Academy of Sciences and Arts *,SRB,Government
1014,Akita University *,JPN,Universities
1015,Universite de Douala,CMR,Universities
1016,Soran University,IRQ,Universities
1017,Universite de Maroua,CMR,Universities
1018,Shahid Beheshti University,IRN,Universities
1019,Faculte des Sciences Ben M'Sick,MAR,Universities
1020,University of Calabar,NGA,Universities
1021,Universidad Nacional de la Patagonia San Juan Bosco,ARG,Universities
1022,Instituto Politecnico Nacional *,MEX,Universities
1023,Universite d'Artois *,FRA,Universities
1024,Jadavpur University,IND,Universities
1025,Centro Austral de Investigaciones Cientificas,ARG,Government
1026,University of Toyama *,JPN,Universities
1026,Research Institute of Petroleum Industry Tehran,IRN,Government
1028,University of Kufa,IRQ,Universities
1029,Assiut University *,EGY,Universities
1030,Osaka Metropolitan University *,JPN,Universities
1031,Universidade do Vale do Rio dos Sinos,BRA,Universities
1032,Kharazmi University,IRN,Universities
1033,Czech Technical University in Prague,CZE,Universities
1034,Universidad Nacional de La Pampa *,ARG,Universities
1035,University of Pretoria,ZAF,Universities
1036,Auburn University,USA,Universities
1037,Zavaritsky Institute of Geology and Geochemistry Russian Academy of Sciences,RUS,Government
1038,Universite de Carthage *,TUN,Universities
1039,Universidad Nacional de San Juan *,ARG,Universities
1040,Romanian Academy *,ROU,Government
1041,"Institute of Vertebrate Paleontology and Paleoanthropology, Chinese Academy of Sciences",CHN,Government
1042,Universidad de Cadiz *,ESP,Universities
1043,Pontificia Universidade Catolica do Rio de Janeiro,BRA,Universities
1044,Centro de Investigacion Cientifica y de Educacion Superior de Ensenada,MEX,Government
1045,University of Sharjah,ARE,Universities
1046,Universidade Federal de Uberlandia,BRA,Universities
1047,Shandong Jianzhu University,CHN,Universities
1048,University of Miskolc,HUN,Universities
1049,Universidad EAFIT,COL,Universities
1050,Vietnam Academy of Science and Technology *,VNM,Government
1050,Ningbo University,CHN,Universities
1052,Mustansiriyah University,IRQ,Universities
1053,Al-Karkh University of Science,IRQ,Universities
1054,University of Anbar,IRQ,Universities
1055,Al-Nahrain University,IRQ,Universities
1056,South Kazakhstan State University,KAZ,Universities
1057,University of Thi-Qar,IRQ,Universities
1058,University of Basrah,IRQ,Universities
1059,Universite de Tunis El Manar *,TUN,Universities
1060,Capital Normal University *,CHN,Universities
1061,University of Calcutta,IND,Universities
1062,Universidad Autonoma de San Luis Potosi,MEX,Universities
1063,University of Kashmir,IND,Universities
1064,Kazakh National Agrarian University,KAZ,Universities
1065,Al-Azhar University *,EGY,Universities
1066,Universidad Nacional de San Luis *,ARG,Universities
1067,Universidade Federal de Mato Grosso,BRA,Universities
1068,National Laboratory of Energy and Geology,PRT,Government
1069,Institute of Problems of Chemical Physics Russian Academy of Science,RUS,Government
1070,Diyala University,IRQ,Universities
1071,Universidade Federal de Sergipe,BRA,Universities
1072,"University of the West Indies, Mona Campus *",JAM,Universities
1073,Korea University of Science and Technology,KOR,Universities
1074,Irkutsk State Technical University,RUS,Universities
1075,Shahid Bahonar University of Kerman,IRN,Universities
1076,Ministry of Education,IRQ,Government
1076,"University of Engineering and Technology, Lahore",PAK,Universities
1078,North Eastern Federal University,RUS,Universities
1079,University of Isfahan,IRN,Universities
1080,"University of Technology, Iraq",IRQ,Universities
1081,University of the Western Cape,ZAF,Universities
1081,Universidade Federal de Pelotas,BRA,Universities
1083,Ankara University,TUR,Universities
1084,Idaho State University,USA,Universities
1085,Kumaun University,IND,Universities
1086,Korea Institute of Ocean Science & Technology *,KOR,Non-Profit
1087,Hainan University,CHN,Universities
1088,"University of Science, Malaysia *",MYS,Universities
1089,National Research Institute of Astronomy and Geophysics,EGY,Government
1090,Inner Mongolia Agricultural University,CHN,Universities
1091,Korea Maritime University,KOR,Universities
1092,Karaganda State Technical University,KAZ,Universities
1093,Hebei University of Engineering,CHN,Universities
1094,Chongqing University of Science and Technology,CHN,Universities
1095,"Universidad Andres Bello, Chile",CHL,Universities
1096,University of Ibadan,NGA,Universities
1097,Universite Moulay Ismail *,MAR,Universities
1098,"Gazprom Group, Russian Federation",RUS,Companies
1099,University of Lucknow,IND,Universities
1099,Northwest Normal University,CHN,Universities
1101,Lanzhou University of Technology,CHN,Universities
1102,Benha University *,EGY,Universities
1103,Kagoshima University *,JPN,Universities
1104,Universidad Nacional de Tucuman *,ARG,Universities
1105,Imam Khomeini International University,IRN,Universities
1106,Tikrit University,IRQ,Universities
1107,Azerbaijan National Academy of Sciences *,AZE,Government
1108,Saint Mary's University,CAN,Universities
1109,Universidade Federal do Pampa,BRA,Universities
1110,Korea Basic Science Institute,KOR,Government
1111,Faculte des Sciences de Bizerte,TUN,Universities
1112,Payame Noor University,IRN,Universities
1113,Fujian Normal University,CHN,Universities
1114,Xinjiang Agricultural University,CHN,Universities
1115,Bu-Ali Sina University,IRN,Universities
1116,Hanoi University of Mining and Geology,VNM,Universities
1117,Universidad Autonoma del Estado de Hidalgo,MEX,Universities
1118,Kyungpook National University *,KOR,Universities
1119,Shihezi University,CHN,Universities
1120,Tyumen Industrial University,RUS,Universities
1121,Ministry of Science and Technology,IRQ,Government
1122,Tokyo Metropolitan University,JPN,Universities
1123,Nuclear Materials Authority,EGY,Government
1124,Gazprom Group *,MUL,Companies
1125,"Vietnam National University, Ho Chi Minh City",VNM,Universities
1126,Universidad de Sonora,MEX,Universities
1126,Menoufia University *,EGY,Universities
1126,Karelian Research Center Russian Academy of Sciences,RUS,Government
1129,COMSATS Institute of Information Technology *,PAK,Universities
1130,Zagazig University *,EGY,Universities
1131,Platov South-Russian State Polytechnic University,RUS,Universities
1132,Far East Geological Institute Russian Academy of Sciences,RUS,Government
1133,Tribhuvan University *,NPL,Universities
1134,Ufa Scientific Center Russian Academy of Sciences,RUS,Government
1135,"State University of New York, Albany",USA,Universities
1136,Lanzhou Jiaotong University,CHN,Universities
1137,Mansoura University *,EGY,Universities
1138,"Suleyman Demirel University, Isparta",TUR,Universities
1139,North China University of Science and Technology,CHN,Universities
1140,Universidad Tecnica Federico Santa Maria *,CHL,Universities
1141,Kongju National University,KOR,Universities
1142,Kangwon National University *,KOR,Universities
1143,University of Kirkuk,IRQ,Universities
1144,Sahand University of Technology,IRN,Universities
1145,University of Pune,IND,Universities
1146,Universidade Federal Rural do Rio de Janeiro,BRA,Universities
1147,Shijiazhuang Tiedao University,CHN,Universities
1148,Shahid Chamran University,IRN,Universities
1149,Kuzbass State Technical University,RUS,Universities
1150,Xinyang Normal University,CHN,Universities
1151,Komi Scientific Center Russian Academy of Sciences,RUS,Government
1152,Universite Sidi Mohamed Ben Abdellah *,MAR,Universities
1153,Universite des Sciences et de la Technologie Houari Boumediene,DZA,Universities
1154,Universite de Gabes *,TUN,Universities
1155,Goa University,IND,Universities
1156,Universite de Dschang,CMR,Universities
1157,Ningxia University,CHN,Universities
1158,Inner Mongolia University of Science and Technology,CHN,Universities
1159,Qinghai University,CHN,Universities
1160,V.I. Il'ichev Pacific Oceanological Institute Russian Academy of Sciences,RUS,Government
1161,Polar Research Institute of China,CHN,Government
1162,University of Oklahoma Health Sciences Center,USA,Universities
1163,Guangdong Academy of Sciences *,CHN,Government
1164,Universidad Tecnologica Nacional *,ARG,Universities
1165,Karakoram International University,PAK,Universities
