Global Rank,Institution,Country,Sector
1,University of Oxford,GBR,Universities
2,Harvard University *,USA,Universities
3,Centre National de la Recherche Scientifique *,FRA,Government
4,University of Toronto,CAN,Universities
5,University of Amsterdam *,NLD,Universities
6,University College London *,GBR,Universities
7,"University of Michigan, Ann Arbor *",USA,Universities
8,London School of Economics and Political Science,GBR,Universities
9,New York University *,USA,Universities
10,Chinese Academy of Sciences *,CHN,Government
11,University of Melbourne *,AUS,Universities
12,Arizona State University *,USA,Universities
13,Stanford University *,USA,Universities
14,Kings College London,GBR,Universities
15,University of Cambridge *,GBR,Universities
16,The University of Manchester *,GBR,Universities
17,Michigan State University,USA,Universities
18,Pennsylvania State University *,USA,Universities
19,Columbia University *,USA,Universities
20,State University - Higher School of Economics,RUS,Universities
21,"University of California, Berkeley *",USA,Universities
22,University of Sydney,AUS,Universities
23,Cornell University *,USA,Universities
24,Utrecht University *,NLD,Universities
25,University of Pennsylvania *,USA,Universities
26,"Rutgers, The State University of New Jersey",USA,Universities
27,"University of Texas, Austin",USA,Universities
28,National Institutes of Health,USA,Health
29,City University of New York *,USA,Universities
30,Beijing Institute of Technology,CHN,Universities
31,The University of Edinburgh *,GBR,Universities
32,"University of North Carolina, Chapel Hill *",USA,Universities
33,"University of Wisconsin, Madison *",USA,Universities
34,The University of British Columbia,CAN,Universities
35,The University of Sheffield,GBR,Universities
36,University of Chicago *,USA,Universities
37,Australian National University,AUS,Universities
38,University of Washington *,USA,Universities
39,University of Oslo,NOR,Universities
40,"Northwestern University, Evanston *",USA,Universities
41,Russian Academy of Sciences *,RUS,Government
42,"Ohio State University, Columbus *",USA,Universities
43,"University of California, Los Angeles *",USA,Universities
44,Yale University *,USA,Universities
45,The University of Queensland *,AUS,Universities
46,University of New South Wales,AUS,Universities
47,University of Helsinki,FIN,Universities
48,"Monash University, Melbourne *",AUS,Universities
49,Catholic University of Leuven,BEL,Universities
50,University of Copenhagen,DNK,Universities
51,University of Sussex *,GBR,Universities
52,"University of California, San Diego *",USA,Universities
53,Princeton University,USA,Universities
54,University of Southern California *,USA,Universities
55,University of Gothenburg,SWE,Universities
56,Aarhus University *,DNK,Universities
57,Indiana University-Bloomington,USA,Universities
58,University of Groningen *,NLD,Universities
59,The University of Hong Kong *,HKG,Universities
60,National University of Singapore *,SGP,Universities
61,Institut National de Recherche en Informatique et en Automatique *,FRA,Government
62,CGIAR Consortium of International Agricultural Research *,MUL,Non-Profit
63,University of Illinois at Urbana-Champaign *,USA,Universities
64,Erasmus University Rotterdam *,NLD,Universities
65,Vrije Universiteit Amsterdam *,NLD,Universities
66,Huazhong University of Science and Technology *,CHN,Universities
67,University of Exeter,GBR,Universities
68,Stockholm University,SWE,Universities
69,University of Birmingham,GBR,Universities
70,Leiden University *,NLD,Universities
71,University of Warwick,GBR,Universities
72,"University of Maryland, Baltimore",USA,Universities
73,"University of Minnesota, Twin Cities *",USA,Universities
74,University of Pittsburgh *,USA,Universities
75,Cardiff University,GBR,Universities
76,Tsinghua University *,CHN,Universities
77,Johns Hopkins University *,USA,Universities
78,McGill University,CAN,Universities
79,University of Leeds,GBR,Universities
80,Universitat Zurich,CHE,Universities
81,Duke University *,USA,Universities
82,Delft University of Technology,NLD,Universities
83,University of Glasgow *,GBR,Universities
84,Florida State University *,USA,Universities
85,Universitat Wien,AUT,Universities
86,Universitat Mannheim,DEU,Universities
87,"University of California, Irvine *",USA,Universities
88,Uppsala University,SWE,Universities
89,Griffith University,AUS,Universities
90,University of Georgia,USA,Universities
90,Boston University *,USA,Universities
92,Universitat Autonoma de Barcelona *,ESP,Universities
93,Lunds University,SWE,Universities
94,Ghent University,BEL,Universities
95,Vanderbilt University *,USA,Universities
96,"University of California, Davis *",USA,Universities
97,University of Nottingham *,GBR,Universities
98,University of Southampton,GBR,Universities
99,University of York,GBR,Universities
100,"Newcastle University, Newcastle upon Tyne",GBR,Universities
101,Massachusetts Institute of Technology *,USA,Universities
102,The University of Kent,GBR,Universities
103,University of Essex,GBR,Universities
104,Deakin University *,AUS,Universities
105,University of Bristol,GBR,Universities
106,Radboud University Nijmegen,NLD,Universities
107,U.S. Department of Health & Human Services *,USA,Health
107,University of Florida *,USA,Universities
109,Max Planck Gesellschaft *,DEU,Government
110,Lancaster University *,GBR,Universities
111,University of Waterloo,CAN,Universities
112,University of Durham,GBR,Universities
113,York University,CAN,Universities
114,Emory University *,USA,Universities
115,University of Virginia *,USA,Universities
116,Georgetown University *,USA,Universities
117,Loughborough University,GBR,Universities
118,"University of Massachusetts, Amherst",USA,Universities
119,Leibniz Gemeinschaft *,DEU,Government
120,Swiss Federal Institute of Technology,CHE,Universities
121,Consejo Nacional de Investigaciones Cientificas y Tecnicas *,ARG,Government
122,Wageningen University and Research Centre *,NLD,Universities
123,Universidade de Sao Paulo *,BRA,Universities
124,George Washington University *,USA,Universities
125,European University Institute,ITA,Universities
126,Washington University in Saint Louis *,USA,Universities
127,L'Alma Mater Studiorum - Universita di Bologna,ITA,Universities
128,Hebrew University of Jerusalem,ISR,Universities
129,University of Ottawa,CAN,Universities
130,Nanjing University *,CHN,Universities
131,Freie Universitat Berlin,DEU,Universities
132,University of Liverpool *,GBR,Universities
133,University of Kansas *,USA,Universities
134,University of South Florida System *,USA,Universities
135,Georgia State University,USA,Universities
136,Simon Fraser University,CAN,Universities
137,United Nations *,MUL,Non-Profit
138,"Texas A&M University, College Station *",USA,Universities
139,Tampere University,FIN,Universities
140,Queensland University of Technology,AUS,Universities
141,University of Alberta,CAN,Universities
142,Purdue University,USA,Universities
143,University of Turku,FIN,Universities
144,Universitat Hamburg *,DEU,Universities
145,Peking University *,CHN,Universities
146,Brown University,USA,Universities
147,Universidad Nacional Autonoma de Mexico,MEX,Universities
148,Humboldt-Universitat zu Berlin,DEU,Universities
149,University of South Florida,USA,Universities
149,Universite de Montreal,CAN,Universities
151,University of Antwerp,BEL,Universities
152,University of Calgary,CAN,Universities
153,Ludwig-Maximilians Universitat Munchen *,DEU,Universities
154,Universite de Lille *,FRA,Universities
155,George Mason University,USA,Universities
156,Universite de Lausanne,CHE,Universities
157,University of Madras,IND,Universities
158,Carnegie Mellon University *,USA,Universities
159,University of East Anglia *,GBR,Universities
160,"University of California, Santa Barbara",USA,Universities
161,Institut d'Etudes Politiques de Paris-Sciences Po,FRA,Universities
162,"Queen Mary, University of London",GBR,Universities
163,City University of Hong Kong *,HKG,Universities
164,Tilburg University,NLD,Universities
165,Nanyang Technological University *,SGP,Universities
166,"University of Illinois, Chicago *",USA,Universities
166,The Chinese University of Hong Kong *,HKG,Universities
168,University of Auckland,NZL,Universities
169,"Colorado State University, Fort Collins *",USA,Universities
170,Universitat Bern,CHE,Universities
171,"University of Connecticut, Storrs *",USA,Universities
172,University College Dublin,IRL,Universities
173,"University of Colorado, Boulder *",USA,Universities
174,Victoria University of Wellington,NZL,Universities
175,Universidad Complutense de Madrid *,ESP,Universities
176,University of Arizona *,USA,Universities
177,"University of Maryland, College Park *",USA,Universities
178,Temple University *,USA,Universities
179,Queen's University Belfast,GBR,Universities
180,University of Utah *,USA,Universities
181,University of Western Ontario,CAN,Universities
182,University of Notre Dame,USA,Universities
183,World Bank United States,USA,Government
184,European Commission *,MUL,Government
185,Saint Petersburg State University,RUS,Universities
186,University of Kentucky *,USA,Universities
187,Boston College,USA,Universities
188,Universita degli Studi di Roma La Sapienza,ITA,Universities
189,Universitat de Barcelona *,ESP,Universities
190,Macquarie University *,AUS,Universities
191,Swansea University,GBR,Universities
192,Zhejiang University *,CHN,Universities
193,European Commission - Joint Research Centre,MUL,Government
194,University of Bergen,NOR,Universities
195,La Trobe University *,AUS,Universities
196,Universita degli Studi di Milano,ITA,Universities
197,University of Haifa,ISR,Universities
198,West Virginia University *,USA,Universities
199,Virginia Polytechnic Institute and State University,USA,Universities
200,Norwegian University of Science and Technology,NOR,Universities
201,University of South Carolina *,USA,Universities
202,Maastricht University,NLD,Universities
203,The Open University,GBR,Universities
204,Jilin University *,CHN,Universities
205,Trinity College Dublin *,IRL,Universities
206,Stockholm Environment Institute,SWE,Government
207,Copenhagen Business School,DNK,Universities
208,Woodruff Health Sciences Center,USA,Health
209,Tel Aviv University,ISR,Universities
210,East China Normal University,CHN,Universities
211,Wayne State University,USA,Universities
212,University of Warsaw,POL,Universities
213,Charles University *,CZE,Universities
214,University of Leicester,GBR,Universities
215,International Food Policy Research Institute,MUL,Non-Profit
216,London School of Hygiene and Tropical Medicine,GBR,Universities
217,"University of the Witwatersrand, Johannesburg",ZAF,Universities
218,University of Cincinnati *,USA,Universities
219,Universitat zu Koln,DEU,Universities
220,Universidade de Brasilia,BRA,Universities
221,Sichuan University *,CHN,Universities
222,North Carolina State University,USA,Universities
223,Ministry of Education of the People's Republic of China,CHN,Government
224,Universitat Heidelberg,DEU,Universities
225,Universidade de Lisboa *,PRT,Universities
226,Universidad de Granada *,ESP,Universities
227,Royal Melbourne Institute of Technology *,AUS,Universities
228,Hunan University,CHN,Universities
228,Carleton University,CAN,Universities
230,Universite de Geneve,CHE,Universities
231,"University of California, Riverside",USA,Universities
232,Georg-August-Universitat Gottingen,DEU,Universities
233,Aalborg University *,DNK,Universities
234,Technion - Israel Institute of Technology *,ISR,Universities
235,The University of Western Australia,AUS,Universities
236,University of Manitoba,CAN,Universities
237,University of Oregon,USA,Universities
238,"Northeastern University, USA",USA,Universities
239,"State University of New York, Buffalo",USA,Universities
240,Julius-Maximilians-Universitat Wurzburg *,DEU,Universities
241,Western Norway University of Applied Sciences,NOR,Universities
242,Sultan Qaboos University *,OMN,Universities
243,University of North Texas,USA,Universities
244,Brigham Young University,USA,Universities
245,Dartmouth College *,USA,Universities
246,"State University of New York, Albany",USA,Universities
247,Universidad de Sevilla *,ESP,Universities
248,Johann Wolfgang Goethe-Universitat Frankfurt am Main *,DEU,Universities
249,American University,USA,Universities
250,University of Delaware,USA,Universities
250,University of Iowa *,USA,Universities
252,University of Ljubljana *,SVN,Universities
253,Universite du Quebec en Quebec *,CAN,Universities
254,University of Strathclyde *,GBR,Universities
255,"University of Nebraska, Lincoln",USA,Universities
256,City University of New York Graduate Center,USA,Universities
257,The Nottingham Trent University,GBR,Universities
258,Sun Yat-Sen University *,CHN,Universities
259,Renmin University of China,CHN,Universities
260,University of Houston,USA,Universities
261,Universite Montpellier *,FRA,Universities
262,University of Cape Town,ZAF,Universities
263,Oslo Metropolitan University,NOR,Universities
264,Pontificia Universidad Catolica de Chile *,CHL,Universities
265,University of Surrey,GBR,Universities
266,Rheinische Friedrich-Wilhelms-Universitat Bonn *,DEU,Universities
267,University of St. Andrews,GBR,Universities
268,Universitat Bremen *,DEU,Universities
269,University of Bath,GBR,Universities
270,University of Central Florida,USA,Universities
270,"University of Technology, Sydney",AUS,Universities
272,Universitat Pompeu Fabra *,ESP,Universities
273,University of Oklahoma *,USA,Universities
274,Northumbria University,GBR,Universities
275,Universitat Konstanz,DEU,Universities
276,Universita degli Studi di Torino,ITA,Universities
277,Universidad de Buenos Aires *,ARG,Universities
278,School of Oriental and African Studies,GBR,Universities
279,Linkoping University,SWE,Universities
280,Hong Kong Polytechnic University,HKG,Universities
281,Universidad Autonoma de Madrid *,ESP,Universities
282,Universitat Innsbruck *,AUT,Universities
283,University of Miami *,USA,Universities
284,International Food Policy Research Institute United States,USA,Non-Profit
285,ISCTE Instituto Universitario de Lisboa,PRT,Universities
286,Wuhan University *,CHN,Universities
287,Universitat de Valencia *,ESP,Universities
288,University of Stirling,GBR,Universities
289,University of Twente,NLD,Universities
290,Seoul National University *,KOR,Universities
291,Consejo Nacional de Ciencia y Tecnologia *,MEX,Government
292,Flinders University,AUS,Universities
293,Vrije Universiteit Brussel,BEL,Universities
294,Wake Forest University *,USA,Universities
295,International Peace Research Institute Oslo,NOR,Government
296,Universidade de Coimbra *,PRT,Universities
297,Central Queensland University,AUS,Universities
298,Syracuse University,USA,Universities
299,Universite Gustave Eiffel *,FRA,Universities
300,Curtin University *,AUS,Universities
301,Beijing Normal University *,CHN,Universities
302,"Goldsmiths, University of London",GBR,Universities
303,Bogazici University,TUR,Universities
304,Gadjah Mada University,IDN,Universities
305,"Institute of Geographic Sciences and Natural Resources Research, Chinese Academy of Sciences",CHN,Government
306,Center for International Forestry Research Indonesia,IDN,Non-Profit
307,University of Johannesburg,ZAF,Universities
308,South China Normal University,CHN,Universities
309,University of Zagreb,HRV,Universities
310,"State University of New York, Stony Brook *",USA,Universities
311,University of Jyvaskyla,FIN,Universities
311,Umea University *,SWE,Universities
313,University of Victoria,CAN,Universities
314,Universidade do Porto *,PRT,Universities
315,City University London,GBR,Universities
316,University of Wollongong *,AUS,Universities
317,Center for International Forestry Research,MUL,Non-Profit
318,Universitat Bielefeld,DEU,Universities
318,"University of Alabama, Birmingham *",USA,Universities
320,"University of Colorado, Denver *",USA,Universities
321,University of Pretoria,ZAF,Universities
322,Royal Holloway - University of London,GBR,Universities
323,University of Tokyo *,JPN,Universities
324,University of Denver,USA,Universities
325,University of Southern Denmark,DNK,Universities
326,Universidade Estadual de Campinas *,BRA,Universities
327,Tufts University,USA,Universities
328,China University of Mining and Technology,CHN,Universities
329,Qingdao University *,CHN,Universities
330,Food and Agriculture Organization of the United Nations,MUL,Non-Profit
330,"Food and Agriculture Organisation of the United Nations, Italy",ITA,Non-Profit
332,"University of Tennessee, Knoxville *",USA,Universities
333,Brandeis University,USA,Universities
334,Dublin City University,IRL,Universities
335,Mississippi State University,USA,Universities
336,Catholic University of Louvain,BEL,Universities
337,San Jose State University,USA,Universities
338,University of Nicosia,CYP,Universities
339,The University of Reading,GBR,Universities
340,Bar-Ilan University,ISR,Universities
341,University of Portsmouth,GBR,Universities
342,Centers for Disease Control and Prevention,USA,Health
343,Yonsei University *,KOR,Universities
344,"University of North Carolina, Charlotte",USA,Universities
345,Iowa State University,USA,Universities
346,Florida International University,USA,Universities
347,Cairo University *,EGY,Universities
348,"Birkbeck, University of London",GBR,Universities
349,Fudan University *,CHN,Universities
350,Ecole des Hautes Etudes en Sciences Sociales *,FRA,Universities
351,Leuphana Universitat Luneburg,DEU,Universities
352,University of Tasmania,AUS,Universities
353,Queen's University,CAN,Universities
354,University of Canberra,AUS,Universities
355,The University of Newcastle,AUS,Universities
356,Virginia Commonwealth University *,USA,Universities
357,Universita degli Studi di Trento,ITA,Universities
358,Leeds Beckett University,GBR,Universities
359,Tongji University *,CHN,Universities
360,Shanghai Jiao Tong University *,CHN,Universities
361,Wirtschaftsuniversitat Wien,AUT,Universities
362,Lomonosov  Moscow State University,RUS,Universities
363,The Manchester Metropolitan University,GBR,Universities
364,"Universidad de los Andes, Colombia *",COL,Universities
365,Consejo Superior de Investigaciones Cientificas *,ESP,Government
366,Middle East Technical University,TUR,Universities
367,Universita degli Studi di Milano-Bicocca,ITA,Universities
368,Universitat fur Bodenkultur Wien *,AUT,Universities
369,McMaster University,CAN,Universities
370,Universita degli Studi di Padova,ITA,Universities
371,"University of California, San Francisco *",USA,Universities
372,Stellenbosch University,ZAF,Universities
373,United States Department of Agriculture,USA,Government
374,Universita Commerciale Luigi Bocconi,ITA,Universities
375,Tulane University *,USA,Universities
376,Oregon State University,USA,Universities
377,North-West University,ZAF,Universities
378,Brunel University,GBR,Universities
379,Commonwealth Scientific and Industrial Research Organization *,AUS,Government
380,Masaryk University,CZE,Universities
381,Universite Grenoble-Alpes *,FRA,Universities
382,University of South Africa,ZAF,Universities
383,"University of California, Merced",USA,Universities
384,Norwegian University of Life Sciences,NOR,Universities
385,Universite Libre de Bruxelles,BEL,Universities
386,"Louisiana State University, Baton Rouge",USA,Universities
387,United Nations University,MUL,Non-Profit
388,University of Aberdeen,GBR,Universities
389,Portland State University,USA,Universities
389,Albert-Ludwigs-Universitat Freiburg im Breisgau,DEU,Universities
391,Ecole Normale Superieure Paris-Saclay *,FRA,Universities
392,Ryerson University,CAN,Universities
393,Coventry University,GBR,Universities
394,Rice University,USA,Universities
395,"Washington State University, Pullman *",USA,Universities
396,Dalhousie University *,CAN,Universities
397,University of Huddersfield,GBR,Universities
398,Universite de Lorraine *,FRA,Universities
399,Universidad de Chile *,CHL,Universities
400,Swedish University of Agricultural Sciences,SWE,Universities
401,The University of Adelaide,AUS,Universities
402,Central European University,AUT,Universities
403,University of Guelph,CAN,Universities
404,Universita degli Studi di Firenze,ITA,Universities
405,Ben-Gurion University of the Negev *,ISR,Universities
406,University of South Australia,AUS,Universities
407,Universite Paris-Saclay *,FRA,Universities
408,Universitat Leipzig *,DEU,Universities
409,Universidade Estadual Paulista Julio de Mesquita Filho,BRA,Universities
410,Utah State University *,USA,Universities
411,University of Otago,NZL,Universities
412,Universitat Potsdam,DEU,Universities
413,Georgia Institute of Technology *,USA,Universities
414,"University of Massachusetts, Boston",USA,Universities
415,Laval University,CAN,Universities
416,"University of Hawaii, Manoa *",USA,Universities
417,"University of Alabama, Tuscaloosa",USA,Universities
418,Sheffield Hallam University,GBR,Universities
419,International Institute for Applied Systems Analysis,AUT,Government
420,Orebro Universitet,SWE,Universities
420,Jahangirnagar University,BGD,Universities
422,Ecole Normale Superieure de Paris *,FRA,Universities
423,Roskilde University,DNK,Universities
424,University of Lincoln,GBR,Universities
425,Hong Kong Baptist University,HKG,Universities
426,Johns Hopkins Medicine,USA,Health
427,Veterans Affairs Medical Centers *,USA,Health
428,Drexel University,USA,Universities
429,Technische Universitat Munchen *,DEU,Universities
430,Fundacao Getulio Vargas *,BRA,Universities
431,Sumy State University,UKR,Universities
432,Imperial College London,GBR,Universities
433,Scuola Normale Superiore Pisa *,ITA,Universities
434,Massey University,NZL,Universities
435,Universidade Federal do Rio de Janeiro *,BRA,Universities
436,Indiana University-Purdue University Indianapolis,USA,Universities
437,Montpellier Business School,FRA,Universities
438,Westfalische Wilhelms-Universitat Munster *,DEU,Universities
439,Universitat Salzburg,AUT,Universities
440,Universite de Nantes *,FRA,Universities
441,Keele University,GBR,Universities
442,University of Louisville *,USA,Universities
443,Institute of Sociology Russian Academy of Sciences,RUS,Government
444,University of Chinese Academy of Sciences,CHN,Universities
445,Hong Kong Institute of Education,HKG,Universities
446,Universidad Nacional de Educacion a Distancia *,ESP,Universities
447,"University of Missouri, Columbia *",USA,Universities
448,Universidad de Zaragoza *,ESP,Universities
449,"City University of New York, John Jay College of Criminal Justice",USA,Universities
450,Texas Tech University,USA,Universities
451,Royal Netherlands Academy of Arts and Sciences *,NLD,Government
452,De Montfort University,GBR,Universities
453,University of KwaZulu-Natal *,ZAF,Universities
454,Universitat Basel,CHE,Universities
455,University of Malaya *,MYS,Universities
456,Polish Academy of Sciences *,POL,Government
457,Australian Catholic University,AUS,Universities
458,Universite du Quebec en Montreal,CAN,Universities
459,Jawaharlal Nehru University,IND,Universities
460,University of Eastern Finland,FIN,Universities
461,Concordia University,CAN,Universities
462,China University of Geosciences,CHN,Universities
463,University of New Mexico *,USA,Universities
464,Helmholtz Gemeinschaft *,DEU,Government
465,Universidad del Pais Vasco *,ESP,Universities
466,"University of Texas, Dallas",USA,Universities
467,University of Rochester *,USA,Universities
468,Friedrich-Schiller-Universitat Jena *,DEU,Universities
469,Corvinus University of Budapest,HUN,Universities
470,University of Limerick,IRL,Universities
471,"Oklahoma State University, Stillwater *",USA,Universities
472,Eberhard-Karls-Universitat Tubingen,DEU,Universities
473,Central South University *,CHN,Universities
474,Centre for Addiction and Mental Health,CAN,Health
475,Xi'an Jiaotong University *,CHN,Universities
476,National Taiwan University,TWN,Universities
477,Universidad Rey Juan Carlos *,ESP,Universities
478,"Saint Louis University, Saint Louis *",USA,Universities
478,Swinburne University of Technology *,AUS,Universities
480,The Russian Presidential Academy of National Economy and Public Administration,RUS,Universities
481,Universidad Anahuac,MEX,Universities
481,San Diego State University,USA,Universities
483,Glasgow Caledonian University,GBR,Universities
484,Peter the Great St Petersburg Polytechnic University,RUS,Universities
485,Universidad Carlos III de Madrid *,ESP,Universities
486,Lee Kuan Yew School of Public Policy,SGP,Universities
487,Loyola University of Chicago *,USA,Universities
488,University of Western Sydney,AUS,Universities
489,"National University of Ireland, Galway",IRL,Universities
490,"ParisTech, Institut des Sciences et Technologies de Paris - PRES *",FRA,Government
491,University of Michigan Health System,USA,Health
492,Ural Federal University,RUS,Universities
493,Eindhoven University of Technology,NLD,Universities
494,Centro de Investigacion y Docencia Economicas,MEX,Government
495,Bowling Green State University,USA,Universities
496,Yale University Health & Medicine,USA,Health
497,Moscow State Institute of International Relations,RUS,Universities
498,University of New Hampshire,USA,Universities
499,Stanford Medicine,USA,Health
500,Otto-Friedrich-Universitat Bamberg,DEU,Universities
501,Universitat St Gallen,CHE,Universities
502,"Universite Pantheon Sorbonne, Paris1 *",FRA,Universities
503,Eotvos Lorand University,HUN,Universities
504,"University of California, Santa Cruz",USA,Universities
505,Universidad Nacional de Colombia *,COL,Universities
506,Auburn University,USA,Universities
507,"University of Texas, San Antonio",USA,Universities
508,University of Agder,NOR,Universities
509,University of the West of England,GBR,Universities
510,"University of Science, Malaysia *",MYS,Universities
511,James Hutton Institute,GBR,Non-Profit
512,Fordham University,USA,Universities
513,Universite du Luxembourg,LUX,Universities
514,Institut Zur Zukunft der Arbeit,DEU,Non-Profit
515,University of Ulster,GBR,Universities
516,Oxford Brookes University,GBR,Universities
517,Singapore Management University,SGP,Universities
518,Case Western Reserve University,USA,Universities
519,The University of Hull,GBR,Universities
520,Clemson University,USA,Universities
521,Middlesex University *,GBR,Universities
522,University of Stavanger,NOR,Universities
523,Universite de Liege,BEL,Universities
524,University College Cork *,IRL,Universities
525,University of Brighton *,GBR,Universities
525,Marquette University,USA,Universities
527,The University of Salford,GBR,Universities
528,RAND Corp,USA,Non-Profit
529,University of Westminster,GBR,Universities
530,"New York University, Abu Dhabi",ARE,Universities
530,Universita degli Studi di Napoli Federico II,ITA,Universities
530,Aristotle University of Thessaloniki,GRC,Universities
533,"University of Texas, Arlington",USA,Universities
534,Medical Research Council,GBR,Health
535,Royal Institute of Technology,SWE,Universities
536,"City University of New York, Hunter College",USA,Universities
537,Bucharest Academy of Economic Studies,ROU,Universities
538,University of Greenwich,GBR,Universities
539,Universite de Neuchatel,CHE,Universities
540,Harbin Institute of Technology,CHN,Universities
541,Boise State University,USA,Universities
542,Abo Academy University,FIN,Universities
543,Universitat Duisburg Essen *,DEU,Universities
544,Shandong University *,CHN,Universities
545,Plymouth University,GBR,Universities
545,Dongbei University of Finance and Economics,CHN,Universities
547,Bournemouth University,GBR,Universities
548,Harvard Medical School,USA,Universities
549,"University of Missouri, Saint Louis",USA,Universities
550,Justus-Liebig-Universitat Giessen *,DEU,Universities
551,Tomas Bata University in Zlin,CZE,Universities
552,"National University of Ireland, Maynooth",IRL,Universities
553,Universidad de Malaga *,ESP,Universities
554,Aston University,GBR,Universities
555,University of Saskatchewan,CAN,Universities
556,Universidade Federal de Minas Gerais,BRA,Universities
557,Chongqing University,CHN,Universities
558,"Institut National de Recherche pour l'Agriculture, l'Alimentation et l'Environnement *",FRA,Government
559,Universidad de Salamanca *,ESP,Universities
559,Universidade do Minho,PRT,Universities
561,University of Mississippi *,USA,Universities
562,Wilfrid Laurier University,CAN,Universities
563,Kazan Federal University,RUS,Universities
564,Liverpool John Moores University,GBR,Universities
565,Universidade Nova de Lisboa *,PRT,Universities
566,University of Memphis,USA,Universities
567,Bogor Agricultural University,IDN,Universities
567,International Maize and Wheat Improvement Center,MUL,Non-Profit
569,Jiangsu University *,CHN,Universities
570,Birmingham City University,GBR,Universities
571,Christian-Albrechts-Universitat zu Kiel,DEU,Universities
572,Hungarian Academy of Sciences *,HUN,Government
573,Miami University of Ohio,USA,Universities
574,Kansas State University,USA,Universities
575,UNU Maastricht Economic and Social Research Institute on Innovation and Technology,NLD,Non-Profit
576,National Institute for Environmental Studies,JPN,Government
577,University of Central Lancashire,GBR,Universities
578,Deutsches Institut fur Wirtschaftsforschung,DEU,Government
579,Vilnius Gediminas Technical University,LTU,Universities
580,Ormat Technologies Inc *,MUL,Companies
580,"Ormat Technologies, United States",USA,Companies
582,Universidade Federal do Rio Grande do Sul,BRA,Universities
582,Columbia University Irving Medical Center,USA,Health
584,University of Waikato,NZL,Universities
585,University of Ghana,GHA,Universities
586,Universidade Federal de Santa Catarina *,BRA,Universities
587,University of Dundee,GBR,Universities
588,Ton Duc Thang University,VNM,Universities
589,"University of Nebraska, Omaha",USA,Universities
590,Institut de Hautes Etudes Internationales et du Developpement,CHE,Universities
591,University of Gloucestershire,GBR,Universities
592,University of Zilina,SVK,Universities
593,Southwestern University of Finance and Economics,CHN,Universities
593,Boston University Medical Campus ,USA,Health
593,University of the Western Cape,ZAF,Universities
596,University of Economics Ho Chi Minh City,VNM,Universities
596,Monash University Malaysia,MYS,Universities
598,University of Canterbury,NZL,Universities
599,"University of Wisconsin, Milwaukee",USA,Universities
599,Sungkyunkwan University,KOR,Universities
601,Koc University,TUR,Universities
602,Technische Universitat Berlin,DEU,Universities
603,The New School,USA,Universities
604,University of East London,GBR,Universities
605,Northwestern Medicine,USA,Health
606,Otto-von-Guericke-Universitat Magdeburg *,DEU,Universities
607,Universitat Osnabruck,DEU,Universities
608,Clark University,USA,Universities
609,University of Nebraska Medical Center,USA,Universities
610,Universita degli Studi Ca Foscari di Venezia,ITA,Universities
611,Academy of Sciences of the Czech Republic *,CZE,Government
612,Universitat Koblenz-Landau,DEU,Universities
612,Baylor University,USA,Universities
614,James Cook University *,AUS,Universities
615,University of Tartu,EST,Universities
615,Auckland University of Technology,NZL,Universities
617,University Medical Center Groningen,NLD,Health
618,University of Belgrade,SRB,Universities
619,University of Nevada-Las Vegas,USA,Universities
620,Memorial University of Newfoundland,CAN,Universities
621,Beijing University of Technology,CHN,Universities
622,Kent State University,USA,Universities
623,Johannes Gutenberg-Universitat Mainz *,DEU,Universities
624,University of Tromso - The Arctic University of Norway,NOR,Universities
625,University of Derby,GBR,Universities
625,University of Macau,MAC,Universities
627,Karlsruher Institut fur Technologie,DEU,Universities
628,Universidade da Coruna,ESP,Universities
629,University of Bucharest,ROU,Universities
630,Kyoto University *,JPN,Universities
631,Canterbury Christ Church University,GBR,Universities
632,Universidad de Huelva *,ESP,Universities
633,Universite PSL *,FRA,Universities
634,Universidad de Oviedo *,ESP,Universities
635,Natural Resources Institute Finland,FIN,Government
636,BI Norwegian Business School,NOR,Universities
637,Universidade Federal do Parana,BRA,Universities
638,Deustuko Unibertsitatea *,ESP,Universities
639,State University of New York at Binghamton,USA,Universities
640,Ruhr-Universitat Bochum *,DEU,Universities
641,Mykolo Romerio Universitetas,LTU,Universities
642,Universidad Politecnica de Madrid *,ESP,Universities
643,University of Lodz,POL,Universities
644,Friedrich-Alexander-Universitat Erlangen-Nurnberg *,DEU,Universities
645,Universitat Ramon Llull *,ESP,Universities
646,Johannes Kepler Universitat Linz,AUT,Universities
647,Anglia Ruskin University,GBR,Universities
648,Brock University,CAN,Universities
649,BeiHang University *,CHN,Universities
650,Korea University *,KOR,Universities
651,Xiamen University *,CHN,Universities
652,International Livestock Research Institute,MUL,Non-Profit
653,University of the Free State,ZAF,Universities
654,Jagiellonian University,POL,Universities
655,Universidad de Castilla-La Mancha *,ESP,Universities
656,Northern Illinois University,USA,Universities
657,Aix-Marseille Universite *,FRA,Universities
658,Cracow University of Economics,POL,Universities
659,Universita Cattolica del Sacro Cuore,ITA,Universities
660,Aalto University,FIN,Universities
661,King Saud University *,SAU,Universities
662,Universidade de Santiago de Compostela *,ESP,Universities
663,Aberystwyth University,GBR,Universities
664,UC Davis Health System,USA,Health
665,Technische Universitat Dresden,DEU,Universities
666,Politecnico di Milano,ITA,Universities
667,"University of North Carolina, Greensboro",USA,Universities
668,Edge Hill University,GBR,Universities
669,Babes-Bolyai University,ROU,Universities
669,Peoples'Friendship University of Russia,RUS,Universities
671,University of Hertfordshire,GBR,Universities
672,Karolinska Institute,SWE,Universities
673,Universite de Paris Cite *,FRA,Universities
674,Universidad de Murcia *,ESP,Universities
675,Malmo University,SWE,Universities
676,Karl Franzens Universitat Graz *,AUT,Universities
677,Tallinn University of Technology,EST,Universities
678,University of Oulu,FIN,Universities
679,James Madison University,USA,Universities
680,DePaul University,USA,Universities
681,Bilkent University,TUR,Universities
682,Heriot-Watt University *,MUL,Universities
683,Appalachian State University,USA,Universities
684,East Tennessee State University,USA,Universities
685,Mayo Clinic *,USA,Health
686,University of Social Sciences and Humanities,POL,Universities
687,Lingnan University,HKG,Universities
688,Universitat d'Alacant *,ESP,Universities
689,Universitat de Girona *,ESP,Universities
690,"University of Colorado, Colorado Springs",USA,Universities
691,Universitat Hohenheim,DEU,Universities
692,"Heriot-Watt University, United Kingdom",GBR,Universities
693,Universitat Rovira i Virgili *,ESP,Universities
694,"University of Texas, El Paso",USA,Universities
695,Tianjin University *,CHN,Universities
696,San Francisco State University,USA,Universities
697,Beijing Forestry University,CHN,Universities
698,Universita degli Studi di Pisa,ITA,Universities
699,University of Delhi *,IND,Universities
700,Universita degli Studi di Salerno,ITA,Universities
701,Silesian University of Technology,POL,Universities
702,Universitat Oberta de Catalunya,ESP,Universities
703,Universite Paris Nanterre *,FRA,Universities
704,CESifo Group,DEU,Non-Profit
705,Jacobs University Bremen *,DEU,Universities
706,Sam Houston State University,USA,Universities
707,Aegean University,GRC,Universities
707,Universitat Jaume I *,ESP,Universities
709,Murdoch University,AUS,Universities
710,Loyola Marymount University,USA,Universities
711,"California State University, Long Beach",USA,Universities
712,Old Dominion University,USA,Universities
713,University of Wyoming,USA,Universities
714,Universidad de Valladolid *,ESP,Universities
715,University of Bradford,GBR,Universities
716,"Wesleyan University, Middletown",USA,Universities
717,University of the West of Scotland,GBR,Universities
718,Academisch Medisch Centrum,NLD,Health
719,"Texas State University, San Marcos",USA,Universities
720,United Nations International Children's Emergency Fund *,MUL,Non-Profit
721,University of Nevada-Reno,USA,Universities
722,Instituto de Salud Carlos III *,ESP,Health
723,Sodertorn University,SWE,Universities
724,Financial University Under the Government of the Russian Federation,RUS,Universities
725,Universidad de Cordoba *,ESP,Universities
726,Universitat Kassel,DEU,Universities
727,The Hong Kong University of Science and Technology,HKG,Universities
727,University of Vermont,USA,Universities
729,Universidad de Almeria *,ESP,Universities
730,Waseda University,JPN,Universities
731,Sorbonne Universite *,FRA,Universities
732,Kingston University,GBR,Universities
733,Centro de Ciencias Humanas y Sociales CS,ESP,Government
734,Interdisciplinary Center Herzliya,ISR,Universities
735,RTI Health Solutions,USA,Companies
736,University of Nottingham China Campus,CHN,Universities
737,Middlebury College,USA,Universities
738,Central University of Finance and Economics,CHN,Universities
739,University of Connecticut Health Center,USA,Universities
740,Universidad de Cantabria *,ESP,Universities
741,"University of Maryland, Baltimore County",USA,Universities
742,Universidade da Beira Interior,PRT,Universities
743,Brigham and Women's Hospital,USA,Health
744,Shanghai University of Finance and Economics,CHN,Universities
745,University of Southern Queensland,AUS,Universities
746,University of Wroclaw,POL,Universities
747,Colby College,USA,Universities
748,Linnaeus University,SWE,Universities
749,The University of Northampton,GBR,Universities
750,Wellesley College,USA,Universities
751,Libera Universita Internazionale degli Studi Sociali Guido Carli,ITA,Universities
752,Universidad Pablo de Olavide *,ESP,Universities
753,Pusan National University,KOR,Universities
754,Hanyang University *,KOR,Universities
755,Florida Atlantic University,USA,Universities
756,Philipps-Universitat Marburg *,DEU,Universities
757,Gottfried Wilhelm Leibniz Universitat Hannover,DEU,Universities
758,Western New England University,USA,Universities
759,Universitat Luzern,CHE,Universities
760,Barnard College,USA,Universities
761,University of Economics and Business,CZE,Universities
762,Universidade Federal da Bahia,BRA,Universities
763,Consiglio Nazionale delle Ricerche *,ITA,Government
764,Victoria University,AUS,Universities
765,Universitat Politecnica de Valencia *,ESP,Universities
766,Comenius University in Bratislava,SVK,Universities
767,Nankai University *,CHN,Universities
768,Vilnius University,LTU,Universities
769,Mid Sweden University,SWE,Universities
769,University of Texas Medical Branch ,USA,Universities
771,Teachers College of Columbia University,USA,Universities
772,University of Ibadan,NGA,Universities
773,Charles Sturt University,AUS,Universities
774,COMSATS Institute of Information Technology *,PAK,Universities
775,"California State University, Fullerton",USA,Universities
776,"University of Arkansas, Fayetteville",USA,Universities
777,Universitat Siegen,DEU,Universities
778,Universita degli Studi di Roma Tor Vergata,ITA,Universities
779,Nord University,NOR,Universities
779,Molde University College,NOR,Universities
781,Southern Cross University,AUS,Universities
782,Palacky University,CZE,Universities
783,Syarif Hidayatullah State Islamic University Jakarta,IDN,Universities
784,Ohio University,USA,Universities
785,Universidad Diego Portales,CHL,Universities
786,Nanjing University of Science and Technology,CHN,Universities
787,University of Lagos,NGA,Universities
788,Staffordshire University,GBR,Universities
789,Karlstad University,SWE,Universities
790,Universita degli Studi Roma Tre,ITA,Universities
790,Kwame Nkrumah University of Science and Technology,GHA,Universities
792,Airlangga university,IDN,Universities
793,Chapman University,USA,Universities
794,Universidad de Navarra *,ESP,Universities
795,"Indian Institute of Technology, Kharagpur",IND,Universities
796,Chung-Ang University *,KOR,Universities
797,University of Jordan,JOR,Universities
798,Centre de Cooperation Internationale en Recherche Agronomique pour le Developpement *,FRA,Government
799,Illinois State University,USA,Universities
800,Universite de Bordeaux *,FRA,Universities
801,Northern University of Malaysia,MYS,Universities
802,Universidad del Rosario *,COL,Universities
803,University of Vaasa,FIN,Universities
804,Taras Shevchenko National University of Kyiv,UKR,Universities
804,Universidad Adolfo Ibanez,CHL,Universities
806,Universita degli Studi di Genova,ITA,Universities
807,University of Windsor,CAN,Universities
807,China Agricultural University,CHN,Universities
809,Montclair State University,USA,Universities
810,Universidad de Extremadura *,ESP,Universities
811,Universidad Catolica del Norte,CHL,Universities
811,Grand Valley State University,USA,Universities
813,"University of Massachusetts, Lowell",USA,Universities
813,University of Indonesia,IDN,Universities
815,Universitat Politecnica de Catalunya *,ESP,Universities
816,Ewha Womans University *,KOR,Universities
816,Guangzhou University,CHN,Universities
818,Pontificia Universidad Catolica del Peru,PER,Universities
819,Roehampton University *,GBR,Universities
820,"California State University, Northridge",USA,Universities
821,Medical University of South Carolina *,USA,Universities
822,Universita degli Studi di Napoli Parthenope,ITA,Universities
823,Claremont Graduate University,USA,Universities
824,"Vietnam National University, Hanoi",VNM,Universities
825,Universidade Federal Fluminense,BRA,Universities
826,"Southern Illinois University, Carbondale *",USA,Universities
827,"City University of New York, Queens College",USA,Universities
828,El Colegio de Mexico,MEX,Universities
829,National Taiwan Normal University,TWN,Universities
830,Martin-Luther-Universitat Halle-Wittenberg *,DEU,Universities
831,"University of Tennessee, Chattanooga",USA,Universities
832,Heinrich Heine Universitat Dusseldorf  *,DEU,Universities
833,College of William and Mary,USA,Universities
834,International Islamic University Malaysia,MYS,Universities
834,Technische Universitat Kaiserslautern,DEU,Universities
836,Romanian Academy *,ROU,Government
837,Santa Clara University,USA,Universities
838,National Bureau of Economic Research,USA,Non-Profit
839,University of San Francisco,USA,Universities
840,University of Tsukuba *,JPN,Universities
840,Ball State University,USA,Universities
842,Universitat Augsburg,DEU,Universities
843,Universitat Erfurt,DEU,Universities
844,Universidad de la Republica *,URY,Universities
845,Scuola Superiore S. Anna di Studi Universitari e di Perfezionamento *,ITA,Universities
846,"University of New England, Australia",AUS,Universities
847,Facultad Latinoamericana de Ciencias Sociales *,MUL,Universities
848,East Carolina University,USA,Universities
849,Fonds de la Recherche Scientifique,BEL,Government
850,Rheinisch-Westfalische Technische Hochschule Aachen,DEU,Universities
851,Czech University of Life Sciences Prague,CZE,Universities
852,Central Michigan University,USA,Universities
853,Lehigh University,USA,Universities
854,University of Nigeria,NGA,Universities
855,Hiroshima University *,JPN,Universities
856,Universite du Quebec en Trois-Rivieres,CAN,Universities
857,Universidade do Estado do Rio de Janeiro *,BRA,Universities
857,North Dakota State University,USA,Universities
857,Universita degli Studi di Cagliari,ITA,Universities
860,Generalitat de Catalunya Barcelona *,ESP,Government
861,University of Malta,MLT,Universities
862,Edinburgh Napier University,GBR,Universities
863,University of Gavle,SWE,Universities
864,Ostfold University College,NOR,Universities
865,Edith Cowan University,AUS,Universities
866,Universita degli Studi di Siena,ITA,Universities
867,FernUniversitat in Hagen,DEU,Universities
868,Texas Christian University,USA,Universities
869,Luxembourg Institute of Socio-Economic Research,LUX,Government
870,Open University Netherlands,NLD,Universities
871,University of Gdansk,POL,Universities
872,Universidad de Talca *,CHL,Universities
873,Qatar University,QAT,Universities
874,Universidad de Alcala *,ESP,Universities
875,Universidade de Aveiro,PRT,Universities
875,Slovak Academy of Sciences *,SVK,Government
877,"University of Technology, Malaysia",MYS,Universities
878,Tomsk State University,RUS,Universities
879,Democritus University Of Thrace,GRC,Universities
880,University of South-Eastern Norway,NOR,Universities
880,Lulea University of Technology,SWE,Universities
882,Plekhanov Russian University of Economics,RUS,Universities
883,Helmut Schmidt Universitat - Universitat der Bundeswehr Hamburg,DEU,Universities
884,Villanova University,USA,Universities
885,Universitat Klagenfurt,AUT,Universities
886,Jinan University *,CHN,Universities
887,National Institute for Health and Welfare,FIN,Health
888,Universite de Strasbourg *,FRA,Universities
889,Ecole d'Economie de Paris,FRA,Government
890,Universite Vincennes-Saint-Denis - Paris 8 *,FRA,Universities
891,Universita degli Studi di Modena e Reggio Emilia,ITA,Universities
892,Kyushu University *,JPN,Universities
893,Max Planck Institut fur Bildungsforschung,DEU,Government
894,Mahidol University *,THA,Universities
895,Southern Methodist University,USA,Universities
896,Institut National de la Sante et de la Recherche Medicale *,FRA,Health
897,National Academy of Sciences of Ukraine *,UKR,Government
897,National University of Malaysia *,MYS,Universities
899,University of Bedfordshire,GBR,Universities
900,Sherbrooke University,CAN,Universities
901,Universitat de Lleida,ESP,Universities
902,University of Szeged,HUN,Universities
902,Instituto Tecnologico y de Estudios Superiores de Monterrey,MEX,Universities
904,East China University of Science and Technology,CHN,Universities
905,Poznan University of Economics and Business ,POL,Universities
906,Universita degli Studi della Campania Luigi Vanvitelli,ITA,Universities
907,Brawijaya University,IDN,Universities
908,Covenant University,NGA,Universities
908,Fund for Scientific Research Flanders,BEL,Government
910,Tallinn University,EST,Universities
911,"Lincoln University, Lincoln",NZL,Universities
912,American University of Beirut *,LBN,Universities
913,Zhejiang Gongshang University,CHN,Universities
914,Al-Farabi Kazakh National University,KAZ,Universities
915,Zurich University of Applied Sciences,CHE,Universities
916,Ariel University *,ISR,Universities
916,National Chengchi University,TWN,Universities
918,University of Wolverhampton,GBR,Universities
918,University of Iceland,ISL,Universities
920,Tohoku University *,JPN,Universities
921,Adam Mickiewicz University,POL,Universities
922,"Baruch College, City University of New York",USA,Universities
923,Shenzhen University,CHN,Universities
923,Skidmore College,USA,Universities
925,University of Cyprus,CYP,Universities
926,Helmholtz Zentrum fur Umweltforschung,DEU,Government
927,Occidental College,USA,Universities
927,Alexandru Ioan Cuza University,ROU,Universities
927,UCLA Health System,USA,Health
930,University Putra Malaysia,MYS,Universities
931,Universite de Fribourg,CHE,Universities
932,Universite Lumiere Lyon 2 *,FRA,Universities
933,Vytautas Magnus University,LTU,Universities
933,University of Namur,BEL,Universities
935,University of North Dakota,USA,Universities
935,University of Tehran,IRN,Universities
937,Technische Universitat Braunschweig,DEU,Universities
938,Politecnico di Torino *,ITA,Universities
938,Osterreichische Akademie der Wissenschaften *,AUT,Government
940,University of Crete,GRC,Universities
941,University of the Philippines Diliman *,PHL,Universities
941,Shanghai University,CHN,Universities
943,Radboud University Nijmegen Medical Centre,NLD,Health
944,Williams College,USA,Universities
944,Duke Medicine,USA,Health
944,Western Michigan University,USA,Universities
947,Universidade Federal de Sao Carlos,BRA,Universities
948,Lviv Polytechnic National University,UKR,Universities
949,"Shaanxi Normal University, Xi'an",CHN,Universities
950,"University of Colorado, Anschutz Medical Campus",USA,Universities
951,Universidad de La Laguna,ESP,Universities
951,"Vietnam National University, Ho Chi Minh City",VNM,Universities
953,University of the Sunshine Coast,AUS,Universities
954,Academia Sinica *,TWN,Government
955,"University of Texas, Health Science Center at Houston",USA,Universities
956,De La Salle University,PHL,Universities
957,University of Teesside,GBR,Universities
957,Technische Universitat Dortmund *,DEU,Universities
959,University of Management and Technology,PAK,Universities
960,Osaka University *,JPN,Universities
961,Murdoch Children's Research Institute,AUS,Health
962,Kennesaw State University,USA,Universities
963,Taylors University,MYS,Universities
964,Nicolaus Copernicus University,POL,Universities
965,Nazarbayev University,KAZ,Universities
966,"New York University, Shanghai",CHN,Universities
966,"Universidad Nacional de San Martin, Argentina *",ARG,Universities
968,Pontificia Universidad Javeriana *,COL,Universities
968,Technische Universitat Darmstadt,DEU,Universities
970,Towson University,USA,Universities
971,Universite Savoie Mont Blanc *,FRA,Universities
972,Ateneo de Manila University,PHL,Universities
973,Universidad de Jaen *,ESP,Universities
973,Universidad EAFIT,COL,Universities
975,University of Information Technology and Management in Rzeszow,POL,Universities
976,University of Tampa,USA,Universities
977,Universidad de Antioquia *,COL,Universities
978,York St John University,GBR,Universities
979,Volgograd State University,RUS,Universities
980,"University of Maine, Orono",USA,Universities
980,University of Winchester,GBR,Universities
982,Jonkoping University,SWE,Universities
983,Univerzita Mateja Bela v Banskej Bystrici,SVK,Universities
984,BRAC University,BGD,Universities
985,Western Washington University,USA,Universities
986,Landmark University,NGA,Universities
987,Warsaw University of Life Sciences,POL,Universities
988,University of Dhaka,BGD,Universities
989,"University of Connecticut, Greater Hartford",USA,Universities
990,"United Nations International Children's Emergency Fund, United States",USA,Non-Profit
991,University of Rochester Medical Center,USA,Health
992,Kaunas University of Technology ,LTU,Universities
993,"University of North Carolina, Wilmington",USA,Universities
994,Universidad Autonoma Metropolitana,MEX,Universities
994,New Mexico State University,USA,Universities
996,"University of the West Indies, Mona Campus *",JAM,Universities
996,University of Pittsburgh Health Sciences,USA,Universities
998,"Indian Institute of Technology, Delhi",IND,Universities
999,Wake Forest University Baptist Medical Center,USA,Health
1000,University of Idaho,USA,Universities
1001,Universita degli Studi di Pavia,ITA,Universities
1001,The University of Winnipeg,CAN,Universities
1003,Universitat Bayreuth,DEU,Universities
1004,Max Planck Institut fur Evolutionare Anthropologie,DEU,Government
1005,Lakehead University,CAN,Universities
1006,University of Toledo *,USA,Universities
1006,Universitat de les Illes Balears *,ESP,Universities
1008,Universidad Nacional de La Plata *,ARG,Universities
1009,Cleveland State University,USA,Universities
1010,Rhodes University,ZAF,Universities
1011,Davidson College,USA,Universities
1012,University of Chester,GBR,Universities
1012,Chinese Academy of Social Sciences,CHN,Government
1012,Idaho State University,USA,Universities
1015,Universidad Nacional de Cordoba *,ARG,Universities
1016,Trent University,CAN,Universities
1017,Universite Paris-Est Creteil *,FRA,Universities
1017,"California State University, Sacramento",USA,Universities
1019,Institut d'Investigacio Biomedica de Bellvitge,ESP,Health
1020,University of South Bohemia,CZE,Universities
1021,Universite Paris-Nord 13 *,FRA,Universities
1022,Southern Federal University,RUS,Universities
1023,"Universidad de Leon, Spain *",ESP,Universities
1024,Gran Sasso Science Institute,ITA,Universities
1025,Hankuk University of Foreign Studies,KOR,Universities
1026,Immanuel Kant Baltic Federal University,RUS,Universities
1027,John Paul II Catholic University of Lublin,POL,Universities
1028,Universita degli Studi di Trieste,ITA,Universities
1029,Szechenyi Istvan University,HUN,Universities
1029,Northern Arizona University,USA,Universities
1031,Russian State University for the Humanities,RUS,Universities
1032,Rowan University,USA,Universities
1033,Dalarna University College,SWE,Universities
1034,University of New Brunswick,CAN,Universities
1035,Universitatea Lucian Blaga din Sibiu,ROU,Universities
1036,Universidade Federal de Sao Paulo *,BRA,Universities
1036,Southwest State University,RUS,Universities
1038,Universidade Federal de Pernambuco,BRA,Universities
1039,Universidad de Santiago de Chile,CHL,Universities
1040,Children's Hospital Boston  *,USA,Health
1041,Escola de Administracao de Empresas de Sao Paulo da Fundacao Getulio Vargas,BRA,Universities
1041,U.S. Army *,USA,Government
1043,Anima Holding SA *,BRA,Companies
1044,Universidad de Costa Rica,CRI,Universities
1045,Nanjing Normal University,CHN,Universities
1046,Universita degli Studi di Ferrara,ITA,Universities
1047,Panteion University of Social and Political Sciences,GRC,Universities
1047,VSB-Technical University of Ostrava,CZE,Universities
1049,Cape Peninsula University of Technology,ZAF,Universities
1050,University for Development Studies,GHA,Universities
1051,Universidad Catolica de Temuco,CHL,Universities
1052,Universita degli Studi di Verona,ITA,Universities
1053,"University of Montana, Missoula",USA,Universities
1053,Universidade Federal do ABC,BRA,Universities
1055,National Yang Ming Chiao Tung University,TWN,Universities
1056,Universita del Salento,ITA,Universities
1057,Huazhong Normal University,CHN,Universities
1058,Christopher Newport University,USA,Universities
1058,Universidad de Cadiz *,ESP,Universities
1060,West University of Timisoara,ROU,Universities
1061,"Universidad Andres Bello, Chile",CHL,Universities
1062,"University of the Punjab, Lahore",PAK,Universities
1063,Akdeniz University,TUR,Universities
1064,University of Northern Colorado *,USA,Universities
1065,Universidad del Desarrollo,CHL,Universities
1065,Rush University *,USA,Universities
1067,Universita della Calabria,ITA,Universities
1067,University of Miami Health System,USA,Health
1067,Malardalen University College,SWE,Universities
1070,West Ukrainian National University,UKR,Universities
1071,Diponegoro University,IDN,Universities
1071,University of International Business and Economics,CHN,Universities
1073,Amherst College,USA,Universities
1074,Charles Darwin University *,AUS,Universities
1075,Universita degli Studi di Parma,ITA,Universities
1076,Chulalongkorn University,THA,Universities
1077,Imam Abdulrahman Bin Faisal University *,SAU,Universities
1078,Kozminski University,POL,Universities
1078,Sabanci University,TUR,Universities
1080,Lahore University of Management Sciences,PAK,Universities
1081,Institut Universitaire de France,FRA,Government
1082,Hospital Universitari de Bellvitge,ESP,Health
1083,Free University of Bozen,ITA,Universities
1084,"IE Universidad, Madrid",ESP,Universities
1084,"IE Universidad, Segovia *",ESP,Universities
1086,Universidade de Vigo *,ESP,Universities
1086,"Universidad Iberoamericana, Mexico",MEX,Universities
1088,Rush University Medical Center,USA,Health
1089,Sunway University,MYS,Universities
1090,Xi'an Jiaotong-Liverpool University,CHN,Universities
1090,Carl von Ossietzky Universitat Oldenburg,DEU,Universities
1092,Ernst-Moritz-Arndt-Universitat Greifswald *,DEU,Universities
1093,University of Applied Sciences and Arts Western Switzerland *,CHE,Universities
1094,"Universite Capitole, Toulouse I *",FRA,Universities
1095,University of Rijeka,HRV,Universities
1096,Montreal School of Higher Commercial Studies,CAN,Universities
1096,University of Richmond,USA,Universities
1098,Yeshiva University,USA,Universities
1099,Universidad Alberto Hurtado,CHL,Universities
1100,"California State University, Los Angeles",USA,Universities
1101,Universita degli Studi di Palermo,ITA,Universities
1101,University of Pecs,HUN,Universities
1101,Centro de Investigacion Biomedica en Red Fisiopatologia de la Obesidad y Nutricion,ESP,Health
1104,"Texas A&M University, Corpus Christi",USA,Universities
1105,University of Novi Sad,SRB,Universities
1106,Universitas Negeri Sebelas Maret,IDN,Universities
1106,Southwest University *,CHN,Universities
1108,North Carolina A&T State University,USA,Universities
1109,Pontificia Universidade Catolica do Rio Grande do Sul,BRA,Universities
1110,University of Athens,GRC,Universities
1111,Universite de Sousse,TUN,Universities
1112,Hofstra University *,USA,Universities
1113,Korea Advanced Institute of Science and Technology *,KOR,Universities
1113,Universidad Autonoma de Chile,CHL,Universities
1115,Colgate University,USA,Universities
1116,Universidad de Guadalajara,MEX,Universities
1117,"California State University, San Bernardino",USA,Universities
1117,University of Rhode Island,USA,Universities
1119,Peking University Health Science Center,CHN,Universities
1120,Stockholm School of Economics,SWE,Universities
1121,Manipal Global Education Group *,MUL,Companies
1122,Makerere University *,UGA,Universities
1122,Oakland University,USA,Universities
1124,University of Economics in Bratislava,SVK,Universities
1125,Bryn Mawr College,USA,Universities
1126,Universidad de Puerto Rico *,PRI,Universities
1126,Hamilton College,USA,Universities
1128,University of Nairobi,KEN,Universities
1128,Keio University *,JPN,Universities
1130,Universita degli Studi di Bari,ITA,Universities
1131,Naval Postgraduate School,USA,Universities
1132,University of South Dakota,USA,Universities
1133,Lafayette College,USA,Universities
1134,University of South Wales,GBR,Universities
1135,Universidad Antonio de Nebrija,ESP,Universities
1136,University of West Bohemia,CZE,Universities
1137,University of Silesia in Katowice,POL,Universities
1138,N.I. Lobachevsky State University of Nizhni Novgorod *,RUS,Universities
1139,Universidad Publica de Navarra *,ESP,Universities
1140,Human Sciences Research Council of South Africa,ZAF,Government
1141,Smith College,USA,Universities
1142,University of Zadar,HRV,Universities
1143,"California State University, Fresno",USA,Universities
1144,Universita degli Studi di Foggia,ITA,Universities
1145,Manipal University,IND,Universities
1146,College of Charleston,USA,Universities
1147,Universidad ICESI,COL,Universities
1148,Kyung Hee University *,KOR,Universities
1149,University of Debrecen,HUN,Universities
1150,University of Hradec Kralove,CZE,Universities
1151,Universitat Passau,DEU,Universities
1152,Swarthmore College,USA,Universities
1153,Rochester Institute of Technology *,USA,Universities
1154,Ecole Normale Superieure de Lyon *,FRA,Universities
1155,University of Fort Hare,ZAF,Universities
1156,Universita degli Studi Gabriele d'Annunzio di Chieti e Pescara,ITA,Universities
1157,Rikkyo University,JPN,Universities
1158,Ecole Nationale Superieure des Mines de Paris,FRA,Universities
1159,U.S. Air Force,USA,Government
1159,National Cheng Kung University,TWN,Universities
1161,State University of West Georgia,USA,Universities
1162,Universiti Teknologi MARA,MYS,Universities
1163,Universidad de Concepcion *,CHL,Universities
1164,Zayed University,ARE,Universities
1165,Fairleigh Dickinson University,USA,Universities
1166,University of Southern Mississippi,USA,Universities
1167,"Indian Institute of Technology, Roorkee",IND,Universities
1168,Universidad Nacional de Rosario *,ARG,Universities
1169,Bowdoin College,USA,Universities
1170,Howard University *,USA,Universities
1170,"Indian Institute of Technology, Madras",IND,Universities
1172,Hacettepe University,TUR,Universities
1173,University of Sunderland,GBR,Universities
1174,Nagoya University *,JPN,Universities
1175,Universidad de la Costa,COL,Universities
1176,"Universidad del Valle, Colombia *",COL,Universities
1177,Zhejiang University of Finance and Economics,CHN,Universities
1177,Universita degli Studi di Perugia,ITA,Universities
1179,Universita degli Studi di Bergamo,ITA,Universities
1179,Universidad Internacional de La Rioja *,ESP,Universities
1181,L. N. Gumilov Eurasian National University,KAZ,Universities
1182,University of Macedonia,GRC,Universities
1182,North Eastern Federal University,RUS,Universities
1184,Southern Ural State University,RUS,Universities
1185,University at Texas Rio Grande Valley,USA,Universities
1186,American University of Sharjah,ARE,Universities
1187,Claremont McKenna College,USA,Universities
1188,Padjadjaran University,IDN,Universities
1189,Al-Ahliyya Amman University,JOR,Universities
1190,Georgia Southern University,USA,Universities
1191,Technische Universitat Chemnitz,DEU,Universities
1191,Open University of Israel,ISR,Universities
1193,Universidad Autonoma de Baja California,MEX,Universities
1194,Nelson Mandela Metropolitan University,ZAF,Universities
1195,Western Kentucky University,USA,Universities
1196,Universite Paris Dauphine,FRA,Universities
1197,University of Cape Coast,GHA,Universities
1198,Seton Hall University,USA,Universities
1199,Leiden University Medical Center,NLD,Health
1200,Universidade de Tras-os-Montes e Alto Douro,PRT,Universities
1201,United Arab Emirates University,ARE,Universities
1202,"AgroParisTech, Institut des Sciences et Industries du Vivant et de l'Environnement",FRA,Universities
1203,University of Latvia,LVA,Universities
1204,University of Minnesota Health and Medicine,USA,Universities
1205,King Abdulaziz University *,SAU,Universities
1206,Universite Cote d’Azur *,FRA,Universities
1207,Colorado School of Mines,USA,Universities
1208,Augusta University *,USA,Universities
1209,Universitat Ulm *,DEU,Universities
1210,Universita degli Studi di Catania,ITA,Universities
1211,Slovenian Academy of Sciences and Arts *,SVN,Government
1211,Binus University,IDN,Universities
1211,"Universidad del Norte, Barranquilla *",COL,Universities
1214,Universidad Miguel Hernandez *,ESP,Universities
1215,Instituto Presbiteriano Mackenzie *,BRA,Non-Profit
1216,Universitat Trier,DEU,Universities
1217,Universite Clermont-Auvergne,FRA,Universities
1218,Zhongnan University of Economics and Law,CHN,Universities
1219,"City University of New York, Brooklyn College",USA,Universities
1219,VID Specialized University,NOR,Universities
1221,Al Ain University,ARE,Universities
1222,Cyprus International University,CYP,Universities
1222,"University of the South Pacific, Fiji",FJI,Universities
1224,Capital University of Economics and Business,CHN,Universities
1225,University of Lethbridge,CAN,Universities
1226,Universidad Nacional de Quilmes,ARG,Universities
1227,University of Ontario Institute of Technology,CAN,Universities
1228,Kobe University *,JPN,Universities
1229,Universita degli Studi di Brescia,ITA,Universities
1230,Universidade Federal de Uberlandia,BRA,Universities
1231,National Sun Yat-sen University,TWN,Universities
1232,Universidade do Vale do Rio dos Sinos,BRA,Universities
1233,"Universidad del Pacifico, Peru",PER,Universities
1233,"School of Advanced Study, University of London",GBR,Universities
1235,Universidad Pontificia Comillas,ESP,Universities
1236,University Tunku Abdul Rahman,MYS,Universities
1237,Pontificia Universidade Catolica do Rio de Janeiro,BRA,Universities
1238,Universitat de Vic,ESP,Universities
1239,Mendel University in Brno,CZE,Universities
1240,Pontificia Universidad Catolica de Valparaiso *,CHL,Universities
1241,Universidade Federal de Santa Maria *,BRA,Universities
1242,Istanbul Bilgi University,TUR,Universities
1243,Kharazmi University,IRN,Universities
1244,"University of Michigan, Flint",USA,Universities
1245,Universidade da Cidade de Macau - City University of Macau,MAC,Universities
1246,Tribhuvan University *,NPL,Universities
1247,International Institute for Population Sciences,IND,Universities
1248,Universita degli Studi di Macerata,ITA,Universities
1249,University of West Florida,USA,Universities
1249,Universidade Federal da Paraiba,BRA,Universities
1251,University of Akron,USA,Universities
1252,University of Regina,CAN,Universities
1253,Universitas Muhammadiyah Yogyakarta,IDN,Universities
1253,Thammasat University,THA,Universities
1255,Near East University,CYP,Universities
1256,University of San Diego,USA,Universities
1257,Universite de Lyon,FRA,Universities
1258,Oregon Health & Science University *,USA,Universities
1259,Marmara University *,TUR,Universities
1260,West Chester University of Pennsylvania,USA,Universities
1261,United States Military Academy at West Point,USA,Universities
1261,Bentley University,USA,Universities
1263,Hasanuddin University,IDN,Universities
1264,"Indian Institute of Management, Ahmedabad",IND,Universities
1265,Hungarian University of Agriculture and Life Sciences,HUN,Universities
1266,Metropolitan State University,USA,Universities
1267,Warsaw School of Economics,POL,Universities
1268,University West,SWE,Universities
1269,Bucknell University,USA,Universities
1270,University of Northern British Columbia,CAN,Universities
1271,University of Primorska,SVN,Universities
1271,Furman University,USA,Universities
1273,Universitat Internacional de Catalunya ,ESP,Universities
1274,Lebanese American University *,LBN,Universities
1274,Herzen State Pedagogical University of Russia,RUS,Universities
1276,Universidade Presbiteriana Mackenzie,BRA,Universities
1277,Universite Jean Monnet *,FRA,Universities
1278,Western Carolina University,USA,Universities
1279,Universidade Federal Rural do Rio de Janeiro,BRA,Universities
1280,Universidad Austral de Chile *,CHL,Universities
1281,University of Presov in Presov,SVK,Universities
1282,"University of Malaysia, Sarawak",MYS,Universities
1283,Pedagogical University of Cracow,POL,Universities
1284,"California State University, Dominguez Hills",USA,Universities
1285,"University of Missouri, Kansas City",USA,Universities
1286,Saint Joseph's University,USA,Universities
1286,MacEwan University,CAN,Universities
1288,Universidade Federal de Ouro Preto,BRA,Universities
1289,High Point University,USA,Universities
1290,Universita degli Studi della Tuscia,ITA,Universities
1291,Universidad Catolica del Maule,CHL,Universities
1292,Universidad Externado de Colombia,COL,Universities
1293,Ankara University,TUR,Universities
1294,Quaid-i-Azam University,PAK,Universities
1295,Pontificia Universidade Catolica de Sao Paulo,BRA,Universities
1296,Pontificia Universidade Catolica do Parana,BRA,Universities
1297,Saint Mary's University,CAN,Universities
1298,Universita degli Studi di Urbino Carlo Bo,ITA,Universities
1299,Khon Kaen University,THA,Universities
1300,Ivan Franko National University of Lviv,UKR,Universities
1301,Washington and Lee University,USA,Universities
1302,National Institute of Development Administration,THA,Universities
1303,Ecole Pratique des Hautes Etudes,FRA,Universities
1304,"Universidad de los Andes, Chile",CHL,Universities
1305,City University of New York Lehman College,USA,Universities
1306,"California Polytechnic State University, San Luis Obispo",USA,Universities
1307,Eastern Michigan University,USA,Universities
1308,Huaqiao University,CHN,Universities
1309,Seattle University,USA,Universities
1309,William Paterson University,USA,Universities
1311,Federation University,AUS,Universities
1312,Universitat der Bundeswehr Munchen,DEU,Universities
1312,Saint John's University,USA,Universities
1314,Universidad Francisco de Vitoria *,ESP,Universities
1315,Universidad de la Frontera,CHL,Universities
1316,Universidad de Medellin,COL,Universities
1317,Universidad Loyola Andalucia,ESP,Universities
1318,Hitotsubashi University,JPN,Universities
1319,"University of Alaska, Anchorage",USA,Universities
1320,"Indian Institute of Technology, Kanpur",IND,Universities
1321,Universidade Federal de Sergipe,BRA,Universities
1322,Benemerita Universidad Autonoma de Puebla *,MEX,Universities
1323,University of Dayton,USA,Universities
1324,Ferdowsi University of Mashhad,IRN,Universities
1325,University of Notre Dame Australia,AUS,Universities
1326,Universidad Pontificia Bolivariana *,COL,Universities
1327,Perm State University,RUS,Universities
1328,Chernivtsi National University,UKR,Universities
1328,"Indian Institute of Technology, Bombay",IND,Universities
1330,Aligarh Muslim University,IND,Universities
1331,University of Isfahan,IRN,Universities
1332,Universidade Federal de Goias,BRA,Universities
1333,Chiang Mai University,THA,Universities
1334,"California State University, East Bay",USA,Universities
1335,Al-Balqa Applied University,JOR,Universities
1336,University of Peloponnese,GRC,Universities
1337,Prince Sultan University,SAU,Universities
1338,St. Francis Xavier University,CAN,Universities
1339,University of North Florida,USA,Universities
1340,Universite du Quebec en Outaouais,CAN,Universities
1341,Saitama University,JPN,Universities
1341,"Universite Sorbonne Nouvelle, Paris 3 *",FRA,Universities
1343,Baylor College of Medicine,USA,Universities
1344,Bond University,AUS,Universities
1345,Institute of Philosophy Russian Academy of Sciences,RUS,Government
1346,"National University of Science and Technology, Islamabad",PAK,Universities
1347,Ilia State University,GEO,Universities
1348,Universidade Federal do Para,BRA,Universities
1348,Texas Woman's University,USA,Universities
1350,Bahcesehir University *,TUR,Universities
1351,"Washington State University, Vancouver Campus",USA,Universities
1352,Suffolk University,USA,Universities
1353,V.N. Karazin Kharkiv National University,UKR,Universities
1354,Guangdong University of Foreign Studies,CHN,Universities
1355,University of Northern Iowa,USA,Universities
1355,Istanbul Gelisim University,TUR,Universities
1357,Universite de Caen Basse-Normandie *,FRA,Universities
1358,University of New Orleans,USA,Universities
1358,Dokuz Eylul University *,TUR,Universities
1360,Universidad Central de Venezuela,VEN,Universities
1361,Inland Norway University of Applied Sciences,NOR,Universities
1362,Addis Ababa University,ETH,Universities
1363,China University of Political Science and Law,CHN,Universities
1364,Ritsumeikan University,JPN,Universities
1365,Maria Curie Sklodowska University,POL,Universities
1366,"University of Minnesota, Duluth",USA,Universities
1367,University of Split,HRV,Universities
1368,University of South Alabama *,USA,Universities
1369,"California State Polytechnic University, Pomona",USA,Universities
1370,International Islamic University,PAK,Universities
1371,Prince Sattam Bin Abdulaziz University,SAU,Universities
1372,Universite de Rennes 1 *,FRA,Universities
1373,National Taipei University,TWN,Universities
1374,Moscow State Pedagogical University,RUS,Universities
1375,Pontificia Universidade Catolica de Minas Gerais,BRA,Universities
1376,Applied Science Private University,JOR,Universities
1377,Haverford College in Pennsylvania,USA,Universities
1378,Universidade Federal do Espirito Santo,BRA,Universities
1378,Birla Institute of Technology and Science *,IND,Universities
1380,United States Naval Academy,USA,Universities
1381,Duquesne University,USA,Universities
1381,Middle Tennessee State University,USA,Universities
1383,University of Sharjah,ARE,Universities
1384,University of Hyderabad,IND,Universities
1385,University of Limpopo,ZAF,Universities
1386,Hellenic Open University,GRC,Universities
1387,Universidade Estadual de Londrina,BRA,Universities
1388,Tyumen State University,RUS,Universities
1389,North-Caucasus Federal University,RUS,Universities
1390,Yarmouk University,JOR,Universities
1391,Universidade Federal de Vicosa,BRA,Universities
1392,Shanghai Normal University,CHN,Universities
1393,Durban University of Technology,ZAF,Universities
1394,Universita degli Studi del Piemonte Orientale Amedeo Avogadro,ITA,Universities
1395,European University of Lefke,CYP,Universities
1396,Universite Bordeaux Montaigne *,FRA,Universities
1397,Abu Dhabi University,ARE,Universities
1398,Novosibirsk State University,RUS,Universities
1399,Jamia Millia Islamia Central University,IND,Universities
1399,Oberlin College,USA,Universities
1401,National Chung Cheng University,TWN,Universities
1402,Saratov State University,RUS,Universities
1403,Universidade Lusofona de Humanidades e Tecnologias,PRT,Universities
1403,"Kaiser Permanente, Oakland *",USA,Health
1405,Adelphi University,USA,Universities
1406,Rhodes College,USA,Universities
1407,Christ University,IND,Universities
1407,The Max Stern Yezreel Valley College,ISR,Universities
1409,Princess Nourah bint Abdul Rahman University *,SAU,Universities
1410,Vassar College,USA,Universities
1411,Sookmyung Womens University,KOR,Universities
1412,Pontificia Universidad Catolica del Ecuador,ECU,Universities
1413,Jadavpur University,IND,Universities
1414,Universidad Veracruzana,MEX,Universities
1415,Ruppin Academic Center,ISR,Universities
1416,University of Malawi,MWI,Universities
1417,Samara University,RUS,Universities
1418,University of Bialystok,POL,Universities
1419,The Catholic University of America,USA,Universities
1420,Athabasca University,CAN,Universities
1421,Bahir Dar University,ETH,Universities
1422,Obafemi Awolowo University,NGA,Universities
1423,Tshwane University of Technology,ZAF,Universities
1424,Walailak University,THA,Universities
1425,Kookmin University,KOR,Universities
1426,Shahid Beheshti University,IRN,Universities
1427,Pomona College,USA,Universities
1427,South Asian University,IND,Universities
1427,Universidade Federal de Juiz de Fora,BRA,Universities
1430,Amity University *,IND,Universities
1431,University of Mumbai,IND,Universities
1431,Middle East University,JOR,Universities
1433,Hunan Normal University,CHN,Universities
1434,Opole University,POL,Universities
1435,Southern Scientific Center Russian Academy of Sciences,RUS,Government
1436,Duke Kunshan University,CHN,Universities
1437,Ankara Yildirim Beyazit University,TUR,Universities
1437,Istanbul Technical University,TUR,Universities
1439,Universite Francois Rabelais de Tours *,FRA,Universities
1440,North Carolina Central University,USA,Universities
1441,Laurentian University,CAN,Universities
1442,Lampung University,IDN,Universities
1442,Richard Stockton College of New Jersey,USA,Universities
1444,"Universite Paul Valery, Montpellier III *",FRA,Universities
1445,Ajman University of Science and Technology,ARE,Universities
1446,Ss Cyril and Methodius University of Skopje *,MKD,Universities
1447,Sapir Academic College,ISR,Universities
1448,Macalester College,USA,Universities
1449,Xavier University,USA,Universities
1450,Academic College of Tel Aviv-Yaffo,ISR,Universities
1451,Henan University *,CHN,Universities
1452,Hosei University,JPN,Universities
1453,"University of the West Indies, Cave Hill Campus",BRB,Universities
1454,University of Santo Tomas,PHL,Universities
1455,Morgan State University,USA,Universities
1456,Tel-Hai College,ISR,Universities
1457,Symbiosis International University,IND,Universities
1458,Higher Colleges of Technology,ARE,Universities
1459,Clalit Health Services *,ISR,Health
1460,Ozyegin University,TUR,Universities
1461,Punjabi University,IND,Universities
1462,Universite de Rouen Normandie *,FRA,Universities
1463,Troy University,USA,Universities
1464,University of Ilorin,NGA,Universities
1465,Midlands State University,ZWE,Universities
1466,Kuwait University *,KWT,Universities
1467,Daffodil International University,BGD,Universities
1468,"University of Education, Winneba",GHA,Universities
