Global Rank,Institution,Country,Sector
1,Veterans Affairs Medical Centers *,USA,Health
2,National Institutes of Health,USA,Health
3,Harvard University *,USA,Universities
4,University College London *,GBR,Universities
5,U.S. Department of Health & Human Services *,USA,Health
6,Institut National de la Sante et de la Recherche Medicale *,FRA,Health
7,Mayo Clinic *,USA,Health
8,Harvard Medical School,USA,Universities
9,"University of California, San Francisco *",USA,Universities
10,Johns Hopkins University *,USA,Universities
11,Vrije Universiteit Amsterdam *,NLD,Universities
12,Kings College London,GBR,Universities
13,Instituto de Salud Carlos III *,ESP,Health
14,National Institute on Aging,USA,Health
15,University of Pittsburgh *,USA,Universities
16,University of Toronto,CAN,Universities
17,University of Pennsylvania *,USA,Universities
18,Washington University in Saint Louis *,USA,Universities
19,University of Amsterdam *,NLD,Universities
20,University of Washington *,USA,Universities
21,Columbia University *,USA,Universities
22,Johns Hopkins Medicine,USA,Health
23,Academisch Medisch Centrum,NLD,Health
24,Hospital Sirio-Libanes,BRA,Health
25,Medical Research Council,GBR,Health
26,"University of Michigan, Ann Arbor *",USA,Universities
27,Brigham and Women's Hospital,USA,Health
27,Helmholtz Gemeinschaft *,DEU,Government
29,Massachusetts General Hospital,USA,Health
30,Chinese Academy of Sciences *,CHN,Government
31,University of New South Wales,AUS,Universities
32,University of Southern California *,USA,Universities
33,University of Melbourne *,AUS,Universities
34,Assistance Publique Hopitaux de Paris *,FRA,Health
35,Capital University of Medical Sciences,CHN,Universities
36,University of Sydney,AUS,Universities
37,Douglas Mental Health University Institute,CAN,Government
38,University of Gothenburg,SWE,Universities
39,Samsung Corp *,MUL,Companies
40,Duke University *,USA,Universities
41,"University of California, San Diego *",USA,Universities
42,Centre National de la Recherche Scientifique *,FRA,Government
43,Sorbonne Universite *,FRA,Universities
44,Karolinska Institute,SWE,Universities
45,Columbia University Irving Medical Center,USA,Health
46,"University of California, Los Angeles *",USA,Universities
47,Washington University Medical Center ,USA,Health
48,Stanford University *,USA,Universities
49,University of Oxford,GBR,Universities
50,Brown University,USA,Universities
51,Yale University *,USA,Universities
52,University of Groningen *,NLD,Universities
53,Erasmus University Rotterdam *,NLD,Universities
54,L'Alma Mater Studiorum - Universita di Bologna,ITA,Universities
55,Cornell University *,USA,Universities
56,F Hoffmann-La Roche *,MUL,Companies
57,University of Cambridge *,GBR,Universities
58,"Newcastle University, Newcastle upon Tyne",GBR,Universities
59,Emory University *,USA,Universities
60,University of Florida *,USA,Universities
61,Friedrich-Alexander-Universitat Erlangen-Nurnberg *,DEU,Universities
62,Boston University *,USA,Universities
63,Erasmus Medical Center,NLD,Health
64,Universidad Rey Juan Carlos *,ESP,Universities
65,Institut d'Investigacions Biomediques August Pi i Sunyer,ESP,Health
66,McGill University,CAN,Universities
67,University of Aberdeen,GBR,Universities
68,Leiden University *,NLD,Universities
69,Woodruff Health Sciences Center,USA,Health
70,University of Exeter,GBR,Universities
71,Centre de Recherche de l'Institut du Cerveau et de la Moelle Epiniere,FRA,Government
72,Wake Forest University *,USA,Universities
73,Indiana University-Purdue University Indianapolis,USA,Universities
74,University of Antwerp,BEL,Universities
75,National University of Singapore *,SGP,Universities
76,University of Pennsylvania Health System,USA,Health
77,Yale University Health & Medicine,USA,Health
78,"Hoffmann-La Roche Ltd, Switzerland",CHE,Companies
79,University Medical Center Groningen,NLD,Health
80,University of Rochester *,USA,Universities
81,Wake Forest University Baptist Medical Center,USA,Health
82,San Francisco VA Medical Center,USA,Health
83,Chinese Academy of Medical Sciences and Peking Union Medical College *,CHN,Universities
84,"University of Wisconsin, Madison *",USA,Universities
85,The University of British Columbia,CAN,Universities
86,Zhejiang University *,CHN,Universities
87,Deutsches Zentrum fur Neurodegenerative Erkrankungen,DEU,Government
88,XuanWu Hospital,CHN,Health
89,Duke Medicine,USA,Health
90,The University of Edinburgh *,GBR,Universities
91,University of Texas M.D. Anderson Cancer Center ,USA,Health
92,L’Istituto di Scienze Neurologiche di Bologna,ITA,Health
93,"University of California, Berkeley *",USA,Universities
94,"Northwestern University, Evanston *",USA,Universities
95,Shanghai Jiao Tong University *,CHN,Universities
96,Centro de Investigacion Biomedica en Red sobre Enfermedades Neurodegenerativas,ESP,Health
97,Taipei Veterans General Hospital,TWN,Health
98,Seoul National University *,KOR,Universities
99,University of Rochester Medical Center,USA,Health
100,Boston University Medical Campus ,USA,Health
101,Texas Tech University Health Sciences Center,USA,Universities
102,University Hospital Antwerp,BEL,Health
103,Beijing Institute for Brain Disorders,CHN,Health
104,Sichuan University *,CHN,Universities
105,Universitat de Barcelona *,ESP,Universities
106,"University of North Carolina, Chapel Hill *",USA,Universities
107,Pennsylvania State University *,USA,Universities
108,The University of Manchester *,GBR,Universities
109,"Centro de Investigacion Biomedica en Red sobre Enfermedades Neurodegenerativas, Madrid",ESP,Health
110,Centers for Disease Control and Prevention,USA,Health
111,Polish Academy of Sciences *,POL,Government
112,Massachusetts Institute of Technology *,USA,Universities
113,Sahlgrenska University Hospital,SWE,Health
114,University of Southern California Health Sciences Campus,USA,Health
115,University Health Network *,CAN,Health
116,Mount Sinai Health System *,USA,Health
117,"University of California, Davis *",USA,Universities
118,Xi'an Jiaotong University *,CHN,Universities
119,Universita Cattolica del Sacro Cuore,ITA,Universities
120,Universita degli Studi di Roma La Sapienza,ITA,Universities
121,Catholic University of Leuven,BEL,Universities
122,Consiglio Nazionale delle Ricerche *,ITA,Government
123,Fudan University *,CHN,Universities
124,Leiden University Medical Center,NLD,Health
125,New York University *,USA,Universities
126,University of North Texas Health Science Center,USA,Health
127,"Monash University, Melbourne *",AUS,Universities
128,Johnson & Johnson *,MUL,Companies
129,Ministry of Education of the People's Republic of China,CHN,Government
130,University of Pittsburgh Health Sciences,USA,Universities
131,University of Oklahoma *,USA,Universities
132,Hopitaux Universitaires de Geneve,CHE,Health
133,"Universite Paul Sabatier, Toulouse III *",FRA,Universities
134,Icahn School of Medicine at Mount Sinai,USA,Universities
135,Radboud University Nijmegen Medical Centre,NLD,Health
136,"University of Texas, San Antonio",USA,Universities
137,Universitat Autonoma de Barcelona *,ESP,Universities
138,University of Arizona *,USA,Universities
139,University of Calgary,CAN,Universities
140,Peking University *,CHN,Universities
141,"Eli Lilly and Company, United States",USA,Companies
142,Weill Cornell Medicine,USA,Universities
143,UCLA Health System,USA,Health
144,The Chinese University of Hong Kong *,HKG,Universities
145,University of Oklahoma Health Sciences Center,USA,Universities
146,Istituto Superiore di Sanita,ITA,Health
147,Universitat Konstanz,DEU,Universities
148,Consejo Superior de Investigaciones Cientificas *,ESP,Government
149,National Yang Ming Chiao Tung University,TWN,Universities
150,"University of Alabama, Birmingham *",USA,Universities
151,Vanderbilt University *,USA,Universities
152,"Saint Louis University, Saint Louis *",USA,Universities
153,Maastricht University,NLD,Universities
154,Universitat Heidelberg,DEU,Universities
155,Universidad Autonoma de Madrid *,ESP,Universities
156,Universidade de Sao Paulo *,BRA,Universities
157,Arizona Health Sciences Center University of Arizona Tucson,USA,Health
158,Brunel University,GBR,Universities
159,Universite de Geneve,CHE,Universities
160,Universita degli Studi di Roma Tor Vergata,ITA,Universities
161,Indiana University-Bloomington,USA,Universities
162,Spedali Civili di Brescia,ITA,Health
163,Universita degli Studi di Messina,ITA,Universities
164,Florey Neuroscience Institutes,AUS,Health
165,Huazhong University of Science and Technology *,CHN,Universities
166,Hospital Clinic i Provincial de Barcelona,ESP,Health
167,Rush University *,USA,Universities
168,University of Western Ontario,CAN,Universities
169,South London and Maudsley NHS Foundation Trust,GBR,Health
170,Hospital de la Santa Creu i Sant Pau,ESP,Health
171,Beth Israel Deaconess Medical Center,USA,Health
172,Aristotle University of Thessaloniki,GRC,Universities
173,Eli Lilly *,MUL,Companies
174,Hospital del Mar,ESP,Health
175,Hadassah University Medical Center *,ISR,Health
176,University of Eastern Finland,FIN,Universities
177,CareGroup Healthcare System *,USA,Health
178,Stanford Medicine,USA,Health
179,World Health Organization *,MUL,Health
180,Tel Aviv University,ISR,Universities
181,University of Nottingham *,GBR,Universities
182,Northwestern Medicine,USA,Health
183,Fondazione Policlinico Universitario Agostino Gemelli IRCCS,ITA,Health
184,Trinity College Dublin *,IRL,Universities
185,Pontificia Universidad Catolica de Chile *,CHL,Universities
186,Centro de Investigacion Biomedica en Red de Fragilidad y Envejecimiento Saludable,ESP,Health
187,The University of Hong Kong *,HKG,Universities
188,"University of Minnesota, Twin Cities *",USA,Universities
189,Montefiore Medical Center *,USA,Health
190,Universita degli Studi di Milano,ITA,Universities
191,University of Helsinki,FIN,Universities
192,Cleveland Clinic *,USA,Health
193,Utrecht University *,NLD,Universities
194,"University of Maryland, Baltimore",USA,Universities
195,Central South University *,CHN,Universities
196,University of Kentucky *,USA,Universities
197,University of Oslo,NOR,Universities
198,"National University of Ireland, Galway",IRL,Universities
199,University of Chicago *,USA,Universities
200,Leibniz Gemeinschaft *,DEU,Government
201,The First Affiliated Hospital of Zhejiang University,CHN,Health
202,Dalhousie University *,CAN,Universities
203,The Second Affiliated Hospital of Zhejiang University,CHN,Health
204,South Eastern Sydney Local Health District *,AUS,Health
205,Augusta University *,USA,Universities
206,Universita degli Studi di Padova,ITA,Universities
207,Tulane University *,USA,Universities
208,Centre Hospitalier Universitaire de Toulouse *,FRA,Health
209,West China Hospital,CHN,Health
210,Instituto de Investigacion Biomedica de Malaga,ESP,Health
211,Universitat Ulm *,DEU,Universities
212,Flanders Interuniversity Institute for Biotechnology,BEL,Government
213,"University of Texas, Austin",USA,Universities
214,University of Southampton,GBR,Universities
215,National Institute for Health and Welfare,FIN,Health
216,Vanderbilt University Medical Center,USA,Health
217,Neuroscience Research Australia,AUS,Health
218,The University of Sheffield,GBR,Universities
219,"University of California, Irvine *",USA,Universities
220,University of Miami *,USA,Universities
221,University of Bristol,GBR,Universities
222,Lawson Health Research Institute,CAN,Health
223,Institucio Catalana de Recerca i Estudis Avancats,ESP,Government
224,Universita degli Studi di Napoli Federico II,ITA,Universities
225,"Texas A&M University, College Station *",USA,Universities
226,Janssen Biotech Inc,USA,Companies
227,"Epidemiologie et Analyses en Sante Publique: Risques, Maladies Chroniques, Handicaps",FRA,Government
228,Kyoto Prefectural University of Medicine,JPN,Universities
229,Cardiff University,GBR,Universities
230,VA San Diego Healthcare System,USA,Health
231,Karolinska University Hospital,SWE,Health
232,Rush University Medical Center,USA,Health
233,Sungkyunkwan University,KOR,Universities
234,Lunds University,SWE,Universities
235,Saint Louis University Care,USA,Health
236,Instituto Nacional de Ciencias Medicas y Nutricion Salvador Zubiran,MEX,Health
237,Hebrew University of Jerusalem,ISR,Universities
238,West Virginia University *,USA,Universities
239,Case Western Reserve University,USA,Universities
240,University of Chinese Academy of Sciences,CHN,Universities
241,Oregon Health & Science University *,USA,Universities
242,California Pacific Medical Center,USA,Health
243,Charles University *,CZE,Universities
244,Copenhagen University Hospital,DNK,Health
245,UC Davis Health System,USA,Health
246,Royal Melbourne Hospital,AUS,Health
247,University of Miami Health System,USA,Health
248,Royal North Shore Hospital,AUS,Health
249,NYU Langone Medical Center,USA,Health
250,Providence VA Medical Center,USA,Health
251,Rowan University,USA,Universities
252,Skane University Hospital,SWE,Health
253,Universita degli Studi di Brescia,ITA,Universities
254,Imperial College London,GBR,Universities
255,VA Boston Healthcare System,USA,Health
255,Charite - Universitatsmedizin Berlin *,DEU,Health
257,Jilin University *,CHN,Universities
258,University of Washington Medicine ,USA,Health
259,"Rutgers, The State University of New Jersey",USA,Universities
260,University of Texas Health Science Center at San Antonio ,USA,Universities
261,Fondazione IRCCS Istituto Neurologico Carlo Besta,ITA,Health
262,VA Puget Sound Health Care System,USA,Health
263,Universitatsklinikum Gottingen,DEU,Health
264,Janssen,MUL,Companies
265,University Hospital Southampton NHS Foundation Trust,GBR,Health
266,Albert Einstein College of Medicine,USA,Universities
267,National Heart Lung and Blood Institute,USA,Health
268,The University of Queensland *,AUS,Universities
269,Southern Medical University *,CHN,Universities
270,University of Florida Health Science Center,USA,Health
271,Universidad de Antioquia *,COL,Universities
272,Universitat Hamburg *,DEU,Universities
273,Robert Bosch *,MUL,Companies
274,University of Kansas *,USA,Universities
275,University of Alberta,CAN,Universities
276,Ruijin Hospital,CHN,Health
277,University of Glasgow *,GBR,Universities
278,University of Copenhagen,DNK,Universities
279,"University of Colorado, Boulder *",USA,Universities
280,University of South Florida System *,USA,Universities
281,Helsinki University Central Hospital,FIN,Health
282,University of Texas Medical Branch ,USA,Universities
283,UC San Diego Health System,USA,Health
284,Wuhan Tongji Hospital,CHN,Health
285,Tianjin Medical University *,CHN,Universities
286,University of South Florida,USA,Universities
287,University of Wisconsin Health,USA,Health
288,Universite de Bordeaux *,FRA,Universities
289,Regenstrief Institute,USA,Non-Profit
290, Centre Hospitalier de l'Universite de Montreal,CAN,Health
291,University Medical Center Utrecht,NLD,Health
292,University of Iowa *,USA,Universities
293,National University Health System *,SGP,Health
294,Universita degli Studi di Perugia,ITA,Universities
295,Medical University of South Carolina *,USA,Universities
296,University of Birmingham,GBR,Universities
297,Peking University Health Science Center,CHN,Universities
298,University of East Anglia *,GBR,Universities
299,University of Missouri Health Care ,USA,Health
300,University of Michigan Health System,USA,Health
301,Ludwig-Maximilians Universitat Munchen *,DEU,Universities
302,University of Tokyo *,JPN,Universities
303,Arizona State University *,USA,Universities
304,Florida State University *,USA,Universities
305,Purdue University,USA,Universities
306,Max Planck Gesellschaft *,DEU,Government
307,Hebrew SeniorLife,USA,Health
308,University of Jyvaskyla,FIN,Universities
309,Dana Farber Cancer Institute ,USA,Health
310,Baylor College of Medicine,USA,Universities
311,University of Leeds,GBR,Universities
312,Universitat Zurich,CHE,Universities
313,University of Liverpool *,GBR,Universities
314,Samsung Medical Center Seoul,KOR,Health
315,University College Dublin,IRL,Universities
316,University of Kansas Medical Center,USA,Health
317,"University of Connecticut, Storrs *",USA,Universities
318,University College London Hospital NHS Trust,GBR,Health
319,Universita degli Studi di Palermo,ITA,Universities
320,"University of Missouri, Columbia *",USA,Universities
321,Wageningen University and Research Centre *,NLD,Universities
322,Wuhan University *,CHN,Universities
323,Rheinische Friedrich-Wilhelms-Universitat Bonn *,DEU,Universities
324,University College Cork *,IRL,Universities
325,Klinikum Ludwig Maximilians Universitat Munchen,DEU,Health
326,"Bosch, Germany",DEU,Companies
327,Drexel University,USA,Universities
328,University of Cincinnati *,USA,Universities
329,Instituto de Investigacion Sanitaria IdIPAZ,ESP,Health
330,Deakin University *,AUS,Universities
331,University Hospitals Leuven,BEL,Health
332,Georgia State University,USA,Universities
333,Uppsala University,SWE,Universities
334,Ain Shams University *,EGY,Universities
335,University of Utah *,USA,Universities
336,Qingdao University *,CHN,Universities
337,GlaxoSmithKline *,MUL,Companies
338,University of Virginia *,USA,Universities
339,VA Ann Arbor Healthcare System,USA,Health
340,University of Surrey,GBR,Universities
341,Manchester Academic Health Science Centre,GBR,Health
342,City University of New York *,USA,Universities
343,Newcastle upon Tyne Hospitals NHS Foundation Trust,GBR,Health
344,Universitatsklinikum Koln,DEU,Health
345,VA Bedford Healthcare System,USA,Health
346,Universitat de Valencia *,ESP,Universities
347,Sherbrooke University,CAN,Universities
348,Centre for Addiction and Mental Health,CAN,Health
349,Universite de Liege,BEL,Universities
350,University Hospital Maastricht,NLD,Health
351,McMaster University,CAN,Universities
352,Universidad de Castilla-La Mancha *,ESP,Universities
353,Universitatsklinikum Hamburg Eppendorf,DEU,Health
354,Umea University *,SWE,Universities
355,Huashan Hospital,CHN,Health
356,Durham VA Medical Center ,USA,Health
357,VA Greater Los Angeles Healthcare System,USA,Health
358,Ghent University,BEL,Universities
359,Consejo Nacional de Investigaciones Cientificas y Tecnicas *,ARG,Government
360,Universidad de Malaga *,ESP,Universities
361,Kangwon National University *,KOR,Universities
362,Laval University,CAN,Universities
363,Centro de Investigacion Biomedica en Red de Salud Mental,ESP,Health
364,Georgia Institute of Technology *,USA,Universities
365,University of Bergen,NOR,Universities
365,Universitat Leipzig *,DEU,Universities
367,University of Otago,NZL,Universities
368,"Fondazione IRCCS Ospedale Maggiore Policlinico, Mangiagalli e Regina Elena",ITA,Health
369,Sun Health  *,USA,Health
370,Tan Tock Seng Hospital,SGP,Health
371,National Institute of Neurological Disorders and Stroke,USA,Health
372,Vrije Universiteit Brussel,BEL,Universities
373,King Saud University *,SAU,Universities
374,Kuopio University Hospital,FIN,Health
375,Cambridge University Hospitals NHS Foundation Trust,GBR,Health
376,New York State Psychiatric Institute,USA,Health
377,"University of Colorado, Denver *",USA,Universities
378,"Kaiser Permanente, Oakland *",USA,Health
379,Universite de Montreal,CAN,Universities
380,"Ohio State University, Columbus *",USA,Universities
381,University of York,GBR,Universities
382,Complejo Hospitalario de Navarra,ESP,Health
383,William S. Middleton Memorial Veterans Hospital,USA,Health
384,Universitat Internacional de Catalunya ,ESP,Universities
384,"University of Hawaii, Manoa *",USA,Universities
386,St. James's Hospital,IRL,Health
387,The University of Adelaide,AUS,Universities
388,Hospital Universitari de Bellvitge,ESP,Health
389,Houston Methodist,USA,Health
390,Austin Health,AUS,Health
391,Medizinische Universitat Innsbruck *,AUT,Universities
392,Russian Academy of Sciences *,RUS,Government
392,Stavanger University Hospital,NOR,Health
394,Universite de Paris Cite *,FRA,Universities
395,Michigan State University,USA,Universities
396,Asan Medical Center Seoul *,KOR,Health
397,University of Sussex *,GBR,Universities
398,Motol University Hospital,CZE,Health
398,North Carolina State University,USA,Universities
400,North Dakota State University,USA,Universities
401,Shandong University *,CHN,Universities
402,Heinrich Heine Universitat Dusseldorf  *,DEU,Universities
403,Hirosaki University *,JPN,Universities
404,Universita degli Studi di Torino,ITA,Universities
405,Istanbul University *,TUR,Universities
406,Universita degli Studi Gabriele d'Annunzio di Chieti e Pescara,ITA,Universities
407,University of Leicester,GBR,Universities
408,Pusan National University,KOR,Universities
409,"University of Colorado, Anschutz Medical Campus",USA,Universities
410,Tokyo Metropolitan Institute of Gerontology,JPN,Health
411,Norwegian University of Science and Technology,NOR,Universities
412,Toronto Western Hospital,CAN,Health
413,Hospital Universitario de Getafe,ESP,Health
414,Shanghai Sixth People's Hospital,CHN,Health
415,The Royal Marsden NHS Foundation Trust,GBR,Health
416,"Colorado State University, Fort Collins *",USA,Universities
417,Seoul National University Bundang Hospital,KOR,Health
418,Instituto de Investigacion Sanitaria de Navarra,ESP,Health
419,Tohoku University *,JPN,Universities
420,Nanfang Hospital,CHN,Health
421,Virginia Commonwealth University *,USA,Universities
422,Stockholm University,SWE,Universities
423,University of Notre Dame,USA,Universities
424,Sunnybrook Health Sciences Centre,CAN,Health
425,The University of Western Australia,AUS,Universities
426,Dartmouth College *,USA,Universities
427,Universite PSL *,FRA,Universities
428,"Biogen Idec, USA",USA,Companies
429,Zhengzhou University *,CHN,Universities
430,Universitat zu Koln,DEU,Universities
431,National Cheng Kung University,TWN,Universities
432,University of Auckland,NZL,Universities
433,London School of Economics and Political Science,GBR,Universities
434,Griffith University,AUS,Universities
435,International Institute for Population Sciences,IND,Universities
436,Cork University Hospital,IRL,Health
437,Temple University *,USA,Universities
438,York University,CAN,Universities
438,University of Waterloo,CAN,Universities
440,Universita degli Studi della Campania Luigi Vanvitelli,ITA,Universities
441,Fordham University,USA,Universities
442,Minneapolis VA Health Care System,USA,Health
443,University of Connecticut Health Center,USA,Universities
444,Lancaster University *,GBR,Universities
445,Hospital das Clinicas da Faculdade de Medicina da Universidade de Sao Paulo,BRA,Health
446,University of Rhode Island,USA,Universities
447,James J. Peters VA Medical Center,USA,Health
448,Oslo University Hospital,NOR,Health
449,Centre Hospitalier Universitaire de Montpellier *,FRA,Health
450,"Queen Margaret University, Edinburgh",GBR,Universities
451,University of Ulsan *,KOR,Universities
452,Guys & Saint Thomas NHS Foundation Trust,GBR,Health
453,Flinders University,AUS,Universities
454,Seoul National University Hospital *,KOR,Health
455,University of Athens,GRC,Universities
456,Princess Margaret Cancer Centre,CAN,Health
457,Edith Cowan University,AUS,Universities
458,Simon Fraser University,CAN,Universities
459,Xiangya Hospital Affiliated to Central South University,CHN,Health
460,Florida International University,USA,Universities
461,Hospital Universitario Ramon y Cajal *,ESP,Health
462,"Washington State University, Pullman *",USA,Universities
463,Universita degli Studi di Firenze,ITA,Universities
464,Keio University *,JPN,Universities
465,Ben-Gurion University of the Negev *,ISR,Universities
466,University of Illinois at Urbana-Champaign *,USA,Universities
467,London School of Hygiene and Tropical Medicine,GBR,Universities
468,"University of Illinois, Chicago *",USA,Universities
469,Yonsei University *,KOR,Universities
470,Prince of Wales Hospital,HKG,Health
471,Instituto Ramon y Cajal de Investigacion Sanitaria,ESP,Health
472,VA Pittsburgh Healthcare System,USA,Health
473,Florida Atlantic University,USA,Universities
474,Complejo Hospitalario Virgen del Rocio,ESP,Health
475,University of Texas Southwestern Medical Center ,USA,Universities
476,Hogeschool van Amsterdam,NLD,Universities
477,Universita Politecnica delle Marche,ITA,Universities
478,Biogen Idec *,MUL,Companies
479,University of Bradford,GBR,Universities
480,Universita degli Studi di Genova,ITA,Universities
481,National Neuroscience Institute,SGP,Health
482,Universidad Complutense de Madrid *,ESP,Universities
483,Medizinische Universitat Wien,AUT,Universities
484,University of Manitoba,CAN,Universities
484,Prince of Wales Hospital ,AUS,Health
484,Penn State Milton S. Hershey Medical Center,USA,Health
487,Centre Hospitalier Universitaire Vaudois ,CHE,Health
488,Kings College Hospital NHS Foundation Trust,GBR,Health
489,Macquarie University *,AUS,Universities
490,Semmelweis University,HUN,Universities
491,Peking Union Medical College Hospital Beijing,CHN,Health
492,Centre de Recherche Bordeaux Population Health,FRA,Government
493,The Ottawa Hospital  *,CAN,Health
494,Klinikum Rechts der Isar der Technische Universitat Munchen,DEU,Health
495,Fred Hutchinson Cancer Research Center,USA,Health
496,Martin-Luther-Universitat Halle-Wittenberg *,DEU,Universities
497,Jackson Laboratory,USA,Health
498,University of Tsukuba *,JPN,Universities
499,Universidad Publica de Navarra *,ESP,Universities
500,Universitat Pompeu Fabra *,ESP,Universities
501,Hungarian Academy of Sciences *,HUN,Government
502,Universite Montpellier *,FRA,Universities
503,Fondazione IRCCS San Raffaele del Monte Tabor,ITA,Health
504,University of Ottawa,CAN,Universities
505,Rhode Island Hospital ,USA,Health
506,Universita Vita-Salute San Raffaele,ITA,Universities
507,Mario Negri Istituto di Ricerche Farmacologiche,ITA,Health
508,"Agency for Science, Technology and Research Singapore *",SGP,Government
509,Australian Catholic University,AUS,Universities
510,University of Utah Health Care,USA,Health
511,University of Georgia,USA,Universities
512,Sun Yat-Sen University *,CHN,Universities
512,Tufts University,USA,Universities
514,VA Eastern Colorado Health Care System,USA,Health
515,Oregon State University,USA,Universities
516,University of North Texas,USA,Universities
517,First Hospital of Jilin University,CHN,Health
518,Nova Scotia Health Authority *,CAN,Health
519,University of Tasmania,AUS,Universities
520,Universita degli Studi di Pavia,ITA,Universities
521,University of Massachusetts Medical School,USA,Universities
522,Ghent University Hospital,BEL,Health
523,Hamad Medical Corp *,QAT,Health
524,MedStar Health *,USA,Health
525,Johannes Gutenberg-Universitat Mainz *,DEU,Universities
526,Georgetown University *,USA,Universities
527,Toronto Rehab ,CAN,Health
528,Technische Universitat Munchen *,DEU,Universities
529,VA Connecticut Healthcare System,USA,Health
530,Sheba Medical Center,ISR,Health
531,Baycrest Centre for Geriatric Care *,CAN,Health
532,USF Health,USA,Universities
532,"University of Massachusetts, Boston",USA,Universities
534,"State University of New York, Stony Brook *",USA,Universities
535,Institut Universitaire de Geriatrie de Montreal *,CAN,Health
536,Royal Devon and Exeter NHS Foundation Trust,GBR,Health
537,Technische Universitat Dresden,DEU,Universities
538,Friedrich-Schiller-Universitat Jena *,DEU,Universities
539,Azienda Ospedaliera di Parma,ITA,Health
540,National University of Malaysia *,MYS,Universities
541,Alberta Health Services,CAN,Health
542,Bangor University,GBR,Universities
543,Wayne State University,USA,Universities
544,Centre Hospitalier Regional Universitaire de Lille *,FRA,Health
545,Iowa State University,USA,Universities
546,Nottingham University Hospitals NHS Trust,GBR,Health
547,RAND Corp,USA,Non-Profit
548,National Taiwan University,TWN,Universities
549,Nagoya University *,JPN,Universities
550,Broad Institute of MIT and Harvard,USA,Health
551,University of South Carolina *,USA,Universities
552,Western Michigan University,USA,Universities
553,Universitat Duisburg Essen *,DEU,Universities
554,VA Palo Alto Health Care System,USA,Health
555,Virginia Polytechnic Institute and State University,USA,Universities
556,University of Mississippi *,USA,Universities
557,Universite du Quebec en Quebec *,CAN,Universities
558,Universita degli Studi di Bari,ITA,Universities
559,Universidad de Chile *,CHL,Universities
560,Juntendo University *,JPN,Universities
561,Kyushu University *,JPN,Universities
562,Universite de Toulouse,FRA,Universities
563,Oulu University Hospital,FIN,Health
564,Eberhard-Karls-Universitat Tubingen,DEU,Universities
565,Queen's University Belfast,GBR,Universities
566,University of Oulu,FIN,Universities
567,Tampere University,FIN,Universities
568,Kyung Hee University *,KOR,Universities
569,Tongji University *,CHN,Universities
570,Universitatsklinikum Bonn,DEU,Health
571,Memorial Sloan-Kettering Cancer Center,USA,Health
572,Australian National University,AUS,Universities
573,Universidade de Brasilia,BRA,Universities
574,Commonwealth Scientific and Industrial Research Organization *,AUS,Government
575,Chung-Ang University *,KOR,Universities
576,Medizinische Hochschule Hannover,DEU,Universities
577,"Chang Gung Memorial Hospital, Taipei *",TWN,Health
578,Universita degli Studi di Pisa,ITA,Universities
579,University of Zagreb,HRV,Universities
580,Carl von Ossietzky Universitat Oldenburg,DEU,Universities
581,Aarhus University *,DNK,Universities
582,University of New Mexico *,USA,Universities
583,Robert Bosch Stiftung,DEU,Non-Profit
584,Dongguk University *,KOR,Universities
585,Universidad Nacional Autonoma de Mexico,MEX,Universities
586,Universidade de Lisboa *,PRT,Universities
587,Philadelphia VA Medical Center,USA,Health
587,Center for Disease Control and Prevention China,CHN,Health
589,Bradford Teaching Hospitals NHS Foundation Trust,GBR,Health
590,University of Haifa,ISR,Universities
591,Curtin University *,AUS,Universities
592,Ewha Womans University *,KOR,Universities
593,University of Stirling,GBR,Universities
594,National Cheng Kung University Hospital,TWN,Health
595,Ormat Technologies Inc *,MUL,Companies
595,"Ormat Technologies, United States",USA,Companies
597,"Robert Bosch Krankenhaus, Germany",DEU,Health
598,Public Health England,GBR,Health
599,Azienda Ospedaliera San Gerardo Monza,ITA,Health
600,National Cerebral and Cardiovascular Center,JPN,Health
601,Swansea University,GBR,Universities
602,La Trobe University *,AUS,Universities
603,"Institut National de Recherche pour l'Agriculture, l'Alimentation et l'Environnement *",FRA,Government
604,University of Louisville *,USA,Universities
604,Centre de Recherche de l'Institut Universitaire de Geriatrie de Montreal,CAN,Health
606,University of Kentucky HealthCare,USA,Health
607,Yokohama City University *,JPN,Universities
608,Ljubljana University Medical Centre,SVN,Health
609,Hospices Civils de Lyon *,FRA,Health
610,Royal Netherlands Academy of Arts and Sciences *,NLD,Government
611,Hong Kong Polytechnic University,HKG,Universities
612,Aix-Marseille Universite *,FRA,Universities
613,University of Minnesota Health and Medicine,USA,Universities
614,First Affiliated Jiangsu Province Hospital with Nanjing Medical University,CHN,Health
615,University of Nebraska Medical Center,USA,Universities
616,Korea University *,KOR,Universities
617,Michael E. DeBakey VA Medical Center,USA,Health
618,Kyoto University *,JPN,Universities
619,Universite Jean Monnet *,FRA,Universities
620,University of Mississippi Medical Center,USA,Universities
621,Universita degli Studi di Milano-Bicocca,ITA,Universities
622,Singapore General Hospital,SGP,Health
623,Universita degli Studi di Ferrara,ITA,Universities
624,Universidade Federal de Santa Catarina *,BRA,Universities
625,Hospital Universitario 12 de Octubre,ESP,Health
626,The Manchester Metropolitan University,GBR,Universities
627,Cliniques Universitaires Saint-Luc,BEL,Health
628,Paracelsus Medizinische Privatuniversitat,AUT,Universities
629,Nanjing Medical University *,CHN,Universities
630,Wroclaw Medical University,POL,Universities
630,Universitat Bern,CHE,Universities
632,Fund for Scientific Research Flanders,BEL,Government
633,Universitatsklinikum Heidelberg,DEU,Health
634,Qingdao Municipal Hospital,CHN,Health
635,Chang Gung University,TWN,Universities
636,"Louisiana State University, Baton Rouge",USA,Universities
637,Second Xiangya Hospital Affiliated to Central South University,CHN,Health
638,The General Hospital of the People's Liberation Army *,CHN,Health
639,Universidade Federal do Parana,BRA,Universities
640,Bar-Ilan University,ISR,Universities
641,South Australian Health and Medical Research Institute,AUS,Health
642,Universite Claude Bernard Lyon 1 *,FRA,Universities
643,Concord Repatriation General Hospital ,AUS,Health
644,Linkoping University,SWE,Universities
645,University of Southern Denmark,DNK,Universities
646,Athinoula A Martinos Center for Biomedical Imaging,USA,Health
647,Ehime University *,JPN,Universities
648,Universidade do Porto *,PRT,Universities
649,"State University of New York, Buffalo",USA,Universities
650,Hospital Universitario La Paz,ESP,Health
651,Chongqing Medical University *,CHN,Universities
652,The Buck Institute for Research on Aging,USA,Health
653,Universidade Nova de Lisboa *,PRT,Universities
654,University of South Australia,AUS,Universities
655,"University of Alabama, Tuscaloosa",USA,Universities
656,VA NY Harbor Healthcare System,USA,Health
657,South Texas Veterans Health Care System,USA,Health
658,Glasgow Caledonian University,GBR,Universities
659,Chung-Ho Memorial Hospital,TWN,Health
660,University of Brighton *,GBR,Universities
661,Tel Aviv Sourasky Medical Center,ISR,Health
662,Christian-Albrechts-Universitat zu Kiel,DEU,Universities
663,Bezmialem Vakif University,TUR,Universities
664,Universitat zu Lubeck,DEU,Universities
665,National Taiwan University Hospital,TWN,Health
665,Tilburg University,NLD,Universities
667,Gachon University,KOR,Universities
668,University of Saskatchewan,CAN,Universities
669,Women's College Hospital,CAN,Health
670,Tokyo Medical and Dental University,JPN,Universities
671,Universita degli Studi di Verona,ITA,Universities
672,George Washington University *,USA,Universities
673,City of Hope,USA,Health
674,Kaohsiung Medical University,TWN,Universities
675,Boston College,USA,Universities
676,University of Malaya *,MYS,Universities
677,University of Ulster,GBR,Universities
678,Osaka University *,JPN,Universities
679,Complejo Hospitalario de Toledo,ESP,Health
680,The North Shore-LIJ Health System *,USA,Health
681,Universidade Federal de Minas Gerais,BRA,Universities
682,Universite Paris-Saclay *,FRA,Universities
683,Universidad del Pais Vasco *,ESP,Universities
684,McGill University Health Centre,CAN,Health
685,Berlin Institute of Health,DEU,Health
686,Singapore Institute of Technology,SGP,Universities
687,Shandong Provincial Hospital,CHN,Health
688,Universite du Luxembourg,LUX,Universities
689,Anglia Ruskin University,GBR,Universities
690,Medizinische Universitat Graz *,AUT,Universities
691,Army Medical University *,CHN,Universities
692,Monash Health *,AUS,Health
693,Fondazione Don Carlo Gnocchi IRCCS,ITA,Health
694,North Bristol NHS Trust,GBR,Health
695,Johann Wolfgang Goethe-Universitat Frankfurt am Main *,DEU,Universities
696,Queen's University,CAN,Universities
697,Centre de Recherche en Neurosciences de Lyon,FRA,Government
698,Centro de Investigacion Biomedica en Red de Epidemiologia y Salud Publica,ESP,Health
699,Akershus University Hospital,NOR,Health
700,McLean Hospital,USA,Health
701,Plymouth University,GBR,Universities
702,University Putra Malaysia,MYS,Universities
703,Universita degli Studi di Catania,ITA,Universities
704,Dokuz Eylul University *,TUR,Universities
705,"Northeastern University, USA",USA,Universities
706,"University of Texas, Health Science Center at Houston",USA,Universities
707,Hospital General Universitario Gregorio Maranon *,ESP,Health
708,Tokyo Womens Medical University *,JPN,Universities
709,St Josephs Hospital and Medical Center ,USA,Health
710,Humboldt-Universitat zu Berlin,DEU,Universities
711,Universite Grenoble-Alpes *,FRA,Universities
712,Yonsei University Health System,KOR,Health
713,Complejo Hospitalario Universitario de Albacete,ESP,Health
714,Nanjing University *,CHN,Universities
715,Oslo Metropolitan University,NOR,Universities
716,Universidade Estadual de Londrina,BRA,Universities
717,Miami University of Ohio,USA,Universities
718,Wenzhou Medical University *,CHN,Universities
719,University of Ljubljana *,SVN,Universities
720,Azienda Ospedaliera Careggi,ITA,Health
721,Institut Hospital del Mar d’Investigacions Mediques,ESP,Health
722,Normandie Universite,FRA,Universities
722,National Institute of Mental Health and Neuro Sciences,IND,Universities
724,Radboud University Nijmegen,NLD,Universities
725,St Michaels Hospital Toronto,CAN,Health
726,Parc Sanitari de Sant Joan de Deu *,ESP,Health
727,Fondazione Santa Lucia IRCCS,ITA,Health
728,Universite de Lyon,FRA,Universities
729,University of Victoria,CAN,Universities
730,Ottawa Hospital Research Institute,CAN,Health
731,Universite de Lausanne,CHE,Universities
732,"Centro de Investigacion Biomedica en Red de Epidemiologia y Salud Publica, Madrid",ESP,Health
733,Japan Society for the Promotion of Science,JPN,Government
734,Rotman Research Institute,CAN,Health
735,Universidade de Coimbra *,PRT,Universities
736,Poznan University of Medical Sciences,POL,Universities
737,Catholic University of Louvain,BEL,Universities
738,National Health Commission of the People's Republic of China,CHN,Health
739,The University of Newcastle,AUS,Universities
740,Keele University,GBR,Universities
740,"University of Maryland, College Park *",USA,Universities
742,Tehran University of Medical Sciences *,IRN,Universities
743,"University of California, Irvine Healthcare",USA,Health
744,Medical College of Wisconsin,USA,Universities
745,University of Iceland,ISL,Universities
746,Vancouver Coastal Health,CAN,Health
747,Aarhus University Hospital,DNK,Health
748,"University of Texas, Dallas",USA,Universities
749,New York Presbyterian Hospital,USA,Health
750,Universidad de Buenos Aires *,ARG,Universities
751,Jagiellonian University,POL,Universities
752,Okayama University *,JPN,Universities
753,Universidade Federal de Sao Paulo *,BRA,Universities
754,Westfalische Wilhelms-Universitat Munster *,DEU,Universities
755,Universite de Caen Basse-Normandie *,FRA,Universities
756,Sir Mortimer B. Davis Jewish General Hospital,CAN,Health
756,Universite de Lille *,FRA,Universities
758,University of Iowa Health Care,USA,Health
759,Universitat Rostock *,DEU,Universities
760,Universidade Federal do Rio Grande do Sul,BRA,Universities
761,University of Central Florida,USA,Universities
762,Netherlands Institute for Health Services Research,NLD,Non-Profit
763,Lanzhou University *,CHN,Universities
763,Queensland University of Technology,AUS,Universities
765,Philipps-Universitat Marburg *,DEU,Universities
766,Hokkaido University *,JPN,Universities
767,Ohio State University Wexner Medical Center,USA,Health
768,University of Indonesia,IDN,Universities
769,"Queen Mary, University of London",GBR,Universities
770,Anhui Medical University *,CHN,Universities
771,Ruhr-Universitat Bochum *,DEU,Universities
772,"Soochow University, Suzhou *",CHN,Universities
773,Aichi Medical University *,JPN,Universities
774,Freie Universitat Berlin,DEU,Universities
775,Universitat Basel,CHE,Universities
776,St. Anne's University Hospital Brno *,CZE,Health
777,University of Turku,FIN,Universities
778,Hasselt University,BEL,Universities
779,"China Medical University, Shenyang *",CHN,Universities
780,Universitat Bremen *,DEU,Universities
781,Istituto Europeo di Oncologia,ITA,Health
782,MGH Institute of Health Professions,USA,Health
782,St. Olavs University Hospital,NOR,Health
784,Universidade Federal do Rio de Janeiro *,BRA,Universities
785,"Texas State University, San Marcos",USA,Universities
785,Centre Hospitalier Universitaire de Bordeaux,FRA,Health
787,Ohio University,USA,Universities
788,Thomas Jefferson University *,USA,Universities
789,"University of Massachusetts, Amherst",USA,Universities
790,VA Maryland Health Care System,USA,Health
791,University of Pittsburgh Medical Center ,USA,Health
792,Queen Mary Hospital Hong Kong,HKG,Health
793,First Affilated Hospital of Wenzhou Medical University,CHN,Health
794,Ryerson University,CAN,Universities
795,The University of Hull,GBR,Universities
796,Turku University Hospital,FIN,Health
797,University of Nevada-Las Vegas,USA,Universities
798,Centro Hospitalar e Universitario de Coimbra,PRT,Health
799,University Hospital of Bern,CHE,Health
800,University of North Dakota,USA,Universities
800,Universidad de Granada *,ESP,Universities
802,Taipei Medical University,TWN,Universities
803,Humanitas University *,ITA,Universities
804,Universita degli Studi di Cagliari,ITA,Universities
805,University Hospitals Leicester NHS Trust,GBR,Health
805,Istituto Clinico Humanitas,ITA,Health
807,Universitatsklinikum Greifswald,DEU,Health
808,Ernst-Moritz-Arndt-Universitat Greifswald *,DEU,Universities
809,Centre Hospitalier Universitaire de Quebec,CAN,Health
810,Max Planck Institut fur Demografische Forschung,DEU,Government
811,St Georges University of London,GBR,Universities
812,Odense University Hospital,DNK,Health
813,Mackay Memorial Hospital,TWN,Health
814,Universidade Federal de Sao Carlos,BRA,Universities
815,"University of Texas, Arlington",USA,Universities
816,Kobe University *,JPN,Universities
817,All India Institute of Medical Sciences,IND,Universities
818,San Diego State University,USA,Universities
819,Loughborough University,GBR,Universities
820,International Clinical Research Center,CZE,Health
821,Universita Campus Bio-Medico di Roma,ITA,Universities
822,Brandeis University,USA,Universities
823,Shiraz University of Medical Sciences *,IRN,Universities
824,Tokyo Medical University *,JPN,Universities
825,Universidade Estadual de Campinas *,BRA,Universities
826,Shenzhen University,CHN,Universities
827,National Center of Neurology and Psychiatry,JPN,Health
828,Universitat Bielefeld,DEU,Universities
829,Chiba University *,JPN,Universities
830,Portland State University,USA,Universities
831,Harbin Medical University *,CHN,Universities
832,Shahid Beheshti University of Medical Sciences and Health Services *,IRN,Universities
833,Universidade Estadual Paulista Julio de Mesquita Filho,BRA,Universities
834,Fujian Medical University *,CHN,Universities
835,Universitatsklinikum Rostock,DEU,Health
836,Northumbria University,GBR,Universities
837,University of Vermont,USA,Universities
838,Council of Scientific and Industrial Research *,IND,Government
839,Hebei Medical University *,CHN,Universities
839,Bruyere Research Institute,CAN,Health
841,Gazi University,TUR,Universities
842,Northern Ontario School of Medicine,CAN,Universities
843,Sun Yat-sen University First Hospital,CHN,Health
844,Sociedade Beneficiente Israelita Brasileira Albert Einstein,BRA,Health
845,Hacettepe University,TUR,Universities
846,National Health Research Institutes,TWN,Health
847,Brock University,CAN,Universities
848,Dalian Medical University *,CHN,Universities
849,Universite de Lorraine *,FRA,Universities
850,Universidad de Navarra *,ESP,Universities
851,Massey University,NZL,Universities
851,Nanyang Technological University *,SGP,Universities
853,Universitatsklinikum Essen,DEU,Health
854,Beijing Normal University *,CHN,Universities
855,Catholic University of Korea *,KOR,Universities
856,Centre Hospitalier Universitaire de Limoges *,FRA,Health
857,University of Limerick,IRL,Universities
858,University of Houston,USA,Universities
859,Universite du Quebec en Montreal,CAN,Universities
860,Hallym University *,KOR,Universities
861,"University of Wisconsin, Milwaukee",USA,Universities
862,University of Arkansas for Medical Sciences,USA,Universities
863,Swinburne University of Technology *,AUS,Universities
863,Auckland District Health Board *,NZL,Health
865,Clalit Health Services *,ISR,Health
866,Showa University *,JPN,Universities
867,Soon Chun Hyang University *,KOR,Universities
868,Universite Cote d’Azur *,FRA,Universities
869,"University of the Witwatersrand, Johannesburg",ZAF,Universities
869,Aalborg University *,DNK,Universities
871,University of Social Welfare and Rehabilitation Sciences,IRN,Universities
872,Tufts Medical Center,USA,Health
873,University of Ioannina,GRC,Universities
874,"Kaiser Permanente Research, Washington",USA,Health
875,Fujita Health University *,JPN,Universities
876,Chulalongkorn University,THA,Universities
877,University of Western Sydney,AUS,Universities
878,Nara Medical University *,JPN,Universities
879,Imperial College Healthcare NHS Trust,GBR,Health
880,Universidade de Aveiro,PRT,Universities
881,University Hospital Brussels,BEL,Health
882,Centre Hospitalier Universitaire de Caen *,FRA,Health
883,Universitat Witten-Herdecke,DEU,Universities
884,Hiroshima University *,JPN,Universities
885,Kaohsiung Veterans General Hospital,TWN,Health
886,Waseda University,JPN,Universities
887,Centre Hospitalier Universitaire de Nancy,FRA,Health
888,Chiang Mai University,THA,Universities
889,Renmin University of China,CHN,Universities
890,Universitat Wien,AUT,Universities
891,Universidad de Salamanca *,ESP,Universities
892,Universidade Federal de Pelotas,BRA,Universities
893,Tokyo Metropolitan Geriatric Hospital and Institute of Gerontology,JPN,Health
894,University of Strathclyde *,GBR,Universities
895,Inje University *,KOR,Universities
896,Nagasaki University *,JPN,Universities
897,Universidade Federal do Rio Grande do Norte,BRA,Universities
898,Universita degli Studi di Modena e Reggio Emilia,ITA,Universities
899,University of Health Sciences,TUR,Universities
900,Gunma University *,JPN,Universities
900,Syracuse University,USA,Universities
902,Fukushima Medical University *,JPN,Universities
903,Ajou University,KOR,Universities
904,VCU Medical Center,USA,Health
905,Mashhad University of Medical Sciences,IRN,Universities
906,James Cook University *,AUS,Universities
907,Seoul National University Boramae Hospital,KOR,Health
908,Concordia University,CAN,Universities
909,University of Virginia Health System,USA,Health
910,Kent State University,USA,Universities
911,Nihon University *,JPN,Universities
912,National Defense Medical Center,TWN,Health
913,Royal Brisbane and Women's Hospital *,AUS,Health
914,Universite de Bourgogne *,FRA,Universities
915,Kagoshima University *,JPN,Universities
916,Kagawa University *,JPN,Universities
917,Niigata University *,JPN,Universities
918,Hallym University Medical Center,KOR,Health
919,Universiti Teknologi MARA,MYS,Universities
920,Albert-Ludwigs-Universitat Freiburg im Breisgau,DEU,Universities
921,George Institute for International Health *,AUS,Health
921,Tri-Service General Hospital,TWN,Health
923,Universitatsklinikum Freiburg,DEU,Health
924,University of Wollongong *,AUS,Universities
925,Orebro Universitet,SWE,Universities
926,Linkou Chang Gung Memorial Hospital,TWN,Health
926,"University of North Carolina, Charlotte",USA,Universities
928,Konkuk University *,KOR,Universities
928,Universite Paris-Est Creteil *,FRA,Universities
930,Fuwai Heart Hospital and Cardiovascular Institute,CHN,Health
931,Attikon Athens University Hospital,GRC,Health
932,Korea University Medical Center,KOR,Health
933,Center for Health Technology and Services Research,PRT,Non-Profit
934,Shimane University *,JPN,Universities
935,Khoo Teck Puat Hospital,SGP,Health
935,University of Applied Sciences and Arts Western Switzerland *,CHE,Universities
937,Chungnam National University,KOR,Universities
938,Mie University *,JPN,Universities
939,Universitatsspital Basel,CHE,Health
940,"University of Technology, Sydney",AUS,Universities
941,University of Greenwich,GBR,Universities
942,Western Norway University of Applied Sciences,NOR,Universities
943,Siriraj Hospital,THA,Health
944,Alfred Health,AUS,Health
945,Khon Kaen University,THA,Universities
945,Texas Tech University,USA,Universities
947,Dokkyo Medical University *,JPN,Universities
948,Universite de Limoges *,FRA,Universities
949,Ospedale Luigi Sacco,ITA,Health
950,Universidad Mayor *,CHL,Universities
951,Stellenbosch University,ZAF,Universities
952,Iran University of Medical Sciences *,IRN,Universities
953,RIKEN-Institute of Physical and Chemical Research,JPN,Government
954,Pontificia Universidad Javeriana *,COL,Universities
955,Universite de Strasbourg *,FRA,Universities
956,Centre Hospitalier Universitaire de Liege,BEL,Health
957,Kochi University *,JPN,Universities
958,Osaka Metropolitan University *,JPN,Universities
959,Jichi Medical University *,JPN,Universities
960,Hopitaux Universitaires de Strasbourg,FRA,Health
961,Universite de Versailles Saint Quentin en Yvelines *,FRA,Universities
962,Fundacao Oswaldo Cruz *,BRA,Health
963,Zentralinstitut fur Seelische Gesundheit,DEU,Government
964,National Taipei College of Nursing,TWN,Universities
964,Mahidol University *,THA,Universities
966,Shanghai University of Medicine and Health Sciences,CHN,Universities
967,Shanxi Medical University *,CHN,Universities
968,Ege University,TUR,Universities
969,"University of Colorado, Colorado Springs",USA,Universities
970,Hospital Universitario San Ignacio,COL,Health
971,Mackay Medical College,TWN,Universities
972,"Chang Gung Memorial Hospital, Taoyuan",TWN,Health
973,"University of North Carolina, Greensboro",USA,Universities
974,University of Notre Dame Australia,AUS,Universities
975,"University of Tennessee, Knoxville *",USA,Universities
976,Centre Hospitalier Universitaire Dijon,FRA,Health
977,Saga University *,JPN,Universities
978,Centre Hospitalier Universitaire de Nice *,FRA,Health
979,Centre Hospitalier Universitaire de Nantes *,FRA,Health
980,Kyung Hee University Medical Center,KOR,Health
981,Manipal Global Education Group *,MUL,Companies
982,"Chang Gung Memorial Hospital, Kaohsiung",TWN,Health
983,Sir Run Run Shaw Hospital,CHN,Health
984,Buddhist Tzu Chi Medical Foundation *,TWN,Health
985,Nagoya City University *,JPN,Universities
986,Shiga University of Medical Science *,JPN,Universities
987,Universidade de Tras-os-Montes e Alto Douro,PRT,Universities
988,Ankara University,TUR,Universities
988,"China Medical University, Taichung *",TWN,Universities
990,Tabriz University of Medical Sciences,IRN,Universities
991,China Medical University Hospital,TWN,Health
992,Clemson University,USA,Universities
993,Universidad de Puerto Rico *,PRI,Universities
994,Teikyo University *,JPN,Universities
995,Istanbul University Cerrahpasa *,TUR,Universities
996,International University of Health and Welfare *,JPN,Universities
997,Manipal University,IND,Universities
998,Tzu Chi University,TWN,Universities
999,Jonkoping University,SWE,Universities
1000,Universitatsklinikum Tubingen,DEU,Health
1001,Ankara Yildirim Beyazit University,TUR,Universities
1002,"University of Science, Malaysia *",MYS,Universities
1003,George Washington The School of Medicine & Health Sciences,USA,Health
1004,Nippon Medical School *,JPN,Universities
1005,Nagoya University Hospital,JPN,Health
1006,The Jikei University School of Medicine *,JPN,Universities
1007,University of Ibadan,NGA,Universities
1008,St Marianna University School of Medicine *,JPN,Universities
1009,Hamamatsu University School of Medicine *,JPN,Universities
1010,Changi General Hospital ,SGP,Health
1011,"Universidad de Puerto Rico, Ciencias Medicas",PRI,Universities
1012,University of Toyama *,JPN,Universities
1013,Kurume University *,JPN,Universities
1014,Chiba University Hospital,JPN,Health
1015,Marmara University *,TUR,Universities
1016,Tokyo Metropolitan University,JPN,Universities
1017,Shuang Ho Hospital,TWN,Health
1018,University of Cyprus,CYP,Universities
1019,Russian Academy of Medical Sciences,RUS,Health
1020,"Asia University, Taiwan",TWN,Universities
1021,"Universite de Picardie Jules Verne, Amiens *",FRA,Universities
1022,Universidad de Santiago de Chile,CHL,Universities
1023,Niigata University of Health and Welfare,JPN,Universities
1024,University of Limpopo,ZAF,Universities
