Global Rank,Institution,Country,Sector
1,Chinese Academy of Sciences *,CHN,Government
2,Ministry of Education of the People's Republic of China,CHN,Government
3,Centre National de la Recherche Scientifique *,FRA,Government
4,Ministry of Agriculture,CHN,Government
5,Consejo Superior de Investigaciones Cientificas *,ESP,Government
6,Chinese Academy of Fishery Sciences,CHN,Government
7,National Oceanic and Atmospheric Administration,USA,Government
8,University of Chinese Academy of Sciences,CHN,Universities
9,Helmholtz Gemeinschaft *,DEU,Government
10,Shanghai Ocean University,CHN,Universities
11,Ocean University of China,CHN,Universities
12,Leibniz Gemeinschaft *,DEU,Government
13,Commonwealth Scientific and Industrial Research Organization *,AUS,Government
14,United States Geological Survey,USA,Government
15,Institut Francais de Recherche pour l'Exploitation de la Mer *,FRA,Government
16,Universidade de Sao Paulo *,BRA,Universities
17,State Oceanic Administration,CHN,Government
18,Consiglio Nazionale delle Ricerche *,ITA,Government
19,University of Washington *,USA,Universities
20,Russian Academy of Sciences *,RUS,Government
21,Indian Council of Agricultural Research *,IND,Government
22,Kafrelsheikh University,EGY,Universities
23,Institut de Recherche pour le Developpement Paris *,FRA,Government
24,European Commission *,MUL,Government
25,European Commission - Joint Research Centre,MUL,Government
26,Institute of Marine Research,NOR,Government
27,The University of British Columbia,CAN,Universities
28,"Institute of Oceanology, Chinese Academy of Sciences",CHN,Government
29,Consejo Nacional de Investigaciones Cientificas y Tecnicas *,ARG,Government
30,University of Malakand,PAK,Universities
31,James Cook University *,AUS,Universities
32,Consejo Nacional de Ciencia y Tecnologia *,MEX,Government
33,Technical University of Denmark,DNK,Universities
34,Peoples'Friendship University of Russia,RUS,Universities
35,"Institute of Hydrobiology, Chinese Academy of Sciences",CHN,Government
36,Wageningen University and Research Centre *,NLD,Universities
37,National Aeronautics and Space Administration *,USA,Government
38,Zhejiang University *,CHN,Universities
39,Alfred Wegener Institut fur Polar und Meeresforschung,DEU,Government
40,National Pingtung University of Science and Technology,TWN,Universities
41,"University of California, Davis *",USA,Universities
42,Huazhong University of Science and Technology *,CHN,Universities
43,Chiang Mai University,THA,Universities
44,Friedrich Loeffler Institutes Bundesforschungsinstitut fur Tiergesundheit,DEU,Government
45,Norwegian University of Life Sciences,NOR,Universities
46,Northwest A and F University,CHN,Universities
47,National Veterinary Institute,NOR,Government
48,Michigan State University,USA,Universities
49,Universita degli Studi di Siena,ITA,Universities
50,Universidad de Cordoba *,ESP,Universities
51,Sorbonne Universite *,FRA,Universities
52,United States Department of Agriculture,USA,Government
53,Central South University *,CHN,Universities
54,University of Dundee,GBR,Universities
55,Ningbo University,CHN,Universities
56,Guangdong Ocean University,CHN,Universities
57,"University of Hawaii, Manoa *",USA,Universities
58,Huazhong Agricultural University,CHN,Universities
59,Dalian University of Technology,CHN,Universities
60,Aarhus University *,DNK,Universities
61,Xiamen University *,CHN,Universities
62,Hohai University,CHN,Universities
63,Universidade do Porto *,PRT,Universities
64,University of Tasmania,AUS,Universities
65,Stanford University *,USA,Universities
66,United Nations *,MUL,Non-Profit
67,Oregon State University,USA,Universities
68,Harvard University *,USA,Universities
69,University of Florida *,USA,Universities
70,Woods Hole Oceanographic Institution,USA,Non-Profit
71,Lanzhou University *,CHN,Universities
72,Tsinghua University *,CHN,Universities
73,"University of California, Santa Barbara",USA,Universities
74,Duke University *,USA,Universities
75,National Oceanography Centre Southampton,GBR,Government
76,"Northwest University, Xi'an",CHN,Universities
77,Instituto Espanol de Oceanografia,ESP,Government
78,Qingdao University of Technology,CHN,Universities
79,Dalhousie University *,CAN,Universities
80,"University of California, San Diego *",USA,Universities
81,Zhejiang University of Technology,CHN,Universities
82,East China Normal University,CHN,Universities
83,National Institute of Oceanography and Fisheries,EGY,Government
84,China Agricultural University,CHN,Universities
85,Sun Yat-Sen University *,CHN,Universities
86,Universita degli Studi di Napoli Federico II,ITA,Universities
87,Ghent University,BEL,Universities
88,"Yantai Institute of Coastal Zone Research, Chinese Academy of Sciences",CHN,Government
89,Institut Universitaire de France,FRA,Government
90,Universidade Estadual Paulista Julio de Mesquita Filho,BRA,Universities
91,Universidad de Concepcion *,CHL,Universities
92,University of Cambridge *,GBR,Universities
93,The University of Queensland *,AUS,Universities
94,Suan Sunandha Rajabhat University,THA,Universities
95,Shanghai Maritime University,CHN,Universities
96,Instituto Nacional de Pesquisas Espaciais,BRA,Government
97,Zagazig University *,EGY,Universities
98,Northeast Agricultural University,CHN,Universities
99,Gorgan University of Agricultural Sciences and Natural Resources,IRN,Universities
100,NASA Goddard Space Flight Center,USA,Government
101,Jet Propulsion Laboratory,USA,Government
101,Vrije Universiteit Amsterdam *,NLD,Universities
103,"European Commission - Joint Research Centre Ispra, Italy",ITA,Government
104,The University of Western Australia,AUS,Universities
105,"ParisTech, Institut des Sciences et Technologies de Paris - PRES *",FRA,Government
106,WorldFish Center,MUL,Non-Profit
107,"Indian Institute of Technology, Roorkee",IND,Universities
108,University of Stirling,GBR,Universities
109,National University of Singapore *,SGP,Universities
110,CGIAR Consortium of International Agricultural Research *,MUL,Non-Profit
111,Academy of Sciences of the Czech Republic *,CZE,Government
112,National Center for Genetic Engineering and Biotechnology,THA,Government
113,Australian Research Council *,AUS,Government
114,University of Tromso - The Arctic University of Norway,NOR,Universities
115,"University of California, Santa Cruz",USA,Universities
116,China Institute of Water Resources and Hydropower Research,CHN,Government
117,University of Miami *,USA,Universities
118,University of Exeter,GBR,Universities
119,Instituto Nacional de Pesquisas da Amazonia,BRA,Government
120,Universidad Nacional Autonoma de Mexico,MEX,Universities
121,University of Gothenburg,SWE,Universities
122,Hunan Normal University,CHN,Universities
123,Jimei University,CHN,Universities
124,Peking University *,CHN,Universities
125,University Putra Malaysia,MYS,Universities
126,Jiangsu University *,CHN,Universities
127,Helmholtz-Zentrum fur Ozeanforschung Kiel Umgewandelt,DEU,Government
128,National Science and Technology Development Agency *,THA,Government
128,California Institute of Technology *,USA,Universities
130,"South China Sea Institute of Oceanology, Chinese Academy of Sciences",CHN,Government
131,Australian Research Council Centre of Excellence for Coral Reef Studies,AUS,Government
132,Stazione Zoologica Anton Dohrn Napoli,ITA,Government
133,Zhejiang Ocean University,CHN,Universities
134,Hebrew University of Jerusalem,ISR,Universities
135,Deltares,NLD,Non-Profit
136,Museu Paraense Emilio Goeldi,BRA,Government
137,University of Nottingham *,GBR,Universities
138,Cornell University *,USA,Universities
139,Harper Adams University College,GBR,Universities
140,Natural Environment Research Council *,GBR,Government
141,WorldFish Center Malaysia,MYS,Non-Profit
142,"Institut National de Recherche pour l'Agriculture, l'Alimentation et l'Environnement *",FRA,Government
143,University of Southampton,GBR,Universities
144,University of Tokyo *,JPN,Universities
145,University of Tehran,IRN,Universities
146,Petronas University of Technology,MYS,Universities
147,Center for Disease Control and Prevention China,CHN,Health
148,University College London *,GBR,Universities
149,Beijing Normal University *,CHN,Universities
150,"University of California, Berkeley *",USA,Universities
151,University of Copenhagen,DNK,Universities
152,University of Melbourne *,AUS,Universities
153,"United Nations Educational, Scientific and Cultural Organization",MUL,Non-Profit
154,US Environmental Protection Agency,USA,Government
155,Station Biologique de Roscoff,FRA,Government
156,Polish Academy of Sciences *,POL,Government
157,"Aerospace Information Research Institute, Chinese Academy of Sciences",CHN,Government
158,Universidade de Lisboa *,PRT,Universities
159,"University of California, Los Angeles *",USA,Universities
160,Universita degli Studi di Palermo,ITA,Universities
161,Universita Politecnica delle Marche,ITA,Universities
162,Universitat Politecnica de Valencia *,ESP,Universities
163,University of Bergen,NOR,Universities
164,Stockholm University,SWE,Universities
165,Norwegian University of Science and Technology,NOR,Universities
166,University of Sussex *,GBR,Universities
166,Massachusetts Institute of Technology *,USA,Universities
168,University of Toronto,CAN,Universities
169,Gyeongsang National University *,KOR,Universities
170,Princeton University,USA,Universities
171,"University of Wisconsin, Madison *",USA,Universities
171,Universite Paris-Saclay *,FRA,Universities
173,"University of Texas, Austin",USA,Universities
174,Galway-Mayo Institute of Technology,IRL,Universities
175,"University of North Carolina, Chapel Hill *",USA,Universities
176,Universidade de Vigo *,ESP,Universities
177,Jiangnan University *,CHN,Universities
178,Agricultural Research Center Egypt *,EGY,Government
179,University of Oxford,GBR,Universities
180,Universidade Federal de Santa Catarina *,BRA,Universities
181,Hainan University,CHN,Universities
182,"University of Michigan, Ann Arbor *",USA,Universities
183,University of South Florida System *,USA,Universities
184,Universite PSL *,FRA,Universities
185,"Norwegian Institute of Food, Fisheries and Aquaculture Research",NOR,Government
186,Museum National d'Histoire Naturelle *,FRA,Government
187,Environment Canada,CAN,Government
188,Universite de Bretagne Occidentale *,FRA,Universities
189,Prince of Songkla University,THA,Universities
190,Shandong University *,CHN,Universities
191,Uppsala University,SWE,Universities
192,Universidade do Algarve,PRT,Universities
193,Australian Institute of Marine Science,AUS,Government
194,Institut Catala de Recerca de l'Aigua,ESP,Government
195,Centre National d'Etudes Spatiales *,FRA,Government
195,University of Namur,BEL,Universities
197,Tarbiat Modares University,IRN,Universities
198,South China Agricultural University,CHN,Universities
199,Plymouth Marine Laboratory,GBR,Government
200,Hokkaido University *,JPN,Universities
201,King Abdullah University of Science and Technology,SAU,Universities
201,Pennsylvania State University *,USA,Universities
203,"Institute of Geographic Sciences and Natural Resources Research, Chinese Academy of Sciences",CHN,Government
204,Universite Cote d’Azur *,FRA,Universities
205,Plymouth University,GBR,Universities
206,Universite Montpellier *,FRA,Universities
207,"University of California, Irvine *",USA,Universities
208,Veterinarmedizinische Universitat Wien *,AUT,Universities
209,Max Planck Gesellschaft *,DEU,Government
210,University for Development Studies,GHA,Universities
211,Dalian Ocean University,CHN,Universities
212,Hong Kong Polytechnic University,HKG,Universities
213,"Agence Nationale de la Securite Sanitaire de l'Alimentation, de l'Environnement et du Travail *",FRA,Health
214,Auburn University,USA,Universities
215,Universidade de Coimbra *,PRT,Universities
216,University of Helsinki,FIN,Universities
217,Centro de Investigaciones Biologicas del Noroeste,MEX,Government
218,Freie Universitat Berlin,DEU,Universities
219,North Carolina State University,USA,Universities
220,Universidad de Murcia *,ESP,Universities
221,Geoforschungszentrum Potsdam,DEU,Government
222,"Rutgers, The State University of New Jersey",USA,Universities
223,"Texas A&M University, College Station *",USA,Universities
224,Norwegian Institute for Water Research,NOR,Government
225,University of Tabriz,IRN,Universities
226,Chinese Academy of Agricultural Sciences *,CHN,Government
227,University of Illinois at Urbana-Champaign *,USA,Universities
228,King Saud University *,SAU,Universities
229,University of Oslo,NOR,Universities
230,Institut de Ciencies del Mar ,ESP,Government
231,Leiden University *,NLD,Universities
232,Pukyong National University,KOR,Universities
233,Sultan Qaboos University *,OMN,Universities
234,Utrecht University *,NLD,Universities
234,Wildlife Conservation Society *,MUL,Non-Profit
236,Monterey Bay Aquarium Research Institute,USA,Non-Profit
236,Carleton University,CAN,Universities
238,Centre Mediterrani d'Investigacions Marines i Ambientals CS,ESP,Government
238,Leibniz Institut fur Gewasserokologie und Binnenfischerei,DEU,Government
240,Laboratoire d'Etudes en Geophysique et Oceanographie Spatiales,FRA,Government
241,National Institute of Polar Research,JPN,Government
242,Swedish University of Agricultural Sciences,SWE,Universities
243,National Institute of Water & Atmospheric Research,NZL,Government
243,Council for Scientific and Industrial Research,ZAF,Government
245,Wildlife Conservation Society USA,USA,Non-Profit
246,University of Arizona *,USA,Universities
247,University of St. Andrews,GBR,Universities
248,Mahidol University *,THA,Universities
249,Institut de Diagnosi Ambiental i Estudis de l'Aigua,ESP,Government
250,Sichuan University *,CHN,Universities
251,Universidad de Granada *,ESP,Universities
252,"Universite Paul Sabatier, Toulouse III *",FRA,Universities
253,Royal Netherlands Institute for Sea Research,NLD,Government
254,"University of Technology, Sydney",AUS,Universities
255,Centro de Investigacion y Desarrollo Pascual Vila CS,ESP,Government
255,SINTEF Group,NOR,Companies
257,Griffith University,AUS,Universities
258,"Newcastle University, Newcastle upon Tyne",GBR,Universities
259,Henan Normal University,CHN,Universities
260,"University of Maryland, Baltimore",USA,Universities
261,University of Novi Sad,SRB,Universities
262,University of Zagreb,HRV,Universities
263,Commissariat a l'Energie Atomique et aux Energies Alternatives *,FRA,Government
264,L'Alma Mater Studiorum - Universita di Bologna,ITA,Universities
265,The University of Edinburgh *,GBR,Universities
266,Memorial University of Newfoundland,CAN,Universities
267,Universidad de Chile *,CHL,Universities
268,Colorado School of Mines,USA,Universities
269,"AgroParisTech, Institut des Sciences et Industries du Vivant et de l'Environnement",FRA,Universities
270,"University of Michigan, Flint",USA,Universities
271,Qingdao University of Science and Technology,CHN,Universities
272,Central Institute of Fisheries Education,IND,Government
273,Finnish Environment Institute,FIN,Government
274,Nanyang Technological University *,SGP,Universities
275,Purdue University,USA,Universities
276,"University of Wisconsin, Milwaukee",USA,Universities
277,South China Normal University,CHN,Universities
278,Smithsonian Institution *,USA,Government
279,Wuhan University *,CHN,Universities
279,Alexandria University *,EGY,Universities
281,Florida State University *,USA,Universities
282,Universitat de Barcelona *,ESP,Universities
283,South China University of Technology,CHN,Universities
284,Norwegian Polar Institute,NOR,Government
285,University of Victoria,CAN,Universities
286,University of Notre Dame,USA,Universities
287,University of Ottawa,CAN,Universities
288,Institute of Botany of the ASCR,CZE,Government
289,Centre for Ecology and Hydrology,GBR,Government
290,University of New South Wales,AUS,Universities
291,Guangzhou University,CHN,Universities
292,New York University *,USA,Universities
293,Nanjing Agricultural University,CHN,Universities
294,Empresa Brasileira de Pesquisa Agropecuaria *,BRA,Government
295,Universitat Bremen *,DEU,Universities
296,University of South Florida-Saint Petersburg,USA,Universities
297,Kagoshima University *,JPN,Universities
298,Hungarian University of Agriculture and Life Sciences,HUN,Universities
299,Ecole Pratique des Hautes Etudes,FRA,Universities
300,Nanjing Hydraulic Research Institute,CHN,Government
301,University of Mississippi *,USA,Universities
302,Universidad de Almeria *,ESP,Universities
303,Universite de Lausanne,CHE,Universities
304,Universidade de Aveiro,PRT,Universities
305,Universita degli Studi di Padova,ITA,Universities
306,Guangdong Academy of Sciences *,CHN,Government
307,Korea University of Science and Technology,KOR,Universities
308,Rheinische Friedrich-Wilhelms-Universitat Bonn *,DEU,Universities
309,University of Auckland,NZL,Universities
310,"University of Maine, Orono",USA,Universities
311,University of Groningen *,NLD,Universities
312,University of Debrecen,HUN,Universities
313,"Louisiana State University, Baton Rouge",USA,Universities
314,"University of Colorado, Boulder *",USA,Universities
315,Macquarie University *,AUS,Universities
316,University of Southern California *,USA,Universities
317,Nanjing Normal University,CHN,Universities
318,Tokyo University of Marine Science and Technology,JPN,Universities
319,Dalian Maritime University,CHN,Universities
320,University of Zabol,IRN,Universities
321,Sungkyunkwan University,KOR,Universities
322,Simon Fraser University,CAN,Universities
323,Lawrence Berkeley National Laboratory *,USA,Government
324,Nanjing Forestry University,CHN,Universities
325,College of William and Mary,USA,Universities
326,National Taiwan Normal University,TWN,Universities
327,James Cook University Singapore,SGP,Universities
328,Nord University,NOR,Universities
329,Instituto Politecnico Nacional *,MEX,Universities
330,AZTI,ESP,Government
331,Basque Research and Technology Alliance *,ESP,Government
332,Scottish Association for Marine Science,GBR,Non-Profit
333,Food and Agriculture Organization of the United Nations,MUL,Non-Profit
333,"Food and Agriculture Organisation of the United Nations, Italy",ITA,Non-Profit
335,Shenyang Agricultural University,CHN,Universities
336,"University of Maryland, Center for Environmental Science",USA,Government
337,Instituto de Pesquisas Jardim Botanico do Rio de Janeiro,BRA,Government
338,Universitat Hamburg *,DEU,Universities
339,Universidad Autonoma de Baja California,MEX,Universities
340,Shanghai Jiao Tong University *,CHN,Universities
341,South African National Biodiversity Institute,ZAF,Government
342,Universite du Quebec en Quebec *,CAN,Universities
343,"Colorado State University, Fort Collins *",USA,Universities
344,University of Alberta,CAN,Universities
345,Universidad de las Palmas de Gran Canaria *,ESP,Universities
346,Queen's University Belfast,GBR,Universities
347,Universidad de la Costa,COL,Universities
348,COMSATS Institute of Information Technology *,PAK,Universities
349,University of Virginia *,USA,Universities
350,Chungnam National University,KOR,Universities
351,Southern Cross University,AUS,Universities
352,Leibniz-Zentrum fur Marine Tropenokologie,DEU,Government
353,Seoul National University *,KOR,Universities
354,Jinan University *,CHN,Universities
355,Korea University *,KOR,Universities
356,University of Bristol,GBR,Universities
357,Laboratoire d'Oceanographie de Villefranche,FRA,Government
358,British Antarctic Survey,GBR,Government
359,Chongqing University,CHN,Universities
360,Johns Hopkins University *,USA,Universities
361,Linkoping University,SWE,Universities
361,Charles University *,CZE,Universities
363,Qingdao University *,CHN,Universities
364,"Nanjing Institute of Geography and Limnology, Chinese Academy of Sciences",CHN,Government
365,Swiss Federal Institute of Aquatic Science and Technology,CHE,Government
366,Masaryk University,CZE,Universities
367,Jagiellonian University,POL,Universities
368,California Academy of Sciences,USA,Non-Profit
369,Delft University of Technology,NLD,Universities
369,Humboldt-Universitat zu Berlin,DEU,Universities
371,Jilin Agricultural University,CHN,Universities
372,Fujian Agriculture and Forestry University,CHN,Universities
373,Zhongkai University of Agriculture and Engineering,CHN,Universities
374,Alagappa University,IND,Universities
375,University of Malaya *,MYS,Universities
376,Florida International University,USA,Universities
377,University of Northern British Columbia,CAN,Universities
378,National Kaohsiung University of Science and Technology,TWN,Universities
379,Swansea University,GBR,Universities
380,LEMAR Laboratoire des Sciences d'Environnement Marin,FRA,Government
381,Universitat Innsbruck *,AUT,Universities
382,Kasetsart University,THA,Universities
383,University of Sydney,AUS,Universities
384,Zhengzhou University *,CHN,Universities
385,Deakin University *,AUS,Universities
386,Swiss Federal Institute of Technology,CHE,Universities
387,University of Georgia,USA,Universities
388,Universidade Federal do Rio Grande,BRA,Universities
389,University of East Anglia *,GBR,Universities
390,Murdoch University,AUS,Universities
391,Universitat Autonoma de Barcelona *,ESP,Universities
392,Virginia Polytechnic Institute and State University,USA,Universities
392,Japan Agency for Marine-Earth Science and Technology,JPN,Government
394,Programa Iniciativa Cientifica Milenio *,CHL,Government
395,"Heriot-Watt University, United Kingdom",GBR,Universities
396,Universita degli Studi di Pavia,ITA,Universities
397,Carl von Ossietzky Universitat Oldenburg,DEU,Universities
398,Universidad de Alcala *,ESP,Universities
399,Agricultural Research Education and Extension Organization *,IRN,Government
400,Nanchang University *,CHN,Universities
401,Heriot-Watt University *,MUL,Universities
402,University of Western Ontario,CAN,Universities
403,Istituto di Scienze Marine,ITA,Government
404,Laval University,CAN,Universities
405,Universita degli Studi di Messina,ITA,Universities
406,Universite de Geneve,CHE,Universities
407,Radboud University Nijmegen,NLD,Universities
408,University of Cape Town,ZAF,Universities
409,Universidad del Atlantico,COL,Universities
410,"University of the West Indies, Mona Campus *",JAM,Universities
410,University of Utah *,USA,Universities
412,Lunds University,SWE,Universities
413,Universita della Calabria,ITA,Universities
414,Kyungpook National University *,KOR,Universities
415,Universite du Quebec en Montreal,CAN,Universities
416,"Monash University, Melbourne *",AUS,Universities
417,"University of Alaska, Fairbanks",USA,Universities
418,Leibniz-Institut fur Ostseeforschung Warnemunde,DEU,Government
419,Zoological Society of London,GBR,Non-Profit
420,Columbia University *,USA,Universities
421,Sylhet Agricultural University,BGD,Universities
422,Imperial College London,GBR,Universities
423,Helmholtz-Zentrum Hereon,DEU,Government
424,University of Central Florida,USA,Universities
425,Bureau de Recherches Geologiques et Minieres,FRA,Government
425,"National University of Ireland, Galway",IRL,Universities
427,University of Guelph,CAN,Universities
428,Universitat Rostock *,DEU,Universities
429,Universidade Federal do Rio de Janeiro *,BRA,Universities
430,Yale University *,USA,Universities
431,Institut de Recerca i Tecnologia Agroalimentaries Barcelona *,ESP,Government
432,Universidade Estadual de Maringa,BRA,Universities
433,United States Fish and Wildlife Service,USA,Government
434,York University,CAN,Universities
434,University of Wollongong *,AUS,Universities
436,Shenzhen University,CHN,Universities
437,Universita degli Studi di Bari,ITA,Universities
438,Boston University *,USA,Universities
438,Diponegoro University,IDN,Universities
440,Bournemouth University,GBR,Universities
441,Technische Universitat Munchen *,DEU,Universities
442,The University of Adelaide,AUS,Universities
443,Institute of Oceanology Polish Academy of Sciences,POL,Government
444,National Institute of Pharmaceutical Education and Research,IND,Universities
445,Universitat de les Illes Balears *,ESP,Universities
446,Universidade Federal do Parana,BRA,Universities
447,Aristotle University of Thessaloniki,GRC,Universities
448,University of Waterloo,CAN,Universities
449,"University of Massachusetts, Amherst",USA,Universities
450,Universitat Bern,CHE,Universities
451,Tokyo University of Agriculture and Technology,JPN,Universities
452,Friedrich-Schiller-Universitat Jena *,DEU,Universities
453,Arizona State University *,USA,Universities
454,Ministry of Water Resources of China,CHN,Government
455,University of the Sunshine Coast,AUS,Universities
456,Konkuk University *,KOR,Universities
457,Kunsan National University,KOR,Universities
458,Pontificia Universidad Catolica de Chile *,CHL,Universities
459,Universita degli Studi di Napoli Parthenope,ITA,Universities
460,University of Antwerp,BEL,Universities
461,Universitat de Valencia *,ESP,Universities
462,University of Rhode Island,USA,Universities
463,Institute of Microbiology of the ASCR,CZE,Government
464,University of Amsterdam *,NLD,Universities
465,Centro de Investigacion en Alimentacion y Desarrollo,MEX,Government
466,Tianjin University *,CHN,Universities
467,Aix-Marseille Universite *,FRA,Universities
467,Universita degli Studi di Pisa,ITA,Universities
467,"State University of New York, Stony Brook *",USA,Universities
470,"University of Science, Malaysia *",MYS,Universities
471,Tongji University *,CHN,Universities
472,University of Liverpool *,GBR,Universities
473,"Northwest Institute of Eco-Environment and Resources, Chinese Academy of Sciences",CHN,Government
474,Sichuan Agricultural University,CHN,Universities
475,Jilin University *,CHN,Universities
476,San Jose State University,USA,Universities
477,Cardiff University,GBR,Universities
477,Academia Sinica *,TWN,Government
479,King Abdulaziz University *,SAU,Universities
480,British Geological Survey,GBR,Government
481,"Wuhan Botanical Garden, Chinese Academy of Sciences",CHN,Government
482,"Ormat Technologies, United States",USA,Companies
482,Ormat Technologies Inc *,MUL,Companies
484,Nanjing University of Information Science and Technology,CHN,Universities
485,Curtin University *,AUS,Universities
486,Universitat zu Koln,DEU,Universities
487,Anhui Agricultural University,CHN,Universities
488,"University of Missouri, Columbia *",USA,Universities
489,Universita degli Studi di Milano-Bicocca,ITA,Universities
490,Trinity College Dublin *,IRL,Universities
491,Universite de Lille *,FRA,Universities
492,Bulgarian Academy of Sciences *,BGR,Government
493,Kyushu University *,JPN,Universities
494,Pontificia Universidad Catolica de Valparaiso *,CHL,Universities
495,"Northeast Institute of Geography and Agroecology, Chinese Academy of Sciences",CHN,Government
496,Universidad de Cadiz *,ESP,Universities
497,Universitat Wien,AUT,Universities
498,Australian National University,AUS,Universities
499,Iranian Fisheries Science Research Institute,IRN,Government
500,National Technical University of Athens,GRC,Universities
501,Universite de Rennes 1 *,FRA,Universities
502,Ernst-Moritz-Arndt-Universitat Greifswald *,DEU,Universities
502,Shahid Chamran University,IRN,Universities
504,University of Bialystok,POL,Universities
505,Chinese Academy of Geological Sciences *,CHN,Government
506,University of Dar es Salaam,TZA,Universities
507,China University of Geosciences,CHN,Universities
508,University of Glasgow *,GBR,Universities
509,Universita degli Studi di Genova,ITA,Universities
510,Istituto per le Risorse Biologiche e le Biotecnologie Marine,ITA,Government
511,Florida Atlantic University,USA,Universities
512,Harbin Institute of Technology,CHN,Universities
513,Kyoto University *,JPN,Universities
514,Centre d'Estudis Avancats de Blanes,ESP,Government
515,"University of Connecticut, Storrs *",USA,Universities
516,National Research and Innovation Agency *,IDN,Government
517,Catholic University of Leuven,BEL,Universities
518,University of Delaware,USA,Universities
519,Shandong Agricultural University,CHN,Universities
520,University of South Bohemia,CZE,Universities
521,Chang'an University ,CHN,Universities
522,Universidade Federal do Para,BRA,Universities
523,Yangzhou University,CHN,Universities
524,"Ohio State University, Columbus *",USA,Universities
525,Universite de Pau et des Pays de l'Adour *,FRA,Universities
526,McGill University,CAN,Universities
527,Institut Universitaire Europeen de la Mer,FRA,Government
528,Centros Regionales CONICYT *,CHL,Government
529,Universite de Liege,BEL,Universities
530,National Taiwan University,TWN,Universities
531,Royal Netherlands Academy of Arts and Sciences *,NLD,Government
532,Nagoya University *,JPN,Universities
533,Southwest University *,CHN,Universities
534,Cairo University *,EGY,Universities
535,"Southern Illinois University, Carbondale *",USA,Universities
536,University of Aberdeen,GBR,Universities
537,Universita degli Studi Ca Foscari di Venezia,ITA,Universities
538,Institut Mediterrani d'Estudis Avancats,ESP,Government
539,University of Burdwan,IND,Universities
540,Ecole Polytechnique Federale de Lausanne,CHE,Universities
541,Universite de La Rochelle *,FRA,Universities
542,"University of Technology, Malaysia",MYS,Universities
543,"Queen Mary, University of London",GBR,Universities
544,Christian-Albrechts-Universitat zu Kiel,DEU,Universities
545,Universita degli Studi di Salerno,ITA,Universities
545,Universita degli Studi di Torino,ITA,Universities
547,Oak Ridge National Laboratory,USA,Government
548,University Malaysia Terengganu,MYS,Universities
548,Umea University *,SWE,Universities
550,Hunan Agricultural University,CHN,Universities
551,Tel Aviv University,ISR,Universities
552,Netherlands Institute of Ecology,NLD,Government
553,Universitat fur Bodenkultur Wien *,AUT,Universities
554,Cawthron Institute,NZL,Government
554,Istituto Nazionale di Geofisica e Vulcanologia,ITA,Government
556,Old Dominion University,USA,Universities
557,U.S. Army *,USA,Government
558,Geosciences Environnement Toulouse,FRA,Government
559,West Pomeranian University of Technology,POL,Universities
560,The University of Hull,GBR,Universities
560,Norwegian Institute for Nature Research,NOR,Government
562,Huzhou University,CHN,Universities
563,Universita degli Studi di Milano,ITA,Universities
564,A.N. Severtsov Institute of Ecology and Evolution Russian Academy of Sciences,RUS,Government
565,"Secretaria de Ciencia, Tecnologia e Innovacion Productiva *",ARG,Government
566,Rensselaer Polytechnic Institute,USA,Universities
567,Universita degli Studi di Firenze,ITA,Universities
568,Zoological Institute Russian Academy of Sciences,RUS,Government
568,Universidade Federal do Amapa,BRA,Universities
568,Chinese Research Academy of Environmental Sciences,CHN,Non-Profit
571,Central Agricultural University,IND,Universities
572,Universidad de Los Lagos,CHL,Universities
573,Bangladesh Agricultural University,BGD,Universities
574,Czech University of Life Sciences Prague,CZE,Universities
575,Instituto Smithsonian de Investigaciones Tropicales,PAN,Government
576,Israel Oceanographic and Limnological Research *,ISR,Government
577,Flinders University,AUS,Universities
578,Tianjin Agricultural University,CHN,Universities
579,Rede de Quimica e Tecnologia,PRT,Non-Profit
580,Centre d'Etudes Biologiques de Chize,FRA,Government
581,"Research Center for Eco-Environmental Sciences, Chinese Academy of Sciences",CHN,Government
582,International Islamic University Malaysia,MYS,Universities
583,University of New Hampshire,USA,Universities
584,Korea Institute of Ocean Science & Technology *,KOR,Non-Profit
585,Natural Resources Institute Finland,FIN,Government
586,Smithsonian Environmental Research Center,USA,Government
587,Georgia Institute of Technology *,USA,Universities
587,Laboratoire des Sciences du Climat et l'Environnement,FRA,Government
589,Bogor Agricultural University,IDN,Universities
590,Universidade Federal do Tocantins,BRA,Universities
591,Jeju National University *,KOR,Universities
592,Universidad Autonoma Metropolitana,MEX,Universities
593,"Nova Southeastern University, Estados Unidos",USA,Universities
594,Senckenberg Forschungsinstitut und Naturmuseum *,DEU,Government
595,The University of Hong Kong *,HKG,Universities
596,Bedford Institute of Oceanography,CAN,Government
597,Instituto de Investigaciones Marinas ,ESP,Government
598,Nanjing University *,CHN,Universities
599,North China Electric Power University,CHN,Universities
599,Council of Scientific and Industrial Research *,IND,Government
601,Instituto Portugues do Mar e da Atmosfera,PRT,Government
602,Max Planck Institut fur Marine Mikrobiologie,DEU,Government
603,Universidad de Buenos Aires *,ARG,Universities
604,Stellenbosch University,ZAF,Universities
605,Universitat Politecnica de Catalunya *,ESP,Universities
606,Universidad de Sonora,MEX,Universities
607,Universita del Salento,ITA,Universities
608,New Mexico State University,USA,Universities
609,Animal Health Research Institute,EGY,Government
610,Wuhan University of Technology,CHN,Universities
611,Natural History Museum London,GBR,Government
612,National Research Centre *,EGY,Government
613,China Meteorological Administration,CHN,Government
614,Universidade Nova de Lisboa *,PRT,Universities
615,"Washington State University, Pullman *",USA,Universities
616,Universitat de Girona *,ESP,Universities
617,Qingdao Agricultural University,CHN,Universities
617,City University of New York *,USA,Universities
619,"New York University, Abu Dhabi",ARE,Universities
620,University of Ulster,GBR,Universities
621,Helmholtz Zentrum fur Umweltforschung,DEU,Government
622,Universidad de Valparaiso,CHL,Universities
623,Universidade Federal do ABC,BRA,Universities
623,National Marine Environmental Monitoring Center,CHN,Non-Profit
625,University of Vermont,USA,Universities
626,"University of Nebraska, Lincoln",USA,Universities
627,Krasnoyarsk Science Center of the Siberian Branch of the Russian Academy of Sciences,RUS,Government
627,Centro de Estudios Avanzados en Zonas Aridas,CHL,Government
629,Korea Research Institute of Bioscience and Biotechnology,KOR,Government
629,"Northeastern University, USA",USA,Universities
631,Universite de Caen Basse-Normandie *,FRA,Universities
632,Bangor University,GBR,Universities
633,Agricultural University of Athens,GRC,Universities
634,Universita degli Studi di Roma Tor Vergata,ITA,Universities
635,University of Otago,NZL,Universities
636,Ludong University,CHN,Universities
637,Institut Pierre Simon Laplace,FRA,Government
638,"University of Alabama, Tuscaloosa",USA,Universities
639,The University of Newcastle,AUS,Universities
640,Centre de Cooperation Internationale en Recherche Agronomique pour le Developpement *,FRA,Government
641,Shantou University *,CHN,Universities
642,University of Eastern Finland,FIN,Universities
643,Qatar University,QAT,Universities
644,Technische Universitat Kaiserslautern,DEU,Universities
645,University of Oklahoma *,USA,Universities
646,Rhodes University,ZAF,Universities
647,The University of Manchester *,GBR,Universities
648,Universita degli Studi di Perugia,ITA,Universities
649,Hebei University of Engineering,CHN,Universities
650,Centre de Recherches Insulaires et Observatoire de l'Environnement,FRA,Government
651,National Cheng Kung University,TWN,Universities
652,Universite de Nantes *,FRA,Universities
653,Universitat Zurich,CHE,Universities
654,Institut des Sciences de l'Evolution,FRA,Government
655,Southern University of Science and Technology,CHN,Universities
656,Universidade Federal do Rio Grande do Sul,BRA,Universities
657,University of York,GBR,Universities
658,University of Stavanger,NOR,Universities
659,Nelson Mandela Metropolitan University,ZAF,Universities
660,P P Shirshov Institute of Oceanology Russian Academy of Sciences,RUS,Government
661,Universidade Federal de Pernambuco,BRA,Universities
662,Universita degli Studi di Catania,ITA,Universities
663,University of Strathclyde *,GBR,Universities
664,Universite de Versailles Saint Quentin en Yvelines *,FRA,Universities
664,Bjerknes Centre for Climate Research,NOR,Government
666,Universita degli Studi di Roma La Sapienza,ITA,Universities
667,Cochin University of Science and Technology,IND,Universities
667,Norwegian Institute of Bioeconomy Research,NOR,Government
669,Universidad de Malaga *,ESP,Universities
670,Hungarian Academy of Sciences *,HUN,Government
671,Indiana University-Bloomington,USA,Universities
672,Universidad Austral de Chile *,CHL,Universities
673,University of New Mexico *,USA,Universities
674,University of Leeds,GBR,Universities
675,The Chinese University of Hong Kong *,HKG,Universities
676,National University of Malaysia *,MYS,Universities
677,Cukurova University,TUR,Universities
678,Universita degli Studi di Trento,ITA,Universities
679,Mississippi State University,USA,Universities
680,Universidade Federal de Minas Gerais,BRA,Universities
681,Brown University,USA,Universities
682,Hebei University *,CHN,Universities
683,Universidade Federal Fluminense,BRA,Universities
684,Universidad Politecnica de Cartagena *,ESP,Universities
685,University of New Brunswick,CAN,Universities
685,Istituto di Ricerca sulle Acque,ITA,Government
687,Shiraz University,IRN,Universities
688,Universite du Littoral Cote d'Opale *,FRA,Universities
689,Queensland Government *,AUS,Government
690,University of Regina,CAN,Universities
691,Laboratoire d'Oceanologie et de Geosciences,FRA,Government
692,Kindai University *,JPN,Universities
693,Gangneung-Wonju National University,KOR,Universities
694,Catholic University of Louvain,BEL,Universities
694,Iowa State University,USA,Universities
694,University of Manitoba,CAN,Universities
697,Shahjalal University of Science and Technology,BGD,Universities
698,"University of Massachusetts, Dartmouth",USA,Universities
699,Clemson University,USA,Universities
700,The University of Reading,GBR,Universities
701,Centro Cientifico Tecnologico Bahia Blanca,ARG,Government
702,"Institute of Tibetan Plateau Research, Chinese Academy of Sciences",CHN,Government
703,Universite de Bordeaux *,FRA,Universities
704,Estacion Biologica de Donana,ESP,Government
705,Escuela Superior Politecnica del Litoral,ECU,Universities
706,"Institut de Systematique, Evolution, Biodiversite",FRA,Government
707,Loughborough University,GBR,Universities
708,Royal Belgian Institute of Natural Sciences,BEL,Government
709,Universidade Federal da Bahia,BRA,Universities
710,Bharathidasan University,IND,Universities
711,Geological Survey of Denmark and Greenland,DNK,Government
712,Beijing Forestry University,CHN,Universities
712,Royal Institute of Technology,SWE,Universities
712,Canakkale Onsekiz Mart Universitesi *,TUR,Universities
715,Federal Research Centre Fundamentals of Biotechnology Russian Academy of Sciences,RUS,Government
715,University of South Florida,USA,Universities
715,"University of Tennessee, Knoxville *",USA,Universities
718,China Geological Survey *,CHN,Government
718,Guangxi University,CHN,Universities
720,University of Southern Denmark,DNK,Universities
721,Naturalis Biodiversity Center,NLD,Government
722,Universite de Perpignan Via Domitia *,FRA,Universities
723,Universita degli Studi di Trieste,ITA,Universities
724,"University of Alabama, Birmingham *",USA,Universities
724,Assiut University *,EGY,Universities
726,University of Warmia and Mazury,POL,Universities
727,Universidade de Santiago de Compostela *,ESP,Universities
728,Indian Institute of Tropical Meteorology,IND,Government
729,University of Nevada-Reno,USA,Universities
730,Charles Sturt University,AUS,Universities
731,Universite de Paris Cite *,FRA,Universities
732,Universidade do Minho,PRT,Universities
733,Centre for Ecological Research,HUN,Government
734,Universita degli Studi di Ferrara,ITA,Universities
735,"Texas A&M University, Corpus Christi",USA,Universities
736,University of Miyazaki *,JPN,Universities
737,Universidad San Sebastian,CHL,Universities
738,Siberian Federal University,RUS,Universities
739,University of Durham,GBR,Universities
740,Hiroshima University *,JPN,Universities
741,Tohoku University *,JPN,Universities
742,University of Malaysia Sabah,MYS,Universities
743,Cyprus University of Technology,CYP,Universities
744,University of the Philippines Diliman *,PHL,Universities
745,University of South Carolina *,USA,Universities
746,Institut National des Sciences de l'Univers,FRA,Government
747,Adam Mickiewicz University,POL,Universities
748,Finnish Meteorological Institute,FIN,Government
749,University Centre in Svalbard,NOR,Universities
750,University of Pretoria,ZAF,Universities
751,Biotechnology and Biological Sciences Research Council *,GBR,Government
752,Lancaster University *,GBR,Universities
753,Temple University *,USA,Universities
754,Technion - Israel Institute of Technology *,ISR,Universities
755,Universidade dos Acores,PRT,Universities
756,Aalborg University *,DNK,Universities
757,Trent University,CAN,Universities
758,Beijing University of Technology,CHN,Universities
759,Universidad Politecnica de Madrid *,ESP,Universities
759,Technical University of Kosice,SVK,Universities
761,Chulalongkorn University,THA,Universities
762,City University of Hong Kong *,HKG,Universities
763,"University of Montana, Missoula",USA,Universities
764,University of Jyvaskyla,FIN,Universities
765,University of Saskatchewan,CAN,Universities
766,University College Cork *,IRL,Universities
767,Benha University *,EGY,Universities
768,University of Oulu,FIN,Universities
769,Universidad de la Republica *,URY,Universities
770,Universidade de Tras-os-Montes e Alto Douro,PRT,Universities
771,Technische Universitat Berlin,DEU,Universities
772,University of KwaZulu-Natal *,ZAF,Universities
773,Wilfrid Laurier University,CAN,Universities
774,Laboratoire d'Oceanographie et du Climat: Experimentations et Approches Numeriques,FRA,Government
775,University of Hyogo,JPN,Universities
776,Fuzhou University,CHN,Universities
777,Kanazawa University *,JPN,Universities
778,Universite de Toulouse,FRA,Universities
779,National Institute of Oceanography,IND,Government
780,Universidad de Sevilla *,ESP,Universities
781,University of Thessaly,GRC,Universities
782,Kobe University *,JPN,Universities
783,Rheinisch-Westfalische Technische Hochschule Aachen,DEU,Universities
784,The Pirbright Institute,GBR,Government
785,Biologie des Organismes et Ecosystemes Aquatiques,FRA,Government
786,Pacific Northwest National Laboratory,USA,Government
787,Instituto de Investigacion y Formacion Agraria y Pesquera *,ESP,Government
788,U.S. Department of Health & Human Services *,USA,Health
789,University of Idaho,USA,Universities
789,San Diego State University,USA,Universities
791,Universitat Potsdam,DEU,Universities
792,McMaster University,CAN,Universities
793,Hanyang University *,KOR,Universities
794,Universidad Catolica del Norte,CHL,Universities
795,Universite de Montreal,CAN,Universities
795,University of Calgary,CAN,Universities
797,Indian Institute of Science,IND,Universities
797,Marine Biological Laboratory,USA,Non-Profit
797,Charles Darwin University *,AUS,Universities
800,Universidad Nacional del Sur *,ARG,Universities
801,Environnements et Paleoenvironnements Oceaniques et Continentaux,FRA,Government
802,Universidade Federal Rural de Pernambuco,BRA,Universities
803,Stiftung Tierarztliche Hochschule Hannover,DEU,Universities
804,Politecnico di Milano,ITA,Universities
805,Jacobs University Bremen *,DEU,Universities
806,"Xinjiang Institute of Ecology and Geography, Chinese Academy of Sciences",CHN,Government
807,University of Ljubljana *,SVN,Universities
808,University of Hormozgan,IRN,Universities
809,Universita degli Studi di Cagliari,ITA,Universities
810,Baylor University,USA,Universities
811,University of Kashmir,IND,Universities
812,University of Veterinary and Animal Sciences,PAK,Universities
813,Universidad de Cantabria *,ESP,Universities
813,Universidade da Coruna,ESP,Universities
815,Queen's University,CAN,Universities
816,"Universidad Andres Bello, Chile",CHL,Universities
817,University of Kansas *,USA,Universities
817,Centre d'Ecologie Fonctionnelle et Evolutive Montpellier,FRA,Government
819,University of Iceland,ISL,Universities
820,"University of Minnesota, Duluth",USA,Universities
820,Smithsonian National Museum of Natural History,USA,Government
822,Bahir Dar University,ETH,Universities
823,Mansoura University *,EGY,Universities
824,Littoral Environnement et Societes,FRA,Government
825,Centro de Investigacion y de Estudios Avanzados del IPN *,MEX,Universities
825,University of Windsor,CAN,Universities
827,Universite Hassan II de Casablanca *,MAR,Universities
828,"Universite des Antilles, Guadeloupe *",GLP,Universities
829,Chonnam National University,KOR,Universities
830,University of the Philippines Los Banos,PHL,Universities
831,Istituto Nazionale di Oceanografia e Geofisica Sperimentale,ITA,Government
832,Universidad Nacional de Colombia *,COL,Universities
833,Martin-Luther-Universitat Halle-Wittenberg *,DEU,Universities
834,Universidade Federal de Santa Maria *,BRA,Universities
835,University of Toledo *,USA,Universities
835,China University of Mining and Technology,CHN,Universities
837,Ferdowsi University of Mashhad,IRN,Universities
838,Universitat d'Alacant *,ESP,Universities
839,"University of California, Riverside",USA,Universities
840,Bar-Ilan University,ISR,Universities
841,University of Houston,USA,Universities
842,Technische Universitat Darmstadt,DEU,Universities
843,University of Tartu,EST,Universities
844,Universidad de La Laguna,ESP,Universities
844,Universidad de Cartagena,COL,Universities
846,North Dakota State University,USA,Universities
847,Tufts University,USA,Universities
848,Kuwait Institute for Scientific Research *,KWT,Government
849,"University of Maryland, College Park *",USA,Universities
849,"University of Minnesota, Twin Cities *",USA,Universities
851,South African Institute for Aquatic Biodiversity,ZAF,Government
852,Universite Savoie Mont Blanc *,FRA,Universities
852,University of Crete,GRC,Universities
854,University of Warsaw,POL,Universities
855,Centro Cientifico Tecnologico de Santa Fe,ARG,Government
855,"Universite Paul Valery, Montpellier III *",FRA,Universities
855,University of Gdansk,POL,Universities
858,"Montpellier SupAgro, Centre International d'Etudes Superieures en Sciences Agronomiques *",FRA,Universities
859,Max Planck Institut fur Evolutionare Anthropologie,DEU,Government
860,Universidad Complutense de Madrid *,ESP,Universities
861,Environment and Life Sciences Research Center,KWT,Government
862,Cary Institute of Ecosystem Studies,USA,Non-Profit
863,Brawijaya University,IDN,Universities
864,Asian Institute of Technology,THA,Universities
865,Royal Melbourne Institute of Technology *,AUS,Universities
865,"State University of New York, Buffalo",USA,Universities
867,Universite de la Reunion,REU,Universities
868,Shihezi University,CHN,Universities
868,Queensland University of Technology,AUS,Universities
870,Indian Space Research Organization *,IND,Government
871,Universidade Federal de Lavras,BRA,Universities
872,National Taiwan Ocean University,TWN,Universities
872,Utah State University *,USA,Universities
874,Aegean University,GRC,Universities
875,Max Planck Institut fur Chemische Okologie,DEU,Government
875,The University of Sheffield,GBR,Universities
877,"University of Massachusetts, Boston",USA,Universities
878,"University of Louisiana, Lafayette",USA,Universities
879,Auckland University of Technology,NZL,Universities
880,Centro de Ecologia Aplicada y Sustentabilidad,CHL,Government
881,Kansas State University,USA,Universities
881,Universidad Nacional de Mar del Plata *,ARG,Universities
883,Shandong University of Science and Technology,CHN,Universities
884,Anna University,IND,Universities
885,Universitat Konstanz,DEU,Universities
886,King Khalid University,SAU,Universities
887,Universidad de Oviedo *,ESP,Universities
888,University of Southern Mississippi,USA,Universities
889,University of Haifa,ISR,Universities
890,Eberhard-Karls-Universitat Tubingen,DEU,Universities
891,Sri Ramaswamy Memorial University,IND,Universities
892,Universita degli Studi di Parma,ITA,Universities
893,Istituto per lo Studio degli Impatti Antropici e Sostenibilita in Ambiente Marino,ITA,Government
894,Universidade Federal do Sul da Bahia,BRA,Universities
894,Humboldt State University,USA,Universities
896,South Australian Research and Development Institute,AUS,Government
897,Universidad de Antofagasta,CHL,Universities
898,Universidade do Estado do Rio de Janeiro *,BRA,Universities
899,"University of Arkansas, Fayetteville",USA,Universities
899,Ludwig-Maximilians Universitat Munchen *,DEU,Universities
901,"Institute of Mountain Hazards and Environment, Chinese Academy of Sciences",CHN,Government
902,Universidad Nacional del Litoral *,ARG,Universities
903,University of Ilorin,NGA,Universities
904,"Agenzia Nazionale per le nuove Tecnologie, l'Energia e lo Sviluppo Economico Sostenibile",ITA,Government
905,Universidade Federal do Rio Grande do Norte,BRA,Universities
906,Technische Universitat Dresden,DEU,Universities
907,National Sun Yat-sen University,TWN,Universities
908,University of the Highlands and Islands,GBR,Universities
909,University of Patras,GRC,Universities
910,Virginia Commonwealth University *,USA,Universities
911,Lomonosov  Moscow State University,RUS,Universities
912,Universidad Rey Juan Carlos *,ESP,Universities
913,University of South Australia,AUS,Universities
914,Can Tho University,VNM,Universities
915,Nihon University *,JPN,Universities
916,University of Twente,NLD,Universities
917,Universidade Federal do Espirito Santo,BRA,Universities
918,Universita degli Studi di Urbino Carlo Bo,ITA,Universities
919,Universidad del Pais Vasco *,ESP,Universities
920,Tulane University *,USA,Universities
921,Universidade Federal do Estado do Rio de Janeiro,BRA,Universities
922,"University of Connecticut, Avery Point",USA,Universities
923,University of Canterbury,NZL,Universities
924,University of Canberra,AUS,Universities
925,Universita degli Studi della Tuscia,ITA,Universities
926,Universidad de Guadalajara,MEX,Universities
926,Fudan University *,CHN,Universities
928,Institution de la Recherche et de l'Enseignement Superieur Agricoles *,TUN,Government
929,University of Portsmouth,GBR,Universities
930,Hong Kong Baptist University,HKG,Universities
931,Comenius University in Bratislava,SVK,Universities
932,Universita degli Studi di Sassari,ITA,Universities
933,Karlsruher Institut fur Technologie,DEU,Universities
934,Universidad del Magdalena,COL,Universities
935,Istanbul University *,TUR,Universities
936,University of Waikato,NZL,Universities
937,"Islamic Azad University, Science and Research Branch",IRN,Universities
938,National Dong Hwa University,TWN,Universities
938,University College Dublin,IRL,Universities
940,Universidade Federal do Ceara,BRA,Universities
941,Berlin-Brandenburgische Institut fur Biodiversitatsforschung,DEU,Health
941,Yancheng Institute of Technology,CHN,Universities
941,Northwest Normal University,CHN,Universities
941,Universite de Carthage *,TUN,Universities
945,Bowling Green State University,USA,Universities
946,China Three Gorges University,CHN,Universities
947,China University of Petroleum,CHN,Universities
947,Annamalai University,IND,Universities
949,Universidade de Brasilia,BRA,Universities
950,South Valley University *,EGY,Universities
951,Institut National de la Recherche Scientifique,CAN,Universities
952,Sari Agricultural Sciences and Natural Resources University,IRN,Universities
953,Universita degli Studi dell'Insubria,ITA,Universities
954,Pondicherry University,IND,Universities
955,UNESCO-IHE Institute for Water Education,NLD,Universities
956,Ruder Boskovic Institute *,HRV,Government
957,Gottfried Wilhelm Leibniz Universitat Hannover,DEU,Universities
958,University of Cape Coast,GHA,Universities
959,Universidade Federal de Sao Paulo *,BRA,Universities
960,Korea Maritime University,KOR,Universities
961,Guangdong University of Technology,CHN,Universities
962,Australian Antarctic Division,AUS,Government
963,Zhejiang Wanli University,CHN,Universities
964,Universitat Leipzig *,DEU,Universities
964,Ankara University,TUR,Universities
966,"California State University, Long Beach",USA,Universities
967,Universite Libre de Bruxelles,BEL,Universities
968,Universidad Nacional de La Plata *,ARG,Universities
969,Texas A&M University at Galveston,USA,Universities
969,Instituto Geologico y Minero de Espana Madrid,ESP,Government
971,University of Oregon,USA,Universities
972,"California State University, Northridge",USA,Universities
973,Poznan University of Life Sciences,POL,Universities
974,Institute of Vertebrate Biology of the ASCR,CZE,Government
975,National Institute of Biology,SVN,Government
976,Xi'an University of Technology,CHN,Universities
977,Universitat Stuttgart,DEU,Universities
978,University of Athens,GRC,Universities
979,"Institute of Atmospheric Physics, Chinese Academy of Sciences",CHN,Government
980,Drexel University,USA,Universities
981,Karl Franzens Universitat Graz *,AUT,Universities
981,University of Lodz,POL,Universities
983,ExxonMobil *,MUL,Companies
984,Vrije Universiteit Brussel,BEL,Universities
985,University of Malta,MLT,Universities
986,Chapman University,USA,Universities
987,University of North Texas,USA,Universities
988,Universite de Strasbourg *,FRA,Universities
989,Max Planck Institut fur Biogeochemie,DEU,Government
990,Abo Academy University,FIN,Universities
991,Democritus University Of Thrace,GRC,Universities
992,"University of North Carolina, Wilmington",USA,Universities
992,City University of New York Graduate Center,USA,Universities
994,George Mason University,USA,Universities
995,Universita degli Studi dell Aquila,ITA,Universities
996,West Virginia University *,USA,Universities
997,"State University of New York, College of Environmental Science and Forestry",USA,Universities
998,"Institute of Urban Environment, Chinese Academy of Sciences",CHN,Government
998,Tanta University,EGY,Universities
1000,Universita degli Studi di Udine,ITA,Universities
1001,North-West University,ZAF,Universities
1002,Laboratoire d'Ecologie Fonctionnelle et Environnement,FRA,Government
1003,Aberystwyth University,GBR,Universities
1004,Noakhali Science and Technology University,BGD,Universities
1005,Nagasaki University *,JPN,Universities
1006,Biology Centre of the ASCR,CZE,Government
1007,Universidade Federal do Amazonas,BRA,Universities
1008,Universite de Lorraine *,FRA,Universities
1009,National Laboratory for Civil Engineering,PRT,Government
1009,Centro de Investigacion Cientifica y de Educacion Superior de Ensenada,MEX,Government
1011,Universidade Federal de Goias,BRA,Universities
1012,"University of the South Pacific, Fiji",FJI,Universities
1013,Universite du Quebec en Rimouski,CAN,Universities
1014,Rajshahi University,BGD,Universities
1015,Vietnam Academy of Science and Technology *,VNM,Government
1016,University of Prince Edward Island,CAN,Universities
1017,Victoria University of Wellington,NZL,Universities
1017,Michigan Technological University,USA,Universities
1019,Universite Grenoble-Alpes *,FRA,Universities
1020,The Hong Kong University of Science and Technology,HKG,Universities
1021,University of Tsukuba *,JPN,Universities
1022,Graduate University for Advanced Studies,JPN,Universities
1023,Northern Arizona University,USA,Universities
1024,Bangabandhu Sheikh Mujibur Rahman Agricultural University,BGD,Universities
1025,Edinburgh Napier University,GBR,Universities
1026,Universidade Estadual de Campinas *,BRA,Universities
1027,Al-Azhar University *,EGY,Universities
1028,Universidade do Estado de Santa Catarina,BRA,Universities
1029,Bharathiar University,IND,Universities
1030,University of Montenegro,MNE,Universities
1031,Taiyuan University of Technology,CHN,Universities
1032,National Institute for Environmental Studies,JPN,Government
1033,University of Bucharest,ROU,Universities
1034,Warsaw University of Life Sciences,POL,Universities
1035,Universidade Estadual de Londrina,BRA,Universities
1036,Universite de Toulon *,FRA,Universities
1037,Ben-Gurion University of the Negev *,ISR,Universities
1038,Yantai University,CHN,Universities
1039,Liverpool John Moores University,GBR,Universities
1040,"Indian Institute of Technology, Kharagpur",IND,Universities
1041,Louisiana State University Agricultural Center,USA,Non-Profit
1042,Mount Allison University,CAN,Universities
1043,Georg-August-Universitat Gottingen,DEU,Universities
1043,Universite de Haute-Alsace Mulhouse-Colmar *,FRA,Universities
1045,Yunnan University,CHN,Universities
1046,Agencia Paulista de Tecnologia dos Agronegocios *,BRA,Government
1047,American Museum of Natural History,USA,Government
1048,Klaipeda University,LTU,Universities
1049,Northeast Forestry University,CHN,Universities
1050,Korea Institute of Geoscience and Mineral Resources,KOR,Government
1050,Portland State University,USA,Universities
1052,"Montana State University, Bozeman",USA,Universities
1053,Johann Wolfgang Goethe-Universitat Frankfurt am Main *,DEU,Universities
1054,"Institute of Soil and Water Conservation, Chinese Academy of Sciences",CHN,Government
1055,San Francisco State University,USA,Universities
1056,Kuwait University *,KWT,Universities
1057,Bandung Institute of Technology,IDN,Universities
1058,Saint Petersburg State University,RUS,Universities
1059,National Chung Hsing University,TWN,Universities
1060,Technische Universitat Braunschweig,DEU,Universities
1061,Universidad Pablo de Olavide *,ESP,Universities
1062,"ExxonMobil, USA",USA,Companies
1063,University of Essex,GBR,Universities
1064,University of Venda,ZAF,Universities
1065,"Universidad de los Andes, Colombia *",COL,Universities
1066,Field Museum Natural History,USA,Government
1067,Universidade Federal de Rondonia,BRA,Universities
1068,Aligarh Muslim University,IND,Universities
1069,Kazimierz Wielki University,POL,Universities
1070,University of Nigeria,NGA,Universities
1071,Justus-Liebig-Universitat Giessen *,DEU,Universities
1072,Universidade Federal de Vicosa,BRA,Universities
1073,Ataturk University,TUR,Universities
1074,University of Silesia in Katowice,POL,Universities
1075,Institut National Polytechnique de Toulouse *,FRA,Universities
1076,Beni Suef University *,EGY,Universities
1077,"Washington State University, Vancouver Campus",USA,Universities
1078,College of Charleston,USA,Universities
1079,Incheon National University,KOR,Universities
1080,Natural Resources Canada,CAN,Government
1081,Okinawa Institute of Science and Technology Graduate University,JPN,Universities
1082,East Carolina University,USA,Universities
1083,Kitasato University *,JPN,Universities
1084,Universite de Franche-Comte *,FRA,Universities
1085,Damanhour University,EGY,Universities
1086,Tribhuvan University *,NPL,Universities
1087,Institut Pluridisciplinaire Hubert Curien,FRA,Government
1088,Deutsche Sammlung von Mikroorganismen und Zellkulturen GmbH,DEU,Non-Profit
1089,Universidad Autonoma de Nayarit,MEX,Universities
1090,United Arab Emirates University,ARE,Universities
1091,Universidade Federal de Sao Carlos,BRA,Universities
1092,Mugla University,TUR,Universities
1093,Nicolaus Copernicus University,POL,Universities
1094,Universite de Sfax *,TUN,Universities
1095,Universite Claude Bernard Lyon 1 *,FRA,Universities
1096,University of Belgrade,SRB,Universities
1097,Universite Paris-Est Creteil *,FRA,Universities
1097,Universidad de Costa Rica,CRI,Universities
1099,Wenzhou University,CHN,Universities
1100,University of Agder,NOR,Universities
1101,Universidade Federal de Mato Grosso,BRA,Universities
1102,Universidade Federal de Juiz de Fora,BRA,Universities
1103,Universite de Bourgogne *,FRA,Universities
1104,Florida Institute of Technology,USA,Universities
1105,Pusan National University,KOR,Universities
1106,King Faisal University,SAU,Universities
1107,Tokyo Institute of Technology,JPN,Universities
1108,Yangtze University,CHN,Universities
1109,Patuakhali University of Science and Technology,BGD,Universities
1109,Universidade Federal da Grande Dourados,BRA,Universities
1111,Edith Cowan University,AUS,Universities
1111,Inha University,KOR,Universities
1113,University of Turku,FIN,Universities
1114,Tallinn University of Technology,EST,Universities
1115,Universidad Autonoma de Madrid *,ESP,Universities
1116,Acadia University,CAN,Universities
1117,"Soochow University, Suzhou *",CHN,Universities
1118,Ain Shams University *,EGY,Universities
1119,Centro Cientifico Tecnologico La Plata,ARG,Government
1119,National Institute of Advanced Industrial Science & Technology,JPN,Government
1119,University of South Alabama *,USA,Universities
1122,Persian Gulf University,IRN,Universities
1123,"Oklahoma State University, Stillwater *",USA,Universities
1124,Northeast Normal University,CHN,Universities
1125,"Biodiversity Research Center, Academia Sinica",TWN,Government
1126,Jiangxi Agricultural University,CHN,Universities
1127,University of the Western Cape,ZAF,Universities
1128,Estonian University of Life Sciences,EST,Universities
1129,La Trobe University *,AUS,Universities
1130,Universidade Federal de Alagoas,BRA,Universities
1131,"Universidad del Valle, Colombia *",COL,Universities
1132,Fujian Normal University,CHN,Universities
1133,"University of Agriculture, Faisalabad",PAK,Universities
1134,Addis Ababa University,ETH,Universities
1135,Universitat Koblenz-Landau,DEU,Universities
1136,Kangwon National University *,KOR,Universities
1137,Museo Nacional de Ciencias Naturales,ESP,Government
1138,Middle East Technical University,TUR,Universities
1139,Georgia Southern University,USA,Universities
1139,"University of the Witwatersrand, Johannesburg",ZAF,Universities
1141,University of Florida Health Science Center,USA,Health
1141,Universidade de Evora,PRT,Universities
1143,Massey University,NZL,Universities
1144,Universite Clermont-Auvergne,FRA,Universities
1145,Universite de Corse Pascal Paoli *,FRA,Universities
1146,El Colegio de la Frontera Sur,MEX,Government
1147,North China University of Water Conservancy and Electric Power,CHN,Universities
1148,Ministry of Ecology and Environment,CHN,Government
1149,"Instituto Universitario de Ciencias Psicologicas, Sociais e da Vida",PRT,Universities
1150,Slovak Academy of Sciences *,SVK,Government
1151,Hainan Tropical Ocean University,CHN,Universities
1152,Sriwijaya University,IDN,Universities
1153,Chinese Academy of Forestry *,CHN,Government
1154,Khon Kaen University,THA,Universities
1155,Tecnologico Nacional de Mexico *,MEX,Government
1156,Universidad Nacional de Costa Rica,CRI,Universities
1157,King Fahd University of Petroleum and Minerals,SAU,Universities
1158,Universidade Estadual do Norte Fluminense Darcy Ribeiro,BRA,Universities
1159,Universidad Michoacana de San Nicolas de Hidalgo,MEX,Universities
1160,Qilu University of Technology,CHN,Universities
1160,University of Moncton,CAN,Universities
1162,"Vietnam National University, Ho Chi Minh City",VNM,Universities
1163,"Texas State University, San Marcos",USA,Universities
1164,Ehime University *,JPN,Universities
1165,Akdeniz University,TUR,Universities
1166,University of the Ryukyus *,JPN,Universities
1167,Suez University,EGY,Universities
1168,Universidade do Vale do Rio dos Sinos,BRA,Universities
1168,Universidad de Huelva *,ESP,Universities
1168,Fundacao Oswaldo Cruz *,BRA,Health
1171,Korea Polar Research Institute,KOR,Government
1171,Urmia University,IRN,Universities
1173,Universita degli Studi Roma Tre,ITA,Universities
1174,Foshan University,CHN,Universities
1175,Universidade Federal de Sergipe,BRA,Universities
1176,"Instituto de Ecologia, A.C.",MEX,Government
1177,Basque Excellence Research Centre *,ESP,Government
1178,Universidade Estadual do Oeste do Parana,BRA,Universities
1179,Universidade Federal do Oeste do Para,BRA,Universities
1180,Ege University,TUR,Universities
1181,Universidade Tecnologica Federal do Parana,BRA,Universities
1181,Tianjin University of Science and Technology,CHN,Universities
1183,Gadjah Mada University,IDN,Universities
1184,Academy of Scientific and Innovative Research,IND,Universities
1185,Universidad Nacional Agraria La Molina,PER,Universities
1186,Agentschap Plantentuin Meise,BEL,Government
1187,Isfahan University of Technology,IRN,Universities
1188,Universite du Quebec en Trois-Rivieres,CAN,Universities
1189,Universite Abdelmalek Essaadi *,MAR,Universities
1190,Universidad Nacional del Comahue *,ARG,Universities
1191,Recep Tayyip Erdogan University,TUR,Universities
1192,University of Wyoming,USA,Universities
1193,Guilin University of Technology,CHN,Universities
1194,Universidad Veracruzana,MEX,Universities
1194,"Research Center for Environmental Changes, Academia Sinica",TWN,Government
1196,Suez Canal University *,EGY,Universities
1197,Hasanuddin University,IDN,Universities
1197,Yellow River Institute of Hydraulic Research,CHN,Government
1199,Yamagata University *,JPN,Universities
1200,Grand Valley State University,USA,Universities
1201,University of Ruhuna,LKA,Universities
1202,Universidade Federal Rural do Semi-Arido,BRA,Universities
1203,Universidade Estadual de Ponta Grossa,BRA,Universities
1204,University of Dhaka,BGD,Universities
1205,Burapha University,THA,Universities
1206,Changjiang River Scientific Research Institute,CHN,Government
1207,Pontificia Universidad Javeriana *,COL,Universities
1208,Limnological Institute Russian Academy of Sciences,RUS,Government
1209,South Dakota State University,USA,Universities
1210,University of Chittagong,BGD,Universities
1211,Universidad de Talca *,CHL,Universities
1212,"University of Texas, San Antonio",USA,Universities
1213,Universite de Lyon,FRA,Universities
1214,Centro Austral de Investigaciones Cientificas,ARG,Government
1215,Jadavpur University,IND,Universities
1216,Australian Museum,AUS,Non-Profit
1217,Guizhou University,CHN,Universities
1218,Centros de Investigacion do Sistema Universitario Galego *,ESP,Government
1219,Florida Gulf Coast University,USA,Universities
1220,Tianjin Normal University,CHN,Universities
1221,Centro Nacional Patagonico,ARG,Government
1222,Universidade Estadual da Paraiba,BRA,Universities
1223,Institut National de la Sante et de la Recherche Medicale *,FRA,Health
1224,Karelian Research Center Russian Academy of Sciences,RUS,Government
1225,Universidad de Antioquia *,COL,Universities
1226,University of Split,HRV,Universities
1227,University of Ghana,GHA,Universities
1228,Universidad Nacional de Cordoba *,ARG,Universities
1229,University of Szczecin,POL,Universities
1230,Zhejiang A & F University *,CHN,Universities
1230,Universidad San Francisco de Quito,ECU,Universities
1232,Comision de Investigaciones Cientificas *,ARG,Government
1233,Central Michigan University,USA,Universities
1234,Goa University,IND,Universities
1235,Centro de Investigacions Marinas ,ESP,Government
1236,Universitas Riau,IDN,Universities
1237,Florida Agricultural & Mechanical University,USA,Universities
1237,Instituto de Pesquisas Ambientais,BRA,Government
1239,Central Queensland University,AUS,Universities
1240,Universidade Federal de Campina Grande,BRA,Universities
1241,Pontificia Universidade Catolica do Rio Grande do Sul,BRA,Universities
1242,Huaiyin Normal University,CHN,Universities
1243,Instituto Politecnico de Leiria,PRT,Universities
1244,Mendel University in Brno,CZE,Universities
1245,University of Delhi *,IND,Universities
1246,"University of Malaysia, Sarawak",MYS,Universities
1247,Shahid Beheshti University,IRN,Universities
1248,"Universidad Nacional de San Martin, Argentina *",ARG,Universities
1249,Universidade Federal da Paraiba,BRA,Universities
1250,Universite Cadi Ayyad *,MAR,Universities
1251,Universidade Federal de Mato Grosso do Sul,BRA,Universities
1252,"Vietnam National University, Hanoi",VNM,Universities
1253,Universite Mohammed V de Rabat *,MAR,Universities
1254,Universidad Autonoma de Chile,CHL,Universities
1255,Airlangga university,IDN,Universities
1256,Haluoleo University,IDN,Universities
1257,Centro Cientifico Tecnologico Patagonia Norte,ARG,Government
1258,Universidad Catolica de la Santisima Concepcion,CHL,Universities
1258,Universidad de Zaragoza *,ESP,Universities
1260,Laurentian University,CAN,Universities
1261,Makerere University *,UGA,Universities
1262,Universidad Autonoma de Sinaloa,MEX,Universities
1263,Instituto Oswaldo Cruz,BRA,Health
1264,Universidad Peruana Cayetano Heredia,PER,Universities
1265,Instituto de Investigacion en Biodiversidad y Medioambiente,ARG,Government
1266,Kochi University *,JPN,Universities
1267,Shimane University *,JPN,Universities
1268,Karadeniz Technical University,TUR,Universities
1269,National Academy of Sciences of Ukraine *,UKR,Government
1270,University of Calcutta,IND,Universities
1271,University of Kalyani,IND,Universities
1272,Universidad de la Frontera,CHL,Universities
1273,Instituto de Ecologia y Biodiversidad,CHL,Non-Profit
1274,Ondokuz Mayis University *,TUR,Universities
1274,Instituto Tecnologico de Sonora,MEX,Universities
1276,University of Sadat City,EGY,Universities
1277,Universidade Federal Rural do Rio de Janeiro,BRA,Universities
1277,Jiangsu University of Science and Technology,CHN,Universities
1279,Port Said University,EGY,Universities
1280,Universite de Tunis El Manar *,TUN,Universities
1281,Universidade Federal do Maranhao,BRA,Universities
1282,Universidad Mayor *,CHL,Universities
1283,Institute of Biodiversity and Ecosystems Research Bulgarian Academy of Sciences,BGR,Government
1284,University of the Free State,ZAF,Universities
1285,Universidade Federal de Uberlandia,BRA,Universities
1286,Chongqing Normal University,CHN,Universities
1287,University of Madras,IND,Universities
1288,University of Karachi,PAK,Universities
1289,University of Ibadan,NGA,Universities
1290,Padjadjaran University,IDN,Universities
1291,Universidade Federal de Pelotas,BRA,Universities
1291,University of Kerala,IND,Universities
1293,Changsha University,CHN,Universities
1294,Universidad del Bio-Bio,CHL,Universities
1295,"University of New England, United States",USA,Universities
1296,University of Guilan,IRN,Universities
1297,Museo Argentino de Ciencias Naturales Bernardino Rivadavia,ARG,Government
1297,Universidad de Puerto Rico *,PRI,Universities
1299,Universidad Nacional de la Patagonia San Juan Bosco,ARG,Universities
1300,Khulna University,BGD,Universities
1301,Universidade Estadual do Maranhao,BRA,Universities
1302,University of the Philippines Visayas,PHL,Universities
1303,Universidad de Magallanes,CHL,Universities
1304,Universidad Juarez Autonoma de Tabasco,MEX,Universities
1305,"Universidad Simon Bolivar, Caracas",VEN,Universities
1306,Tomsk State University,RUS,Universities
1307,University of Limpopo,ZAF,Universities
1308,Sofia University,BGR,Universities
1309,Mindanao State University - Marawi *,PHL,Universities
1310,Shanxi University,CHN,Universities
1311,Fayoum University *,EGY,Universities
1312,"University of Wisconsin, Stevens Point",USA,Universities
1313,Banaras Hindu University,IND,Universities
1314,Papanin Institute for Biology of Inland Waters Russian Academy of Sciences,RUS,Government
1315,Universidad Autonoma de Queretaro,MEX,Universities
1316,Theodor Bilharz Research Institute,EGY,Health
1317,Japan International Research Center for Agricultural Sciences,JPN,Government
1318,Damietta University,EGY,Universities
1319,Kazan Federal University,RUS,Universities
1320,University of Johannesburg,ZAF,Universities
1321,University of Indonesia,IDN,Universities
1322,Tokai University *,JPN,Universities
1323,Liaoning Normal University,CHN,Universities
1324,Aswan University *,EGY,Universities
1325,Yunnan Agricultural University,CHN,Universities
1326,Andalas University,IDN,Universities
1327,Shahrekord University,IRN,Universities
1328,Universite Badji Mokhtar - Annaba,DZA,Universities
1329,Mie University *,JPN,Universities
1330,Universidade Estadual de Feira de Santana,BRA,Universities
1331,"Guangzhou Institute of Geochemistry, Chinese Academy of Sciences",CHN,Government
1332,Universidade Estadual de Santa Cruz,BRA,Universities
1333,Universite d Abomey Calavi,BEN,Universities
1334,Iskenderun Technical University,TUR,Universities
1335,Bahauddin Zakariya University,PAK,Universities
1336,Universidad Autonoma de Yucatan,MEX,Universities
1337,Andhra University,IND,Universities
1338,Agricultural University of Hebei,CHN,Universities
1339,Sam Ratulangi University,IDN,Universities
1340,"Universidad de Puerto Rico, Mayaguez",PRI,Universities
1341,Sher-e-Bangla Agricultural University,BGD,Universities
1342,Universidad Autonoma de Baja California Sur,MEX,Universities
1343,University of Western Sydney,AUS,Universities
1344,Sinop University,TUR,Universities
1345,Universidad Nacional Mayor de San Marcos,PER,Universities
1346,Universidad Catolica de Temuco,CHL,Universities
1347,"Universidad Santo Tomas, Chile",CHL,Universities
1348,Far Eastern Federal University,RUS,Universities
1349,Taif University,SAU,Universities
1350,Pontificia Universidade Catolica de Minas Gerais,BRA,Universities
1351,Universitas Lambung Mangkurat,IDN,Universities
1352,Coastal Carolina University,USA,Universities
1353,Universidad Tecnologica Nacional *,ARG,Universities
1354,Universidad Cientifica del Sur,PER,Universities
1355,Universidade Eduardo Mondlane,MOZ,Universities
1356,National Chiayi University,TWN,Universities
1357,Centro de Ciencia del Clima y la Resiliencia,CHL,Universities
1358,Museum fur Naturkunde Berlin,DEU,Non-Profit
1359,Universidad de Atacama,CHL,Universities
1360,Universidade do Vale do Itajai,BRA,Universities
1361,Universidade Estadual de Mato Grosso do Sul,BRA,Universities
1362,Neijiang Normal University,CHN,Universities
1363,Universidade Federal Rural da Amazonia,BRA,Universities
1364,"National Water Research Center, Egypt *",EGY,Government
1365,Universite Sultan Moulay Slimane,MAR,Universities
1366,University of Basrah,IRQ,Universities
1367,Universidad Arturo Prat *,CHL,Universities
1368,V.I. Il'ichev Pacific Oceanological Institute Russian Academy of Sciences,RUS,Government
1369,Universidade do Estado de Minas Gerais,BRA,Universities
