Global Rank,Institution,Country,Sector
1,Ministry of Education of the People's Republic of China,CHN,Government
2,Chinese Academy of Sciences *,CHN,Government
3,Tongji University *,CHN,Universities
4,Tsinghua University *,CHN,Universities
5,Harbin Institute of Technology,CHN,Universities
6,Centre National de la Recherche Scientifique *,FRA,Government
7,Massachusetts Institute of Technology *,USA,Universities
8,Xi'an Jiaotong University *,CHN,Universities
9,"Southeast University, Nanjing *",CHN,Universities
10,Delft University of Technology,NLD,Universities
11,Stanford University *,USA,Universities
12,Shanghai Jiao Tong University *,CHN,Universities
13,Pennsylvania State University *,USA,Universities
14,Hong Kong Polytechnic University,HKG,Universities
15,Gdynia Maritime University,POL,Universities
16,Huazhong University of Science and Technology *,CHN,Universities
17,US Environmental Protection Agency,USA,Government
18,"University of Michigan, Ann Arbor *",USA,Universities
19,State Key Joint Laboratory of Environmental Simulation and Pollution Control,CHN,Government
20,Nanyang Technological University *,SGP,Universities
21,University of Illinois at Urbana-Champaign *,USA,Universities
22,Swiss Federal Institute of Technology,CHE,Universities
23,Vanderbilt University *,USA,Universities
24,Tianjin University *,CHN,Universities
25,National University of Singapore *,SGP,Universities
25,"University of California, Berkeley *",USA,Universities
26,State Grid Corporation of China *,CHN,Companies
27,Tel Aviv University,ISR,Universities
28,Beijing University of Chemical Technology,CHN,Universities
29,Hunan University,CHN,Universities
30,University of Cambridge *,GBR,Universities
31,National Aeronautics and Space Administration *,USA,Government
32,University of New South Wales,AUS,Universities
33,Zhejiang University *,CHN,Universities
34,Harvard University *,USA,Universities
35,The Chinese University of Hong Kong *,HKG,Universities
36,"Research Center for Eco-Environmental Sciences, Chinese Academy of Sciences",CHN,Government
37,Chongqing University,CHN,Universities
38,Dalian University of Technology,CHN,Universities
38,Imperial College London,GBR,Universities
39,BeiHang University *,CHN,Universities
40,Georgia Institute of Technology *,USA,Universities
41,Helmholtz Gemeinschaft *,DEU,Government
42,King Abdullah University of Science and Technology,SAU,Universities
43,Lawrence Berkeley National Laboratory *,USA,Government
44,Central South University *,CHN,Universities
45,Beijing Normal University *,CHN,Universities
46,Graduate University of Advanced Technology,IRN,Universities
47,Hohai University,CHN,Universities
48,Peking University *,CHN,Universities
49,University of Southern California *,USA,Universities
50,Purdue University,USA,Universities
50,China University of Mining and Technology,CHN,Universities
50,"State University of New York, Stony Brook *",USA,Universities
51,Fudan University *,CHN,Universities
52,Chang'an University ,CHN,Universities
53,"Texas A&M University, College Station *",USA,Universities
54,University College London *,GBR,Universities
55,"University of Texas, Austin",USA,Universities
56,Carnegie Mellon University *,USA,Universities
57,"Institute of Urban Environment, Chinese Academy of Sciences",CHN,Government
58,Universite Djillali Liabes de Sidi Bel Abbes,DZA,Universities
59,Technical University of Denmark,DNK,Universities
60,"Agency for Science, Technology and Research Singapore *",SGP,Government
61,The University of Queensland *,AUS,Universities
62,Ghulam Ishaq Khan Institute of Engineering Sciences and Technology,PAK,Universities
63,"California State University, East Bay",USA,Universities
64,The Hong Kong University of Science and Technology,HKG,Universities
65,China Petroleum and Chemical Corporation *,CHN,Companies
66,University of Sydney,AUS,Universities
67,Sun Yat-Sen University *,CHN,Universities
67,"University of Texas, Arlington",USA,Universities
68,"Nanjing Institute of Geography and Limnology, Chinese Academy of Sciences",CHN,Government
69,University of Electronic Science and Technology of China,CHN,Universities
70,Institute for Color Science and Technology,IRN,Government
71,University of Oxford,GBR,Universities
72,Eindhoven University of Technology,NLD,Universities
73,Politecnico di Milano,ITA,Universities
74,Wuhan University of Technology,CHN,Universities
75,Curtin University *,AUS,Universities
76,Universita degli Studi di Napoli Federico II,ITA,Universities
77,City University of Hong Kong *,HKG,Universities
78,Nanjing University of Posts and Telecommunications,CHN,Universities
79,Universitat des Saarlandes *,DEU,Universities
80,University of Leeds,GBR,Universities
81,Swiss Federal Institute of Aquatic Science and Technology,CHE,Government
81,Washington University in Saint Louis *,USA,Universities
82,Southwest Jiaotong University,CHN,Universities
83,South China University of Technology,CHN,Universities
84,European Commission *,MUL,Government
85,University of Nottingham *,GBR,Universities
86,Northwestern Polytechnical University,CHN,Universities
87,Lappeenranta University of Technology,FIN,Universities
88,Columbia University *,USA,Universities
89,Cornell University *,USA,Universities
90,The University of Hong Kong *,HKG,Universities
91,The University of British Columbia,CAN,Universities
91,The University of Adelaide,AUS,Universities
92,Universidade de Lisboa,PRT,Universities
93,University of Chinese Academy of Sciences,CHN,Universities
94,Norwegian University of Science and Technology,NOR,Universities
95,Brunel University,GBR,Universities
96,Ecole Polytechnique Federale de Lausanne,CHE,Universities
97,"Ohio State University, Columbus *",USA,Universities
97,Duy Tan University,VNM,Universities
98,Nguyen Tat Thanh University,VNM,Universities
99,Arizona State University,USA,Universities
100,The Szewalski Institute of Fluid-Flow Machinery Polish Academy of Sciences,POL,Government
101,Beijing Institute of Technology,CHN,Universities
102,University of Alberta,CAN,Universities
103,University of Science and Technology of China,CHN,Universities
103,"Northwestern University, Evanston *",USA,Universities
104,Universitat de Barcelona *,ESP,Universities
105,Korea Advanced Institute of Science and Technology *,KOR,Universities
106,Johns Hopkins University *,USA,Universities
107,"University of Wisconsin, Madison *",USA,Universities
108,Wageningen University and Research Centre *,NLD,Universities
109,Singapore University of Technology and Design,SGP,Universities
110,"University of California, Davis *",USA,Universities
110,Los Alamos National Laboratory *,USA,Government
111,Flemish Institute for Technological Research,BEL,Government
112,Ghent University,BEL,Universities
112,Universite de Cergy-Pontoise *,FRA,Universities
113,Beijing University of Technology,CHN,Universities
113,"University of California, San Diego *",USA,Universities
114,Egypt-Japan University of Science and Technology,EGY,Universities
115,Royal Melbourne Institute of Technology *,AUS,Universities
116,"Monash University, Melbourne *",AUS,Universities
117,University of Washington *,USA,Universities
118,Ton Duc Thang University,VNM,Universities
119,Politecnico di Torino *,ITA,Universities
120,The Manchester Metropolitan University,GBR,Universities
121,United Nations *,MUL,Non-Profit
122,Wuhan University *,CHN,Universities
122,University of Pennsylvania *,USA,Universities
123,European Commission - Joint Research Centre,MUL,Government
124,Virginia Polytechnic Institute and State University,USA,Universities
125,Universite du Luxembourg,LUX,Universities
126,Universidad Carlos III de Madrid *,ESP,Universities
127,Catholic University of Leuven,BEL,Universities
127,Ludong University,CHN,Universities
128,Iowa State University,USA,Universities
128,Universidad Austral de Chile *,CHL,Universities
129,Zhongkai University of Agriculture and Engineering,CHN,Universities
130,Universidad de Salamanca *,ESP,Universities
131,"Shenzhen Institutes of Advanced Technology, Chinese Academy of Sciences",CHN,Government
132,Sheffield Hallam University,GBR,Universities
133,"University of California, Riverside",USA,Universities
133,Ecole Nationale Superieure de Mecanique et d Aerotechnique *,FRA,Universities
134,Shenzhen University,CHN,Universities
135,Cranfield University,GBR,Universities
135,"University of Technology, Sydney",AUS,Universities
136,Universitat Politecnica de Catalunya *,ESP,Universities
137,Nankai University *,CHN,Universities
138,University of Virginia *,USA,Universities
139,Nanjing University *,CHN,Universities
140,University of Toronto,CAN,Universities
140,Universite Cote d’Azur *,FRA,Universities
141,Aalborg University *,DNK,Universities
142,Aalto University,FIN,Universities
143,Shandong University *,CHN,Universities
144,The University of Sheffield,GBR,Universities
145,University of Wasit,IRQ,Universities
146,North Carolina State University,USA,Universities
147,Trinity College Dublin *,IRL,Universities
148,Qingdao University of Science and Technology,CHN,Universities
149,Universidade do Porto *,PRT,Universities
150,"Northeastern University, China",CHN,Universities
151,Shandong JiaoTong University,CHN,Universities
152,Consejo Superior de Investigaciones Cientificas *,ESP,Government
153,University of Cincinnati *,USA,Universities
154,China University of Petroleum,CHN,Universities
154,"Rutgers, The State University of New Jersey",USA,Universities
155,Nanjing University of Aeronautics and Astronautics,CHN,Universities
156,Kangwon National University *,KOR,Universities
157,Universita degli Studi di Roma La Sapienza,ITA,Universities
157,The University of Hull,GBR,Universities
158,H. V. Karpenko Physico-Mechanical Institute National Academy of Sciences of Ukraine,UKR,Government
159,Information Technology University,PAK,Universities
160,Royal Institute of Technology,SWE,Universities
161,Aarhus University *,DNK,Universities
162,Michigan State University,USA,Universities
163,The University of Western Australia,AUS,Universities
164,King Mongkut's University of Technology Thonburi,THA,Universities
165,Khon Kaen University,THA,Universities
166,Universita degli Studi di Roma Tor Vergata,ITA,Universities
167,Beijing Forestry University,CHN,Universities
168,"Queen Mary, University of London",GBR,Universities
168,Swinburne University of Technology *,AUS,Universities
169,North China Electric Power University,CHN,Universities
170,University of Macau,MAC,Universities
171,Centro de Investigacion y de Estudios Avanzados del IPN *,MEX,Universities
171,"University of California, Santa Barbara",USA,Universities
172,University of Tehran,IRN,Universities
173,"ParisTech, Institut des Sciences et Technologies de Paris - PRES *",FRA,Government
174,Loughborough University,GBR,Universities
175,University College Dublin,IRL,Universities
176,Consiglio Nazionale delle Ricerche *,ITA,Government
177,Franche-Comte Electronique Mecanique Thermique et Optique - Sciences et Technologies,FRA,Government
178,Rheinisch-Westfalische Technische Hochschule Aachen,DEU,Universities
179,Karlsruher Institut fur Technologie,DEU,Universities
180,Qingdao University *,CHN,Universities
181,Queensland University of Technology,AUS,Universities
182,Johannes Kepler Universitat Linz,AUT,Universities
182,Guangdong University of Technology,CHN,Universities
182,Seoul National University *,KOR,Universities
183,University of Wollongong *,AUS,Universities
184,Universite de Technologie de Belfort-Montbeliard *,FRA,Universities
185,Tomsk State University,RUS,Universities
186,Zhejiang University of Technology,CHN,Universities
187,Ecole Nationale Superieur de Mecaniques et des MicroTechniques *,FRA,Universities
188,Technische Universitat Munchen *,DEU,Universities
189,Jilin University *,CHN,Universities
189,Monash University Malaysia,MYS,Universities
190,Universite de Franche-Comte *,FRA,Universities
191,Universita degli Studi di Messina,ITA,Universities
191,University of Ulsan *,KOR,Universities
192,Temple University *,USA,Universities
193,University of Nevada-Reno,USA,Universities
194,The University of Manchester,GBR,Universities
194,Utrecht University *,NLD,Universities
194,Universite de Poitiers *,FRA,Universities
194,University of Glasgow *,GBR,Universities
195,L'Alma Mater Studiorum - Universita di Bologna,ITA,Universities
195,McGill University,CAN,Universities
196,University of Birmingham,GBR,Universities
196,Sichuan University *,CHN,Universities
197,Boise State University,USA,Universities
198,Xi'an University of Architecture and Technology,CHN,Universities
199,"Louisiana State University, Baton Rouge",USA,Universities
200,"Newcastle University, Newcastle upon Tyne",GBR,Universities
201,University of Melbourne *,AUS,Universities
202,Universita degli Studi di Salerno,ITA,Universities
203,"University of Nebraska, Lincoln",USA,Universities
203,University of Warwick,GBR,Universities
204,Shantou University *,CHN,Universities
204,University of Bristol,GBR,Universities
205,University of Waterloo,CAN,Universities
206,National Renewable Energy Laboratory,USA,Government
206,Institut Pprime - Recherche et Ingenierie en Materiaux Mecanique et Energetique,FRA,Government
207,University of Tokyo *,JPN,Universities
207,National Sun Yat-sen University,TWN,Universities
208,Universita degli Studi di Catania,ITA,Universities
209,"Vietnam National University, Hanoi",VNM,Universities
210,Australian National University,AUS,Universities
211,Beijing Jiaotong University,CHN,Universities
212,Swansea University,GBR,Universities
213,Institut National de Recherche en Informatique et en Automatique *,FRA,Government
213,Florida International University,USA,Universities
214,Friedrich-Alexander-Universitat Erlangen-Nurnberg *,DEU,Universities
214,Tokyo City University,JPN,Universities
215,Oxford Brookes University,GBR,Universities
216,University of Arizona *,USA,Universities
217,Georgia Southern University,USA,Universities
218,Oregon State University,USA,Universities
219,"University of Tennessee, Knoxville *",USA,Universities
220,Universitat Autonoma de Barcelona *,ESP,Universities
221,China Building Materials Academy,CHN,Government
222,Harbin Engineering University,CHN,Universities
223,University of Auckland,NZL,Universities
223,Shandong University of Science and Technology,CHN,Universities
223,Sharif University of Technology,IRN,Universities
223,University of Surrey,GBR,Universities
224,Auburn University,USA,Universities
224,University of the West of England,GBR,Universities
224,United States Department of Agriculture,USA,Government
225,Dongguan University of Technology,CHN,Universities
226,"Washington State University, Pullman *",USA,Universities
227,University of Florida *,USA,Universities
228,"Institute of Geographic Sciences and Natural Resources Research, Chinese Academy of Sciences",CHN,Government
229,"University of Technology, Malaysia",MYS,Universities
229,University of Copenhagen,DNK,Universities
230,Universidade de Sao Paulo *,BRA,Universities
231,University of Central Florida,USA,Universities
232,University of Exeter,GBR,Universities
232,Azarbaijan Shahid Madani University,IRN,Universities
233,University of the Philippines Diliman *,PHL,Universities
233,Programa Iniciativa Cientifica Milenio *,CHL,Government
234,Universidad de Sevilla *,ESP,Universities
234,Jinan University *,CHN,Universities
235,De Montfort University,GBR,Universities
235,"United Nations Educational, Scientific and Cultural Organization",MUL,Non-Profit
236,Universita Politecnica delle Marche,ITA,Universities
237,Vietnam Academy of Science and Technology *,VNM,Government
237,University of Pretoria,ZAF,Universities
238,Universite de Lille *,FRA,Universities
238,Vrije Universiteit Amsterdam *,NLD,Universities
239,Imam Khomeini International University,IRN,Universities
239,University of Malaya *,MYS,Universities
240,University of Limerick,IRL,Universities
241,Deutsches Zentrum fur Luft- und Raumfahrt,DEU,Government
241,University of Amsterdam *,NLD,Universities
242,Southern Methodist University,USA,Universities
243,Pontificia Universidad Catolica de Chile *,CHL,Universities
244,University of Southampton,GBR,Universities
245,Yale University *,USA,Universities
245,Iran University of Science and Technology,IRN,Universities
246,The University of Edinburgh *,GBR,Universities
247,Wuhan Textile University,CHN,Companies
247,Shenyang Ligong University,CHN,Universities
248,Colorado School of Mines,USA,Universities
248,Lockheed Martin Corp *,USA,Companies
249,Foshan University,CHN,Universities
249,Lublin University of Technology,POL,Universities
250,Universidad Politecnica de Madrid *,ESP,Universities
251,Universidad de Jaen *,ESP,Universities
251,Xidian University,CHN,Universities
252,Helmholtz Zentrum fur Umweltforschung,DEU,Government
253,University Putra Malaysia,MYS,Universities
254,Yonsei University *,KOR,Universities
254,Universitat de Girona,ESP,Universities
255,Jiangsu University *,CHN,Universities
255,Nazarbayev University,KAZ,Universities
255,New York University *,USA,Universities
256,University of Huddersfield,GBR,Universities
256,Concordia University,CAN,Universities
256,Universidade Federal de Uberlandia,BRA,Universities
257,Xiamen University *,CHN,Universities
258,Lancaster University,GBR,Universities
258,Simon Fraser University,CAN,Universities
258,Cardiff University,GBR,Universities
259,Xi'an Jiaotong-Liverpool University,CHN,Universities
259,Mississippi State University,USA,Universities
260,Qatar University,QAT,Universities
260,China University of Geosciences,CHN,Universities
261,Universidad Rey Juan Carlos *,ESP,Universities
262,Clemson University,USA,Universities
262,Universita della Calabria,ITA,Universities
263,Conservatoire National des Arts et Metiers *,FRA,Universities
264,University of Houston,USA,Universities
265,University of Iceland,ISL,Universities
265,University of Liverpool *,GBR,Universities
266,KWR Watercycle Research Institute,NLD,Government
267,Michigan Technological University,USA,Universities
268,University of Science and Technology Beijing,CHN,Universities
269,Ministry of Agriculture,CHN,Government
269,Hefei University of Technology,CHN,Universities
270,East China Normal University,CHN,Universities
271,Pohang University of Science and Technology,KOR,Universities
271,Princeton University,USA,Universities
272,Hanyang University *,KOR,Universities
273,"University of California, Los Angeles *",USA,Universities
274,South Dakota State University,USA,Universities
274,Universita degli Studi di Padova,ITA,Universities
275,"Sandia National Laboratories, New Mexico",USA,Government
276,University of Malta,MLT,Universities
276,Fraunhofer Gesellschaft *,DEU,Government
277,University of Twente,NLD,Universities
278,Technion - Israel Institute of Technology *,ISR,Universities
279,Chalmers University of Technology *,SWE,Universities
279,Case Western Reserve University,USA,Universities
280,"Northeastern University, USA",USA,Universities
280,George Mason University,USA,Universities
280,North University of China,CHN,Universities
281,China Institute of Water Resources and Hydropower Research,CHN,Government
282,Northumbria University,GBR,Universities
282,Universitat de Lleida,ESP,Universities
283,Vilnius Gediminas Technical University,LTU,Universities
284,Istituto di Geologia Ambientale e Geoingegneria,ITA,Government
284,National University of Defense Technology,CHN,Universities
285,"University of Colorado, Boulder *",USA,Universities
286,Universidade do Minho,PRT,Universities
287,University of Manitoba,CAN,Universities
287,"University of California, Irvine *",USA,Universities
288,Universita degli Studi della Campania Luigi Vanvitelli,ITA,Universities
288,Ecole Centrale de Lille *,FRA,Universities
288,Universidad de Cantabria *,ESP,Universities
288,Korea Institute of Energy Research,KOR,Government
289,Huazhong Agricultural University,CHN,Universities
289,Universite PSL *,FRA,Universities
290,The Nottingham Trent University,GBR,Universities
291,Kermanshah University of Technology,IRN,Universities
292,Aston University,GBR,Universities
293,Suranaree University of Technology,THA,Universities
293,University of Jinan,CHN,Universities
294,Universita degli Studi di Cassino,ITA,Universities
295,University of South Carolina *,USA,Universities
295,SINTEF Group,NOR,Companies
296,Veer Surendra Sai University of Technology,IND,Universities
296,Universita del Salento,ITA,Universities
297,"China University of Petroleum, Beijing",CHN,Universities
297,Duke University *,USA,Universities
297,University of South Florida System *,USA,Universities
298,Amirkabir University of Technology,IRN,Universities
298,National Taiwan University,TWN,Universities
298,National Technical University of Athens,GRC,Universities
299,Shandong University of Technology,CHN,Universities
300,University of South Florida,USA,Universities
300,California Institute of Technology *,USA,Universities
301,Ryerson University,CAN,Universities
302,"University of Massachusetts, Amherst",USA,Universities
302,The University of Reading,GBR,Universities
303,Rice University,USA,Universities
304,Nanjing Forestry University,CHN,Universities
304,Karabuk University,TUR,Universities
304,Hangzhou Dianzi University,CHN,Universities
304,Griffith University,AUS,Universities
305,Universitat Politecnica de Valencia *,ESP,Universities
306,Universita degli Studi di Trento,ITA,Universities
306,Instituto Politecnico de Leiria,PRT,Universities
307,Lakehead University,CAN,Universities
307,University of Utah *,USA,Universities
308,"University of Maryland, College Park *",USA,Universities
308,Polish Academy of Sciences *,POL,Government
309,Nantong University *,CHN,Universities
309,Universita degli Studi di Brescia,ITA,Universities
309,Ecole Nationale Superieure d'Arts et Metiers,FRA,Universities
310,Universita degli Studi dell Aquila,ITA,Universities
310,University of Miami *,USA,Universities
311,Universite Gustave Eiffel *,FRA,Universities
312,Nirma University,IND,Universities
312,Universite du Quebec en Quebec *,CAN,Universities
313,Universita degli Studi di Ferrara,ITA,Universities
313,"Soochow University, Suzhou *",CHN,Universities
314,Manisa Celal Bayar University *,TUR,Universities
314,Changsha University of Science and Technology,CHN,Universities
314,Leibniz Gemeinschaft *,DEU,Government
314,Universidad de Chile *,CHL,Universities
315,Czech Technical University in Prague,CZE,Universities
315,Sabanci University,TUR,Universities
316,Universita degli Studi di Milano-Bicocca,ITA,Universities
317,China Ship Scientific Research Center,CHN,Government
318,Oak Ridge National Laboratory,USA,Government
318,University of Strathclyde,GBR,Universities
318,Institut National des Sciences Appliquees de Lyon *,FRA,Universities
318,Salahaddin University-Erbil,IRQ,Universities
318,Guangzhou University,CHN,Universities
319,Universitat Kassel,DEU,Universities
320,San Diego State University,USA,Universities
320,Zhejiang Normal University,CHN,Universities
320,University of Teesside,GBR,Universities
321,Max Planck Gesellschaft *,DEU,Government
322,Universitat de les Illes Balears *,ESP,Universities
322,Hokkaido University *,JPN,Universities
323,Henan University of Science and Technology *,CHN,Universities
323,University of Dundee,GBR,Universities
323,Birmingham City University,GBR,Universities
324,"University of Illinois, Chicago *",USA,Universities
325,U.S. Army *,USA,Government
325,"Indian Institute of Technology, Delhi",IND,Universities
326,University of Oslo,NOR,Universities
326,Carleton University,CAN,Universities
326,Universidad Complutense de Madrid *,ESP,Universities
327,Luxembourg Institute of Science and Technology,LUX,Government
327,University of Delaware,USA,Universities
328,Universite Badji Mokhtar - Annaba,DZA,Universities
328,Thammasat University,THA,Universities
328,University of Iowa *,USA,Universities
329,Universidade Estadual Paulista Julio de Mesquita Filho,BRA,Universities
329,King Fahd University of Petroleum and Minerals,SAU,Universities
329,University of Southern Denmark,DNK,Universities
330,Argonne National Laboratory,USA,Government
331,Nanjing University of Technology,CHN,Universities
332,Universita degli Studi di Perugia,ITA,Universities
332,Gottfried Wilhelm Leibniz Universitat Hannover,DEU,Universities
333,University of Bath,GBR,Universities
334,VTT Technical Research Centre of Finland,FIN,Companies
334,Swiss Federal Laboratories for Materials Science and Technology,CHE,Government
335,Universite de Geneve,CHE,Universities
335,"University of Texas, San Antonio",USA,Universities
336,Commonwealth Scientific and Industrial Research Organization *,AUS,Government
337,Technische Universitat Wien *,AUT,Universities
338,Universidade Estadual do Norte Fluminense Darcy Ribeiro,BRA,Universities
339,"Universidad del Norte, Barranquilla *",COL,Universities
339,Kaunas University of Technology ,LTU,Universities
340,Universita degli Studi di Pisa,ITA,Universities
340,Basque Research and Technology Alliance *,ESP,Government
340,Universite de Paris *,FRA,Universities
341,Universite de Bretagne-Sud *,FRA,Universities
342,Sejong University,KOR,Universities
342,Shahrekord University,IRN,Universities
343,China Southern Power Grid Co Ltd *,CHN,Companies
344,National Oceanic and Atmospheric Administration,USA,Government
344,Donghua University,CHN,Universities
345,Universidad del Bio-Bio,CHL,Universities
345,Technische Universitat Berlin,DEU,Universities
345,Centrale Supelec,FRA,Universities
346,Universidade Federal de Itajuba,BRA,Universities
346,Guangdong Ocean University,CHN,Universities
347,Universite Paris-Saclay *,FRA,Universities
347,Perm National Research Polytechnic University,RUS,Universities
347,Inner Mongolia University,CHN,Universities
348,Universidade Estadual de Campinas,BRA,Universities
348,University of Western Ontario,CAN,Universities
349,Universite Larbi Tebessi,DZA,Universities
349,Technische Universitat Dresden,DEU,Universities
349,Universite de Sfax *,TUN,Universities
350,COMSATS Institute of Information Technology *,PAK,Universities
351,City University of New York *,USA,Universities
352,Laval University,CAN,Universities
352,University of South China,CHN,Universities
353,"State University of New York, Buffalo",USA,Universities
353,Universidade de Vigo *,ESP,Universities
354,Anhui Jianzhu University,CHN,Universities
354,Chonbuk National University *,KOR,Universities
355,University of Guilan,IRN,Universities
356,Free University of Bozen,ITA,Universities
356,Vrije Universiteit Brussel,BEL,Universities
356,Universidade da Beira Interior,PRT,Universities
357,University of Kentucky *,USA,Universities
357,University of Windsor,CAN,Universities
358,Universite de Toulouse,FRA,Universities
358,Universite Grenoble-Alpes *,FRA,Universities
358,Louisiana Tech University,USA,Universities
358,"University of Texas, El Paso",USA,Universities
359,Gachon University,KOR,Universities
359,Chung-Ang University *,KOR,Universities
360,University of Ljubljana *,SVN,Universities
361,"University of Arkansas, Fayetteville",USA,Universities
361,Universita degli Studi Roma Tre,ITA,Universities
361,Institute of Strength Physics and Materials Science Russian Academy of Sciences,RUS,Government
361,Deakin University *,AUS,Universities
361,National Institute of Standards and Technology *,USA,Government
362,Universite Montpellier *,FRA,Universities
362,Tarbiat Modares University,IRN,Universities
363,Technische Universitat Kaiserslautern,DEU,Universities
363,Gdansk University of Technology,POL,Universities
363,Queen's University Belfast,GBR,Universities
364,Instituto Tecnologico y de Estudios Superiores de Monterrey,MEX,Universities
364,Universita degli Studi di Genova,ITA,Universities
364,Shahid Beheshti University,IRN,Universities
365,University of New Mexico *,USA,Universities
365,Universidad de Granada *,ESP,Universities
365,University of Maribor,SVN,Universities
366,Universidad Nacional Autonoma de Mexico,MEX,Universities
366,"National University of Ireland, Galway",IRL,Universities
366,Laboratoire de Genie Civil et Geo-Environnement,FRA,Government
366,Qingdao University of Technology,CHN,Universities
367,Russian Academy of Sciences *,RUS,Government
368,Universita degli Studi di Firenze,ITA,Universities
369,University of Dayton,USA,Universities
369,University of Mosul,IRQ,Universities
369,China Electric Power Research Institute,CHN,Companies
370,Istanbul Technical University,TUR,Universities
370,University of Antwerp,BEL,Universities
370,"Indian Institute of Technology, Bombay",IND,Universities
370,Portland State University,USA,Universities
370,Korea Institute of Ocean Science & Technology,KOR,Government
371,Bahria University,PAK,Universities
371,Zagazig University *,EGY,Universities
371,Commissariat a l’Energie Atomique et aux Energies Alternatives *,FRA,Government
372,Geoforschungszentrum Potsdam,DEU,Government
373,"Colorado State University, Fort Collins *",USA,Universities
373,Federal University of Technology Akure,NGA,Universities
374,Peter the Great St Petersburg Polytechnic University,RUS,Universities
375,University of Oulu,FIN,Universities
375,University of Tasmania,AUS,Universities
375,University of Notre Dame,USA,Universities
376,Korea University of Science and Technology,KOR,Universities
376,Lunds University,SWE,Universities
377,Qinghai University,CHN,Universities
377,University of Kashan,IRN,Universities
377,Shanghai University,CHN,Universities
378,Texas Tech University,USA,Universities
378,Erasmus University Rotterdam *,NLD,Universities
378,Edith Cowan University,AUS,Universities
379,Missouri University of Science & Technology,USA,Universities
380,Kyushu University *,JPN,Universities
380,University of Georgia,USA,Universities
380,City University London,GBR,Universities
380,"University of Wisconsin, Milwaukee",USA,Universities
380,Universidade Nova de Lisboa,PRT,Universities
381,Korea Institute of Science and Technology,KOR,Government
381,University of Canterbury,NZL,Universities
381,Institut National Polytechnique de Toulouse *,FRA,Universities
382,National Academy of Sciences of Ukraine *,UKR,Government
382,Montreal School of Higher Commercial Studies,CAN,Universities
382,Instituto Politecnico de Viseu,PRT,Universities
382,Aegean University,GRC,Universities
382,Coventry University,GBR,Universities
383,University of Aberdeen,GBR,Universities
383,"Islamic Azad University, Khomeinishahr",IRN,Universities
384,Plymouth University,GBR,Universities
384,University of Southern Queensland,AUS,Universities
384,China Aerospace Science and Technology Corp *,CHN,Government
385,Ecole des Hautes Etudes en Sciences Sociales *,FRA,Universities
386,University of Pittsburgh *,USA,Universities
387,Universidade Federal de Santa Catarina,BRA,Universities
388,Politecnico di Bari,ITA,Universities
389,The University of Newcastle,AUS,Universities
390,"Institut National de Recherche pour l'Agriculture, l'Alimentation et l'Environnement *",FRA,Government
391,The University of Salford,GBR,Universities
391,Istituto Nazionale di Geofisica e Vulcanologia,ITA,Government
392,Jet Propulsion Laboratory,USA,Government
393,United States Geological Survey,USA,Government
393,Cyprus University of Technology,CYP,Universities
393,University of Ottawa,CAN,Universities
394,Tohoku University *,JPN,Universities
394,Universite de Liege,BEL,Universities
395,"University of Alabama, Tuscaloosa",USA,Universities
396,Institut National de la Sante et de la Recherche Medicale *,FRA,Health
397,Instituto Politecnico do Porto,PRT,Universities
398,University of Gothenburg,SWE,Universities
398,Universite d'Artois *,FRA,Universities
398,University of Calgary,CAN,Universities
399,Ningxia University,CHN,Universities
400,Universita degli Studi di Palermo,ITA,Universities
401,University of Portsmouth,GBR,Universities
401,Tufts University,USA,Universities
402,Ilam University,IRN,Universities
403,Golestan University,IRN,Universities
404,South China Normal University,CHN,Universities
405,Skolkovo Institute of Science and Technology,RUS,Universities
405,"Indian Institute of Technology, Madras",IND,Universities
405,Syracuse University,USA,Universities
406,Lehigh University,USA,Universities
406,Universite Ibn Khaldoun de Tiaret,DZA,Universities
406,Universidad de Cadiz *,ESP,Universities
406,University of Cyprus,CYP,Universities
406,University of North Texas,USA,Universities
406,Guangxi University,CHN,Universities
407,Queen's University,CAN,Universities
408,Shanghai University of Electric Power,CHN,Universities
408,Sorbonne Universite *,FRA,Universities
409,University of Nottingham China Campus,CHN,Universities
409,Universita degli Studi di Bari,ITA,Universities
409,Army Engineering University of PLA,CHN,Universities
410,Bundesanstalt fur Materialforschung und -Prufung,DEU,Government
411,Fuzhou University,CHN,Universities
411,University of Kansas *,USA,Universities
411,"Northwest University, Xi'an",CHN,Universities
412,Rensselaer Polytechnic Institute,USA,Universities
412,Council of Scientific and Industrial Research *,IND,Government
413,Middle Technical University,IRQ,Universities
413,Universita degli Studi di Pavia,ITA,Universities
414,Universita degli Studi di Modena e Reggio Emilia,ITA,Universities
415,Kyoto University *,JPN,Universities
415,Universita degli Studi Guglielmo Marconi,ITA,Universities
416,Wayne State University,USA,Universities
416,Universita degli Studi del Sannio,ITA,Universities
417,Harbin University of Science and Technology,CHN,Universities
418,Drexel University,USA,Universities
419,Macquarie University *,AUS,Universities
420,Silesian University of Technology,POL,Universities
420,Middle East Technical University,TUR,Universities
420,Heriot-Watt University *,MUL,Universities
421,University of Victoria,CAN,Universities
422,Linkoping University,SWE,Universities
423,University of Greenwich,GBR,Universities
424,"New York University, Abu Dhabi",ARE,Universities
424,Ferdowsi University of Mashhad,IRN,Universities
424,University of Rhode Island,USA,Universities
425,Babol Noshirvani University of Technology,IRN,Universities
425,Eastern Mediterranean University,CYP,Universities
426,National University of Malaysia *,MYS,Universities
426,"University of North Carolina, Chapel Hill *",USA,Universities
426,Universita degli Studi di Napoli Parthenope,ITA,Universities
426,Universite de Strasbourg *,FRA,Universities
426,United Arab Emirates University,ARE,Universities
427,Technische Universitat Braunschweig,DEU,Universities
427,"Indian Institute of Technology, Indore",IND,Universities
427,Technische Universitat Bergakademie Freiberg,DEU,Universities
428,Xi'an University of Technology,CHN,Universities
428,Universita degli Studi di Trieste,ITA,Universities
428,University of Tabriz,IRN,Universities
429,Universitas Negeri Sebelas Maret,IDN,Universities
430,University of Peradeniya,LKA,Universities
430,Nanjing University of Science and Technology,CHN,Universities
430,University of Moratuwa,LKA,Universities
431,Kirikkale University *,TUR,Universities
431,Hasselt University,BEL,Universities
432,Minia University *,EGY,Universities
432,University of Gdansk,POL,Universities
433,Technische Universitat Darmstadt,DEU,Universities
433,Universita degli Studi di Bergamo,ITA,Universities
434,American University of Sharjah,ARE,Universities
434,Southwest Petroleum University,CHN,Universities
434,Shanghai Maritime University,CHN,Universities
435,"University of Engineering and Technology, Taxila",PAK,Universities
435,Al-Muthanna University,IRQ,Universities
435,U.S. Department of Health & Human Services *,USA,Health
436,Helwan University Cairo *,EGY,Universities
436,"China Medical University, Taichung *",TWN,Universities
436,University College Cork *,IRL,Universities
437,Cyprus International University,CYP,Universities
438,University of South Australia,AUS,Universities
439,Indian Institute of Technology Bhubaneswar,IND,Universities
440,Aristotle University of Thessaloniki,GRC,Universities
440,Consejo Nacional de Investigaciones Cientificas y Tecnicas *,ARG,Government
440,Guilin University of Electronic Technology,CHN,Universities
441,"Islamic Azad University, Central Tehran Branch",IRN,Universities
441,Universita degli Studi di Parma,ITA,Universities
441,"Junia, Grande Ecole d'Ingenieurs *",FRA,Universities
442,University of Wyoming,USA,Universities
443,McMaster University,CAN,Universities
443,Ocean University of China,CHN,Universities
443,Laboratoire Navier,FRA,Government
444,Universidad de Antioquia *,COL,Universities
444,"University of Minnesota, Twin Cities *",USA,Universities
444,"Institute of Mechanics, Chinese Academy of Sciences",CHN,Government
445,"University of Missouri, Columbia *",USA,Universities
445,University of Brighton *,GBR,Universities
445,Budapest University of Technology and Economics,HUN,Universities
445,Moscow Power Engineering Institute - Technical University,RUS,Universities
446,Changwon National University,KOR,Universities
446,Zhengzhou University *,CHN,Universities
446,Dokuz Eylul University *,TUR,Universities
446,Universite de Nantes *,FRA,Universities
447,Universitat Rostock *,DEU,Universities
447,Dalarna University College,SWE,Universities
448,Singapore-MIT Alliance,SGP,Government
448,Anhui University of Science and Technology,CHN,Universities
448,Ecole Nationale des Ponts ParisTech,FRA,Universities
449,Bauhaus-Universitat Weimar,DEU,Universities
449,Universite de Bordeaux *,FRA,Universities
450,China National Petroleum Corp *,CHN,Companies
451,"University of Massachusetts, Lowell",USA,Universities
452,Chulalongkorn University,THA,Universities
452,Universidad de Castilla-La Mancha *,ESP,Universities
452,Ecole Nationale des Travaux Publics de l'Etat *,FRA,Universities
453,Yanshan University,CHN,Universities
453,Universita degli Studi di Milano,ITA,Universities
453,Institute of Rock and Soil Mechanics Chinese Academy of Sciences,CHN,Government
453,Southern University of Science and Technology,CHN,Universities
453,AGH University of Science and Technology,POL,Universities
454,Universite Hassiba BenBouali de Chlef,DZA,Health
455,American University of Beirut *,LBN,Universities
455,Universidade Federal de Minas Gerais,BRA,Universities
455,Jordan University of Science and Technology,JOR,Universities
455,National Taipei University of Technology,TWN,Universities
456,Universidade de Coimbra *,PRT,Universities
456,"University of Science, Malaysia *",MYS,Universities
457,Consorzio Interuniversitario Nazionale per la Scienza e la Tecnologia dei Materiali,ITA,Government
457,Aswan University *,EGY,Universities
458,China Jiliang University,CHN,Universities
458,Universidade de Aveiro,PRT,Universities
458,University of Sulaimani,IRQ,Universities
459,Belgorod State Technological University,RUS,Universities
459,Northeast Electric Power University,CHN,Universities
460,Indian Institute of Science,IND,Universities
460,"Islamic Azad University, Mashhad",IRN,Universities
461,University of Mazandaran,IRN,Universities
462,La Trobe University *,AUS,Universities
462,South China Agricultural University,CHN,Universities
463,University of Thessaly,GRC,Universities
464,Wuhan University of Science and Technology,CHN,Universities
465,"University of Maryland, Baltimore",USA,Universities
465,Universitat Stuttgart,DEU,Universities
465,Iskenderun Technical University,TUR,Universities
466,National Institute of Technology Rourkela,IND,Universities
466,Shandong Jianzhu University,CHN,Universities
466,Universitat fur Bodenkultur Wien *,AUT,Universities
466,Technische Universitat Graz *,AUT,Universities
466,China Agricultural University,CHN,Universities
467,University of Tsukuba *,JPN,Universities
468,National Taiwan University of Science and Technology,TWN,Universities
468,King Abdulaziz University *,SAU,Universities
468,Ecole Centrale de Lyon *,FRA,Universities
469,Anhui University,CHN,Universities
469,Hannam University,KOR,Universities
470,Institut Francais de Recherche pour l'Exploitation de la Mer *,FRA,Government
470,Guizhou University,CHN,Universities
471,Tianjin University of Technology,CHN,Universities
471,Sherbrooke University,CAN,Universities
471,Defence Research and Development Organisation,IND,Government
471,Firat University,TUR,Universities
472,Universite de Lorraine *,FRA,Universities
472,Old Dominion University,USA,Universities
473,Chonnam National University,KOR,Universities
474,"University of Malaysia, Pahang",MYS,Universities
474,London South Bank University,GBR,Universities
475,Universite de Lyon,FRA,Universities
476,Yancheng Institute of Technology,CHN,Universities
477,Mustansiriyah University,IRQ,Universities
477,"Heriot-Watt University, United Kingdom",GBR,Universities
477,Wenzhou University,CHN,Universities
478,"Indian Institute of Technology, Roorkee",IND,Universities
479,Southern Illinois University Edwardsville,USA,Universities
479,Technical University of Crete,GRC,Universities
479,Universidade Federal do Ceara,BRA,Universities
480,Universite du Quebec en Montreal,CAN,Universities
480,Lebanese University,LBN,Universities
481,Universidad del Pais Vasco *,ESP,Universities
481,K.N.Toosi University of Technology,IRN,Universities
481,Universite de Rennes 1 *,FRA,Universities
482,China Aerodynamics Research and Development Center,CHN,Government
482,Ruhr-Universitat Bochum *,DEU,Universities
482,Sumitomo Group *,MUL,Companies
482,Korea University *,KOR,Universities
482,"Indian Institute of Technology, Kanpur",IND,Universities
482,Technische Universitat Chemnitz,DEU,Universities
483,"City University of New York, City College",USA,Universities
484,Utah State University *,USA,Universities
484,Balamand University,LBN,Universities
485,Universita degli Studi di Torino,ITA,Universities
486,Politehnica University of Timisoara,ROU,Universities
487,Hellenic Open University,GRC,Universities
488,National Institute of Advanced Industrial Science & Technology,JPN,Government
488,New Mexico State University,USA,Universities
489,Tomsk Polytechnic University,RUS,Universities
489,Dalian Minzu University,CHN,Universities
489,Jeju National University *,KOR,Universities
490,Imam Abdulrahman Bin Faisal University *,SAU,Universities
490,Gaziantep University *,TUR,Universities
491,"University of Nottingham, Malaysia Campus",MYS,Universities
491,University of Cape Town,ZAF,Universities
491,Aligarh Muslim University,IND,Universities
492,"Indian Institute of Technology, Kharagpur",IND,Universities
493,National Institute for Environmental Studies,JPN,Government
493,Inha University,KOR,Universities
494,Universitat d'Alacant *,ESP,Universities
495,Duzce University,TUR,Universities
496,"Universidad de los Andes, Colombia *",COL,Universities
496,Sungkyunkwan University,KOR,Universities
496,Taiyuan University of Technology,CHN,Universities
497,University of Belgrade,SRB,Universities
498,Institute of Fundamental Technological Research Polish Academy of Sciences,POL,Government
498,Catholic University of Louvain,BEL,Universities
498,Thapar Institute of Engineering and Technology,IND,Universities
499,CGIAR Consortium of International Agricultural Research *,MUL,Non-Profit
499,Qom University,IRN,Universities
499,Universidade Federal do Rio Grande do Sul,BRA,Universities
500,Korea Maritime University,KOR,Universities
500,Henan University *,CHN,Universities
500,Linnaeus University,SWE,Universities
501,Semnan University,IRN,Universities
501,Necmettin Erbakan University,TUR,Universities
501,"Islamic Azad University, Science and Research Branch",IRN,Universities
501,Brno University of Technology,CZE,Universities
501,Florida Atlantic University,USA,Universities
502,"Hefei Institutes of Physical Sciences, Chinese Academy of Sciences",CHN,Government
502,King Saud University *,SAU,Universities
502,Universitat Jaume I *,ESP,Universities
503,Stellenbosch University,ZAF,Universities
503,Xinjiang University,CHN,Universities
503,Akdeniz University,TUR,Universities
504,Wuhan Institute of Technology,CHN,Universities
504,University of Zagreb,HRV,Universities
504,North Dakota State University,USA,Universities
504,Dankook University,KOR,Universities
505,Universita degli Studi Niccolo Cusano,ITA,Universities
505,"University of Malaysia, Perlis",MYS,Universities
506,Max Planck Institut fur Plasmaphysik,DEU,Government
506,University of Maragheh,IRN,Universities
507,Forschungszentrum Julich in der Helmholtz Gemeinschaft,DEU,Government
508,Punjab Engineering College,IND,Universities
508,Islamic University of Gaza,PSE,Universities
508,"Southern Illinois University, Carbondale *",USA,Universities
509,Universidade da Coruna,ESP,Universities
509,Central South University of Forestry and Technology,CHN,Universities
509,Tecnalia Research & Innovation,ESP,Non-Profit
510,Victoria University,AUS,Universities
510,Universite Savoie Mont Blanc *,FRA,Universities
511,Embry-Riddle Aeronautical University *,USA,Universities
511,University of Ulster,GBR,Universities
512,"California State University, Long Beach",USA,Universities
513,University of Western Sydney,AUS,Universities
513,Konkuk University *,KOR,Universities
514,Ecole de Technologie Superieure,CAN,Universities
514,University of Sharjah,ARE,Universities
515,"Indian Institute of Technology, Hyderabad",IND,Universities
516,Natural Resources Canada,CAN,Government
517,Malaviya National Institute of Technology,IND,Universities
518,"Curtin University, Malaysia",MYS,Universities
518,Pusan National University,KOR,Universities
519,Chosun University *,KOR,Universities
519,Ecole Polytechnique de Montreal,CAN,Universities
519,West Virginia University *,USA,Universities
519,King Mongkut's Institute of Technology North Bangkok,THA,Universities
520,University of Mohaghegh Ardabili,IRN,Universities
520,Institut Polytechnique de Bordeaux *,FRA,Universities
521,University of Athens,GRC,Universities
521,Myongji University,KOR,Universities
521,King Khalid University,SAU,Universities
522,Isfahan University of Technology,IRN,Universities
522,Wroclaw University of Science and Technology,POL,Universities
523,"University of Connecticut, Storrs *",USA,Universities
523,Yeungnam University,KOR,Universities
524,Tokyo Institute of Technology,JPN,Universities
524,Lanzhou University *,CHN,Universities
524,Central Queensland University,AUS,Universities
524,Tianjin University of Commerce China,CHN,Universities
524,Beijing Institute of Civil Engineering and Architecture,CHN,Universities
525,Universitat Duisburg Essen *,DEU,Universities
525,Rzeszow University of Technology,POL,Universities
525,"National University of Science and Technology, Islamabad",PAK,Universities
525,Khalifa University *,ARE,Universities
526,University of New Hampshire,USA,Universities
526,Ministry of Transport,CHN,Government
526,Worcester Polytechnic Institute,USA,Universities
527,Lulea University of Technology,SWE,Universities
527,Eskisehir Osmangazi University *,TUR,Universities
527,University of Nis,SRB,Universities
528,Ecole Nationale d'Ingenieurs de Metz *,FRA,Universities
529,Ecole Centrale de Nantes *,FRA,Universities
529,Indian Institute of Technology Guwahati,IND,Universities
530,PetroChina Co Ltd,CHN,Companies
530,China Academy of Transportation Sciences,CHN,Non-Profit
530,Laboratoire d'Etude des Microstructures et de Mecanique des Materiaux,FRA,Government
530,Nanjing Institute of Technology,CHN,Universities
530,Indian Institute of Technology Patna,IND,Universities
531,Illinois Institute of Technology,USA,Universities
531,"Guangzhou Institute of Energy Conversion, Chinese Academy of Sciences",CHN,Government
532,Zhejiang Sci-Tech University,CHN,Universities
532,Shanghai University of Engineering Science,CHN,Universities
532,Alan Turing Institute,GBR,Government
532,Universidad de Zaragoza *,ESP,Universities
532,University of Bradford,GBR,Universities
533,National Institute of Technology Hamirpur,IND,Universities
533,Hubei University of Technology,CHN,Universities
533,Xi'an University of Science and Technology,CHN,Universities
534,Southern Cross University,AUS,Universities
534,Shahrood University of Technology,IRN,Universities
535,Liverpool John Moores University,GBR,Universities
536,Shiraz University,IRN,Universities
536,Urmia University,IRN,Universities
536,Payame Noor University,IRN,Universities
536,"Electricite de France, S.A. *",FRA,Companies
537,Aix-Marseille Universite *,FRA,Universities
537,Universidad de Valladolid *,ESP,Universities
537,Warsaw University of Technology,POL,Universities
537,Universite de Technologie de Compiegne *,FRA,Universities
537,Universita degli Studi Gabriele d'Annunzio di Chieti e Pescara,ITA,Universities
538,Universidad de Navarra *,ESP,Universities
538,"Islamic Azad University, South Tehran branch",IRN,Universities
538,Bialystok University of Technology,POL,Universities
539,Universita degli Studi della Basilicata,ITA,Universities
539,State Oceanic Administration,CHN,Government
539,Gkss Forschungszentrum Geesthacht,DEU,Government
540,Bandung Institute of Technology,IDN,Universities
540,Istanbul University Cerrahpasa *,TUR,Universities
541,Universidade de Santiago de Compostela *,ESP,Universities
541,Hakim Sabzevari University,IRN,Universities
542,Universite Clermont-Auvergne,FRA,Universities
542,Universita degli Studi di Sassari,ITA,Universities
543,Korea Institute of Geoscience and Mineral Resources,KOR,Government
543,Brandenburgische Technische Universitat Cottbus,DEU,Universities
544,"Agenzia Nazionale per le nuove Tecnologie, l'Energia e lo Sviluppo Economico Sostenibile",ITA,Government
545,Auckland University of Technology,NZL,Universities
546,Universite de Limoges *,FRA,Universities
547,Laboratoire de Tribologie et Dynamique des Systemes,FRA,Government
547,Tenaga National University,MYS,Universities
548,University of Oklahoma *,USA,Universities
548,Universidad de Oviedo *,ESP,Universities
549,East China Institute of Technology,CHN,Universities
549,"Universite Paul Sabatier, Toulouse III *",FRA,Universities
550,Texas A&M University at Qatar,QAT,Universities
550,Universidade Federal do Rio de Janeiro,BRA,Universities
550,"University of Engineering and Technology, Lahore",PAK,Universities
550,Ningbo University,CHN,Universities
550,Academy of Sciences of the Czech Republic *,CZE,Government
551,University of Durham,GBR,Universities
551,Netherlands Organisation for Applied Scientific Research,NLD,Government
551,Netherlands Organisation for Applied Scientific Research *,MUL,Government
552,Dalian Maritime University,CHN,Universities
552,University of Groningen *,NLD,Universities
552,Institut Pascal,FRA,Government
552,Institut de Recherche pour le Developpement Paris *,FRA,Government
553,Laboratorio Nacional de Engenharia Civil,PRT,Government
553,Universidad de Extremadura *,ESP,Universities
554,Universita degli Studi della Tuscia,ITA,Universities
554,Tun Hussein Onn University of Malaysia,MYS,Universities
554,Northwest A and F University,CHN,Universities
555,Deltares,NLD,Government
555,China Railway Engineering Corp *,CHN,Companies
556,Korea Electric Power Corp *,KOR,Companies
556,Universidad Central Marta Abreu de Las Villas *,CUB,Universities
556,Institute of Problems of Mechanical Engineering Russian Academy of Sciences,RUS,Government
557,Hebei University of Technology,CHN,Universities
558,Xihua University,CHN,Universities
559,Gadjah Mada University,IDN,Universities
560,"Oklahoma State University, Stillwater",USA,Universities
560,University of West Attica,GRC,Universities
561,"University of Kurdistan, Sanandaj",IRN,Universities
561,Lodz University of Technology,POL,Universities
561,Dalhousie University,CAN,Universities
562,Persian Gulf University,IRN,Universities
562,Petronas University of Technology,MYS,Universities
562,Recep Tayyip Erdogan University,TUR,Universities
563,Fujian Agriculture and Forestry University,CHN,Universities
563,Uppsala University,SWE,Universities
563,Universidade Estadual de Maringa,BRA,Universities
563,Kyung Hee University *,KOR,Universities
563,University of North Dakota,USA,Universities
564,National Cheng Kung University,TWN,Universities
565,Centre Internacional en Metodes Numerics en Enginyeria,ESP,Government
565,Ben-Gurion University of the Negev *,ISR,Universities
565,Waseda University,JPN,Universities
565,Universidade Federal da Bahia,BRA,Universities
566,Pacific Northwest National Laboratory,USA,Government
567,Ecole d'Ingenieurs SIGMA Clermont *,FRA,Universities
567,East China University of Science and Technology,CHN,Universities
568,University of Shanghai for Science and Technology,CHN,Universities
568,Brigham Young University,USA,Universities
568,Southwest University of Science and Technology,CHN,Universities
569,"Islamic Azad University, Shiraz Branch",IRN,Universities
569,Kafr El-Sheikh University,EGY,Universities
569,Shahid Chamran University,IRN,Universities
569,Universitat de Valencia *,ESP,Universities
570,Kunming University of Science and Technology,CHN,Universities
571,University of Oregon,USA,Universities
571,Tadeusz Kosciuszko Cracow University of Technology,POL,Universities
572,Bahcesehir University *,TUR,Universities
573,China Railway Group Ltd,CHN,Companies
573,University of Nevada-Las Vegas,USA,Universities
573,Birla Institute of Technology and Science *,IND,Universities
573,Liaocheng University *,CHN,Universities
574,University of West Bohemia,CZE,Universities
574,Institut Polytechnique de Grenoble *,FRA,Universities
574,Institute of Continuous Media Mechanics Russian Academy of Sciences,RUS,Government
575,University of Ontario Institute of Technology,CAN,Universities
575,Universidade do Algarve,PRT,Universities
575,Universite Claude Bernard Lyon 1 *,FRA,Universities
576,Istanbul Gelisim University,TUR,Universities
576,Universidade Federal do Rio Grande do Norte,BRA,Universities
576,"Suleyman Demirel University, Isparta",TUR,Universities
577,L. N. Gumilov Eurasian National University,KAZ,Universities
577,University of Calcutta,IND,Universities
577,VSB-Technical University of Ostrava,CZE,Universities
577,Technical University of Kosice,SVK,Universities
578,University Tunku Abdul Rahman,MYS,Universities
578,Yangzhou University,CHN,Universities
579,Henan Agricultural University,CHN,Universities
580,Universita degli Studi Mediterranea di Reggio Calabria,ITA,Universities
581,Charles University *,CZE,Universities
581,Universidad de Cordoba *,ESP,Universities
581,Shanghai Ocean University,CHN,Universities
582,Instituto Tecnologico de Aeronautica,BRA,Universities
582,China Three Gorges University,CHN,Universities
582,Kyungpook National University *,KOR,Universities
582,Yildiz Technical University,TUR,Universities
582,Chungbuk National University,KOR,Universities
583,Universita degli Studi di Udine,ITA,Universities
583,Institut National de l'Environnement Industriel et des Risques,FRA,Government
583,Al-Farabi Kazakh National University,KAZ,Universities
584,"Centro de Investigaciones Energeticas, Medioambientales y Tecnologicas *",ESP,Government
584,Istituto Universitario di Studi Superiori Pavia,ITA,Universities
585,Universidad Nacional de Educacion a Distancia *,ESP,Universities
585,Pukyong National University,KOR,Universities
585,Rowan University,USA,Universities
586,Kumamoto University *,JPN,Universities
586,Indian Institute of Technology,IND,Universities
586,Northeast Normal University,CHN,Universities
586,University of Jordan,JOR,Universities
586,Dr BR Ambedkar National Institute of Technology,IND,Universities
586,Tallinn University of Technology,EST,Universities
587,Tanta University,EGY,Universities
587,"Indian Institute of Technology, Ropar",IND,Universities
587,Universita degli Studi di Cagliari,ITA,Universities
588,University of Johannesburg,ZAF,Universities
589,Universidad Politecnica de Cartagena *,ESP,Universities
590,Homi Bhabha National Institute,IND,Universities
591,Shahid Bahonar University of Kerman,IRN,Universities
592,University of Idaho,USA,Universities
592,Florida Institute of Technology,USA,Universities
592,National Institute of Technology Karnataka,IND,Universities
592,Tianjin Chengjian University,CHN,Universities
593,Institute of Geology and Geophysics Chinese Academy of Sciences,CHN,Government
594,Tennessee Technological University,USA,Universities
594,University of Memphis,USA,Universities
594,Hiroshima University *,JPN,Universities
594,Erciyes University,TUR,Universities
594,National Chung Hsing University,TWN,Universities
595,Punjabi University,IND,Universities
595,ITER Organization,FRA,Non-Profit
596,Poznan University of Technology,POL,Universities
597,"University of North Carolina, Charlotte",USA,Universities
597,Covenant University,NGA,Universities
598,Chung Yuan Christian University,TWN,Universities
598,Kasetsart University,THA,Universities
599,Northeast Forestry University,CHN,Universities
600,Inner Mongolia University of Science and Technology,CHN,Universities
600,N.I. Lobachevsky State University of Nizhni Novgorod *,RUS,Universities
600,National Institute of Technology Warangal,IND,Universities
601,Universite Libre de Bruxelles,BEL,Universities
601,International Islamic University,PAK,Universities
601,Kyiv National University of Construction and Architecture,UKR,Universities
601,Visvesvaraya National Institute of Technology,IND,Universities
602,University of Saskatchewan,CAN,Universities
603,"Institute of Engineering Thermophysics, Chinese Academy of Sciences",CHN,Government
604,Nanjing University of Information Science and Technology,CHN,Universities
604,University of Wolverhampton,GBR,Universities
605,National Institute of Technology Kurukshetra,IND,Universities
605,New Jersey Institute of Technology,USA,Universities
605,VIT University,IND,Universities
606,Assiut University *,EGY,Universities
607,Shahid Rajaee Teacher Training University,IRN,Universities
607,University of Babylon,IRQ,Universities
608,"Texas State University, San Marcos",USA,Universities
608,University of Zabol,IRN,Universities
609,Chinese Academy of Geological Sciences *,CHN,Government
609,China Railway Eryuan Engineering Group Co Ltd,CHN,Companies
609,Memorial University of Newfoundland,CAN,Universities
609,Ningbo University of Technology,CHN,Universities
609,Universidade de Brasilia,BRA,Universities
609,University of Patras,GRC,Universities
610,Mansoura University *,EGY,Universities
610,Nagoya University *,JPN,Universities
610,Robert Gordon University,GBR,Universities
611,University of Split,HRV,Universities
611,James Cook University *,AUS,Universities
612,University of Anbar,IRQ,Universities
612,Nagasaki University *,JPN,Universities
612,Cairo University *,EGY,Universities
613,Huaqiao University,CHN,Universities
614,University of Seoul,KOR,Universities
615,Sakarya University *,TUR,Universities
615,University of Isfahan,IRN,Universities
616,Prince Sattam Bin Abdulaziz University,SAU,Universities
616,Democritus University Of Thrace,GRC,Universities
616,Chengdu University,CHN,Universities
616,"Islamic Azad University, Isfahan Khorasgan Branch",IRN,Universities
616,University of Waikato,NZL,Universities
617,Shri Mata Vaishno Devi University,IND,Universities
618,Shaoxing University,CHN,Universities
618,Hunan University of Science and Technology,CHN,Universities
619,Nippon Steel Corp *,MUL,Companies
620,University of Vermont,USA,Universities
620,Shiraz University of Technology,IRN,Universities
620,Universitat der Bundeswehr Munchen,DEU,Universities
621,Saint Petersburg State University,RUS,Universities
622,Universidad de Malaga *,ESP,Universities
623,Ss Cyril and Methodius University of Skopje *,MKD,Universities
624,Alexandria University *,EGY,Universities
624,Universidad de las Palmas de Gran Canaria *,ESP,Universities
625,Bureau de Recherches Geologiques et Minieres,FRA,Government
626,Leeds Beckett University,GBR,Universities
626,Universite de Tunis El Manar *,TUN,Universities
627,Al-Furat Al-Awsat Technical University,IRQ,Universities
627,Menoufia University *,EGY,Universities
627,Institut de Mecanique et d'Ingenierie de Bordeaux,FRA,Government
628,Florida State University *,USA,Universities
628,University of Toyama *,JPN,Universities
628,Military University of Technology,POL,Universities
629,Razi University,IRN,Universities
629,Incheon National University,KOR,Universities
630,Osaka University *,JPN,Universities
630,Southwestern University of Finance and Economics,CHN,Universities
630,Universita degli Studi di Enna Kore,ITA,Universities
630,Universite de La Rochelle *,FRA,Universities
630,Kansas State University,USA,Universities
630,Majmaah University,SAU,Universities
631,Adana Science and Technology University,TUR,Universities
631,Czestochowa University of Technology,POL,Universities
631,Jiangnan University *,CHN,Universities
631,UNESCO-IHE Institute for Water Education,NLD,Universities
631,University of Rijeka,HRV,Universities
631,West Pomeranian University of Technology,POL,Universities
632,University of Defence,CZE,Universities
632,Riga Technical University,LVA,Universities
632,Universite Paris-Est Creteil *,FRA,Universities
633,Kuwait University *,KWT,Universities
633,Warsaw University of Life Sciences,POL,Universities
634,Massey University,NZL,Universities
634,Technische Universitat Hamburg-Harburg,DEU,Universities
634,Universita IUAV di Venezia,ITA,Universities
635,Xi'an Technological University,CHN,Universities
635,"California State Polytechnic University, Pomona",USA,Universities
635,Saint Petersburg Mining University,RUS,Universities
636,"Indian Institute of Technology, Varanasi",IND,Universities
636,Universidad Autonoma de Baja California,MEX,Universities
636,University Malaysia Terengganu,MYS,Universities
636,Clarkson University,USA,Universities
637,"Nippon Steel Corp, Japan",JPN,Companies
637,Shaqra University,SAU,Universities
637,Ain Shams University *,EGY,Universities
637,Lomonosov  Moscow State University,RUS,Universities
637,York University,CAN,Universities
638,Chengdu University of Technology,CHN,Universities
639,Instituto de Ciencias de la Construccion Eduardo Torroja,ESP,Government
639,University of Novi Sad,SRB,Universities
640,Southern Ural State University,RUS,Universities
640,Amrita University,IND,Universities
641,University of Guelph,CAN,Universities
642,Glasgow Caledonian University,GBR,Universities
642,University of Science and Culture,IRN,Universities
642,Universidade Federal de Santa Maria *,BRA,Universities
642,U.S. Air Force,USA,Government
642,Sultan Qaboos University *,OMN,Universities
642,Jadavpur University,IND,Universities
642,National Chiao Tung University,TWN,Universities
642,South Valley University *,EGY,Universities
642,Opole University of Technology,POL,Universities
642,Telkom University,IDN,Universities
642,University of Applied Sciences and Arts Western Switzerland *,CHE,Universities
643,Western Michigan University,USA,Universities
644,Stevens Institute of Technology,USA,Universities
644,"Islamic Azad University, Najafabad Branch",IRN,Universities
645,Pandit Deendayal Petroleum University,IND,Universities
645,Royal Military College of Canada,CAN,Universities
645,Culham Centre for Fusion Energy,GBR,Government
646,Karadeniz Technical University,TUR,Universities
646,"University of Maine, Orono",USA,Universities
646,North China University of Technology,CHN,Universities
647,"Islamic Azad University, Qazvin",IRN,Universities
647,"California State University, Northridge",USA,Universities
647,Nanjing Normal University,CHN,Universities
648,University of Pune,IND,Universities
648,Office National d'Etudes et de Recherches Aerospatiales Chatillon *,FRA,Government
649,Universidad Tecnologica Nacional *,ARG,Universities
649,Henan Polytechnic University,CHN,Universities
650,Universite Amar Telidji de Laghouat,DZA,Universities
650,Liaoning Technical University,CHN,Universities
651,Arak University,IRN,Universities
651,Universite Saad Dahlab de Blida 1,DZA,Universities
651,"University of the West Indies, Mona Campus *",JAM,Universities
652,"Islamic Azad University, Tabriz",IRN,Universities
652,Ege University,TUR,Universities
652,Chongqing Jiaotong University,CHN,Universities
653,Al-Nahrain University,IRQ,Universities
653,Universidade Tecnologica Federal do Parana,BRA,Universities
654,NED University of Engineering and Technology,PAK,Universities
654,Oslo Metropolitan University,NOR,Universities
655,Qilu University of Technology,CHN,Universities
656,"California Polytechnic State University, San Luis Obispo",USA,Universities
656,Dhaka University of Engineering and Technology,BGD,Universities
656,Pontificia Universidad Catolica del Peru,PER,Universities
657,Technische Universitat Dortmund *,DEU,Universities
658,Christian-Albrechts-Universitat zu Kiel,DEU,Universities
658,Urmia University of Technology,IRN,Universities
658,Kobe University *,JPN,Universities
659,Mehran University of Engineering and Technology Jamshoro,PAK,Universities
660,"University of Hawaii, Manoa *",USA,Universities
660,"Universidad del Valle, Colombia *",COL,Universities
661,Consejo Nacional de Ciencia y Tecnologia *,MEX,Government
661,Ajou University,KOR,Universities
661,China Academy of Engineering Physics,CHN,Government
662,Shanghai Normal University,CHN,Universities
662,The American University in Cairo,EGY,Universities
663,Jozef Stefan Institute,SVN,Government
663,University of Zielona Gora,POL,Universities
663,Le Quy Don Technical University,VNM,Universities
664,University of Indonesia,IDN,Universities
664,Universidad San Francisco de Quito,ECU,Universities
665,National Yunlin University of Science and Technology,TWN,Universities
665,National Research Council Canada *,CAN,Government
666,Universidad Nacional de Colombia *,COL,Universities
666,China Earthquake Administration,CHN,Government
666,Anna University,IND,Universities
666,University of Louisville *,USA,Universities
667,Universidade Federal da Paraiba,BRA,Universities
668,Diponegoro University,IDN,Universities
668,Hanoi University of Science and Technology,VNM,Universities
668,Sohag University *,EGY,Universities
668,Ecole Mohammadia d'Ingenieurs,MAR,Universities
668,Kielce University of Technology,POL,Universities
669,Shahed University,IRN,Universities
669,Peoples'Friendship University of Russia,RUS,Universities
670,National Institute of Technology Silchar,IND,Universities
671,Bogazici University,TUR,Universities
671,Sahand University of Technology,IRN,Universities
671,Bartin University,TUR,Universities
671,"University of the West Indies, St. Augustine Campus",TTO,Universities
672,Ho Chi Minh City University of Technology,VNM,Universities
672,Mahidol University *,THA,Universities
673,Centro Federal de Educacao Tecnologica de Minas Gerais,BRA,Universities
674,KIIT University,IND,Universities
674,Ahmadu Bello University *,NGA,Universities
675,Edinburgh Napier University,GBR,Universities
676,Far Eastern Federal University,RUS,Universities
676,Shenyang Jianzhu University,CHN,Universities
676,Universidad de Concepcion *,CHL,Universities
676,Tokyo Metropolitan University,JPN,Universities
677,"California State University, Fullerton",USA,Universities
677,Northeast Petroleum University,CHN,Universities
677,Universitat Innsbruck *,AUT,Universities
678,British University in Dubai,ARE,Universities
678,University of Nigeria,NGA,Universities
678,Idaho State University,USA,Universities
678,Ulsan National Institute of Science and Technology *,KOR,Universities
678,Pontificia Universidade Catolica do Rio de Janeiro,BRA,Universities
679,Academy of Scientific and Innovative Research,IND,Universities
679,"Indian Institute of Engineering Science and Technology, Shibpur",IND,Universities
680,Kwame Nkrumah University of Science and Technology,GHA,Universities
680,Dongguk University *,KOR,Universities
681,East China Jiaotong University,CHN,Universities
681,North China University of Water Conservancy and Electric Power,CHN,Universities
681,University of KwaZulu-Natal *,ZAF,Universities
681,Near East University,CYP,Universities
682,Jackson State University,USA,Universities
682,Ataturk University,TUR,Universities
683,University of Thi-Qar,IRQ,Universities
683,Kocaeli University *,TUR,Universities
684,Hongik University,KOR,Universities
684,Slovak University of Technology,SVK,Universities
684,University of Montenegro,MNE,Universities
685,Tamkang University,TWN,Universities
685,Universite Mohamed Khider de Biskra,DZA,Universities
685,Suzhou University of Science and Technology,CHN,Universities
685,Chongqing University of Technology,CHN,Universities
685,Ecole Normale Superieure Paris-Saclay *,FRA,Universities
686,Institute for Plasma Research,IND,Government
686,Academic Center for Education Culture and Research *,IRN,Non-Profit
686,University of Regina,CAN,Universities
687,University of Northern British Columbia,CAN,Universities
687,Slovenian Academy of Sciences and Arts *,SVN,Government
687,Bu-Ali Sina University,IRN,Universities
688,Qingdao Agricultural University,CHN,Universities
688,Gazi University,TUR,Universities
688,Vali-e-Asr University,IRN,Universities
689,Anhui University of Technology,CHN,Universities
689,Inner Mongolia University of Technology,CHN,Universities
689,Istituto Nazionale di Fisica Nucleare,ITA,Government
689,Universidad de la Costa,COL,Universities
690,Norwegian Geotechnical Institute,NOR,Government
690,Amity University *,IND,Universities
691,Sumy State University,UKR,Universities
691,University of Stavanger,NOR,Universities
692,Prince of Songkla University,THA,Universities
692,Zanjan University,IRN,Universities
692,Yangtze University,CHN,Universities
693,Lanzhou Jiaotong University,CHN,Universities
693,Vinh University,VNM,Universities
693,Flinders University,AUS,Universities
694,University of Warmia and Mazury,POL,Universities
695,University of Pecs,HUN,Universities
695,Hacettepe University,TUR,Universities
696,Universite Mohammed V de Rabat *,MAR,Universities
696,Universite Abou Bekr Belkaid Tlemcen,DZA,Universities
696,"University of Technology, Iraq",IRQ,Universities
697,University of the Sunshine Coast,AUS,Universities
698,National Chin-Yi University of Technology,TWN,Universities
698,Gyeongsang National University *,KOR,Universities
699,Southwest State University,RUS,Universities
699,University of Ibadan,NGA,Universities
700,Cukurova University,TUR,Universities
700,Yokohama National University,JPN,Universities
700,National Taiwan Ocean University,TWN,Universities
701,Zhejiang University of Science and Technology,CHN,Universities
701,"University of Alabama, Huntsville",USA,Universities
702,Lanzhou University of Technology,CHN,Universities
702,Laboratoire de Mecanique et Technologie-Cachan,FRA,Government
702,Nanchang University *,CHN,Universities
703,Jazan University,SAU,Universities
703,Pontificia Universidad Javeriana *,COL,Universities
704,Universidad de Costa Rica,CRI,Universities
705,Universidade Federal do Parana,BRA,Universities
706,Benha University *,EGY,Universities
706,Al-Azhar University *,EGY,Universities
707,University of Zilina,SVK,Universities
707,Universite Hassan II de Casablanca *,MAR,Universities
708,Universita degli Studi Ca Foscari di Venezia,ITA,Universities
709,Yamaguchi University *,JPN,Universities
709,Diyala University,IRQ,Universities
710,Shanxi University,CHN,Universities
710,Delhi Technological University,IND,Universities
710,Shenyang Aerospace University,CHN,Universities
711,"University of Alaska, Fairbanks",USA,Universities
711,University of Vaasa,FIN,Universities
712,Kazan State University of Architecture and Engineering,RUS,Universities
713,National Central University,TWN,Universities
713,Universitat Siegen,DEU,Universities
713,University of Lagos,NGA,Universities
713,Universidade Federal de Sao Carlos,BRA,Universities
713,Universiti Teknologi MARA,MYS,Universities
713,Chiang Mai University,THA,Universities
714,Shandong Agricultural University,CHN,Universities
715,Mohammad Ali Jinnah University,PAK,Universities
715,Ankara Yildirim Beyazit University,TUR,Universities
715,Universidade do Estado do Rio de Janeiro,BRA,Universities
716,Civil Aviation University of China,CHN,Universities
716,University of Basrah,IRQ,Universities
716,University of Bojnord,IRN,Universities
716,"National Institute of Technology, Tiruchirappalli",IND,Universities
716,University of Al-Qadisiyah,IRQ,Universities
716,Kennesaw State University,USA,Universities
717,Kunsan National University,KOR,Universities
717,Universita degli Studi del Molise,ITA,Universities
717,University of Miskolc,HUN,Universities
718,Fujian University of Technology,CHN,Universities
718,Kyonggi University,KOR,Universities
719,Bangladesh University of Engineering and Technology,BGD,Universities
719,Universidade de Evora,PRT,Universities
720,"University of the Witwatersrand, Johannesburg",ZAF,Universities
721,Manipal University,IND,Universities
721,Guangdong Power Grid Co Ltd,CHN,Companies
722,Saint Petersburg State University of Architecture and Civil Engineering,RUS,Universities
723,Addis Ababa University,ETH,Universities
723,Nanjing Hydraulic Research Institute,CHN,Government
724,University of Baghdad,IRQ,Universities
725,China Coal Research Institute,CHN,Companies
725,Ecole Nationale d'Ingenieurs de Tunis,TUN,Universities
726,Bhabha Atomic Research Centre,IND,Government
726,Izmir Katip Celebi University *,TUR,Universities
727,Jimei University,CHN,Universities
727,Institut National de la Recherche Scientifique,CAN,Universities
728,The Maharaja Sayajirao University of Baroda,IND,Universities
728,North West Frontier Province University of Engineering and Technology,PAK,Universities
729,National Technical University of Ukraine - Kyiv Polytechnic Institute,UKR,Universities
730,University of Sistan and Baluchestan,IRN,Universities
730,Banaras Hindu University,IND,Universities
731,Zhengzhou University of Light Industry,CHN,Universities
731,National Kaohsiung University of Science and Technology,TWN,Universities
732,Obafemi Awolowo University,NGA,Universities
732,Yazd University,IRN,Universities
733,Manipal Global Education Group *,MUL,Companies
734,Beni Suef University *,EGY,Universities
734,Naval University of Engineering,CHN,Universities
735,Instituto Politecnico Nacional *,MEX,Universities
736,Changzhou University,CHN,Universities
736,University of Science and Technology of Mazandaran,IRN,Universities
736,University of North Florida,USA,Universities
737,Universidade do Vale do Rio dos Sinos,BRA,Universities
737,Brawijaya University,IDN,Universities
738,Wuyi University,CHN,Universities
738,Research Institute of Petroleum Exploration and Development,CHN,Government
739,University of Tromso - The Arctic University of Norway,NOR,Universities
739,"Arab Academy for Science, Technology and Maritime Transport",EGY,Universities
739,University of Sarajevo,BIH,Universities
739,Beijing Information Science and Technology University,CHN,Universities
740,Universidade Federal de Pernambuco,BRA,Universities
740,National Institute of Technology Calicut,IND,Universities
740,Erbil Polytechnic University,IRQ,Universities
741,Universidade Federal de Ouro Preto,BRA,Universities
741,Uludag University,TUR,Universities
741,Emperor Alexander I St. Petersburg State Transport University,RUS,Universities
741,O.M. Beketov National University of Urban Economy,UKR,Universities
742,Umm Al-Qura University,SAU,Universities
743,Universidade Federal de Goias,BRA,Universities
743,Russian Research Centre Kurchatov Institute,RUS,Government
744,Institut National des Sciences Appliquees de Rennes *,FRA,Universities
744,Universidad Militar Nueva Granada,COL,Universities
744,Jilin Jianzhu University,CHN,Universities
745,"University of Malaysia, Sarawak",MYS,Universities
745,Hainan University,CHN,Universities
746,Universidad Autonoma Metropolitana,MEX,Universities
746,Instituto Politecnico de Lisboa,PRT,Universities
746,Universite des Sciences et de la Technologie d'Oran-Mohamed Boudiaf,DZA,Universities
747,University of New Brunswick,CAN,Universities
747,China Academy of Building Research,CHN,Government
747,Universidad Tecnica Federico Santa Maria *,CHL,Universities
748,Kharazmi University,IRN,Universities
749,North China Institute of Science and Technology,CHN,Universities
750,Lviv Polytechnic National University,UKR,Universities
751,Taif University,SAU,Universities
752,University of Shizuoka,JPN,Universities
753,Kongju National University,KOR,Universities
753,Ohio University,USA,Universities
753,Universidade Federal do Espirito Santo,BRA,Universities
753,Dong-A University,KOR,Universities
753,Jamia Millia Islamia Central University,IND,Universities
754,University of Derby,GBR,Universities
754,National Institute of Technology Jamshedpur,IND,Universities
755,Xiangtan University,CHN,Universities
755,"Minnesota State University, Mankato",USA,Universities
755,Chungnam National University,KOR,Universities
756,Sepuluh Nopember Institute of Technology,IDN,Universities
756,University of Toledo *,USA,Universities
757,Hashemite University,JOR,Universities
758,"University of Colorado, Denver *",USA,Universities
758,Afyon Kocatepe University *,TUR,Universities
759,Ministry of Water Resources of China,CHN,Government
759,Istituto per la Scienza e Tecnologia dei Plasmi,ITA,Government
760,Soongsil University,KOR,Universities
761,National Institute of Technology Raipur,IND,Universities
761,Fayoum University *,EGY,Universities
762,Academy of Mathematics and Systems Science Chinese Academy of Sciences,CHN,Government
762,Guilin University of Technology,CHN,Universities
763,Pontificia Universidad Catolica de Valparaiso *,CHL,Universities
764,Shijiazhuang Tiedao University,CHN,Universities
765,University of Danang,VNM,Universities
765,"Technical University of Malaysia, Melaka",MYS,Universities
766,Ritsumeikan University,JPN,Universities
766,Hanbat National University,KOR,Universities
767,Landmark University,NGA,Universities
768,Korea Atomic Energy Research Institute,KOR,Government
769,Ecole Nationale Polytechnique,DZA,Universities
770,Yantai University,CHN,Universities
771,Instituto Politecnico de Coimbra,PRT,Universities
771,Universite des Sciences et de la Technologie Houari Boumediene,DZA,Universities
772,Nagaoka University of Technology,JPN,Universities
772,Cochin University of Science and Technology,IND,Universities
773,Nagoya Institute of Technology,JPN,Universities
773,Kanazawa University *,JPN,Universities
773,"Vietnam National University, Ho Chi Minh City",VNM,Universities
773,Tokyo University of Science,JPN,Universities
774,Shanghai Institute of Technology,CHN,Non-Profit
774,Graduate University for Advanced Studies,JPN,Universities
775,"Indian Institute of Technology, Gandhinagar",IND,Universities
775,Heilongjiang University of Science and Technology,CHN,Universities
776,Universidade Federal de Lavras,BRA,Universities
776,University of Kerbala,IRQ,Universities
776,National Fusion Research Institute,KOR,Government
777,Moscow State University of Civil Engineering,RUS,Universities
777,Gebze Technical University,TUR,Universities
778,"Moscow Aviation Institute, State University of Aerospace Technologies",RUS,Universities
779,China Academy of Railway Sciences,CHN,Government
779,University of Ilorin,NGA,Universities
779,Zhongyuan University of Technology,CHN,Universities
780,Beirut Arab University,LBN,Universities
780,Prince Sultan University,SAU,Universities
780,"Central University of Technology, Free State",ZAF,Universities
781,A.Y. Ishlinsky Institute for Problems in Mechanics Russian Academy of Sciences,RUS,Government
782,University of South Africa,ZAF,Universities
782,Tyumen Industrial University,RUS,Universities
782,Toyohashi University of Technology,JPN,Universities
782,Muroran Institute of Technology,JPN,Universities
783,Beijing Research Institute of Uranium Geology,CHN,Government
784,Sichuan Agricultural University,CHN,Universities
784,Shenyang University of Technology *,CHN,Universities
785,Asian Institute of Technology,THA,Universities
785,Sri Ramaswamy Memorial University,IND,Universities
785,Woosong University,KOR,Universities
785,National Aviation University,UKR,Universities
786,"Universidad de Puerto Rico, Mayaguez",PRI,Universities
787,Universidade Federal de Vicosa,BRA,Universities
788,Qassim University,SAU,Universities
788,Lebanese American University *,LBN,Universities
788,Gangneung-Wonju National University,KOR,Universities
788,National Institute for Fusion Science,JPN,Government
789,Air Force Engineering University,CHN,Universities
790,Saitama University,JPN,Universities
791,University of Kuala Lumpur,MYS,Universities
792,Hunan University of Technology,CHN,Universities
793,"Islamic Azad University, Arak Branch",IRN,Universities
794,Lovely Professional University,IND,Universities
794,Nigde University,TUR,Universities
794,Beykent University,TUR,Universities
795,"Islamic Azad University, Kermanshah",IRN,Universities
796,"University of Louisiana, Lafayette",USA,Universities
796,Samara University,RUS,Universities
796,Tshwane University of Technology,ZAF,Universities
797,Hanoi University of Mining and Geology,VNM,Universities
797,Australian Maritime College,AUS,Universities
797,Seoul National University of Science & Technology,KOR,Universities
798,Changjiang River Scientific Research Institute,CHN,Government
799,Morgan State University,USA,Universities
799,"California State University, Fresno",USA,Universities
800,Al-Balqa Applied University,JOR,Universities
801,Universidad de Puerto Rico *,PRI,Universities
802,"Institute of Mountain Hazards and Environment, Chinese Academy of Sciences",CHN,Government
803,China National Offshore Oil Corp *,CHN,Companies
803,Universitas Muhammadiyah Yogyakarta,IDN,Universities
803,Naval Postgraduate School,USA,Universities
804,Xijing University,CHN,Universities
805,Ukrainian State University of Railway Transport,UKR,Universities
805,Chaoyang University of Technology,TWN,Universities
806,Agricultural University of Hebei,CHN,Universities
806,Hunan City University,CHN,Universities
806,University of Science and Technology Liaoning,CHN,Universities
807,North-West University,ZAF,Universities
808,Xiamen University of Technology,CHN,Universities
808,Nanchang Hangkong University,CHN,Universities
808,Catholic Kwandong University,KOR,Universities
809,Guizhou Institute of Technology,CHN,Universities
810,Haute Ecole Specialisee Bernoise,CHE,Universities
811,Southwest University *,CHN,Universities
811,Korea Railroad Research Institute,KOR,Government
812,University of Misan,IRQ,Universities
813,Universite de Carthage *,TUN,Universities
814,Kumoh National Institute of Technology,KOR,Universities
815,Indian Space Research Organization *,IND,Government
815,Henan Institute of Engineering,CHN,Universities
816,Hebei University of Engineering,CHN,Universities
817,Motilal Nehru National Institute of Technology,IND,Universities
818,Xian Shiyou University,CHN,Universities
819,Chongqing University of Science and Technology,CHN,Universities
820,National Defence University of Malaysia,MYS,Universities
820,Can Tho University,VNM,Universities
821,Henan University of Technology,CHN,Universities
821,Kyushu Institute of Technology,JPN,Universities
822,Ho Chi Minh City University of Technology And Education,VNM,Universities
823,Zhejiang University City College,CHN,Universities
824,University of Bielsko-Biala,POL,Universities
825,Zhejiang University of Water Resources and Electric Power,CHN,Universities
826,North China University of Science and Technology,CHN,Universities
827,The Florida A&M University and The Florida State University College of Engineering,USA,Universities
828,Central Research Institute of Electrical Power Industry,JPN,Non-Profit
828,Yangtze Normal University,CHN,Universities
829,Guangxi University of Science and Technology,CHN,Universities
830,"College of Engineering, Thiruvananthapuram",IND,Universities
831,Jiangxi University of Science and Technology,CHN,Universities
832,Southwestern Institute of Physics China,CHN,Government
832,Universite Constantine 1,DZA,Universities
833,Technical University of Civil Engineering of Bucharest,ROU,Universities
833,Xian Polytechnic University,CHN,Universities
834,I K Gujral Punjab Technical University,IND,Universities
835,University of Kufa,IRQ,Universities
835,Karunya Institute of Technology and Sciences,IND,Universities
835,Shihezi University,CHN,Universities
836,"Swinburne University of Technology, Sarawak Campus",MYS,Universities
837,Karamanoglu Mehmetbey University,TUR,Universities
838,Khulna University of Engineering and Technology,BGD,Universities
839,Central University of Finance and Economics,CHN,Universities
839,Ho Chi Minh City Open University,VNM,Universities
840,The University of Lahore,PAK,Universities
841,China Geological Survey *,CHN,Government
841,Wonkwang University *,KOR,Universities
841,Dalian Jiaotong University,CHN,Universities
841,South Dakota School of Mines and Technology,USA,Universities
842,Manhattan College,USA,Universities
843,National Technical University - Kharkiv Polytechnic Institute,UKR,Universities
844,"Jawaharlal Nehru Technological University, Hyderabad",IND,Universities
844,Changzhou Institute of Technology,CHN,Universities
844,Chandigarh University,IND,Universities
845,Industrial University of Ho Chi Minh City,VNM,Universities
846,Universidad Industrial de Santander,COL,Universities
847,Parahyangan Catholic University,IDN,Universities
848,Gandhi Institute of Technology and Management,IND,Universities
848,BMS College of Engineering,IND,Universities
849,The Korea National University of Transportation,KOR,Universities
850,Nuclear Power Institute of China,CHN,Government
851,German University in Cairo,EGY,Universities
852,Petrobras *,MUL,Companies
852,Petrobras Brasil,BRA,Companies
853,Hefei University,CHN,Universities
854,Bangalore University,IND,Universities
855,Visvesvaraya Technological University,IND,Universities
855,Henan University of Urban Construction,CHN,Universities
856,Kindai University *,JPN,Universities
857,Aljouf University,SAU,Universities
858,Fiji National University,FJI,Universities
859,M. S. Ramaiah Institute of Technology,IND,Universities
860,China Ship Development and Design Center,CHN,Government
861,Dalian Neusoft University of Information,CHN,Universities
862,Weifang University of Science and Technology,CHN,Universities
863,Indian Institute of Remote Sensing,IND,Government
