Global Rank,Institution,Country,Sector
1,Harvard University *,USA,Universities
2,Harvard Medical School,USA,Universities
3,Children's Hospital Boston  *,USA,Health
4,Children's Hospital of Philadelphia,USA,Health
5,U.S. Department of Health & Human Services *,USA,Health
6,Cincinnati Children's Hospital Medical Center,USA,Health
7,Johns Hopkins University *,USA,Universities
8,University of Pennsylvania *,USA,Universities
9,"University of Michigan, Ann Arbor *",USA,Universities
10,Hospital for Sick Children,CAN,Health
11,Stanford University *,USA,Universities
12,National Institutes of Health,USA,Health
13,Nationwide Children's Hospital ,USA,Health
14,Baylor College of Medicine,USA,Universities
15,Assistance Publique Hopitaux de Paris *,FRA,Health
16,Columbia University *,USA,Universities
17,University College London *,GBR,Universities
18,Johns Hopkins Medicine,USA,Health
18,"University of North Carolina, Chapel Hill *",USA,Universities
19,University of Pennsylvania Health System,USA,Health
20,"University of California, San Francisco *",USA,Universities
21,University of Washington *,USA,Universities
22,University of Toronto,CAN,Universities
23,"Northwestern University, Evanston *",USA,Universities
24,Emory University *,USA,Universities
25,"University of Colorado, Denver *",USA,Universities
26,Columbia University Irving Medical Center,USA,Health
27,"Ohio State University, Columbus *",USA,Universities
28,Great Ormond Street Hospital for Children NHS Trust,GBR,Health
29,University of Melbourne *,AUS,Universities
30,"University of Colorado, Anschutz Medical Campus",USA,Universities
31,Seattle Children's Hospital,USA,Health
32,Erasmus University Rotterdam *,NLD,Universities
33,Washington University in Saint Louis *,USA,Universities
34,Centers for Disease Control and Prevention,USA,Health
35,Texas Children's Hospital ,USA,Health
36,"University of California, San Diego *",USA,Universities
37,Erasmus Medical Center,NLD,Health
38,Institut National de la Sante et de la Recherche Medicale *,FRA,Health
39,Duke University *,USA,Universities
40,Murdoch Children's Research Institute,AUS,Health
41,"University of California, Davis *",USA,Universities
42,Stanford Medicine,USA,Health
43,Ann & Robert H. Lurie Children s Hospital,USA,Health
44,Utrecht University *,NLD,Universities
45,Children's Hospital Colorado,USA,Health
45,Northwestern Medicine,USA,Health
46,Woodruff Health Sciences Center,USA,Health
47,Vanderbilt University *,USA,Universities
48,"University of California, Los Angeles *",USA,Universities
49,University of Sydney,AUS,Universities
50,Tel Aviv University,ISR,Universities
50,"World Health Organization, Switzerland",CHE,Health
51,Yale University *,USA,Universities
52,University Medical Center Utrecht,NLD,Health
53,Massachusetts General Hospital,USA,Health
54,Royal Children's Hospital Melbourne,AUS,Health
55,Universite de Paris *,FRA,Universities
56,University of Cincinnati *,USA,Universities
57,University of Southern California *,USA,Universities
58,Wuhan Children's Hospital,CHN,Health
59,Children’s National Health System,USA,Health
59,Karolinska Institute,SWE,Universities
60,Washington University Medical Center ,USA,Health
61,Zhongnan Hospital at Wuhan University,CHN,Health
62,University of Amsterdam *,NLD,Universities
63,University of Pittsburgh *,USA,Universities
63,University of Pittsburgh Medical Center ,USA,Health
64,University of Utah *,USA,Universities
65,Clalit Health Services *,ISR,Health
66,Pennsylvania State University *,USA,Universities
67,Samsung Corp *,MUL,Companies
68,World Health Organization *,MUL,Health
69,University of Michigan Health System,USA,Health
70,Vanderbilt University Medical Center,USA,Health
71,University of Florida *,USA,Universities
72,Children's Hospital Los Angeles ,USA,Health
73,Duke Medicine,USA,Health
74,New York University *,USA,Universities
75,Kings College London,GBR,Universities
76,University of Virginia *,USA,Universities
77,Cornell University *,USA,Universities
78,"University of Minnesota, Twin Cities *",USA,Universities
79,Leiden University *,NLD,Universities
80,University of Texas Southwestern Medical Center ,USA,Universities
81,The Children's Hospital at Westmead,AUS,Health
82,Brown University,USA,Universities
83,Mount Sinai Health System *,USA,Health
84,Mayo Clinic *,USA,Health
85,Case Western Reserve University,USA,Universities
86,University of Rochester *,USA,Universities
87,University of Chicago *,USA,Universities
88,Children's Healthcare of Atlanta ,USA,Health
89,Yale University Health & Medicine,USA,Health
90,National Institute of Child Health and Human Development,USA,Health
91,"University of Alabama, Birmingham *",USA,Universities
92,Ospedale Pediatrico Bambino Gesu,VAT,Health
93,Wuhan Union Hospital,CHN,Health
94,Instituto de Salud Carlos III *,ESP,Health
95,Ohio State University Wexner Medical Center,USA,Health
96,Wayne State University,USA,Universities
97,University of Cincinnati Medical Center,USA,Health
98,University of Calgary,CAN,Universities
99,University of Oxford,GBR,Universities
100,Icahn School of Medicine at Mount Sinai,USA,Universities
101,UCLA Health System,USA,Health
102,"University of Wisconsin, Madison *",USA,Universities
103,The University of Queensland *,AUS,Universities
104,Medical Research Council,GBR,Health
105,Chinese Academy of Sciences *,CHN,Government
106,Leiden University Medical Center,NLD,Health
107,First Affiliated Hospital of Xi'an Jiaotong University,CHN,Health
108,Capital University of Medical Sciences,CHN,Universities
109,Nemours Children's Health System,USA,Government
110,The University of British Columbia,CAN,Universities
111,Academisch Medisch Centrum,NLD,Health
112,George Washington University *,USA,Universities
112,Shanghai Jiao Tong University *,CHN,Universities
113,All India Institute of Medical Sciences,IND,Universities
114,Rady Children's Hospital-San Diego,USA,Health
115,University of Rochester Medical Center,USA,Health
116,University of Southern California Health Sciences Campus,USA,Health
117,Universita degli Studi di Milano,ITA,Universities
118,Imperial College London,GBR,Universities
119,Oregon Health & Science University *,USA,Universities
120,University of Groningen *,NLD,Universities
121,Copenhagen University Hospital,DNK,Health
122,"Fondazione IRCCS Ospedale Maggiore Policlinico, Mangiagalli e Regina Elena",ITA,Health
122,University Hospitals Leuven,BEL,Health
123,University of Copenhagen,DNK,Universities
123,University of Pittsburgh Health Sciences,USA,Universities
124,Xi'an Jiaotong University *,CHN,Universities
124,Huazhong University of Science and Technology *,CHN,Universities
125,Vrije Universiteit Amsterdam *,NLD,Universities
126,Radboud University Nijmegen Medical Centre,NLD,Health
127,University of Iowa *,USA,Universities
128,Nanjing Medical University *,CHN,Universities
129,Fudan University *,CHN,Universities
130,Air Force Medical University *,CHN,Universities
131,Universita degli Studi di Salerno,ITA,Universities
132,Centre National de la Recherche Scientifique *,FRA,Government
133,Umea University *,SWE,Universities
134,University of New South Wales,AUS,Universities
135,Wuhan University *,CHN,Universities
136,"University of Illinois, Chicago *",USA,Universities
136,Children's Hospital of Eastern Ontario,CAN,Health
137,University of Cambridge *,GBR,Universities
138,McGill University Health Centre,CAN,Health
139,NYU Langone Medical Center,USA,Health
140,Sorbonne Universite *,FRA,Universities
141,UC Davis Health System,USA,Health
142,University of Gothenburg,SWE,Universities
143,"Newcastle University, Newcastle upon Tyne",GBR,Universities
144,University of Arizona *,USA,Universities
145,Skane University Hospital,SWE,Health
146,University of Virginia Health System,USA,Health
147,Penn State Milton S. Hershey Medical Center,USA,Health
148,Zhejiang University *,CHN,Universities
149,McGill University,CAN,Universities
149,Montefiore Medical Center *,USA,Health
150,University Medical Center Groningen,NLD,Health
151,Universitat Hamburg *,DEU,Universities
152,Dartmouth College *,USA,Universities
153,Boston University *,USA,Universities
154,Guys & Saint Thomas NHS Foundation Trust,GBR,Health
155,University of Washington Medicine ,USA,Health
156,Karolinska University Hospital,SWE,Health
157,"Monash University, Melbourne *",AUS,Universities
158,Universitatsklinikum Hamburg Eppendorf,DEU,Health
159,The University of Western Australia,AUS,Universities
160,"University of California, Irvine *",USA,Universities
161,Centre Hospitalier Universitaire Sainte-Justine,CAN,Health
162,US Food and Drug Administration,USA,Government
163,Medical College of Wisconsin,USA,Universities
164,Catholic University of Leuven,BEL,Universities
165,University of Kansas *,USA,Universities
166,Hospital de Sant Joan de Deu de Esplugues de Llobregat,ESP,Health
167,Lunds University,SWE,Universities
168,United States Department of Agriculture,USA,Government
169,Ministry of Education of the People's Republic of China,CHN,Government
170,Childrens Mercy Hospital ,USA,Health
171,"Colorado State University, Fort Collins *",USA,Universities
172,Hacettepe University,TUR,Universities
172,University of Manitoba,CAN,Universities
173,University of Alberta,CAN,Universities
174,University of Florida Health Science Center,USA,Health
175,King Chulalongkorn Memorial Hospital,THA,Health
176,Massachusetts Institute of Technology *,USA,Universities
177,Schneider Children's Medical Center of Israel,ISR,Health
178,Catholic University of Louvain,BEL,Universities
179,McMaster University,CAN,Universities
180,Universite de Montreal,CAN,Universities
181,Universita degli Studi di Messina,ITA,Universities
182,Instituto de Investigacion Sanitaria de Santiago de Compostela,ESP,Health
183,University Hospitals of Cleveland  *,USA,Health
184,University College Cork *,IRL,Universities
185,BC Children's Hospital and Sunny Hill Health Centre for Children Vancouver,CAN,Health
185,University of Arkansas for Medical Sciences,USA,Universities
186,Brigham and Women's Hospital,USA,Health
186,George Washington The School of Medicine & Health Sciences,USA,Health
187,St Jude Childrens Research Hospital,USA,Health
188,University of Miami *,USA,Universities
189,University Hospital Southampton NHS Foundation Trust,GBR,Health
190,Women and Infants Hospital of Rhode Island ,USA,Health
191,Weill Cornell Medicine,USA,Universities
192,Tehran University of Medical Sciences *,IRN,Universities
193,Michigan State University,USA,Universities
193,City of Hope,USA,Health
194,"University of California, Berkeley *",USA,Universities
194,Care New England Health System *,USA,Health
195,University of Utah Health Care,USA,Health
196,Medical University of Warsaw,POL,Universities
197,VU University Medical Center,NLD,Health
197,Kennedy Krieger Institute,USA,Health
198,University of Athens,GRC,Universities
199,"University of Texas, Austin",USA,Universities
200,Charite - Universitatsmedizin Berlin *,DEU,Health
200,Tampere University,FIN,Universities
201,UC San Diego Health System,USA,Health
202,University of Bristol,GBR,Universities
202,Detroit Medical Center,USA,Health
203,National Institute of Mental Health,USA,Health
204,Birmingham Children's Hospital NHS Foundation Trust,GBR,Health
205,University of Auckland,NZL,Universities
206,UCSF Benioff Children's Hospital,USA,Health
207,Alberta Children's Hospital,CAN,Health
208,The University of Edinburgh *,GBR,Universities
208,Medizinische Hochschule Hannover,DEU,Universities
209,Rush University Medical Center,USA,Health
209,Cleveland Clinic *,USA,Health
210,University of Tennessee Health Science Center,USA,Health
211,"University of Maryland, Baltimore",USA,Universities
212,Universidade de Sao Paulo *,BRA,Universities
213,Indiana University-Purdue University Indianapolis,USA,Universities
214,Rush University *,USA,Universities
215,Albert Einstein College of Medicine,USA,Universities
215,Universita degli Studi di Roma La Sapienza,ITA,Universities
216,Medical University of South Carolina *,USA,Universities
216,"University of Connecticut, Storrs *",USA,Universities
217,University of Glasgow *,GBR,Universities
218,Vrije Universiteit Brussel,BEL,Universities
219,Peking University *,CHN,Universities
220,Universita degli Studi di Napoli Federico II,ITA,Universities
221,The University of Manchester,GBR,Universities
222,"University of Texas, Health Science Center at Houston",USA,Universities
223,Thomas Jefferson University *,USA,Universities
223,Universitat Regensburg *,DEU,Universities
224,Sir Mortimer B. Davis Jewish General Hospital,CAN,Health
224,Helsinki University Central Hospital,FIN,Health
225,Universita Cattolica del Sacro Cuore,ITA,Universities
226,University of Louisville *,USA,Universities
227,"Kinderspital Zurich, Universitats-Kinderklinik",CHE,Health
228,University of Minnesota Health and Medicine,USA,Universities
229,Virginia Commonwealth University *,USA,Universities
230,Tufts University,USA,Universities
231,Renmin Hospital of Wuhan University,CHN,Health
231,Fred Hutchinson Cancer Research Center,USA,Health
232,Boston University Medical Campus ,USA,Health
233,The University of Sheffield,GBR,Universities
233,Princeton University,USA,Universities
234,Veterans Affairs Medical Centers *,USA,Health
234,Seoul National University *,KOR,Universities
235,University of Illinois at Urbana-Champaign *,USA,Universities
235,"Kaiser Permanente, Oakland *",USA,Health
236,University of Helsinki,FIN,Universities
237,Xijing Hospital,CHN,Health
238,Universitat de Barcelona *,ESP,Universities
239,Arizona Health Sciences Center University of Arizona Tucson,USA,Health
239,Medizinische Universitat Innsbruck *,AUT,Universities
240,University of Turku,FIN,Universities
240,Renji Hospital,CHN,Health
240,Osaka University *,JPN,Universities
241,Anhui Medical University *,CHN,Universities
241,"Montana State University, Bozeman",USA,Universities
241,Hyogo College of Medicine *,JPN,Universities
241,University of Vermont,USA,Universities
242,University of South Florida System *,USA,Universities
243,University of Otago,NZL,Universities
243,University of Oslo,NOR,Universities
244,Massachusetts Eye and Ear Infirmary ,USA,Health
245,University of Kansas Medical Center,USA,Health
246,Oslo University Hospital,NOR,Health
247,The University of Adelaide,AUS,Universities
248,Rainbow Babies and Children's Hospital ,USA,Health
249,University of Ottawa,CAN,Universities
250,Universita degli Studi di Padova,ITA,Universities
251,University of Nottingham *,GBR,Universities
252,National Center for Global Health and Medicine,JPN,Health
253,Universidade Federal Fluminense,BRA,Universities
253,Kings College Hospital NHS Foundation Trust,GBR,Health
253,University of Northern Colorado *,USA,Universities
254,Medizinische Universitat Wien,AUT,Universities
255,Cliniques Universitaires Saint-Luc,BEL,Health
256,University of South Florida,USA,Universities
256,University of Oklahoma *,USA,Universities
257,National Research Institute for Child Health and Development,JPN,Health
257,Istituto Superiore di Sanita,ITA,Health
258,Sheffield Children's NHS Foundation Trust,GBR,Health
259,Mount Sinai Hospital,USA,Health
260,University of Miami Health System,USA,Health
261,Aarhus University *,DNK,Universities
261,Sichuan University *,CHN,Universities
262,Colorado School of Public Health,USA,Universities
262,"Rutgers, The State University of New Jersey",USA,Universities
263,Drexel University,USA,Universities
264,Telethon Kids Institute,AUS,Health
265,Ain Shams University *,EGY,Universities
266,Istituto Giannina Gaslini Ospedale Pediatrico IRCCS,ITA,Health
266,Queensland Institute of Medical Research,AUS,Health
267,Soroka University Medical Center,ISR,Health
267,L'Alma Mater Studiorum - Universita di Bologna,ITA,Universities
268,Shanghai First Maternity and Infant Health Hospital,CHN,Health
268,Institute of Cancer Research,GBR,Health
269,Hospital Universitari Vall d'Hebron,ESP,Health
270,Universidad de la Republica *,URY,Universities
271,Boston Medical Center ,USA,Health
272,University of Electronic Science and Technology of China,CHN,Universities
273,"University of California, Irvine Healthcare",USA,Health
274,University of Cape Town,ZAF,Universities
274,"State University of New York, Buffalo",USA,Universities
275,Manchester University NHS Foundation Trust,GBR,Health
276,Pontificia Universidade Catolica do Rio Grande do Sul,BRA,Universities
277,Mashhad University of Medical Sciences,IRN,Universities
277,Odense University Hospital,DNK,Health
278,The North Shore-LIJ Health System *,USA,Health
278,University of Texas Medical Branch ,USA,Universities
279,Medizinische Universitat Graz *,AUT,Universities
280,Children's Hospital School of Medicine Zhejiang University,CHN,Health
281,Hospital Infantil Universitario Nino Jesus,ESP,Health
281,University of Southampton,GBR,Universities
282,University of Warwick,GBR,Universities
283,Florida International University,USA,Universities
284,Royal College of Surgeons,IRL,Universities
285,Motol University Hospital,CZE,Health
286,Hospital Clinico Universidad de Chile Jose Joaquin Aguirre,CHL,Health
287,National Institute of Neurological Disorders and Stroke,USA,Health
288,University of Connecticut Health Center,USA,Universities
288,Universidad de Chile *,CHL,Universities
288,Russian Academy of Sciences *,RUS,Government
289,Tokyo Womens Medical University *,JPN,Universities
289,University of South Carolina *,USA,Universities
289,Sheba Medical Center,ISR,Health
289,National University of Singapore *,SGP,Universities
290,Peking University Health Science Center,CHN,Universities
291,Hospital Universitario La Paz,ESP,Health
291,Norwegian Institute of Public Health,NOR,Health
292,University of Exeter,GBR,Universities
292,Wake Forest University *,USA,Universities
293,National Jewish Health,USA,Health
294,Virginia Polytechnic Institute and State University,USA,Universities
295,Charles University *,CZE,Universities
295,Qatar Foundation *,QAT,Non-Profit
296,University of Liverpool *,GBR,Universities
296,University Hospital Brussels,BEL,Health
296,Universita degli Studi di Pavia,ITA,Universities
297,Helmholtz Gemeinschaft *,DEU,Government
297,BJC HealthCare,USA,Health
298,Sidra Medicine,QAT,Health
299,Guangzhou Medical University *,CHN,Universities
299,Intermountain Healthcare,USA,Health
300,Children's Hospital Fudan University,CHN,Health
301,Samsung Medical Center Seoul,KOR,Health
302,Tufts Medical Center,USA,Health
302,Universita degli Studi di Torino,ITA,Universities
302,United Nations International Children's Emergency Fund *,MUL,Non-Profit
303,Ben-Gurion University of the Negev *,ISR,Universities
303,University of Oklahoma Health Sciences Center,USA,Universities
304,Ludwig-Maximilians Universitat Munchen *,DEU,Universities
304,Institut des Maladies Genetiques Imagine,FRA,Government
305,The Jikei University School of Medicine *,JPN,Universities
305,Cairo University *,EGY,Universities
306,Universita degli Studi di Milano-Bicocca,ITA,Universities
306,Ghent University Hospital,BEL,Health
307,Klinikum Ludwig Maximilians Universitat Munchen,DEU,Health
307,Hospital Universitario La Fe,ESP,Health
307,Isfahan University of Medical Sciences *,IRN,Universities
307,Kyoto University *,JPN,Universities
308,Second Affiliated Hospital of China Medical University-Sheng Jing Hospital,CHN,Health
308,Uppsala University,SWE,Universities
308,Kyung Hee University *,KOR,Universities
308,"University of Massachusetts, Amherst",USA,Universities
308,Fondazione Policlinico Universitario Agostino Gemelli IRCCS,ITA,Health
309,Pirogov Russian National Research Medical University,RUS,Universities
310,I.M. Sechenov First Moscow State Medical University,RUS,Universities
310,Pontificia Universidad Catolica de Chile *,CHL,Universities
311,London School of Hygiene and Tropical Medicine,GBR,Universities
312,University of Tokyo *,JPN,Universities
312,"China Medical University, Shenyang *",CHN,Universities
313,Wake Forest University Baptist Medical Center,USA,Health
314,University of New Mexico *,USA,Universities
314,University of Dundee,GBR,Universities
314,Auckland District Health Board *,NZL,Health
315,Centre Hospitalier Universitaire Dijon,FRA,Health
316,The University of Hong Kong *,HKG,Universities
317,Tongji University *,CHN,Universities
318,University of Western Ontario,CAN,Universities
319,Complejo Hospitalario Universitario de Santiago,ESP,Health
320,Fondazione IRCCS San Raffaele del Monte Tabor,ITA,Health
320,University of Ulsan *,KOR,Universities
320,RTI Health Solutions,USA,Companies
321,Centre Hospitalier Universitaire de Quebec,CAN,Health
321,University Hospitals Birmingham NHS Foundation Trust,GBR,Health
322,Institut des Systemes Intelligents et de Robotique,FRA,Government
323,Shamir Medical Center,ISR,Health
324,NHS Greater Glasgow and Clyde,GBR,Health
324,Universita degli Studi del Piemonte Orientale Amedeo Avogadro,ITA,Universities
324,Shahid Beheshti University of Medical Sciences and Health Services *,IRN,Universities
325,Manchester Academic Health Science Centre,GBR,Health
325,University Hospitals Bristol NHS Foundation Trust,GBR,Health
326,"University of California, Riverside",USA,Universities
327,"Chang Gung Memorial Hospital, Taipei *",TWN,Health
328,Ankara University,TUR,Universities
328,Universitat Ulm *,DEU,Universities
329,Universite de Strasbourg *,FRA,Universities
329,Royal Brompton and Harefield NHS Foundation Trust,GBR,Health
330,Royal Women's Hospital ,AUS,Health
330,Seoul National University Hospital *,KOR,Health
330,Chulalongkorn University,THA,Universities
331,Centre Hospitalier Universitaire Vaudois ,CHE,Health
331,Chinese Academy of Medical Sciences and Peking Union Medical College *,CHN,Universities
332,Memorial Sloan-Kettering Cancer Center,USA,Health
332,Tel Aviv Sourasky Medical Center,ISR,Health
333,Semmelweis University,HUN,Universities
334,Dartmouth-Hitchcock Health Care System,USA,Health
335,Hanyang University *,KOR,Universities
335,Marshfield Clinic,USA,Health
336,Children's Memorial Health Institute,POL,Health
336,Australian National University,AUS,Universities
336,Shiraz University of Medical Sciences *,IRN,Universities
336,Temple University *,USA,Universities
336,Newcastle upon Tyne Hospitals NHS Foundation Trust,GBR,Health
337,University of Wisconsin Health,USA,Health
337,Hebrew University of Jerusalem,ISR,Universities
337,Turku University Hospital,FIN,Health
338,Consiglio Nazionale delle Ricerche *,ITA,Government
339,"University of Missouri, Kansas City",USA,Universities
340,Le Bonheur Children's Hospital,USA,Health
340,Universita degli Studi di Firenze,ITA,Universities
341,New York Presbyterian Hospital,USA,Health
342,Poznan University of Medical Sciences,POL,Universities
343,Universitat Heidelberg,DEU,Universities
343,University of Denver,USA,Universities
344,University of Iowa Health Care,USA,Health
345,Kobe University *,JPN,Universities
345,University of Central Florida,USA,Universities
346,George Mason University,USA,Universities
346,Hospital Infantil de Mexico Federico Gomez,MEX,Health
347,Connecticut Children's Medical Center ,USA,Health
348,Universitat Zurich,CHE,Universities
348,University of Chicago Medical Center ,USA,Health
349,Arizona State University,USA,Universities
349,Jichi Medical University *,JPN,Universities
350,Universidad del Rosario *,COL,Universities
351,Centro Hospitalar de Sao Joao,PRT,Health
351,Hudson Institute of Medical Research,AUS,Non-Profit
352,"Queen Mary, University of London",GBR,Universities
353,"Centro de Investigacion Biomedica en Red Fisiopatologia de la Obesidad y Nutricion, Madrid",ESP,Health
354,Universite de Liege,BEL,Universities
354,CareGroup Healthcare System *,USA,Health
355,National Institute for Health and Welfare,FIN,Health
355,"University of the Witwatersrand, Johannesburg",ZAF,Universities
356,Dana Farber Cancer Institute ,USA,Health
356,Sungkyunkwan University,KOR,Universities
357,Centro de Investigacion Biomedica en Red Fisiopatologia de la Obesidad y Nutricion,ESP,Health
358,Indiana University Health,USA,Health
359,"State University of New York, Stony Brook *",USA,Universities
360,Chongqing Medical University *,CHN,Universities
361,Beth Israel Deaconess Medical Center,USA,Health
362,"Saint Louis University, Saint Louis *",USA,Universities
362,Dokuz Eylul University *,TUR,Universities
363,Fundacao Oswaldo Cruz *,BRA,Health
363,Yonsei University *,KOR,Universities
364,Arkansas Children's Hospital ,USA,Health
365,Max Planck Gesellschaft *,DEU,Government
366,Centre Hospitalier Universitaire de Toulouse *,FRA,Health
367,"University of Missouri, Columbia *",USA,Universities
368,University of South Australia,AUS,Universities
369,Ege University,TUR,Universities
369,Consejo Superior de Investigaciones Cientificas *,ESP,Government
370,University of Antwerp,BEL,Universities
371,Universidade Federal de Sao Paulo *,BRA,Universities
372,St Georges University of London,GBR,Universities
372,Kandang Kerbau Women's and Children's Hospital,SGP,Health
373,Hopitaux Universitaires de Geneve,CHE,Health
373,University College London Hospital NHS Trust,GBR,Health
374,Queen's University Belfast,GBR,Universities
374,University of South Dakota,USA,Universities
375,Erciyes University,TUR,Universities
375,University of Bergen,NOR,Universities
376,South London and Maudsley NHS Foundation Trust,GBR,Health
376,Ewha Womans University *,KOR,Universities
377,National Taiwan University Hospital,TWN,Health
377,National Taiwan University,TWN,Universities
378,Universitats Kinderspital beider Basel,CHE,Health
378,Aarhus University Hospital,DNK,Health
379,Universitat Autonoma de Barcelona *,ESP,Universities
380,Kansai Medical University *,JPN,Universities
381,Nanyang Technological University *,SGP,Universities
381,Fuwai Heart Hospital and Cardiovascular Institute,CHN,Health
382,Emory Healthcare,USA,Health
382,University of Massachusetts Medical School,USA,Universities
383,Tulane University *,USA,Universities
384,Azienda Ospedaliera di Padova,ITA,Health
384,Kyungpook National University *,KOR,Universities
384,Norwegian University of Science and Technology,NOR,Universities
384,Universitatsklinikum Schleswig-Holstein,DEU,Health
385,University Hospital Maastricht,NLD,Health
386,Uniformed Services University of the Health Sciences,USA,Universities
386,Central South University *,CHN,Universities
386,Universita degli Studi di Bari,ITA,Universities
387,Imam Khomeini Hospital Complex,IRN,Health
388,USF Health,USA,Universities
388,Zentralinstitut fur Seelische Gesundheit,DEU,Government
389,Oulu University Hospital,FIN,Health
389,Georgetown University *,USA,Universities
389,Aalborg University Hospital,DNK,Health
390,"Chang Gung Memorial Hospital, Taoyuan",TWN,Health
390,University of Leicester,GBR,Universities
391,Technische Universitat Dresden,DEU,Universities
392,Queensland University of Technology,AUS,Universities
392,Cardiff University,GBR,Universities
393,Kanagawa Children's Medical Center,JPN,Health
394,Our Lady's Hospital for Sick Children,IRL,Health
394,Radboud University Nijmegen,NLD,Universities
395,The Royal Marsden NHS Foundation Trust,GBR,Health
396,Linkoping University,SWE,Universities
397,Hofstra University *,USA,Universities
398,Auckland City Hospital,NZL,Health
399,Attikon Athens University Hospital,GRC,Health
400,Fondazione IRCCS Policlinico San Matteo ,ITA,Health
400,RAND Corp,USA,Non-Profit
401,Hospital Clinic i Provincial de Barcelona,ESP,Health
402,Institut d'Investigacions Biomediques August Pi i Sunyer,ESP,Health
403,Universidade Federal de Minas Gerais,BRA,Universities
403,Dalhousie University,CAN,Universities
404,Wuhan Tongji Hospital,CHN,Health
404,Russian Academy of Medical Sciences,RUS,Health
404,Universita degli Studi della Campania Luigi Vanvitelli,ITA,Universities
405,Henry Ford Health System,USA,Health
405,"University of Illinois, College of Medicine at Chicago",USA,Health
405,Women's and Children's Hospital,AUS,Health
405,Gifu University *,JPN,Universities
405,Aalborg University *,DNK,Universities
406,Mount Sinai Hospital Joseph and Wolf Lebovic Health Complex,CAN,Health
407,Universidade Federal da Bahia,BRA,Universities
407,Royal Brisbane and Women's Hospital *,AUS,Health
407,Jinan University *,CHN,Universities
408,Hackensack University Medical Center,USA,Health
408,Donald and Barbara Zucker School of Medicine at Hofstra/Northwell,USA,Universities
409,Universite Jean Monnet *,FRA,Universities
410,Orebro Universitet,SWE,Universities
411,West Virginia University *,USA,Universities
411,Catholic University of Korea *,KOR,Universities
412,Laval University,CAN,Universities
412,Universite Claude Bernard Lyon 1 *,FRA,Universities
412,State University of New York Upstate Medical University *,USA,Universities
413,Children's Hospital of Wisconsin,USA,Health
413,Deutsches Krebsforschungszentrum,DEU,Government
414,Universite Grenoble-Alpes *,FRA,Universities
414,Griffith University,AUS,Universities
414,Universidade Federal do Rio Grande do Sul,BRA,Universities
414,Ghent University,BEL,Universities
415,Zhengzhou University *,CHN,Universities
416,Shaare Zedek Medical Center,ISR,Health
417,University of Kentucky *,USA,Universities
417,VCU Medical Center,USA,Health
418,Universidad de Granada *,ESP,Universities
419,Universidad Autonoma de Madrid *,ESP,Universities
419,University College Dublin,IRL,Universities
419,Universidade do Porto *,PRT,Universities
420,Cedars-Sinai Medical Center ,USA,Health
421,National Cancer Institute,USA,Health
421,Universidade Federal do Rio Grande do Norte,BRA,Universities
421,Christian-Albrechts-Universitat zu Kiel,DEU,Universities
421,University of Leeds,GBR,Universities
422,"Universite Paul Sabatier, Toulouse III *",FRA,Universities
423,Centre Hospitalier Universitaire de Montpellier *,FRA,Health
424,Taipei Medical University,TWN,Universities
424,Universita degli Studi di Perugia,ITA,Universities
425,Universidade de Lisboa,PRT,Universities
426,Universitatsklinikum Freiburg,DEU,Health
427,Sun Yat-Sen University *,CHN,Universities
427,The University of Reading,GBR,Universities
427,Centro de Investigacion Biomedica en Red de Enfermedades Raras,ESP,Health
428,University of Birmingham,GBR,Universities
428,Johannes Gutenberg-Universitat Mainz *,DEU,Universities
429,The Children's Hospital of Chongqing Medical University,CHN,Health
429,Asan Medical Center Seoul *,KOR,Health
430,Hospital de la Santa Creu i Sant Pau,ESP,Health
430,University of Mississippi *,USA,Universities
430,North Carolina State University,USA,Universities
431,University of Georgia,USA,Universities
431,Tata Memorial Centre,IND,Government
432,University Hospital Hradec Kralove,CZE,Health
433,Indian Council of Medical Research *,IND,Health
434,University of York,GBR,Universities
435,Centre de Recherche en Epidemiologie et Statistiques,FRA,Government
435,Oxford University Hospitals NHS Trust,GBR,Health
435,Public Health England,GBR,Health
436,Children Medical Center Hospital,IRN,Health
437,University of Ljubljana *,SVN,Universities
438,Yonsei University Health System,KOR,Health
439,Universidad del Desarrollo,CHL,Universities
440,Hadassah University Medical Center *,ISR,Health
441,Universite Paris-Nord 13 *,FRA,Universities
441,Trinity College Dublin *,IRL,Universities
442,U.S. Department of Energy *,USA,Government
442,Ottawa Hospital Research Institute,CAN,Health
442,Ospedale infantile Burlo Garofolo IRCCS,ITA,Health
443,Palacky University,CZE,Universities
443,Alder Hey Children's NHS Foundation Trust,GBR,Health
443,"University of Illinois, College of Medicine at Peoria",USA,Universities
443,Johann Wolfgang Goethe-Universitat Frankfurt am Main *,DEU,Universities
444,Carnegie Mellon University *,USA,Universities
444,St Georges Healthcare NHS Trust,GBR,Health
445,Friedrich-Alexander-Universitat Erlangen-Nurnberg *,DEU,Universities
445,Harvard Pilgrim Health Care,USA,Health
445,Starship Children's Hospital,NZL,Health
445,Universitatsklinikum Koln,DEU,Health
446,Jilin University *,CHN,Universities
446,Teikyo University *,JPN,Universities
447,University of Nebraska Medical Center,USA,Universities
447,Centre Hospitalier Universitaire de Saint-Etienne,FRA,Health
447,Cambridge University Hospitals NHS Foundation Trust,GBR,Health
447,Hospital das Clinicas da Faculdade de Medicina da Universidade de Sao Paulo,BRA,Health
447,Indiana University-Bloomington,USA,Universities
448,MetroHealth System ,USA,Health
448,Deakin University *,AUS,Universities
449,Keio University *,JPN,Universities
449,Tottori University *,JPN,Universities
450,"University of Colorado, Boulder *",USA,Universities
451,The Ottawa Hospital  *,CAN,Health
451,Loma Linda University *,USA,Universities
452,Instituto de Medicina Integral Professor Fernando Figueira,BRA,Health
452,Seoul National University Bundang Hospital,KOR,Health
453,Universidad Complutense de Madrid *,ESP,Universities
453,Tampere University Hospital,FIN,Health
453,Tsinghua University *,CHN,Universities
454,St Marianna University School of Medicine *,JPN,Universities
455,Seoul National University Children's Hospital,KOR,Health
455,Nagasaki University *,JPN,Universities
455,University of Louisville Health Sciences Center,USA,Health
455,Texas Tech University Health Sciences Center,USA,Universities
456,New York State Psychiatric Institute,USA,Health
456,Universitatsklinikum Heidelberg,DEU,Health
457,City University of New York *,USA,Universities
457,Aghia Sophia Children's Hospital,GRC,Health
457,Menoufia University *,EGY,Universities
457,University of Southern Denmark,DNK,Universities
458,Lomonosov  Moscow State University,RUS,Universities
458,Okayama University Hospital,JPN,Health
458,University of Mississippi Medical Center,USA,Universities
459,Universite PSL *,FRA,Universities
460,York University,CAN,Universities
460,Universitatsklinikum Mannheim,DEU,Health
461,Universitatsmedizin der Johannes Gutenberg-Universitat Mainz,DEU,Health
462,"United Nations International Children's Emergency Fund, United States",USA,Non-Profit
462,Hospital Regional Universitario de Malaga,ESP,Health
463,Phoenix Children's Hospital,USA,Health
464,Loma Linda University Medical Center ,USA,Health
464,Medical University of Gdansk,POL,Universities
464,Saint Louis University Care,USA,Health
465,The University of Newcastle,AUS,Universities
465,Universitatsklinikum Frankfurt,DEU,Health
466,Hospital Universitario 12 de Octubre,ESP,Health
466,Universita degli Studi di Pisa,ITA,Universities
466,Universitat Leipzig *,DEU,Universities
467,Hopitaux Universitaires de Strasbourg,FRA,Health
468,Kyushu University *,JPN,Universities
468,National Heart Lung and Blood Institute,USA,Health
469,Centre Hospitalier Regional et Universitaire de Tours,FRA,Health
469,Paracelsus Medizinische Privatuniversitat,AUT,Universities
470,Aga Khan University *,PAK,Universities
470,Florida State University *,USA,Universities
470,Ljubljana University Medical Centre,SVN,Health
471,Uludag University,TUR,Universities
471,First Affiliated Hospital of Zhengzhou University,CHN,Health
472,West China Second University Hospital,CHN,Health
472,Universita degli Studi di Udine,ITA,Universities
473,Iran University of Medical Sciences *,IRN,Universities
473,Universitat Bern,CHE,Universities
473,University of Oregon,USA,Universities
473,CGIAR Consortium of International Agricultural Research *,MUL,Non-Profit
473,Wroclaw Medical University,POL,Universities
474,University of Delaware,USA,Universities
474,Nagoya University *,JPN,Universities
474,Cukurova University,TUR,Universities
474,Kurume University *,JPN,Universities
475,Walter Reed National Military Medical Center,USA,Health
475,Toho University *,JPN,Universities
475,Curtin University *,AUS,Universities
476,Sanjay Gandhi Postgraduate Institute of Medical Sciences,IND,Universities
477,Azienda Ospedaliera San Gerardo Monza,ITA,Health
478,Julius-Maximilians-Universitat Wurzburg *,DEU,Universities
479,The Chinese University of Hong Kong *,HKG,Universities
480,Hospices Civils de Lyon *,FRA,Health
481,The Leeds Teaching Hospitals NHS Trust,GBR,Health
481,Azienda Ospedaliero Universitaria Policlinico Sant'Orsola Malpighi,ITA,Health
482,South African Medical Research Council,ZAF,Health
482,Centre Hospitalier Universitaire de Caen *,FRA,Health
483,South Eastern Sydney Local Health District *,AUS,Health
483,Centre Hospitalier Universitaire de Bordeaux,FRA,Health
483,Xinhua Hospital,CHN,Health
484,Albany Medical Center *,USA,Health
484,Institut Curie,FRA,Health
485,Pennington Biomedical Research Center,USA,Health
485,Haukeland University Hospital,NOR,Health
485,Hospital Nacional de Pediatria Profesor Dr Juan P Garrahan,ARG,Health
485,Universitat Witten-Herdecke,DEU,Universities
486,"University of Maryland, College Park *",USA,Universities
487,Aichi Medical University *,JPN,Universities
487,Rambam Health Care Campus,ISR,Health
488,Universitatsklinikum Tubingen,DEU,Health
489,King Abdulaziz University *,SAU,Universities
489,Universidade Estadual de Campinas,BRA,Universities
490,Shandong University *,CHN,Universities
490,Hospital General Universitario Gregorio Maranon *,ESP,Health
491,Alexandria University *,EGY,Universities
491,Pamukkale University,TUR,Universities
492,University of Gondar,ETH,Universities
492,Stellenbosch University,ZAF,Universities
492,King Georges Medical University,IND,Universities
493,Universitat Duisburg Essen *,DEU,Universities
494,Centre for Addiction and Mental Health,CAN,Health
494,Purdue University,USA,Universities
494,Imperial College Healthcare NHS Trust,GBR,Health
495,Universitatsklinikum Ulm,DEU,Health
495,Westfalische Wilhelms-Universitat Munster *,DEU,Universities
496,International Food Policy Research Institute,MUL,Non-Profit
496,University of Tromso - The Arctic University of Norway,NOR,Universities
497,IWK Health Centre,CAN,Health
497,Instituto Nacional de Pediatria,MEX,Health
498,Kyoto Prefectural University of Medicine,JPN,Universities
498,Aristotle University of Thessaloniki,GRC,Universities
499,University of Durham,GBR,Universities
499,University of Jyvaskyla,FIN,Universities
500,Comision Coordinadora de Institutos Nacionales de Salud y Hospitales de Alta Especialidad,MEX,Health
500,Universite de Geneve,CHE,Universities
500,Edith Wolfson Medical Center,ISR,Health
501,Simon Fraser University,CAN,Universities
501,Okayama University *,JPN,Universities
501,"Washington State University, Pullman *",USA,Universities
501,Region Stockholm,SWE,Government
502,University of Texas M.D. Anderson Cancer Center ,USA,Health
503,University of Bath,GBR,Universities
503,"Northeastern University, USA",USA,Universities
503,Akdeniz University,TUR,Universities
504,Sahlgrenska University Hospital,SWE,Health
504,Universitatsklinikum Carl Gustav Carus Dresden,DEU,Health
504,National Center of Neurology and Psychiatry,JPN,Health
505,Georgia State University,USA,Universities
505,Kenya Medical Research Institute,KEN,Health
505,Centre Hospitalier Universitaire de Nantes *,FRA,Health
505,Maastricht University,NLD,Universities
506,San Diego State University,USA,Universities
507,Universitatsklinikum Wurzburg,DEU,Health
507,"University of Nebraska, Lincoln",USA,Universities
508,Universita degli Studi di Palermo,ITA,Universities
508,Showa University *,JPN,Universities
509,Universitatsklinikum Erlangen,DEU,Health
510,Folkhalsan,FIN,Health
511,Kagoshima University *,JPN,Universities
512,Nihon University *,JPN,Universities
512,GlaxoSmithKline *,MUL,Companies
512,Clemson University,USA,Universities
513,Universitatsspital Zurich,CHE,Health
513,Boston College,USA,Universities
513,Queen's University,CAN,Universities
514,University of Central Lancashire,GBR,Universities
514,Universita degli Studi di Roma Tor Vergata,ITA,Universities
515,University of Health Sciences,TUR,Universities
516,Saitama Children's Medical Center,JPN,Health
516,Hamilton Health Sciences,CAN,Health
516,Mie University *,JPN,Universities
517,Miriam Hospital ,USA,Health
518,International Centre for Diarrhoeal Disease Research,BGD,Health
519,Chang Gung University,TWN,Universities
519,University of the West of England,GBR,Universities
520,La Trobe University *,AUS,Universities
521,St Michaels Hospital Toronto,CAN,Health
522,Australian Catholic University,AUS,Universities
523,Universidad Nacional Autonoma de Mexico,MEX,Universities
524,Monash Health *,AUS,Health
524,Fordham University,USA,Universities
525,Universita degli Studi di Trieste,ITA,Universities
526,University of Notre Dame,USA,Universities
526,Albert-Ludwigs-Universitat Freiburg im Breisgau,DEU,Universities
527,"Texas A&M University, College Station *",USA,Universities
527,University of Oulu,FIN,Universities
528,Korea University *,KOR,Universities
528,University of Texas Health Science Center at San Antonio ,USA,Universities
529,Hospital de Clinicas de Porto Alegre,BRA,Health
529,Birmingham Women's NHS Foundation Trust,GBR,Health
529,Brunel University,GBR,Universities
529,Novartis *,MUL,Companies
530,Rheinische Friedrich-Wilhelms-Universitat Bonn *,DEU,Universities
530,Oregon State University,USA,Universities
531,Universitat Wien,AUT,Universities
532,St. Olavs University Hospital,NOR,Health
532,U.S. Army *,USA,Government
532,Rabin Medical Center,ISR,Health
532,Technion - Israel Institute of Technology *,ISR,Universities
533,Istanbul University Cerrahpasa *,TUR,Universities
534,Bill and Melinda Gates Foundation,USA,Non-Profit
534,George Institute for International Health *,AUS,Health
534,Teachers College of Columbia University,USA,Universities
534,"Chang Gung Memorial Hospital, Kaohsiung",TWN,Health
535,Brigham Young University,USA,Universities
535,Oak Ridge Institute for Science and Education,USA,Government
536,National Institute of Allergy and Infectious Diseases,USA,Health
536,Universita degli Studi di Parma,ITA,Universities
536,University of New Mexico Health Sciences Center,USA,Health
536,Nanjing University *,CHN,Universities
536,University of Indonesia,IDN,Universities
536,Denver Health Medical Center,USA,Health
537,Instituto Nacional de Salud Publica,MEX,Health
537,Victoria University of Wellington,NZL,Universities
538,University of East Anglia *,GBR,Universities
539,Chungnam National University Hospital,KOR,Health
540,"Soochow University, Suzhou *",CHN,Universities
541,Augusta University *,USA,Universities
542,Universita degli Studi di Brescia,ITA,Universities
542,Technische Universitat Munchen *,DEU,Universities
542,Tabriz University of Medical Sciences,IRN,Universities
543,Inje University *,KOR,Universities
543,NHS Lothian,GBR,Health
543,Istanbul University *,TUR,Universities
544,Swansea University,GBR,Universities
545,Institut Necker Enfants Malades,FRA,Government
545,Jawaharlal Institute of Postgraduate Medical Education and Research,IND,Universities
546,Hematological Scientific Centre of the Russian Academy of Medical Sciences,RUS,Health
546,Centre Hospitalier Regional Universitaire de Lille *,FRA,Health
547,Centro de Investigacion Biomedica en Red de Epidemiologia y Salud Publica,ESP,Health
547,University Hospital of Bern,CHE,Health
548,Lady Hardinge Medical College,IND,Health
548,"Oklahoma State University, Stillwater",USA,Universities
548,Universita degli Studi dell Aquila,ITA,Universities
548,Universita degli Studi di Genova,ITA,Universities
548,University of Waterloo,CAN,Universities
549,University Hospital Antwerp,BEL,Health
549,University of Rhode Island,USA,Universities
550,Universite du Quebec en Quebec *,CAN,Universities
550,Makerere University *,UGA,Universities
551,University of North Carolina Health Care,USA,Health
551,Universitat zu Koln,DEU,Universities
551,Center for Disease Control and Prevention China,CHN,Health
552,University College of Medical Sciences,IND,Universities
553,University of Aberdeen,GBR,Universities
554,Fondazione IRCCS Istituto Nazionale Tumori di Milano,ITA,Health
554,Justus-Liebig-Universitat Giessen *,DEU,Universities
554,Hasanuddin University,IDN,Universities
554,Universitat Basel,CHE,Universities
554,University Hospital of Northern Norway,NOR,Health
554,Universidad de Buenos Aires *,ARG,Universities
554,The Prince Charles Hospital,AUS,Health
555,Tilburg University,NLD,Universities
555,"University of Tennessee, Knoxville *",USA,Universities
555,New York State Department of Health *,USA,Health
555,Universitat des Saarlandes *,DEU,Universities
556,Hospital Italiano de Buenos Aires,ARG,Health
556,Statens Serum Institut,DNK,Health
557,"University of Technology, Sydney",AUS,Universities
557,University of Houston,USA,Universities
557,Airlangga university,IDN,Universities
558,Universite de Lausanne,CHE,Universities
558,Gazi University,TUR,Universities
559,Instituto de Salud Global de Barcelona,ESP,Health
559,University of Delhi *,IND,Universities
559,Hospital de Cruces,ESP,Health
559,Maimonides Medical Center,USA,Health
559,"State University of New York, Albany",USA,Universities
559,Universidad de Castilla-La Mancha *,ESP,Universities
559,Alberta Health Services,CAN,Health
559,Complejo Hospitalario de Toledo,ESP,Health
559,Loyola University of Chicago *,USA,Universities
560,Rhode Island Hospital ,USA,Health
560,University of Nairobi,KEN,Universities
561,Stockholm University,SWE,Universities
561,"Kaiser Permanente Southern California, Pasadena",USA,Health
561,Macquarie University *,AUS,Universities
562,"Christian Medical College, Vellore",IND,Universities
562,University Health Network *,CAN,Health
563,Consejo Nacional de Investigaciones Cientificas y Tecnicas *,ARG,Government
563,Universite Montpellier *,FRA,Universities
563,Nottingham University Hospitals NHS Trust,GBR,Health
563,Children's Medical Center Dallas,USA,Health
564,"University of Missouri, Saint Louis",USA,Universities
565,Pusan National University,KOR,Universities
565,Ahvaz Jundishapur University of Medical Sciences *,IRN,Universities
565,University of KwaZulu-Natal *,ZAF,Universities
565,Instituto Mexicano del Seguro Social *,MEX,Health
566,Cork University Hospital,IRL,Health
566,Prince of Wales Hospital,HKG,Health
567,Universitat de Valencia *,ESP,Universities
567,Universita degli Studi di Catania,ITA,Universities
567,Flinders University,AUS,Universities
567,Swiss Federal Institute of Technology,CHE,Universities
567,Loughborough University,GBR,Universities
568,University of Eastern Finland,FIN,Universities
568,"Centro de Investigacion Biomedica en Red de Epidemiologia y Salud Publica, Madrid",ESP,Health
569,Centre Hospitalier Universitaire de Liege,BEL,Health
569,Norfolk and Norwich University Hospitals NHS Foundation Trust,GBR,Health
570,"University of North Carolina, Greensboro",USA,Universities
570,City University of New York Graduate Center,USA,Universities
571,California Department of Public Health,USA,Health
571,Universidad de Murcia *,ESP,Universities
572,Uppsala University Hospital,SWE,Health
572,University of Wollongong *,AUS,Universities
572,Tohoku University *,JPN,Universities
573,Universite Libre de Bruxelles,BEL,Universities
574,Addis Ababa University,ETH,Universities
574,Nanjing Drum Tower Hospital,CHN,Health
575,West China Hospital,CHN,Health
576,University of Ulster,GBR,Universities
576,"Institut National de Recherche pour l'Agriculture, l'Alimentation et l'Environnement *",FRA,Government
577,Aix-Marseille Universite *,FRA,Universities
577,Universidad del Pais Vasco *,ESP,Universities
577,Mario Negri Istituto di Ricerche Farmacologiche,ITA,Health
577,Broad Institute of MIT and Harvard,USA,Health
578,University of Zagreb,HRV,Universities
578,Hospital Universitario Miguel Servet,ESP,Health
579,Philipps-Universitat Marburg *,DEU,Universities
579,Maulana Azad Medical College,IND,Health
579,University Hospitals Leicester NHS Trust,GBR,Health
580,Keele University,GBR,Universities
580,Plymouth University,GBR,Universities
580,Manipal Global Education Group *,MUL,Companies
580,Guru Tegh Bahadur Hospital,IND,Health
581,Douglas Mental Health University Institute,CAN,Government
581,"National University of Ireland, Galway",IRL,Universities
581,Royal Melbourne Hospital,AUS,Health
581,University of Ghana,GHA,Universities
582,Monash Medical Centre ,AUS,Health
582,Universidad de Zaragoza *,ESP,Universities
583,Universidade Federal de Pelotas,BRA,Universities
584,Manipal University,IND,Universities
584,University of Limerick,IRL,Universities
585,Hong Kong Polytechnic University,HKG,Universities
585,Heinrich Heine Universitat Dusseldorf  *,DEU,Universities
585,Chelsea and Westminster Hospital NHS Foundation Trust,GBR,Health
586,Cambridge Health Alliance,USA,Health
587,Florey Neuroscience Institutes,AUS,Health
587,Hamadan University of Medical Sciences,IRN,Universities
588,Southern Medical University *,CHN,Universities
589,Bar-Ilan University,ISR,Universities
590,Sunnybrook Health Sciences Centre,CAN,Health
590,University of Saskatchewan,CAN,Universities
590,Universidade Federal do Rio de Janeiro,BRA,Universities
590,Universidade Federal de Pernambuco,BRA,Universities
590,Universitatsklinikum Essen,DEU,Health
590,University of Twente,NLD,Universities
591,Mahidol University *,THA,Universities
591,National University Health System *,SGP,Health
592,Marmara University *,TUR,Universities
592,Medical University of Kerman,IRN,Universities
593,Akershus University Hospital,NOR,Health
593,Universite du Quebec en Montreal,CAN,Universities
593,University of Victoria,CAN,Universities
593,New York Medical College,USA,Universities
593,King Saud University *,SAU,Universities
594,Auburn University,USA,Universities
594,Mekelle University,ETH,Universities
594,Hallym University *,KOR,Universities
594,Florida Atlantic University,USA,Universities
595,Aljouf University,SAU,Universities
595,Universita degli Studi di Cagliari,ITA,Universities
596,Instituto Fernandes Figueira,BRA,Health
596,Complejo Asistencial Doctor Sotero del Rio,CHL,Health
596,Universidad de Malaga *,ESP,Universities
597,James Cook University *,AUS,Universities
597,Universidade do Estado do Rio de Janeiro,BRA,Universities
597,King Saud bin Abdulaziz University for Health Sciences *,SAU,Universities
597,"California State University, Fullerton",USA,Universities
597,Holland Bloorview Kids Rehabilitation Hospital,CAN,Health
598,Centro de Investigacion Biomedica en Red de Salud Mental,ESP,Health
598,Stavanger University Hospital,NOR,Health
598,Universite de Bordeaux *,FRA,Universities
598,Universita degli Studi dell'Insubria,ITA,Universities
599,University of Sussex *,GBR,Universities
599,Leibniz Gemeinschaft *,DEU,Government
599,"Louisiana State University, Health Sciences Center",USA,Universities
599,University of Belgrade,SRB,Universities
600,University of Kentucky HealthCare,USA,Health
600,Children's Hospital of Orange County ,USA,Health
600,Kazan State Medical University,RUS,Universities
601,Northshore University HealthSystem,USA,Health
601,Centre de Recherche Bordeaux Population Health,FRA,Government
601,Hokkaido University *,JPN,Universities
601,Universidade Estadual Paulista Julio de Mesquita Filho,BRA,Universities
601,Institucio Catalana de Recerca i Estudis Avancats,ESP,Government
602,Memorial University of Newfoundland,CAN,Universities
603,University of Crete,GRC,Universities
603,Stollery Children's Hospital Foundation,CAN,Health
603,Qingdao University *,CHN,Universities
604,Universita degli Studi di Foggia,ITA,Universities
605,Clinica Alemana de Santiago,CHL,Health
605,Universidade do Minho,PRT,Universities
605,Austin Health,AUS,Health
605,Eberhard-Karls-Universitat Tubingen,DEU,Universities
605,Vancouver Coastal Health,CAN,Health
605,Universitatsklinikum Munster,DEU,Health
605,Spedali Civili di Brescia,ITA,Health
606,Kermanshah University of Medical Sciences *,IRN,Universities
606,Georgetown University Medical Center,USA,Health
606,Hospital Universitario Central de Asturias,ESP,Health
607,Wenzhou Medical University *,CHN,Universities
607,Beaumont Health System,USA,Health
608,"China Medical University, Taichung *",TWN,Universities
608,Moorfields Eye Hospital NHS Trust,GBR,Health
608,Universidad de Oviedo *,ESP,Universities
609,Sherbrooke University,CAN,Universities
609,Gadjah Mada University,IDN,Universities
610,Juntendo University *,JPN,Universities
610,Tokyo Medical and Dental University,JPN,Universities
611,Universita degli Studi di Verona,ITA,Universities
611,Institut de Recherche pour le Developpement Paris *,FRA,Government
612,Universitat zu Lubeck,DEU,Universities
612,Assistance Publique Hopitaux de Marseille *,FRA,Health
612,Jagiellonian University,POL,Universities
613,University of Colombo,LKA,Universities
613,University of Canterbury,NZL,Universities
613,Sir Ganga Ram Hospital,IND,Health
614,Universita degli Studi Gabriele d'Annunzio di Chieti e Pescara,ITA,Universities
614,Istanbul Medeniyet University,TUR,Universities
614,Medical University of Silesia,POL,Universities
614,Inje University Sanggye-Paik Hospital,KOR,Health
615,Cardiff and Vale NHS Trust,GBR,Health
615,Queen Mary Hospital Hong Kong,HKG,Health
616,"University of Hawaii, Manoa *",USA,Universities
617,University of Iceland,ISL,Universities
617,"University of Wisconsin, Milwaukee",USA,Universities
617,Berlin Institute of Health,DEU,Health
617,University of Malawi,MWI,Universities
617,University of Malaya *,MYS,Universities
617,University of Western Sydney,AUS,Universities
618,Qom University of Medical Sciences,IRN,Universities
618,Universitatsklinikum des Saarlandes,DEU,Health
619,Instituto de Investigacion Hospital 12 de Octubre,ESP,Health
619,Inha University,KOR,Universities
619,Cha University *,KOR,Universities
619,Ruhr-Universitat Bochum *,DEU,Universities
619,Rede D’Or Sao Luiz *,BRA,Health
620,Barts and the London NHS Trust,GBR,Health
620,Centro Hospitalar de Lisboa Central,PRT,Health
620,Arak University of Medical Sciences *,IRN,Universities
620,Baystate Health System,USA,Health
621,Zahedan University of Medical Sciences,IRN,Universities
621,Hospital Universitario Virgen de La Arrixaca,ESP,Health
621,University of Tasmania,AUS,Universities
622,Universidade Federal de Santa Catarina,BRA,Universities
623,"University of Science, Malaysia *",MYS,Universities
623,Belfast Health and Social Care Trust,GBR,Health
623,Universitatsklinikum Bonn,DEU,Health
624,Universidad de Navarra *,ESP,Universities
624,Universidad de Sevilla *,ESP,Universities
624,Hawassa University,ETH,Universities
625,South Australian Health and Medical Research Institute,AUS,Health
626,Western Michigan University,USA,Universities
626,Ospedale Casa Sollievo della Sofferenza IRCCS,ITA,Health
626,Universita degli Studi di Siena,ITA,Universities
626,Royal Prince Alfred Hospital ,AUS,Health
626,Kuopio University Hospital,FIN,Health
627,Instituto D'Or Pesquisa e Ensino,BRA,Non-Profit
627,Hallym University Medical Center,KOR,Health
627,City University of Hong Kong *,HKG,Universities
628,Mackay Memorial Hospital,TWN,Health
628,University of Social Welfare and Rehabilitation Sciences,IRN,Universities
629,Universidade Federal do Parana,BRA,Universities
629,Bundang Cha Medical Center,KOR,Health
630,National Cheng Kung University Hospital,TWN,Health
630,London Health Sciences Centre,CAN,Health
630,National Yang-Ming University,TWN,Universities
630,Azienda Ospedaliera Careggi,ITA,Health
631,Universidade de Coimbra *,PRT,Universities
631,University of Nevada-Reno,USA,Universities
631,University of Ibadan,NGA,Universities
631,SUNY Downstate Medical Center,USA,Universities
631,Yale New Haven Health System,USA,Health
632,Brock University,CAN,Universities
632,Instituto de Investigacion Sanitaria Gregorio Maranon,ESP,Health
633,Hamad Medical Corp *,QAT,Health
633,Safdarjang Hospital,IND,Health
634,Jimma University *,ETH,Universities
634,University of Pretoria,ZAF,Universities
634,Banaras Hindu University,IND,Universities
635,Complejo Universitario de San Carlos,ESP,Health
635,King Abdullah International Medical Research Center,SAU,Health
635,Hospital Clinico Universitario Lozano Blesa,ESP,Health
636,Wright State University,USA,Universities
637,Ministry of National Guard - Health Affairs,SAU,Health
637,Universite de Lille *,FRA,Universities
637,Chung-Ang University *,KOR,Universities
637,Jordan University of Science and Technology,JOR,Universities
637,University of Haifa,ISR,Universities
638,Universita degli Studi di Modena e Reggio Emilia,ITA,Universities
638,Universite Paris-Saclay *,FRA,Universities
638,Universidade Federal de Alagoas,BRA,Universities
638,First Hospital of Jilin University,CHN,Health
639,University of Guelph,CAN,Universities
639,Mackay Medical College,TWN,Universities
639,"University of Alabama, Tuscaloosa",USA,Universities
639,The University of Vermont Medical Center,USA,Health
639,East Carolina University,USA,Universities
640,St. James's Hospital,IRL,Health
640,Medical University of Lodz,POL,Universities
640,American University of Beirut *,LBN,Universities
640,Complejo Hospitalario Virgen del Rocio,ESP,Health
640,Universidade de Brasilia,BRA,Universities
640,St Josephs Hospital and Medical Center ,USA,Health
641, Centre Hospitalier de l'Universite de Montreal,CAN,Health
641,"King Abdulaziz Medical City, Riyadh",SAU,Health
641,St.John's National Academy of Health Sciences *,IND,Health
642,Mbarara University of Science and Technology,UGA,Universities
642,Universidad Peruana Cayetano Heredia,PER,Universities
642,Padjadjaran University,IDN,Universities
642,Azienda Ospedaliera di Verona,ITA,Health
643,Freie Universitat Berlin,DEU,Universities
643,Peking Union Medical College Hospital Beijing,CHN,Health
643,Universitatsklinikum Leipzig,DEU,Health
643,Xiamen University *,CHN,Universities
643,Jeju National University *,KOR,Universities
643,Universitat Bielefeld,DEU,Universities
644,Instituto de Investigacion Sanitaria La Fe,ESP,Health
644,VetAgro Sup *,FRA,Universities
644,OU Medicine,USA,Health
644,Complexo Hospitalario Universitario a Coruna,ESP,Health
644,Universidad Publica de Navarra *,ESP,Universities
645,Children's Hospital Affiliated to Soochow University,CHN,Health
646,Centro Hospitalar de Lisboa Norte *,PRT,Health
646,Royal Darwin Hospital,AUS,Health
646,Centre de Recherche Saint Antoine,FRA,Government
646,Kaohsiung Medical University,TWN,Universities
646,Beijing Normal University *,CHN,Universities
646,Harbor–UCLA Medical Center,USA,Health
647,Charles Darwin University *,AUS,Universities
647,Oslo Metropolitan University,NOR,Universities
648,Centre Hospitalier Universitaire de Grenoble,FRA,Health
648,Universidad de Puerto Rico *,PRI,Universities
649,Syracuse University,USA,Universities
649,Instituto de Investigacion Sanitaria IdIPAZ,ESP,Health
649,Universita Politecnica delle Marche,ITA,Universities
649,"University of Massachusetts, Boston",USA,Universities
649,Universidade Federal de Sao Carlos,BRA,Universities
649,Second Affiliated Hospital & Yuying Children s Hospital of Wenzhou Medical University,CHN,Health
649,Tianjin Medical University *,CHN,Universities
649,University of Szeged,HUN,Universities
650,Steno Diabetes Center,DNK,Health
650,Tribhuvan University *,NPL,Universities
651,North Bristol NHS Trust,GBR,Health
651,Universitatsspital Basel,CHE,Health
651,MedStar Health *,USA,Health
651,Azienda Ospedaliera Universitaria Pisana,ITA,Health
651,National University of Malaysia *,MYS,Universities
651,Universite de Versailles Saint Quentin en Yvelines *,FRA,Universities
652,Centro de Investigacion Biomedica en Red de Enfermedades Respiratorias,ESP,Health
652,Central Michigan University,USA,Universities
652,Ernst-Moritz-Arndt-Universitat Greifswald *,DEU,Universities
652,Hospital Universitario Virgen de las Nieves,ESP,Health
653,"Weill Cornell Medicine, Qatar",QAT,Universities
653,Christiana Care Health System,USA,Health
653,Shahid Sadoughi University of Medical Sciences,IRN,Universities
653,Koc University,TUR,Universities
653,Foothills Medical Centre,CAN,Health
653,L’Istituto di Scienze Neurologiche di Bologna,ITA,Health
654,Shinshu University *,JPN,Universities
654,Tarbiat Modares University,IRN,Universities
654,Shahrekord University of Medical Sciences,IRN,Universities
654,Second Xiangya Hospital Affiliated to Central South University,CHN,Health
654,Rheinisch-Westfalische Technische Hochschule Aachen,DEU,Universities
654,University of Kelaniya,LKA,Universities
654,Oakland University,USA,Universities
654,Ministerio de Salud *,PER,Health
655,Eastern Virginia Medical School,USA,Universities
655,Charles Sturt University,AUS,Universities
655,Hospital Santa Maria,PRT,Health
655,Alborz University of Medical Sciences,IRN,Universities
656,Hopital Erasme,BEL,Health
656,Istituto di Fisiologia Clinica,ITA,Government
656,Rowan University,USA,Universities
656,Hiroshima University *,JPN,Universities
656,Otto-von-Guericke-Universitat Magdeburg *,DEU,Universities
656,Universidade de Santiago de Compostela *,ESP,Universities
656,Mugla University,TUR,Universities
657,Zagazig University *,EGY,Universities
657,Abertawe Bro Morgannwg University NHS Trust,GBR,Health
658,University of Science and Technology of China,CHN,Universities
658,St Antonius Hospital,NLD,Health
658,King Faisal Specialist Hospital and Research Centre  *,SAU,Health
658,Mazandaran University of Medical Sciences,IRN,Universities
659,Chung-Ho Memorial Hospital,TWN,Health
659,Centro Academico de Salud de la Universidad Austral,ARG,Universities
659,Jackson Health System,USA,Health
660,Deutsches Diabetes-Zentrum - Leibniz-Zentrum fur Diabetes-Forschung an der Heinrich-Heine-Universitat Dusseldorf,DEU,Government
660,"University of Texas, Arlington",USA,Universities
660,Ospedale Luigi Sacco,ITA,Health
660,Portland State University,USA,Universities
660,Ajou University,KOR,Universities
661,Ulsan University Hospital,KOR,Health
661,Universidad Austral,ARG,Universities
661,Universite Paris-Est Creteil *,FRA,Universities
661,Hospital Puerta del Mar,ESP,Health
661,Liverpool School of Tropical Medicine,GBR,Universities
662,Chung Shan Medical University,TWN,Universities
662,Laureate International Universities *,MUL,Universities
662,Hospital Clinico Universitario de Valencia,ESP,Health
662,Universitatsklinikum Greifswald,DEU,Health
663,University of Brighton *,GBR,Universities
663,Mansoura University *,EGY,Universities
663,Complejo Hospitalario Regional Reina Sofia,ESP,Health
663,Prince of Wales Hospital ,AUS,Health
663,Universite Francois Rabelais de Tours *,FRA,Universities
663,"University College Hospital, Ibadan",NGA,Health
663,Saint Petersburg State Pediatric Medical University,RUS,Universities
663,University of Nevada-Las Vegas,USA,Universities
663,Tri-Service General Hospital,TWN,Health
664,Yokohama City University *,JPN,Universities
664,Urmia University of Medical Sciences *,IRN,Universities
664,European University of Cyprus,CYP,Universities
664,Universita degli Studi di Ferrara,ITA,Universities
665,Isala Clinics,NLD,Health
665,University of Notre Dame Australia,AUS,Universities
665,Roswell Park Cancer Institute,USA,Health
665,Friedrich-Schiller-Universitat Jena *,DEU,Universities
665,Menzies School of Health Research,AUS,Universities
665,Universidade Federal de Juiz de Fora *,BRA,Universities
666,University of Tartu,EST,Universities
666,Instituto de Investigacion Sanitaria de Navarra,ESP,Health
666,Korea University Medical Center,KOR,Health
666,Azienda Ospedaliera di Parma,ITA,Health
666,Prince of Songkla University,THA,Universities
666,Taichung Veterans General Hospital,TWN,Health
666,Asociacion Civil de Estudios Superiores *,ARG,Non-Profit
666,Hospital Universitari Germans Trias i Pujol,ESP,Health
666,"Aga Khan University Hospital, Karachi",PAK,Health
667,Taipei Veterans General Hospital,TWN,Health
667,Pandit Bhagwat Dayal Sharma Post Graduate Institute of Medical Sciences,IND,Universities
667,Instituto de Investigacion e Innovacion Parc Tauli,ESP,Health
667,Vilnius University,LTU,Universities
667,Linkou Chang Gung Memorial Hospital,TWN,Health
667,Dicle University *,TUR,Universities
668,National Defense Medical Center,TWN,Health
669,Chiang Mai University,THA,Universities
669,Riga Stradins University,LVA,Universities
669,Universidade Federal da Paraiba,BRA,Universities
669,Alfred Health,AUS,Health
669,Universidad de Guadalajara,MEX,Universities
669,University of Lagos,NGA,Universities
670,University Putra Malaysia,MYS,Universities
670,"Government Medical College and Hospital, Chandigarh",IND,Health
670,University of the Sunshine Coast,AUS,Universities
670,Udayana University,IDN,Universities
670,Robert Koch Institut,DEU,Government
671,Qatar University,QAT,Universities
671,"Universidad de Puerto Rico, Ciencias Medicas",PRI,Universities
671,University of Jordan,JOR,Universities
671,Guilan University of Medical Sciences,IRN,Universities
671,Sheffield Teaching Hospitals NHS Trust,GBR,Health
671,Baskent University *,TUR,Universities
672,Inje University Busan-Paik Hospital,KOR,Health
672,Amrita Institute for Medical Science and Research,IND,Health
672,Universidade do Sul de Santa Catarina,BRA,Universities
672,West Virginia University Health Sciences Center,USA,Health
673,Kyungpook National University Hospital,KOR,Health
673,"Southern Illinois University, Carbondale *",USA,Universities
673,University of Maryland Medical Center,USA,Health
673,Northeast Ohio Medical University,USA,Universities
673,Universidad de Concepcion *,CHL,Universities
673,Princess Margaret Hospital Hong Kong,HKG,Health
673,Bradford Teaching Hospitals NHS Foundation Trust,GBR,Health
674,St. Joseph's Healthcare Hamilton,CAN,Health
674,Hospital Universitario Son Espases,ESP,Health
674,Khon Kaen University,THA,Universities
674,Hippokration General Hospital,GRC,Health
674,"Universidad Andres Bello, Chile",CHL,Universities
674,Chiba University *,JPN,Universities
675,L’Azienda Socio Sanitaria Territoriale Santi Paolo e Carlo,ITA,Health
675,Nippon Medical School *,JPN,Universities
675,Loyola Medicine,USA,Health
675,Izmir Katip Celebi University *,TUR,Universities
675,Universidade Estadual de Londrina,BRA,Universities
675,Heraklion University General Hospital,GRC,Health
676,Universidade Federal de Goias,BRA,Universities
676,Sociedade Beneficiente Israelita Brasileira Albert Einstein,BRA,Health
676,University of Malta,MLT,Universities
676,Brighton and Sussex University Hospitals NHS Trust,GBR,Health
676,Siriraj Hospital,THA,Health
676,Yeshiva University,USA,Universities
677,Clinica Universidad de Navarra,ESP,Health
677,Kent State University,USA,Universities
677,Homi Bhabha National Institute,IND,Universities
677,"GlaxoSmithKline, United States",USA,Companies
677,Polish Mothers Memorial Hospital Research Institute,POL,Health
678,Golestan University of Medical Sciences and Health Services,IRN,Universities
678,Los Angeles County-USC Medical Center ,USA,Health
678,Hospital Universitario Ramon y Cajal *,ESP,Health
678,"Centro de Investigacion Biomedica en Red de Enfermedades Raras, Madrid",ESP,Health
678,Pontificia Universidad Javeriana *,COL,Universities
679,Medical University of Bialystok,POL,Universities
679,Universidad Autonoma de Nuevo Leon *,MEX,Universities
679,The Affiliated Hospital of Qingdao University Medical College,CHN,Health
679,Universitatsklinikums Aachen,DEU,Health
679,University of Ioannina,GRC,Universities
680,Assiut University *,EGY,Universities
680,"University of the West Indies, Mona Campus *",JAM,Universities
680,Tygerberg Hospital,ZAF,Health
680,Universidad ICESI,COL,Universities
681,Centro Medico Nacional Siglo XXI,MEX,Health
681,"Epidemiologie et Analyses en Sante Publique: Risques, Maladies Chroniques, Handicaps",FRA,Government
681,Ondokuz Mayis University *,TUR,Universities
681,University of Missouri Health Care ,USA,Health
681,Eskisehir Osmangazi University *,TUR,Universities
681,Universitatsklinikum Gottingen,DEU,Health
682,Zanjan University of Medical Sciences *,IRN,Universities
682,Universidad de Ciencias Médicas de La Habana *,CUB,Universities
682,Hospital for Special Surgery,USA,Health
683,National Institute of Mental Health and Neuro Sciences,IND,Universities
683,Universite de Lorraine *,FRA,Universities
683,Kocaeli University *,TUR,Universities
683,Ministry of Health,SAU,Health
683,Temple Health,USA,Health
683,Necmettin Erbakan University,TUR,Universities
683,Karadeniz Technical University,TUR,Universities
683,University of Toyama *,JPN,Universities
684,North-West University,ZAF,Universities
684,Universidade Federal de Uberlandia,BRA,Universities
684,Selcuk University *,TUR,Universities
684,Universidade Federal do Maranhao,BRA,Universities
684,Klinikum Rechts der Isar der Technische Universitat Munchen,DEU,Health
684,Fujian Medical University *,CHN,Universities
684,Niigata University *,JPN,Universities
685,Soon Chun Hyang University *,KOR,Universities
685,Donostia Ospitalea,ESP,Health
685,Pusan National University Hospital,KOR,Health
685,Centro Hospitalar e Universitario de Coimbra,PRT,Health
686,Institut Mondor de Recherche Biomedicale,FRA,Government
686,Kuwait University *,KWT,Universities
686,N.N. Blokhin Cancer Research Center of the Russian Academy of Medical Sciences,RUS,Health
686,National Cancer Center,JPN,Health
686,Ramathibodi Hospital,THA,Health
686,Texas Tech University,USA,Universities
686,St.Johns Medical College Hospital,IND,Health
686,Hospital Civil de Guadalajara,MEX,Health
686,Maccabi Health Care Services,ISR,Health
687,Lorestan University of Medical Sciences,IRN,Universities
687,Universidad Nacional de Colombia *,COL,Universities
687,Princess Alexandra Hospital ,AUS,Health
687,Lanzhou University *,CHN,Universities
687,Edith Cowan University,AUS,Universities
687,Hospital Universitario Puerta de Hierro Majadahonda,ESP,Health
687,Osaka City General Hospital,JPN,Health
687,Humboldt-Universitat zu Berlin,DEU,Universities
688,Instituto Tecnologico y de Estudios Superiores de Monterrey,MEX,Universities
688,Suez Canal University *,EGY,Universities
688,Nepean Hospital,AUS,Health
689,University of Pecs,HUN,Universities
689,Martin-Luther-Universitat Halle-Wittenberg *,DEU,Universities
690,Universidade Federal do Ceara,BRA,Universities
690,Hospital Nuestra Senora de Candelaria,ESP,Health
691,Duzce University,TUR,Universities
691,Universite de Rennes 1 *,FRA,Universities
691,Washington Hospital Center,USA,Health
692,Universidade Federal de Ciencias da Saude de Porto Alegre,BRA,Universities
692,JSS Academy of Higher Education and Research,IND,Universities
692,Sun Yat-sen University First Hospital,CHN,Health
692,Kanazawa University *,JPN,Universities
693,Sri Ramachandra Institute of Higher Education and Research,IND,Universities
693,Imam Abdulrahman Bin Faisal University *,SAU,Universities
694,Seoul National University Boramae Hospital,KOR,Health
694,Gaziantep University *,TUR,Universities
694,Clinica Las Condes,CHL,Health
695,Pomeranian Medical University,POL,Universities
695,Carmel Medical Center,ISR,Health
695,San Francisco General Hospital,USA,Health
695,University of Tsukuba *,JPN,Universities
695,Albany Medical College,USA,Universities
696,Kuwait University Health Science Center,KWT,Health
696,Centre Hospitalier Universitaire de Rennes,FRA,Health
696,Peoples'Friendship University of Russia,RUS,Universities
697,Saitama Medical University *,JPN,Universities
697,Deutsches Herzzentrum Munchen,DEU,Health
697,University of the Philippines Diliman *,PHL,Universities
698,Centre Hospitalier Universitaire d'Angers,FRA,Health
698,Al-Azhar University *,EGY,Universities
698,Fukushima Medical University *,JPN,Universities
698,Universidad Autonoma de Chile,CHL,Universities
698,Medical University of Lublin,POL,Universities
699,Centre Hospitalier Universitaire de Brest,FRA,Health
699,Universite de Lyon,FRA,Universities
699,Meir Medical Center,ISR,Health
699,University of Split,HRV,Universities
699,National University of Malaysia Medical Center,MYS,Health
700,Klinikum Stuttgart,DEU,Health
700,Azienda Ospedaliera San Camillo Forlanini,ITA,Health
700,Iuliu Hatieganu University of Medicine and Pharmacy Cluj Napoca,ROU,Universities
700,Azienda Usl di Reggio Emilia,ITA,Health
700,Obafemi Awolowo University,NGA,Universities
700,Universitatsklinikum Giessen und Marburg GmbH Standort Giessen,DEU,Health
701,Centre Hospitalier Universitaire de Rouen,FRA,Health
702,Universite Cote d’Azur *,FRA,Universities
702,Istanbul Medipol University *,TUR,Universities
702,Centre Hospitalier Universitaire de Clermont-Ferrand,FRA,Health
702,Rosalind Franklin University of Medicine and Science,USA,Universities
702,Umberto I Policlinico di Roma,ITA,Health
703,Fundacion Valle del Lili,COL,Health
703,Universidade Federal de Sergipe,BRA,Universities
703,Azienda Sanitaria Ulss 6 Vicenza,ITA,Health
704,Hospital Clinico Universitario de Valladolid,ESP,Health
704,"National Institute of Nutrition, Hyderabad",IND,Health
704,Balikesir University,TUR,Universities
704,Adnan Menderes University,TUR,Universities
705,First Affiliated Hospital of Chongqing Medical University,CHN,Health
706,University of Nigeria,NGA,Universities
706,Acibadem University,TUR,Universities
706,Complejo Hospitalario de Navarra,ESP,Health
706,KIIT University,IND,Universities
706,Hospital Universitario de Fuenlabrada,ESP,Health
707,Yamaguchi University *,JPN,Universities
707,Universidade de Pernambuco,BRA,Universities
707,Goztepe Training and Research Hospital,TUR,Health
707,Seton Hall University,USA,Universities
707,Shandong Provincial Hospital,CHN,Health
708,Hospital General Universitario de Alicante,ESP,Health
708,University of Zimbabwe,ZWE,Universities
708,University General Hospital,CZE,Health
708,Inonu University,TUR,Universities
709,Hospital Universitario Dr. Jose Eleuterio Gonzalez,MEX,Health
709,University of Yamanashi *,JPN,Universities
709,Hospital Universitario de Nuevo Leon,MEX,Health
709,University of South Alabama *,USA,Universities
709,Westmead Hospital ,AUS,Health
710,Sakarya University *,TUR,Universities
710,Ministry of Health,MYS,Health
710,Ataturk University,TUR,Universities
710,Tanta University,EGY,Universities
711,Xiangya Hospital Affiliated to Central South University,CHN,Health
711,Universidad El Bosque,COL,Universities
712,Manisa Celal Bayar University *,TUR,Universities
712,Complejo Hospitalario Materno - Insular,ESP,Health
712,Ankara Yildirim Beyazit University,TUR,Universities
712,Gangnam Severance Hospital,KOR,Health
712,Yuzuncu Yil University *,TUR,Universities
713,The General Hospital of the People's Liberation Army,CHN,Health
713,Prince Sultan Military Medical City,SAU,Health
713,Hong Kong Institute of Education,HKG,Universities
713,Changhua Christian Hospital,TWN,Health
713,Masaryk University,CZE,Universities
714,John Hunter Hospital ,AUS,Health
714,Universitatsklinikum Jena,DEU,Health
714,Royal Devon and Exeter NHS Foundation Trust,GBR,Health
715,Nagoya City University *,JPN,Universities
715,"Universidad del Valle, Colombia *",COL,Universities
715,Dokkyo Medical University *,JPN,Universities
716,German Cancer Consortium,DEU,Government
716,American University of Beirut Medical Center,LBN,Health
716,Hospital Universitario San Cecilio,ESP,Health
716,Universidad de Antioquia *,COL,Universities
716,Universite de Tunis El Manar *,TUN,Universities
716,Ehime University *,JPN,Universities
716,Belgorod State University,RUS,Universities
717,Ministry of Health,ISR,Health
717,Seoul St. Mary's Hospital,KOR,Health
717,Rutgers Cancer Institute of New Jersey,USA,Health
718,University of the Philippines Manila,PHL,Universities
718,Harokopio University,GRC,Universities
718,Almazov National Medical Research Centre,RUS,Health
718,Princess Nourah bint Abdul Rahman University *,SAU,Universities
718,Comenius University in Bratislava,SVK,Universities
719,Faculdade de Medicina do ABC,BRA,Universities
719,Grupo Hospitalario Quironsalud *,ESP,Health
719,Clinical Hospital Center Split,HRV,Health
719,Centre Hospitalier Universitaire de Limoges *,FRA,Health
719,Complejo Asistencial Universitario de Burgos,ESP,Health
720,Spectrum Health,USA,Health
720,King Saud University Medical City,SAU,Health
721,"Scientific Centre of Obstetrics, Gynaecology and Perinatology of the Russian Academy of Medical Sciences",RUS,Health
721,Southern Illinois University School of Medicine,USA,Universities
722,Universita degli Studi Magna Graecia di Catanzaro,ITA,Universities
723,Geisinger Medical System,USA,Health
723,Saitama Medical University Saitama Medical Center,JPN,Health
723,Sefako Makgatho Health Sciences University,ZAF,Universities
723,Mercer University,USA,Universities
724,Qassim University,SAU,Universities
725,Universitat Rostock *,DEU,Universities
725,Hospital Universitario Rio Hortega,ESP,Health
725,Universita Campus Bio-Medico di Roma,ITA,Universities
725,National Research Centre *,EGY,Government
725,Armed Forces Medical College,IND,Universities
725,Helwan University Cairo *,EGY,Universities
726,Bezmialem Vakif University,TUR,Universities
726,"Centro Hospitalar de Vila Nova de Gaia, Espinho",PRT,Health
727,Kaplan Medical Center,ISR,Health
727,Singapore General Hospital,SGP,Health
727,Universidade Estadual da Paraiba,BRA,Universities
728,Universitatsklinikum Graz,AUT,Health
729,University of the Free State,ZAF,Universities
730,University of Patras,GRC,Universities
730,Trakya University,TUR,Universities
730,Hamamatsu University School of Medicine *,JPN,Universities
731,Universitatsklinikum Dusseldorf,DEU,Health
732,Ankara Ataturk Training and Research Hospital,TUR,Health
733,Kyorin University *,JPN,Universities
733,Hashemite University,JOR,Universities
734,Juntendo University Urayasu Hospital,JPN,Health
734,Fujita Health University *,JPN,Universities
735,Universidade Federal de Santa Maria *,BRA,Universities
735,University of Rzeszow,POL,Universities
735,Staten Island University Hospital,USA,Health
735,Helios Kliniken GmbH *,DEU,Health
735,Instituto Nacional de Perinatologia Isidro Espinosa de los Reyes,MEX,Health
735,"King Abdulaziz Medical City, Jeddah",SAU,Health
736,Universitat Internacional de Catalunya ,ESP,Universities
737,Shandong University Qilu Hospital,CHN,Health
737,Hospital Sirio-Libanes,BRA,Health
737,Sultan Qaboos University *,OMN,Universities
738,Charite Campus Buch,DEU,Health
739,Houston Methodist,USA,Health
739,Christchurch Hospital,NZL,Health
740,Benha University *,EGY,Universities
740,Kirikkale University *,TUR,Universities
740,University of Limpopo,ZAF,Universities
740,Fundacion Cardioinfantil Instituto de Cardiologia,COL,Health
740,Research Centre for Medical Genetics,RUS,Health
741,First Affiliated Hospital of Anhui Medical University,CHN,Health
741,Alfaisal University,SAU,Universities
742,St. Lukes International Hospital,JPN,Health
743,Sapporo Medical University *,JPN,Universities
744,Kagawa University *,JPN,Universities
744,Ministry of Health,TUR,Health
744,Universitatsklinikum Rostock,DEU,Health
744,Umm Al-Qura University,SAU,Universities
745,Helios Kliniken Berlin-Buch,DEU,Health
746,Moscow State University of Medicine and Dentistry,RUS,Universities
747,Centre Hospitalier Universitaire de Amiens-Picardie,FRA,Health
748,First Affilated Hospital of Wenzhou Medical University,CHN,Health
749,Universite Paris Nanterre *,FRA,Universities
750,Josip Juraj Strossmayer University of Osijek,HRV,Universities
750,Ministry of Health and Population of Egypt,EGY,Health
750,Centre Leon-Berard,FRA,Health
751,St Petersburg Pavlov State Medical University,RUS,Universities
752,Tokyo Womens Medical University Hospital,JPN,Health
753,"Federal Research Center of Nutrition, Biotechnology and Food Safety",RUS,Government
754,Jefferson Health System,USA,Health
754,Kahramanmaras Sutcu Imam University,TUR,Universities
755,Hillel Yaffe Medical Center,ISR,Health
755,Hitit University,TUR,Universities
756,Oita University *,JPN,Universities
756,China-Japan Friendship Hospital,CHN,Health
756,Ariel University *,ISR,Universities
757,Harran University,TUR,Universities
757,Samara State Medical University,RUS,Universities
758,Hirosaki University *,JPN,Universities
759,Beni Suef University *,EGY,Universities
759,Centre Hospitalier Universitaire de Nice *,FRA,Health
760,Tokyo Medical University *,JPN,Universities
760,Shanxi Medical University *,CHN,Universities
760,Minia University *,EGY,Universities
761,Third Affiliated Hospital of Zhengzhou University,CHN,Health
761,Universidade Federal do Piaui,BRA,Universities
762,Philippine General Hospital,PHL,Health
763,"Universite de Picardie Jules Verne, Amiens *",FRA,Universities
763,Hebei Medical University *,CHN,Universities
763,Obstetrics and Gynecology Hospital Fudan University,CHN,Health
764,Guangxi Medical University *,CHN,Universities
765,Ochsner Healthcare *,USA,Health
766,Sultan Qaboos University Hospital,OMN,Health
767,Bashkir State Medical University,RUS,Universities
768,Hospital de Clinicas da Universidade Federal do Parana,BRA,Health
769,Texas Woman's University,USA,Universities
770,First Affiliated Hospital of Guangxi Medical University,CHN,Health
771,Bahcesehir University *,TUR,Universities
772,Ochsner Medical Center-New Orleans,USA,Health
773,Medical University of Sofia *,BGR,Universities
773,Egyptian National Cancer Institute,EGY,Health
774,Beijing University of Chinese Medicine *,CHN,Universities
775,University Hospital Brno,CZE,Health
776,Princess Margaret Cancer Centre,CAN,Health
777,Irkutsk State Medical University,RUS,Universities
778,Instituto Nacional de Cardiologia Ignacio Chavez,MEX,Health
