Global Rank,Institution,Country,Sector
1,Chinese Academy of Sciences *,CHN,Government
2,Ministry of Agriculture,CHN,Government
3,Universidade de Sao Paulo *,BRA,Universities
4,Centre National de la Recherche Scientifique *,FRA,Government
5,United States Department of Agriculture,USA,Government
6,Ministry of Education of the People's Republic of China,CHN,Government
7,Chinese Academy of Agricultural Sciences *,CHN,Government
8,Universidade Estadual Paulista Julio de Mesquita Filho,BRA,Universities
9,Consejo Nacional de Investigaciones Cientificas y Tecnicas *,ARG,Government
10,China Agricultural University,CHN,Universities
11,Wageningen University and Research Centre *,NLD,Universities
12,Consejo Superior de Investigaciones Cientificas *,ESP,Government
13,University of Florida *,USA,Universities
14,University of Guelph,CAN,Universities
15,"University of California, Davis *",USA,Universities
16,"Institut National de Recherche pour l'Agriculture, l'Alimentation et l'Environnement *",FRA,Government
17,Aarhus University *,DNK,Universities
18,Northwest A and F University,CHN,Universities
19,Russian Academy of Sciences *,RUS,Government
20,Commonwealth Scientific and Industrial Research Organization *,AUS,Government
21,University of Illinois at Urbana-Champaign *,USA,Universities
22,Leibniz Gemeinschaft *,DEU,Government
22,Indian Council of Agricultural Research *,IND,Government
23,Empresa Brasileira de Pesquisa Agropecuaria,BRA,Government
24,Cornell University *,USA,Universities
25,Nanjing Agricultural University,CHN,Universities
26,"University of Wisconsin, Madison *",USA,Universities
27,Iowa State University,USA,Universities
28,CGIAR Consortium of International Agricultural Research *,MUL,Non-Profit
29,"Texas A&M University, College Station *",USA,Universities
30,Universidad Nacional Autonoma de Mexico,MEX,Universities
31,University of Copenhagen,DNK,Universities
31,South China Agricultural University,CHN,Universities
32,National Institutes of Health,USA,Health
33,The University of Queensland *,AUS,Universities
34,Agriculture and Agri-Food Canada,CAN,Government
35,Polish Academy of Sciences *,POL,Government
36,University of Melbourne *,AUS,Universities
37,Michigan State University,USA,Universities
38,The University of Edinburgh *,GBR,Universities
39,Irish Agriculture and Food Development Authority,IRL,Government
40,University of Georgia,USA,Universities
41,Zhejiang University *,CHN,Universities
42,University of Sydney,AUS,Universities
43,National Engineering Research Center for Information Technology in Agriculture,CHN,Non-Profit
44,"Ohio State University, Columbus *",USA,Universities
45,North Carolina State University,USA,Universities
46,Universita degli Studi di Milano,ITA,Universities
47,"University of New England, Australia",AUS,Universities
48,The University of British Columbia,CAN,Universities
49,Max Planck Gesellschaft *,DEU,Government
50,"University of Minnesota, Twin Cities *",USA,Universities
51,Agricultural Research Organization,ISR,Government
52,Consiglio Nazionale delle Ricerche *,ITA,Government
53,University of Chinese Academy of Sciences,CHN,Universities
54,Istituto di Scienze delle Produzioni Alimentari,ITA,Government
55,Ghent University,BEL,Universities
56,Swedish University of Agricultural Sciences,SWE,Universities
57,China University of Geosciences,CHN,Universities
58,Kansas State University,USA,Universities
59,Virginia Polytechnic Institute and State University,USA,Universities
60,University of Alberta,CAN,Universities
61,Beijing Academy of Agriculture and Forestry Sciences,CHN,Companies
62,Universidade Federal de Vicosa,BRA,Universities
63,Museum National d'Histoire Naturelle *,FRA,Government
64,Veterinarmedizinische Universitat Wien *,AUT,Universities
65,Huazhong Agricultural University,CHN,Universities
66,L'Alma Mater Studiorum - Universita di Bologna,ITA,Universities
67,Pennsylvania State University *,USA,Universities
68,United States Geological Survey,USA,Government
69,Universita degli Studi di Padova,ITA,Universities
70,Seoul National University *,KOR,Universities
71,Universitat Bern,CHE,Universities
72,University of Oxford,GBR,Universities
73,University of Saskatchewan,CAN,Universities
74,Smithsonian Institution *,USA,Government
75,Instituto Venezolano de Investigaciones Cientificas,VEN,Government
76,Universitat Autonoma de Barcelona *,ESP,Universities
77,"University of Nebraska, Lincoln",USA,Universities
78,Harvard University *,USA,Universities
79,Universitat Hohenheim,DEU,Universities
80,Universidade Federal do Rio Grande do Sul,BRA,Universities
81,Royan Institute,IRN,Health
82,University of Tehran,IRN,Universities
83,Institucio Catalana de Recerca i Estudis Avancats,ESP,Government
84,Shanghai Jiao Tong University *,CHN,Universities
85,U.S. Department of Health & Human Services *,USA,Health
86,Sichuan Agricultural University,CHN,Universities
87,Universitat Zurich,CHE,Universities
88,Tsinghua University *,CHN,Universities
89,Purdue University,USA,Universities
90,University College Dublin,IRL,Universities
91,Massey University,NZL,Universities
92,Rural Development Administration *,KOR,Government
92,Huazhong University of Science and Technology *,CHN,Universities
93,"University of Missouri, Columbia *",USA,Universities
94,Universita degli Studi di Napoli Federico II,ITA,Universities
95,Oregon State University,USA,Universities
96,Institut de Recherche pour le Developpement Paris *,FRA,Government
97,Consejo Nacional de Ciencia y Tecnologia *,MEX,Government
98,Academy of Sciences of the Czech Republic *,CZE,Government
99,Universidade Federal do Parana,BRA,Universities
100,The University of Adelaide,AUS,Universities
101,AgResearch Ltd,NZL,Government
102,"Colorado State University, Fort Collins *",USA,Universities
103,Universita degli Studi di Torino,ITA,Universities
104,Jilin University *,CHN,Universities
105,Universidade Federal de Santa Maria *,BRA,Universities
106,"Washington State University, Pullman *",USA,Universities
107,"ParisTech, Institut des Sciences et Technologies de Paris - PRES *",FRA,Government
107,University of Tokyo *,JPN,Universities
108,Universidade Federal de Minas Gerais,BRA,Universities
109,Stanford University *,USA,Universities
110,Universite Montpellier *,FRA,Universities
111,University of Helsinki,FIN,Universities
112,Universidade Federal de Lavras,BRA,Universities
113,"University of Arkansas, Fayetteville",USA,Universities
114,Yangzhou University,CHN,Universities
115,"Institute of Zoology, Chinese Academy of Sciences",CHN,Government
116,Boehringer Ingelheim *,MUL,Companies
116,Catholic University of Leuven,BEL,Universities
117,Institut de Recerca i Tecnologia Agroalimentaries Barcelona *,ESP,Government
118,Sorbonne Universite *,FRA,Universities
119,Freie Universitat Berlin,DEU,Universities
120,Northeast Agricultural University,CHN,Universities
121,Kyoto University *,JPN,Universities
122,University of Exeter,GBR,Universities
123,Shandong Agricultural University,CHN,Universities
124,Centre de Cooperation Internationale en Recherche Agronomique pour le Developpement *,FRA,Government
124,National Institute of Animal Science,KOR,Government
124,Konkuk University *,KOR,Universities
125,Swansea University,GBR,Universities
126,Jiangxi Agricultural University,CHN,Universities
127,Norwegian University of Life Sciences,NOR,Universities
128,Natural History Museum London,GBR,Government
129,Universita degli Studi di Perugia,ITA,Universities
129,Universidad Politecnica de Madrid *,ESP,Universities
130,University of Bristol,GBR,Universities
131,University of Calgary,CAN,Universities
132,University of Pretoria,ZAF,Universities
133,Universite PSL *,FRA,Universities
134,Poznan University of Life Sciences,POL,Universities
135,Tianjin University of Science and Technology,CHN,Universities
135,Academic Center for Education Culture and Research *,IRN,Non-Profit
136,"National University of Ireland, Galway",IRL,Universities
137,Jagiellonian University,POL,Universities
138,McGill University,CAN,Universities
139,Technical University of Denmark,DNK,Universities
139,Utrecht University *,NLD,Universities
140,Jiangsu University *,CHN,Universities
141,Nanchang University *,CHN,Universities
142,University of Cambridge *,GBR,Universities
143,"University of Michigan, Ann Arbor *",USA,Universities
143,Universita Cattolica del Sacro Cuore,ITA,Universities
144,Inha University,KOR,Universities
145,Mississippi State University,USA,Universities
146,Sun Yat-Sen University *,CHN,Universities
147,University of Arizona *,USA,Universities
148,"AgroParisTech, Institut des Sciences et Industries du Vivant et de l'Environnement",FRA,Universities
148,Helmholtz Gemeinschaft *,DEU,Government
149,"Monash University, Melbourne *",AUS,Universities
149,Chonbuk National University *,KOR,Universities
150,Universidade Federal do Rio de Janeiro,BRA,Universities
151,Hokkaido University *,JPN,Universities
152,University of Nottingham *,GBR,Universities
152,Chung-Ang University *,KOR,Universities
153,Stellenbosch University,ZAF,Universities
154,"Royal Veterinary College, University of London",GBR,Universities
154,University of Manitoba,CAN,Universities
155,Southwest University of Science and Technology,CHN,Universities
156,Ecole Pratique des Hautes Etudes,FRA,Universities
157,Universidade do Porto *,PRT,Universities
158,National Veterinary Institute,NOR,Government
159,Centers for Disease Control and Prevention,USA,Health
160,Zagazig University *,EGY,Universities
161,US Food and Drug Administration,USA,Government
162,Agricultural Research Center Egypt *,EGY,Government
163,Agrocampus Ouest *,FRA,Universities
163,Biotechnology and Biological Sciences Research Council *,GBR,Government
164,Norwegian University of Science and Technology,NOR,Universities
165,Universita degli Studi di Pisa,ITA,Universities
166,University of Washington *,USA,Universities
166,Universite de Liege,BEL,Universities
167,University of Pennsylvania *,USA,Universities
168,"University of California, Berkeley *",USA,Universities
169,International Livestock Research Institute,MUL,Non-Profit
170,Guangxi University,CHN,Universities
170,Universidad de Cordoba *,ESP,Universities
171,University College Cork *,IRL,Universities
171,"University of Texas, Austin",USA,Universities
172,Ludwig-Maximilians Universitat Munchen *,DEU,Universities
173,Georg-August-Universitat Gottingen,DEU,Universities
174,Chungnam National University,KOR,Universities
175,Tarbiat Modares University,IRN,Universities
176,Auburn University,USA,Universities
177,Laval University,CAN,Universities
178,Rheinische Friedrich-Wilhelms-Universitat Bonn *,DEU,Universities
179,Swiss Federal Institute of Technology,CHE,Universities
179,Alliance of Bioversity International and CIAT,MUL,Non-Profit
180,Bogor Agricultural University,IDN,Universities
181,Hebrew University of Jerusalem,ISR,Universities
182,University of Veterinary and Animal Sciences,PAK,Universities
182,Smithsonian National Museum of Natural History,USA,Government
182,Centre de Recerca Agrigenomica,ESP,Government
183,Universitat de Barcelona *,ESP,Universities
184,Inner Mongolia Agricultural University,CHN,Universities
185,Universite de Paris *,FRA,Universities
186,Gyeongnam National University of Science and Technology,KOR,Universities
187,VetAgro Sup *,FRA,Universities
188,Shinshu University *,JPN,Universities
189,Henan University of Science and Technology *,CHN,Universities
190,Max Planck Institut fur Ornithologie,DEU,Government
191,Universite Francois Rabelais de Tours *,FRA,Universities
192,Guangdong Ocean University,CHN,Universities
192,University Putra Malaysia,MYS,Universities
193,Christian-Albrechts-Universitat zu Kiel,DEU,Universities
194,National Dairy Research Institute,IND,Government
194,Shanghai Ocean University,CHN,Universities
195,Shanghai Academy of Agricultural Sciences,CHN,Government
196,Harper Adams University College,GBR,Universities
197,"Newcastle University, Newcastle upon Tyne",GBR,Universities
198,Tianjin University *,CHN,Universities
199,Colgate University,USA,Universities
200,Ocean University of China,CHN,Universities
201,Norwegian Institute of Bioeconomy Research,NOR,Government
201,Korea University *,KOR,Universities
202,"University of Tennessee, Knoxville *",USA,Universities
202,Cairo University *,EGY,Universities
203,Universidad de Murcia *,ESP,Universities
204,University of Thessaly,GRC,Universities
205,"Montpellier SupAgro, Centre International d'Etudes Superieures en Sciences Agronomiques *",FRA,Universities
205,Humboldt-Universitat zu Berlin,DEU,Universities
206,National Research Centre *,EGY,Government
207,International Livestock Research Institute Kenya,KEN,Non-Profit
207,Chinese Academy of Fishery Sciences,CHN,Government
208,University of Minnesota Health and Medicine,USA,Universities
208,Universita degli Studi di Sassari,ITA,Universities
209,Indian Veterinary Research Institute,IND,Universities
210,Leibniz-Institut fur Agrartechnik Potsdam-Bornim,DEU,Government
211,Aristotle University of Thessaloniki,GRC,Universities
212,University of St. Andrews,GBR,Universities
212,University of Warmia and Mazury,POL,Universities
213,Jiangnan University *,CHN,Universities
214,University of Southern California *,USA,Universities
215,Max Planck Institut fur Evolutionare Anthropologie,DEU,Government
216,Duke University *,USA,Universities
216,Stiftung Tierarztliche Hochschule Hannover,DEU,Universities
217,University of Kentucky *,USA,Universities
218,University of Liverpool *,GBR,Universities
219,Lomonosov  Moscow State University,RUS,Universities
220,"Universidad de Leon, Spain *",ESP,Universities
221,Trinity College Dublin *,IRL,Universities
222,The University of Hong Kong *,HKG,Universities
223,Universidade Estadual de Londrina,BRA,Universities
223,Universita degli Studi di Bari,ITA,Universities
223,University of Glasgow *,GBR,Universities
223,Universidad Complutense de Madrid *,ESP,Universities
223,The University of Western Australia,AUS,Universities
224,Environment Canada,CAN,Government
225,"University of Agriculture, Faisalabad",PAK,Universities
225,Henan Agricultural University,CHN,Universities
225,Universita degli Studi dell'Insubria,ITA,Universities
226,Institut National de la Sante et de la Recherche Medicale *,FRA,Health
227,Friedrich-Schiller-Universitat Jena *,DEU,Universities
227,Southwest University *,CHN,Universities
227,"Indian Institute of Technology, Kharagpur",IND,Universities
228,Universita degli Studi di Firenze,ITA,Universities
229,Zhejiang Ocean University,CHN,Universities
229,Lunds University,SWE,Universities
230,Universidade Estadual de Maringa,BRA,Universities
230,Royal Melbourne Institute of Technology *,AUS,Universities
231,Universidad de Buenos Aires *,ARG,Universities
231,University of Tsukuba *,JPN,Universities
232,Clemson University,USA,Universities
233,Zhongkai University of Agriculture and Engineering,CHN,Universities
234,University of Leeds,GBR,Universities
235,National Agriculture and Food Research Organization,JPN,Government
235,Basque Research and Technology Alliance *,ESP,Government
236,"Lincoln University, Lincoln",NZL,Universities
236,Universita degli Studi di Messina,ITA,Universities
237,South Australian Research and Development Institute,AUS,Government
238,Huazhong Normal University,CHN,Universities
238,Prince of Songkla University,THA,Universities
239,Xishuangbanna Tropical Botanical Garden Chinese Academy of Sciences,CHN,Government
239,University of Vermont,USA,Universities
240,Friedrich Loeffler Institutes Bundesforschungsinstitut fur Tiergesundheit,DEU,Government
241,Rothamsted Research,GBR,Government
242,Justus-Liebig-Universitat Giessen *,DEU,Universities
242,Columbia University *,USA,Universities
243,Estacion Experimental del Zaidin ,ESP,Government
244,Pukyong National University,KOR,Universities
245,Czech University of Life Sciences Prague,CZE,Universities
246,City University of Hong Kong *,HKG,Universities
247,Universita degli Studi di Catania,ITA,Universities
248,University of Toronto,CAN,Universities
249,Charles University *,CZE,Universities
250,International Maize and Wheat Improvement Center,MUL,Non-Profit
251,Natural Resources Institute Finland,FIN,Government
252,Centre d'Ecologie Fonctionnelle et Evolutive Montpellier,FRA,Government
253,Universite de Rennes 1 *,FRA,Universities
253,University of Aberdeen,GBR,Universities
254,Universidade Federal Rural de Pernambuco,BRA,Universities
254,University of Life Sciences in Lublin,POL,Universities
255,Instituto Nacional de Pesquisas da Amazonia,BRA,Government
256,Ohio State University Wexner Medical Center,USA,Health
257,University of Agriculture in Krakow,POL,Universities
257,Kent State University,USA,Universities
258,Korea Food Research Institute,KOR,Government
258,King Saud University *,SAU,Universities
259,"Alliance of Bioversity International and CIAT, Colombia",COL,Non-Profit
259,Universitat Wien,AUT,Universities
260,"University of Hawaii, Manoa *",USA,Universities
261,Center for Disease Control and Prevention China,CHN,Health
261,Arizona State University,USA,Universities
261,Universidade de Lisboa,PRT,Universities
262,Ben-Gurion University of the Negev *,ISR,Universities
262,"University of California, Los Angeles *",USA,Universities
262,"Kunming Institute of Zoology, Chinese Academy of Sciences",CHN,Government
263,Australian National University,AUS,Universities
264,Museo Nacional de Ciencias Naturales,ESP,Government
265,Estacion Biologica de Donana,ESP,Government
266,James Cook University *,AUS,Universities
267,"University of Maryland, Baltimore",USA,Universities
268,"Oklahoma State University, Stillwater",USA,Universities
269,Universidad Nacional de Colombia *,COL,Universities
270,Brown University,USA,Universities
270,The Pirbright Institute,GBR,Government
271,Murdoch University,AUS,Universities
271,Universitat Politecnica de Valencia *,ESP,Universities
271,Universidad Nacional de Rosario *,ARG,Universities
271,Universidade Federal de Goias,BRA,Universities
272,Hungarian Academy of Sciences *,HUN,Government
273,Instituto Nacional de Investigacion y Tecnologia Agraria y Alimentaria  *,ESP,Government
273,Universidade de Brasilia,BRA,Universities
274,Universita degli Studi del Molise,ITA,Universities
275,Simon Fraser University,CAN,Universities
276,Universita degli Studi di Camerino,ITA,Universities
277,Universita degli Studi di Udine,ITA,Universities
278,University of New South Wales,AUS,Universities
279,Hunan Agricultural University,CHN,Universities
280,"Universite Paul Valery, Montpellier III *",FRA,Universities
280,University of Ljubljana *,SVN,Universities
281,China Jiliang University,CHN,Universities
282,Universidad de Chile *,CHL,Universities
282,"Institute of Geochemistry, Chinese Academy of Sciences",CHN,Government
283,A.N. Severtsov Institute of Ecology and Evolution Russian Academy of Sciences,RUS,Government
284,University of Delhi *,IND,Universities
284,Queen's University Belfast,GBR,Universities
284,Zoological Institute Russian Academy of Sciences,RUS,Government
285,University of Auckland,NZL,Universities
286,National University of Singapore *,SGP,Universities
286,Universidade Federal de Santa Catarina,BRA,Universities
287,Agricultural University of Hebei,CHN,Universities
288,Universidade Estadual de Campinas,BRA,Universities
288,Universidad Nacional de La Plata *,ARG,Universities
289,Universitat de Lleida,ESP,Universities
289,"Institute of Geographic Sciences and Natural Resources Research, Chinese Academy of Sciences",CHN,Government
290,National Chung Hsing University,TWN,Universities
291,Macquarie University *,AUS,Universities
291,Carleton University,CAN,Universities
291,International Maize and Wheat Improvement Center Mexico,MEX,Non-Profit
292,Texas Tech University,USA,Universities
293,Unite Mixte de Recherche des Genetique Animale et Biologie Integrative,FRA,Government
293,Universidade Federal de Mato Grosso,BRA,Universities
294,University of Antwerp,BEL,Universities
295,Free University of Bozen,ITA,Universities
296,University of Groningen *,NLD,Universities
296,Bangladesh Agricultural University,BGD,Universities
297,Tanta University,EGY,Universities
298,Gyeongsang National University *,KOR,Universities
299,King Mongkut's University of Technology Thonburi,THA,Universities
300,University of Stirling,GBR,Universities
301,University of Lincoln,GBR,Universities
301,Yale University *,USA,Universities
302,"Swiss Federal Institute for Forest, Snow and Landscape Research",CHE,Government
302,Leibniz Institut fur Zoo- und Wildtierforschung Berlin,DEU,Government
302,Universidade Federal da Bahia,BRA,Universities
303,Leibniz-Institut fur Nutztierbiologie,DEU,Government
304,Shanxi Agricultural University,CHN,Universities
305,National Academy of Sciences of Ukraine *,UKR,Government
306,Universita degli Studi di Teramo,ITA,Universities
307,Dankook University,KOR,Universities
307,University of KwaZulu-Natal *,ZAF,Universities
308,Universidad de Castilla-La Mancha *,ESP,Universities
309,Museum fur Naturkunde Berlin,DEU,Non-Profit
309,Diponegoro University,IDN,Universities
309,Universitat Leipzig *,DEU,Universities
310,South Dakota State University,USA,Universities
311,Shiraz University,IRN,Universities
311,University of Zagreb,HRV,Universities
312,University of South Bohemia,CZE,Universities
312,Slovak Academy of Sciences *,SVK,Government
313,University of South Australia,AUS,Universities
314,Heilongjiang Bayi Agricultural University,CHN,Universities
314,Natural Environment Research Council *,GBR,Government
315,Instituto Smithsonian de Investigaciones Tropicales,PAN,Government
315,Guiyang University,CHN,Universities
316,Airlangga university,IDN,Universities
317,Naturalis Biodiversity Center,NLD,Government
318,Instituto de Salud Carlos III *,ESP,Health
319,Warsaw University of Life Sciences,POL,Universities
320,New York University *,USA,Universities
320,The University of Reading,GBR,Universities
321,Lancaster University,GBR,Universities
322,"University of Massachusetts, Amherst",USA,Universities
322,Centre d'Etudes Biologiques de Chize,FRA,Government
322,Biology Centre of the ASCR,CZE,Government
323,"University of Colorado, Boulder *",USA,Universities
324,"Agence Nationale de la Securite Sanitaire de l'Alimentation, de l'Environnement et du Travail *",FRA,Health
325,Centre de Recerca en Sanitat Animal,ESP,Government
325,King Abdulaziz University *,SAU,Universities
325,Universitat fur Bodenkultur Wien *,AUT,Universities
326,Universidade Federal da Paraiba,BRA,Universities
326,Johns Hopkins University *,USA,Universities
327,Universite de La Rochelle *,FRA,Universities
327,"University of California, San Diego *",USA,Universities
328,Utah State University *,USA,Universities
329,"Institute of Oceanology, Chinese Academy of Sciences",CHN,Government
330,University of Kansas *,USA,Universities
330,Chungbuk National University,KOR,Universities
331,Kangwon National University *,KOR,Universities
332,"University of California, Santa Cruz",USA,Universities
332,University of Waterloo,CAN,Universities
332,The University of Kent,GBR,Universities
333,Queensland University of Technology,AUS,Universities
334,National Oceanic and Atmospheric Administration,USA,Government
334,Institute of Animal Reproduction and Food Research Polish Academy of Sciences,POL,Government
334,"University of Maryland, College Park *",USA,Universities
335,University of Cape Town,ZAF,Universities
336,Uppsala University,SWE,Universities
336,"Institute of Subtropical Agriculture, Chinese Academy of Sciences",CHN,Government
336,Universidade Federal do Ceara,BRA,Universities
336,Slovak University of Agriculture in Nitra,SVK,Universities
337,Beni Suef University *,EGY,Universities
337,Jazan University,SAU,Universities
338,East China Normal University,CHN,Universities
338,Universitat Rostock *,DEU,Universities
338,Universidade Federal de Pelotas,BRA,Universities
339,Institut Francais de Recherche pour l'Exploitation de la Mer *,FRA,Government
339,Quaid-i-Azam University,PAK,Universities
339,"University of California, Riverside",USA,Universities
340,University of Amsterdam *,NLD,Universities
341,University of Nevada-Reno,USA,Universities
342,Henan University of Animal Husbandry and Economy,CHN,Universities
342,United States Fish and Wildlife Service,USA,Government
343,University of Southern Mississippi,USA,Universities
344,North Dakota State University,USA,Universities
345,Martin-Luther-Universitat Halle-Wittenberg *,DEU,Universities
345,Helmholtz Zentrum fur Umweltforschung,DEU,Government
345,University of Arid Agriculture,PAK,Universities
346,Universite de Fribourg,CHE,Universities
347,Universidad de la Republica *,URY,Universities
348,South African National Biodiversity Institute,ZAF,Government
348,American Museum of Natural History,USA,Government
349,Bulgarian Academy of Sciences *,BGR,Government
350,Universidade do Estado de Santa Catarina,BRA,Universities
350,Shandong Normal University,CHN,Universities
351,University College London *,GBR,Universities
352,Instituto Politecnico Nacional *,MEX,Universities
353,Max Planck Institut fur Chemische Okologie,DEU,Government
354,Universita degli Studi di Modena e Reggio Emilia,ITA,Universities
354,Universidade Federal de Mato Grosso do Sul,BRA,Universities
355,Universitat Kassel,DEU,Universities
355,Zhejiang A & F University *,CHN,Universities
355,Universidad Miguel Hernandez *,ESP,Universities
356,Pontificia Universidad Catolica de Chile *,CHL,Universities
356,Deutsche Sammlung von Mikroorganismen und Zellkulturen GmbH,DEU,Non-Profit
357,"Institut de Systematique, Evolution, Biodiversite",FRA,Government
358,University of Ottawa,CAN,Universities
359,Instituto Butantan,BRA,Health
360,Patuakhali University of Science and Technology,BGD,Universities
361,Ahmadu Bello University *,NGA,Universities
361,Fundacao Oswaldo Cruz *,BRA,Health
361,Instituto Nacional de Tecnologia Agropecuaria,ARG,Government
362,Anhui Agricultural University,CHN,Universities
363,University of Chicago *,USA,Universities
363,Bangor University,GBR,Universities
364,Guizhou University,CHN,Universities
364,German Centre for Integrative Biodiversity Research iDiv Halle-Jena-Leipzig,DEU,Government
364,Leibniz Institut fur Pflanzenbiochemie,DEU,Government
365,Uludag University,TUR,Universities
365,Australian Museum,AUS,Non-Profit
366,Agricultural Research Education and Extension Organization *,IRN,Government
366,Institut National Polytechnique de Toulouse *,FRA,Universities
367,Norwegian Institute for Nature Research,NOR,Government
368,International Institute of Tropical Agriculture,MUL,Non-Profit
368,Universita degli Studi di Parma,ITA,Universities
368,Universidad de Zaragoza *,ESP,Universities
368,Senckenberg Forschungsinstitut und Naturmuseum *,DEU,Government
369,"Louisiana State University, Baton Rouge",USA,Universities
370,"University of California, Santa Barbara",USA,Universities
371,University of Tabriz,IRN,Universities
371,Jilin Agricultural University,CHN,Universities
371,World Agroforestry,MUL,Non-Profit
372,Kafr El-Sheikh University,EGY,Universities
373,Universitat Trier,DEU,Universities
374,Chulalongkorn University,THA,Universities
374,Universidade Federal Fluminense,BRA,Universities
375,Ferdowsi University of Mashhad,IRN,Universities
376,Tufts University,USA,Universities
377,University of Pittsburgh *,USA,Universities
378,Leibniz Institut fur Pflanzengenetik und Kulturpflanzenforchung,DEU,Government
378,Max Planck Institut fur Biogeochemie,DEU,Government
379,The University of Sheffield,GBR,Universities
379,Indiana University-Bloomington,USA,Universities
380,RIKEN-Institute of Physical and Chemical Research,JPN,Government
380,Salahaddin University-Erbil,IRQ,Universities
380,Khon Kaen University,THA,Universities
380,University of Durham,GBR,Universities
381,Gansu Agricultural University,CHN,Universities
382,U.S. Army *,USA,Government
382,Universita Politecnica delle Marche,ITA,Universities
382,Universitat de Valencia *,ESP,Universities
383,Kyushu University *,JPN,Universities
384,"Norwegian Institute of Food, Fisheries and Aquaculture Research",NOR,Government
385,Universite de Strasbourg *,FRA,Universities
386,Universidade Federal do Para,BRA,Universities
387,Albert-Ludwigs-Universitat Freiburg im Breisgau,DEU,Universities
388,Alexandria University *,EGY,Universities
388,Royal Netherlands Academy of Arts and Sciences *,NLD,Government
389,Wroclaw University of Environmental and Life Sciences,POL,Universities
389,Gadjah Mada University,IDN,Universities
390,Anhui University,CHN,Universities
391,"Southern Illinois University, Carbondale *",USA,Universities
391,Deakin University *,AUS,Universities
392,Vanderbilt University *,USA,Universities
392,Sunchon National University,KOR,Universities
393,La Trobe University *,AUS,Universities
394,Universidade Federal de Sao Carlos,BRA,Universities
395,Museo Argentino de Ciencias Naturales Bernardino Rivadavia,ARG,Government
396,Ege University,TUR,Universities
397,Universita degli Studi di Palermo,ITA,Universities
397,Universite de Montreal,CAN,Universities
397,Dalhousie University,CAN,Universities
397,University of Delaware,USA,Universities
397,The Nottingham Trent University,GBR,Universities
398,Queen's University,CAN,Universities
398,University of Florida Health Science Center,USA,Health
398,Centre for Ecology and Hydrology,GBR,Government
398,Kasetsart University,THA,Universities
399,"University of Connecticut, Storrs *",USA,Universities
400,Chinese Academy of Forestry *,CHN,Government
400,Aix-Marseille Universite *,FRA,Universities
401,Universidad Austral de Chile *,CHL,Universities
402,Adam Mickiewicz University,POL,Universities
402,University of Nairobi,KEN,Universities
402,Universita degli Studi della Tuscia,ITA,Universities
402,University of New Mexico *,USA,Universities
402,Universidad de Cadiz *,ESP,Universities
402,University of South Florida System *,USA,Universities
403,National Veterinary Institute Sweden,SWE,Government
404,Deutsches Primatenzentrum,DEU,Government
404,Universite du Quebec en Quebec *,CAN,Universities
405,Universite de Toulouse,FRA,Universities
406,University of Veterinary Medicine and Pharmacy,SVK,Universities
407,Institute of Marine Research,NOR,Government
407,Damanhour University,EGY,Universities
408,Universidad de Sevilla *,ESP,Universities
408,Imperial College London,GBR,Universities
408,University of Belgrade,SRB,Universities
409,Northeast Institute of Geography and Agroecology Chinese Academy of Sciences,CHN,Government
409,Princeton University,USA,Universities
409,Emory University *,USA,Universities
410,City of Scientific Research and Technological Applications *,EGY,Government
410,North-West University,ZAF,Universities
410,Ain Shams University *,EGY,Universities
410,Technische Universitat Munchen *,DEU,Universities
410,Netherlands Institute of Ecology,NLD,Government
411,Universidad Autonoma del Estado de Mexico,MEX,Universities
412,University of Tasmania,AUS,Universities
412,Universite de Lausanne,CHE,Universities
412,Tokyo University of Agriculture,JPN,Universities
412,Ankara University,TUR,Universities
413,"Queen Mary, University of London",GBR,Universities
414,The University of Salford,GBR,Universities
415,"University of Montana, Missoula",USA,Universities
415,"University of North Carolina, Chapel Hill *",USA,Universities
416,University of South Florida,USA,Universities
416,Hasanuddin University,IDN,Universities
416,Lanzhou University *,CHN,Universities
416,Junta de Comunidades de Castilla-La Mancha Toledo *,ESP,Government
417,Agricultural University of Athens,GRC,Universities
418,McMaster University,CAN,Universities
418,Universita degli Studi di Roma La Sapienza,ITA,Universities
419,Indian Institute of Science,IND,Universities
419,Tohoku University *,JPN,Universities
420,University of Western Ontario,CAN,Universities
420,Universitat Hamburg *,DEU,Universities
421,Universitat Konstanz,DEU,Universities
421,Medical Research Council,GBR,Health
421,Beijing Normal University *,CHN,Universities
421,Universitat de Girona,ESP,Universities
421,University of Pune,IND,Universities
422,Colegio de Postgraduados,MEX,Universities
423,University of Otago,NZL,Universities
423,Universidad de Oviedo *,ESP,Universities
424,Universita degli Studi di Pavia,ITA,Universities
424,Alfred Wegener Institut fur Polar und Meeresforschung,DEU,Government
424,"University of Alabama, Birmingham *",USA,Universities
424,Mahidol University *,THA,Universities
424,Instituto de Investigacion en Recursos Cinegeticos,ESP,Government
425,Xiamen University *,CHN,Universities
426,University of New Hampshire,USA,Universities
427,Universidad de Concepcion *,CHL,Universities
428,Universidad de Antioquia *,COL,Universities
428,Agricultural Research Council,ZAF,Government
429,University of Wyoming,USA,Universities
429,Szent Istvan University,HUN,Universities
430,Council of Scientific and Industrial Research *,IND,Government
430,Stockholm University,SWE,Universities
431,University of Oklahoma *,USA,Universities
432,Universite Claude Bernard Lyon 1 *,FRA,Universities
432,University of Utah *,USA,Universities
433,University of Sussex *,GBR,Universities
434,Kyungpook National University *,KOR,Universities
434,Jeju National University *,KOR,Universities
434,"Universidad de los Andes, Colombia *",COL,Universities
434,Jimei University,CHN,Universities
434,COMSATS Institute of Information Technology *,PAK,Universities
435,University of Southern Queensland,AUS,Universities
435,Shenyang Agricultural University,CHN,Universities
436,Shahid Beheshti University,IRN,Universities
437,The Islamia University of Bahawalpur,PAK,Universities
437,"University of Science, Malaysia *",MYS,Universities
438,Zoological Society of London,GBR,Non-Profit
439,Universite Sidi Mohamed Ben Abdellah *,MAR,Universities
440,Linkoping University,SWE,Universities
440,Swiss Federal Institute of Aquatic Science and Technology,CHE,Government
441,Tel Aviv University,ISR,Universities
442,"University of the Witwatersrand, Johannesburg",ZAF,Universities
442,University of Southern Denmark,DNK,Universities
442,"Universite Paul Sabatier, Toulouse III *",FRA,Universities
443,"Instituto Nacional de Investigaciones Forestales, Agricolas y Pecuarias",MEX,Government
444,National Taiwan University,TWN,Universities
445,Universite du Quebec en Montreal,CAN,Universities
445,Peking University *,CHN,Universities
445,New Mexico State University,USA,Universities
446,University of Turku,FIN,Universities
447,Firat University,TUR,Universities
447,University of Birmingham,GBR,Universities
447,Universidade Federal de Pernambuco,BRA,Universities
448,Yeungnam University,KOR,Universities
449,University of East Anglia *,GBR,Universities
449,Eotvos Lorand University,HUN,Universities
449,University of Kerala,IND,Universities
449,Yamaguchi University *,JPN,Universities
449,Charles Sturt University,AUS,Universities
449,Universidade de Santiago de Compostela *,ESP,Universities
450,Urmia University,IRN,Universities
450,Universidade Federal dos Vales do Jequitinhonha e Mucuri,BRA,Universities
450,Centre de Recerca Ecologica i Aplicacions Forestals,ESP,Government
450,Julius-Maximilians-Universitat Wurzburg *,DEU,Universities
451,Nuclear Research Center,EGY,Government
451,Universidade Federal da Fronteira Sul,BRA,Universities
452,Leibniz Institut fur Gewasserokologie und Binnenfischerei,DEU,Government
453,Sichuan University *,CHN,Universities
453,University of Miami *,USA,Universities
454,Hanyang University *,KOR,Universities
454,Instituto de Investigaciones Agropecuarias,CHL,Government
454,Johann Wolfgang Goethe-Universitat Frankfurt am Main *,DEU,Universities
455,University of Idaho,USA,Universities
455,Memorial University of Newfoundland,CAN,Universities
456,Universidade Federal Rural do Rio de Janeiro,BRA,Universities
456,Woods Hole Oceanographic Institution,USA,Non-Profit
456,Universite de Bordeaux *,FRA,Universities
457,Universita degli Studi di Siena,ITA,Universities
457,Rheinisch-Westfalische Technische Hochschule Aachen,DEU,Universities
457,Institute of Genetics and Animal Biotechnology of the Polish Academy of Sciences,POL,Government
458,Pontificia Universidade Catolica do Rio Grande do Sul,BRA,Universities
459,University of Novi Sad,SRB,Universities
460,University of Oslo,NOR,Universities
460,Hebei University *,CHN,Universities
460,University of Malaya *,MYS,Universities
460,Hiroshima University *,JPN,Universities
461,University of Technology and Life Sciences,POL,Universities
461,Universidad Autonoma Metropolitana,MEX,Universities
462,Universidad Autonoma de Madrid *,ESP,Universities
462,Mulawarman University,IDN,Universities
462,Tarim University,CHN,Universities
463,Museum and Institute of Zoology Polish Academy of Sciences,POL,Government
464,Leiden University *,NLD,Universities
464,California Academy of Sciences,USA,Non-Profit
465,Ningbo University,CHN,Universities
466,Plymouth University,GBR,Universities
466,Suranaree University of Technology,THA,Universities
467,Universidade do Algarve,PRT,Universities
467,The University of Manchester,GBR,Universities
468,Indian Agricultural Research Institute,IND,Government
469,University of Birjand,IRN,Universities
469,Isfahan University of Technology,IRN,Universities
469,Universidade Federal do Rio Grande do Norte,BRA,Universities
469,University of Strathclyde,GBR,Universities
470,Universidad Nacional del Nordeste *,ARG,Universities
470,Princess Nourah bint Abdul Rahman University *,SAU,Universities
470,Oxford Brookes University,GBR,Universities
471,Lorestan University,IRN,Universities
472,Universidade Federal do Vale do Sao Francisco,BRA,Universities
473,George Washington University *,USA,Universities
473,Gorgan University of Agriculture and Natural Resources,IRN,Universities
473,Institute of Vertebrate Biology of the ASCR,CZE,Government
473,University of Gothenburg,SWE,Universities
473,Australian Research Council *,AUS,Government
474,Universidad Nacional del Comahue *,ARG,Universities
474,Field Museum Natural History,USA,Government
475,City University of New York *,USA,Universities
475,Vietnam Academy of Science and Technology *,VNM,Government
475,University of Bergen,NOR,Universities
476,Universidade Federal de Uberlandia,BRA,Universities
476,Technische Universitat Braunschweig,DEU,Universities
477,University of Prince Edward Island,CAN,Universities
477,Institut des Sciences de l'Evolution,FRA,Government
477,Sriwijaya University,IDN,Universities
478,Haramaya University,ETH,Universities
478,Universidade Federal da Grande Dourados,BRA,Universities
479,Masaryk University,CZE,Universities
479,Medizinische Universitat Wien,AUT,Universities
479,Royal Netherlands Institute for Sea Research,NLD,Government
479,Centro de Investigacion y Tecnologia Agroalimentaria de Aragon *,ESP,Government
480,Padjadjaran University,IDN,Universities
480,Universidad Autonoma de Baja California,MEX,Universities
480,University of Oregon,USA,Universities
481,"University of the Punjab, Lahore",PAK,Universities
481,Constantine the Philosopher University in Nitra,SVK,Universities
482,Henan Normal University,CHN,Universities
482,Universidade Federal de Sergipe,BRA,Universities
483,Estonian University of Life Sciences,EST,Universities
483,University of Wroclaw,POL,Universities
483,Jiangsu Academy of Agricultural Sciences *,CHN,Government
484,Universite Clermont-Auvergne,FRA,Universities
485,Universidad de las Palmas de Gran Canaria *,ESP,Universities
486,University of the Free State,ZAF,Universities
487,Pontificia Universidade Catolica do Parana,BRA,Universities
487,Erciyes University,TUR,Universities
487,I.I. Schmalhausen Institute of Zoology National Academy of Sciences of Ukraine,UKR,Government
488,Sejong University,KOR,Universities
489,Boston University *,USA,Universities
489,Pakistan Atomic Energy Commission *,PAK,Government
490,Berlin-Brandenburgische Institut fur Biodiversitatsforschung,DEU,Health
490,Nanjing Normal University,CHN,Universities
490,Xinjiang Agricultural University,CHN,Universities
490,Suez Canal University *,EGY,Universities
490,Cork Institute of Technology,IRL,Universities
491,Palacky University,CZE,Universities
491,Henan Institute of Science and Technology,CHN,Universities
492,Institute of Cytology and Genetics Russian Academy of Sciences,RUS,Government
492,Tata Institute of Fundamental Research,IND,Universities
493,Liverpool John Moores University,GBR,Universities
493,University of Debrecen,HUN,Universities
494,Universita degli Studi di Genova,ITA,Universities
495,Universidad Autonoma de Yucatan,MEX,Universities
496,Griffith University,AUS,Universities
497,Qinghai University,CHN,Universities
497,York University,CAN,Universities
497,"Montana State University, Bozeman",USA,Universities
498,Hacettepe University,TUR,Universities
498,Okayama University *,JPN,Universities
498,Vrije Universiteit Amsterdam *,NLD,Universities
499,"Chengdu Institute of Biology, Chinese Academy of Sciences",CHN,Government
499,West Virginia University *,USA,Universities
499,Universidad de Tarapaca,CHL,Universities
500,Saint Petersburg State University,RUS,Universities
500,Centro Cientifico Tecnologico Patagonia Norte,ARG,Government
501,Instituto de Investigacion en Biodiversidad y Medioambiente,ARG,Government
502,Universita degli Studi Roma Tre,ITA,Universities
503,Universite de Caen Basse-Normandie *,FRA,Universities
503,"Northwest Institute of Eco-Environment and Resources, Chinese Academy of Sciences",CHN,Government
504,Institute of Biodiversity and Ecosystems Research Bulgarian Academy of Sciences,BGR,Government
504,Universita degli Studi di Foggia,ITA,Universities
504,Central South University of Forestry and Technology,CHN,Universities
505,University of Cincinnati *,USA,Universities
505,Centre for Ecological Research,HUN,Government
506,Universidad Cardenal Herrera CEU,ESP,Universities
506,Royal Belgian Institute of Natural Sciences,BEL,Government
507,Swedish Museum of Natural History,SWE,Government
508,University of Agriculture,PAK,Universities
509,Universitat Potsdam,DEU,Universities
509,Universidad Nacional del Litoral *,ARG,Universities
509,The Manchester Metropolitan University,GBR,Universities
509,Nanjing Forestry University,CHN,Universities
509,University of Eastern Finland,FIN,Universities
510,Centro de Investigacion en Alimentacion y Desarrollo,MEX,Government
510,Inner Mongolia Normal University,CHN,Universities
510,Ehime University *,JPN,Universities
510,Shandong University *,CHN,Universities
511,Yunnan Agricultural University,CHN,Universities
511,Shahid Chamran University,IRN,Universities
511,"University of Technology, Sydney",AUS,Universities
511,University of Maiduguri,NGA,Universities
511,United Arab Emirates University,ARE,Universities
512,Nagoya University *,JPN,Universities
513,"Instituto de Ecologia, A.C.",MEX,Government
513,Al-Azhar University *,EGY,Universities
513,Georgia Institute of Technology *,USA,Universities
513,Brigham Young University,USA,Universities
514,"Islamic Azad University, Science and Research Branch",IRN,Universities
514,Centro Cientifico Tecnologico La Plata,ARG,Government
515,Florida State University *,USA,Universities
515,Central Queensland University,AUS,Universities
515,Universidad Nacional Agraria La Molina,PER,Universities
515,Flinders University,AUS,Universities
515,University of Science and Technology of China,CHN,Universities
516,Jordan University of Science and Technology,JOR,Universities
516,Washington University in Saint Louis *,USA,Universities
516,University of Sargodha,PAK,Universities
516,Universidade de Aveiro,PRT,Universities
517,Animal Health Research Institute,EGY,Government
518,Mehmet Akif Ersoy University,TUR,Universities
518,"Vietnam National University, Hanoi",VNM,Universities
518,Universidad de Malaga *,ESP,Universities
518,Institut Pluridisciplinaire Hubert Curien,FRA,Government
519,"Rutgers, The State University of New Jersey",USA,Universities
519,Universitas Sumatera Utara,IDN,Universities
519,Universidade Tecnologica Federal do Parana,BRA,Universities
520,Universidade Federal do Espirito Santo,BRA,Universities
520,Universidad Nacional de Costa Rica,CRI,Universities
521,"Islamic Azad University, Rasht",IRN,Universities
521,Annamalai University,IND,Universities
521,Anhui University of Science and Technology,CHN,Universities
521,Centro de Investigaciones Biologicas del Noroeste,MEX,Government
521,University of Zabol,IRN,Universities
522,Universidad de Granada *,ESP,Universities
523,University of Greenwich,GBR,Universities
523,Universidade Estadual do Sudoeste da Bahia,BRA,Universities
524,University of Portsmouth,GBR,Universities
525,Nelson Mandela Metropolitan University,ZAF,Universities
526,Gifu University *,JPN,Universities
527,Eberhard-Karls-Universitat Tubingen,DEU,Universities
528,Universita degli Studi di Ferrara,ITA,Universities
528,Chiang Mai University,THA,Universities
529,University of York,GBR,Universities
529,Brawijaya University,IDN,Universities
529,"University of Alaska, Fairbanks",USA,Universities
529,Northern Arizona University,USA,Universities
530,National Institute of Oceanography and Fisheries,EGY,Government
530,"Federal University of Agriculture, Abeokuta",NGA,Universities
530,Ataturk University,TUR,Universities
531,Qingdao Agricultural University,CHN,Universities
532,Kagoshima University *,JPN,Universities
533,Universite de Haute-Alsace Mulhouse-Colmar *,FRA,Universities
533,Universitas Negeri Sebelas Maret,IDN,Universities
534,Universidade Federal Rural do Semi-Arido,BRA,Universities
534,Universidad Autonoma del Estado de Hidalgo,MEX,Universities
534,Instituto Nacional de Investigacao Agraria e Veterinaria,PRT,Government
535,Universita degli Studi di Milano-Bicocca,ITA,Universities
535,University of Windsor,CAN,Universities
536,Radboud University Nijmegen Medical Centre,NLD,Health
536,Arak University,IRN,Universities
536,Florida Atlantic University,USA,Universities
537,Instituto Valenciano de Investigaciones Agrarias  *,ESP,Government
537,Universidade Federal do Amazonas,BRA,Universities
538,Gobierno del Principado de Asturias *,ESP,Government
538,Yuzuncu Yil University *,TUR,Universities
539,Villanova University,USA,Universities
539,"California Polytechnic State University, San Luis Obispo",USA,Universities
539,"State University of New York, Stony Brook *",USA,Universities
540,Universidad Nacional de Cordoba *,ARG,Universities
540,National Institute of Polar Research,JPN,Government
541,Instituto Oswaldo Cruz,BRA,Health
541,Universidade Estadual do Norte Fluminense Darcy Ribeiro,BRA,Universities
541,Leibniz-Zentrum fur Agrarlandschaftsforschung,DEU,Government
542,Animal and Plant Quarantine Agency,KOR,Government
542,University of Tartu,EST,Universities
542,University of Tromso - The Arctic University of Norway,NOR,Universities
542,Universidade de Tras-os-Montes e Alto Douro,PRT,Universities
542,Universite de Franche-Comte *,FRA,Universities
543,Tulane University *,USA,Universities
543,Beijing Forestry University,CHN,Universities
543,Mansoura University *,EGY,Universities
543,Laboratoire de Biometrie et Biologie Evolutive,FRA,Government
544,Tehran University of Medical Sciences *,IRN,Universities
545,"California State University, Fresno",USA,Universities
545,Florida International University,USA,Universities
545,University of Wollongong *,AUS,Universities
545,University of Warsaw,POL,Universities
545,Universitat Basel,CHE,Universities
546,Universidade Estadual do Ceara,BRA,Universities
546,Universita degli Studi della Basilicata,ITA,Universities
547,Fujian Agriculture and Forestry University,CHN,Universities
547,State Oceanic Administration,CHN,Government
548,Wuhan University *,CHN,Universities
548,University of Oulu,FIN,Universities
548,George Mason University,USA,Universities
548,University of the Ryukyus *,JPN,Universities
549,Universidade Estadual do Oeste do Parana,BRA,Universities
549,Junta de Comunidades de Castilla-La Mancha Ciudad Real,ESP,Government
550,Dartmouth College *,USA,Universities
550,Cukurova University,TUR,Universities
551,Johannes Gutenberg-Universitat Mainz *,DEU,Universities
551,Medizinische Hochschule Hannover,DEU,Universities
552,Universita degli Studi Magna Graecia di Catanzaro,ITA,Universities
553,San Diego State University,USA,Universities
553,Foshan University,CHN,Universities
553,Kongju National University,KOR,Universities
554,University of Victoria,CAN,Universities
554,Universitat Duisburg Essen *,DEU,Universities
554,Kochi University *,JPN,Universities
554,Tokyo University of Agriculture and Technology,JPN,Universities
554,West Pomeranian University of Technology,POL,Universities
554,Razi Vaccine and Serum Research Institute,IRN,Health
554,Sungkyunkwan University,KOR,Universities
554,University of Silesia in Katowice,POL,Universities
555,Universidad Nacional de Mar del Plata *,ARG,Universities
555,"University of Massachusetts, Boston",USA,Universities
555,University of Jyvaskyla,FIN,Universities
555,Universidade Federal Rural da Amazonia,BRA,Universities
556,"California State University, East Bay",USA,Universities
556,Shahrekord University,IRN,Universities
557,Cardiff University,GBR,Universities
557,Universitat zu Koln,DEU,Universities
557,Koltsov Institute of Developmental Biology Russian Academy of Sciences,RUS,Government
557,University of Lodz,POL,Universities
557,Universite de Neuchatel,CHE,Universities
558,Universitat Bielefeld,DEU,Universities
558,Universidade Federal do Pampa,BRA,Universities
558,Comenius University in Bratislava,SVK,Universities
558,Universidad Autonoma de Sinaloa,MEX,Universities
558,Conselho Nacional de Desenvolvimento Cientifico e Tecnologico,BRA,Government
559,Palaeontological Institute Russian Academy of Sciences,RUS,Government
559,"Indian Institute of Science Education and Research, Thiruvananthapuram",IND,Government
559,Universidade Estadual de Ponta Grossa,BRA,Universities
559,Osterreichische Akademie der Wissenschaften *,AUT,Government
560,Zhengzhou University *,CHN,Universities
561,University of North Texas,USA,Universities
561,Radboud University Nijmegen,NLD,Universities
561,Nagasaki University *,JPN,Universities
562,Sherbrooke University,CAN,Universities
562,University of Khartoum *,SDN,Universities
562,Universite de Carthage *,TUN,Universities
562,Virginia Commonwealth University *,USA,Universities
563,Bahauddin Zakariya University,PAK,Universities
563,Universidade Federal de Campina Grande,BRA,Universities
563,University of Rhode Island,USA,Universities
564,Museu Paraense Emilio Goeldi,BRA,Government
564,Louisiana State University Agricultural Center,USA,Non-Profit
564,Keio University *,JPN,Universities
564,University of Mons,BEL,Universities
564,Universidad de Extremadura *,ESP,Universities
565,Universite Paris-Est Creteil *,FRA,Universities
565,"Islamic Azad University, Isfahan Khorasgan Branch",IRN,Universities
566,Catholic University of Louvain,BEL,Universities
566,University Malaysia Terengganu,MYS,Universities
566,"University of Louisiana, Lafayette",USA,Universities
567,El Colegio de la Frontera Sur,MEX,Government
568,Landcare Research,NZL,Government
568,China West Normal University,CHN,Universities
568,"University of Maine, Orono",USA,Universities
569,North Carolina A&T State University,USA,Universities
570,International Center for Agricultural Research in the Dry Areas,MUL,Non-Profit
571,Bangabandhu Sheikh Mujibur Rahman Agricultural University,BGD,Universities
571,Universidad Veracruzana,MEX,Universities
572,Nanjing University *,CHN,Universities
572,Japan International Research Center for Agricultural Sciences,JPN,Government
572,"State University of New York, Buffalo",USA,Universities
573,The University of Newcastle,AUS,Universities
573,Universite de Lorraine *,FRA,Universities
573,University of Akron,USA,Universities
574,Universitat Heidelberg,DEU,Universities
574,University of the Philippines Diliman *,PHL,Universities
574,Universidade Estadual de Santa Cruz,BRA,Universities
574,Kuwait Institute for Scientific Research *,KWT,Government
574,Hainan Normal University,CHN,Universities
574,Addis Ababa University,ETH,Universities
575,Universitat Koblenz-Landau,DEU,Universities
575,University of Waikato,NZL,Universities
576,Universidade Federal de Sao Joao del Rei,BRA,Universities
576,Pontificia Universidad Catolica del Ecuador,ECU,Universities
576,Charles Darwin University *,AUS,Universities
577,Andalas University,IDN,Universities
578,Universitat Pompeu Fabra *,ESP,Universities
578,Hunan Normal University,CHN,Universities
579,"Government College University, Faisalabad",PAK,Universities
579,Universidade da Coruna,ESP,Universities
579,Fayoum University *,EGY,Universities
579,Chonnam National University,KOR,Universities
579,National University of Malaysia *,MYS,Universities
579,Universidade de Evora,PRT,Universities
580,Concordia University,CAN,Universities
581,Ondokuz Mayis University *,TUR,Universities
581,Yunnan University,CHN,Universities
581,Korea Research Institute of Bioscience and Biotechnology,KOR,Government
581,Curtin University *,AUS,Universities
581,Mendel University in Brno,CZE,Universities
582,University of Abuja *,NGA,Universities
582,Guru Angad Dev Veterinary and Animal Sciences University,IND,Universities
582,Josip Juraj Strossmayer University of Osijek,HRV,Universities
583,University of Baghdad,IRQ,Universities
583,University of Miyazaki *,JPN,Universities
583,Assiut University *,EGY,Universities
584,Universidad de Costa Rica,CRI,Universities
584,Akdeniz University,TUR,Universities
584,Plant and Food Research,NZL,Companies
585,Egyptian Atomic Energy Authority *,EGY,Government
585,"University of Illinois, Chicago *",USA,Universities
585,Universidade Estadual de Montes Claros,BRA,Universities
585,"Instituto Federal de Educacao, Ciencia e Tecnologia do Ceara",BRA,Universities
586,Universidad Autonoma Chapingo,MEX,Universities
587,Institute of Hydrobiology Chinese Academy of Sciences,CHN,Government
588,Universitat d'Alacant *,ESP,Universities
588,Universidade Federal do Rio Grande,BRA,Universities
589,Institute of Ecology and Biological Resources,VNM,Government
589,University of Peradeniya,LKA,Universities
590,Kobe University *,JPN,Universities
590,"Ross University School of Medicine, St. Kitts and Nevis",KNA,Universities
590,University of Guilan,IRN,Universities
590,Wildlife Conservation Society USA,USA,Non-Profit
590,Babes-Bolyai University,ROU,Universities
591,Laboratoire Evolution et Diversite Biologique,FRA,Government
591,Universidade Regional do Cariri,BRA,Universities
591,Universidade Federal do Piaui,BRA,Universities
592,Boise State University,USA,Universities
592,Universite du Quebec en Rimouski,CAN,Universities
593,Drexel University,USA,Universities
593,Trakia University,BGR,Universities
593,Universidad Nacional de Cuyo *,ARG,Universities
593,Kings College London,GBR,Universities
593,Tecnologico Nacional de Mexico *,MEX,Government
593,Institution de la Recherche et de l'Enseignement Superieur Agricoles *,TUN,Government
594,Universidade de Vigo *,ESP,Universities
595,University of Canterbury,NZL,Universities
595,South Australian Museum,AUS,Non-Profit
595,Instituto Politecnico de Braganca,PRT,Universities
596,Makerere University *,UGA,Universities
596,Instituto Nacional de Investigacion Agropecuaria,URY,Government
596,Academia Sinica *,TWN,Government
596,Universitat Bayreuth,DEU,Universities
597,Nankai University *,CHN,Universities
597,Universidade Estadual de Mato Grosso do Sul,BRA,Universities
598,University of Mohaghegh Ardabili,IRN,Universities
598,Yangtze University,CHN,Universities
598,Nord University,NOR,Universities
598,University of Veterinary Medicine Budapest,HUN,Universities
598,Shantou University *,CHN,Universities
599,Ross University *,MUL,Universities
599,Universitas Jenderal Soedirman,IDN,Universities
600,Inland Norway University of Applied Sciences,NOR,Universities
600,University of Mosul,IRQ,Universities
601,Trent University,CAN,Universities
602,Universite de Lille *,FRA,Universities
602,Beijing University of Agriculture,CHN,Universities
602,Selcuk University *,TUR,Universities
602,Universidad Autonoma de Nuevo Leon *,MEX,Universities
603,Pusan National University,KOR,Universities
604,Nicolaus Copernicus University,POL,Universities
604,Universidad de Guadalajara,MEX,Universities
604,Universite d Abomey Calavi,BEN,Universities
605,Ecole Nationale Superieure de Formation de Enseignement Agricole de Toulouse *,FRA,Universities
605,Benha University *,EGY,Universities
606,Universite Paris-Saclay *,FRA,Universities
607,Xinjiang University,CHN,Universities
608,Ecole Nationale des Travaux Publics de l'Etat *,FRA,Universities
608,Tamil Nadu Veterinary and Animal Sciences University,IND,Universities
608,Universidad Juarez Autonoma de Tabasco,MEX,Universities
609,Tyumen State University,RUS,Universities
609,University of Basrah,IRQ,Universities
609,Universitat de les Illes Balears *,ESP,Universities
610,University of Fort Hare,ZAF,Universities
610,Ernst-Moritz-Arndt-Universitat Greifswald *,DEU,Universities
610,University of Al-Qadisiyah,IRQ,Universities
611,Universidad del Pais Vasco *,ESP,Universities
611,Can Tho University,VNM,Universities
612,University of South Carolina *,USA,Universities
612,Kyung Hee University *,KOR,Universities
612,Universidade Federal de Roraima,BRA,Universities
613,Universite Grenoble-Alpes *,FRA,Universities
613,University of Indonesia,IDN,Universities
613,Universidade do Estado do Rio de Janeiro,BRA,Universities
614,Istituto Superiore di Sanita,ITA,Health
614,Institute of Ecology and Botany Hungarian Academy of Sciences,HUN,Government
615,Universidad de Salamanca *,ESP,Universities
615,Graduate University for Advanced Studies,JPN,Universities
616,Instituto Tecnologico y de Estudios Superiores de Monterrey,MEX,Universities
616,Shiraz University of Medical Sciences *,IRN,Universities
616,University of Rzeszow,POL,Universities
616,"University of Kurdistan, Sanandaj",IRN,Universities
617,Adnan Menderes University,TUR,Universities
617,Universite Libre de Bruxelles,BEL,Universities
617,Universita degli Studi di Trento,ITA,Universities
617,University of Veterinary and Pharmaceutical Sciences Brno,CZE,Universities
617,Shahid Bahonar University of Kerman,IRN,Universities
617,Ewha Womans University *,KOR,Universities
617,Obihiro University of Agriculture and Veterinary Medicine,JPN,Universities
618,Canakkale Onsekiz Mart Universitesi *,TUR,Universities
618,Universidad Autonoma de Queretaro,MEX,Universities
618,Dalian Ocean University,CHN,Universities
618,University of Malakand,PAK,Universities
619,Universidade Federal de Alagoas,BRA,Universities
619,San Francisco State University,USA,Universities
620,University of the Sunshine Coast,AUS,Universities
620,Hebei University of Engineering,CHN,Universities
621,Universidad Autonoma Agraria Antonio Narro,MEX,Universities
621,Universidad Nacional Mayor de San Marcos,PER,Universities
621,University of Gujrat,PAK,Universities
621,Punjabi University,IND,Universities
621,Shihezi University,CHN,Universities
622,Iran University of Medical Sciences *,IRN,Universities
622,Stazione Zoologica Anton Dohrn Napoli,ITA,Government
622,Sokoine University of Agriculture,TZA,Universities
622,University of Malaysia Sabah,MYS,Universities
622,Universidad de la Frontera,CHL,Universities
623,"University of the West Indies, Mona Campus *",JAM,Universities
623,University of Ostrava,CZE,Universities
624,Universidade Federal de Sao Paulo *,BRA,Universities
624,Mustafa Kemal University *,TUR,Universities
624,Universidad del Zulia,VEN,Universities
624,Duy Tan University,VNM,Universities
625,Universidad Autonoma de Guerrero,MEX,Universities
625,University of Central Florida,USA,Universities
625,Bu-Ali Sina University,IRN,Universities
625,Rhodes University,ZAF,Universities
625,University of Phayao,THA,Universities
625,University of Lethbridge,CAN,Universities
625,Osaka University *,JPN,Universities
625,College of Charleston,USA,Universities
626,Shahid Beheshti University of Medical Sciences and Health Services *,IRN,Universities
626,"Universidad Andres Bello, Chile",CHL,Universities
627,Georgia Southern University,USA,Universities
627,Centro Cientifico Tecnologico Mendoza,ARG,Government
628,Tabriz University of Medical Sciences,IRN,Universities
628,University of the Western Cape,ZAF,Universities
629,Lithuanian University of Health Sciences,LTU,Universities
630,Universidade do Minho,PRT,Universities
630,University of South Africa,ZAF,Universities
631,Banaras Hindu University,IND,Universities
631,South Valley University *,EGY,Universities
632,Universidade de Coimbra *,PRT,Universities
632,Sofia University,BGR,Universities
632,Razi University,IRN,Universities
633,Igdir University,TUR,Universities
633,Ohio University,USA,Universities
634,Universidade Nova de Lisboa,PRT,Universities
635,University of Plovdiv Paisii Hilendarski,BGR,Universities
635,Bandung Institute of Technology,IDN,Universities
635,Universidade Federal do Oeste do Para,BRA,Universities
636,University of Nigeria,NGA,Universities
636,University of Sadat City,EGY,Universities
636,Hankyong National University *,KOR,Universities
637,Institut de Biologia Evolutiva,ESP,Government
637,Ss Cyril and Methodius University of Skopje *,MKD,Universities
637,Kahramanmaras Sutcu Imam University,TUR,Universities
637,Herzen State Pedagogical University of Russia,RUS,Universities
637,Indonesian Institute of Sciences,IDN,Government
638,Universidad Nacional de Misiones,ARG,Universities
638,"Universidad Nacional de San Martin, Argentina *",ARG,Universities
638,Nature Research Centre,LTU,Government
638,University of Ghana,GHA,Universities
638,Universidad de Caldas,COL,Universities
638,Pontificia Universidad Javeriana *,COL,Universities
639,Nihon University *,JPN,Universities
639,Universidade Estadual do Maranhao,BRA,Universities
640,"University of Texas, Arlington",USA,Universities
640,Egerton University,KEN,Universities
640,Northeast Forestry University,CHN,Universities
640,Hainan University,CHN,Universities
640,Universidade Federal do Triangulo Mineiro,BRA,Universities
641,"University of Colorado, Denver *",USA,Universities
641,National Dong Hwa University,TWN,Universities
641,Okinawa Institute of Science and Technology Graduate University,JPN,Universities
642,Far Eastern Federal University,RUS,Universities
642,University of Haifa,ISR,Universities
642,University of Iceland,ISL,Universities
643,Iwate University,JPN,Universities
643,Sam Ratulangi University,IDN,Universities
643,University of the Philippines Los Banos,PHL,Universities
644,City University of New York Graduate Center,USA,Universities
644,"University of the West Indies, St. Augustine Campus",TTO,Universities
644,Tottori University *,JPN,Universities
644,University of New Brunswick,CAN,Universities
645,University of Montenegro,MNE,Universities
646,Universidade do Vale do Rio dos Sinos,BRA,Universities
646,Altai State University,RUS,Universities
646,South African Institute for Aquatic Biodiversity,ZAF,Government
647,Ecole Nationale Veterinaire de Toulouse *,FRA,Universities
647,Menoufia University *,EGY,Universities
648,"Texas State University, San Marcos",USA,Universities
648,Lampung University,IDN,Universities
648,Udayana University,IDN,Universities
649,Qufu Normal University,CHN,Universities
649,University of Karachi,PAK,Universities
649,Central Institute of Fisheries Education,IND,Government
649,Universidad Nacional de Tucuman *,ARG,Universities
650,Universidad de La Laguna,ESP,Universities
651,Mekelle University,ETH,Universities
651,"Government College University, Lahore",PAK,Universities
651,Kastamonu University,TUR,Universities
651,Namik Kemal University,TUR,Universities
652,Incheon National University,KOR,Universities
653,Azabu University,JPN,Universities
653,Arkansas State University,USA,Universities
654,Empresa de Pesquisa Agropecuaria e Extensao Rural de Santa Catarina,BRA,Government
654,Universidad Autonoma de Nayarit,MEX,Universities
654,Acadia University,CAN,Universities
654,Universidade Federal do Maranhao,BRA,Universities
655,Maria Curie Sklodowska University,POL,Universities
655,Tomsk State University,RUS,Universities
655,"California State University, Fullerton",USA,Universities
656,University of Agricultural Sciences and Veterinary Medicine of Cluj-Napoca,ROU,Universities
656,Universidade do Oeste Paulista,BRA,Universities
657,Universidade Federal do Reconcavo da Bahia,BRA,Universities
657,Kitasato University *,JPN,Universities
657,Daegu University,KOR,Universities
658,Centro de Investigacion y de Estudios Avanzados del IPN *,MEX,Universities
659,University of Bialystok,POL,Universities
659,University of Athens,GRC,Universities
659,Universidad Autonoma de Tamaulipas,MEX,Universities
659,National Institute of Water & Atmospheric Research,NZL,Government
660,Universidade Estadual do Centro-Oeste,BRA,Universities
660,University of Nis,SRB,Universities
660,Instituto Espanol de Oceanografia *,ESP,Government
660,University of Limpopo,ZAF,Universities
660,Centre National de la Recherche Scientifique et Technologique *,BFA,Government
660,Aalborg University *,DNK,Universities
660,Desert Research Center,EGY,Government
661,Sari Agricultural Sciences and Natural Resources University,IRN,Universities
662,Tianjin Agricultural University,CHN,Universities
663,Environment and Life Sciences Research Center,KWT,Government
664,Universidad Autonoma del Estado de Morelos,MEX,Universities
664,Universidad Autonoma de Chihuahua,MEX,Universities
664,Universitas Riau,IDN,Universities
665,Universidad de Cuenca,ECU,Universities
665,Abdul Wali Khan University,PAK,Universities
665,Guizhou Normal University,CHN,Universities
665,Siedlce University of Natural Sciences and Humanities,POL,Universities
666,Nippon Veterinary and Life Science University,JPN,Universities
666,University of Massachusetts Medical School,USA,Universities
667,Ahi Evran University *,TUR,Universities
667,Ethiopian Institute of Agricultural Research,ETH,Government
667,University of Gdansk,POL,Universities
667,Abant Izzet Baysal University *,TUR,Universities
668,Universidade do Estado de Mato Grosso,BRA,Universities
668,Universidade de Pernambuco,BRA,Universities
668,Jember University,IDN,Universities
669,Universidad Michoacana de San Nicolas de Hidalgo,MEX,Universities
669,Istanbul University *,TUR,Universities
669,Forestry and Forest Products Research Institute,JPN,Government
669,Universidade de Passo Fundo,BRA,Universities
670,Miami University of Ohio,USA,Universities
670,Cochin University of Science and Technology,IND,Universities
671,Humboldt State University,USA,Universities
671,North-Eastern Hill University,IND,Universities
672,University of Malaysia Kelantan,MYS,Universities
673,Universidade Federal de Rondonia,BRA,Universities
673,Universidad Nacional de Salta *,ARG,Universities
674,University of Ibadan,NGA,Universities
674,Universidade Federal de Juiz de Fora *,BRA,Universities
675,Pakistan Institute of Engineering and Applied Sciences,PAK,Universities
675,Western University of Health Sciences,USA,Universities
676,Northeast Normal University,CHN,Universities
676,University of Rwanda *,RWA,Universities
676,Universite de Tunis El Manar *,TUN,Universities
677,Afyon Kocatepe University *,TUR,Universities
677,Tokyo University of Marine Science and Technology,JPN,Universities
677,Mugla University,TUR,Universities
677,Osaka Prefecture University,JPN,Universities
678,Universidade Estadual de Goias,BRA,Universities
678,"University of Malaysia, Sarawak",MYS,Universities
678,Corporacion Colombiana de Investigacion Agropecuaria,COL,Government
679,Universidade Federal do Tocantins,BRA,Universities
679,University of Venda,ZAF,Universities
679,Edith Cowan University,AUS,Universities
679,Ilia State University,GEO,Universities
680,Recep Tayyip Erdogan University,TUR,Universities
680,Universidad de Puerto Rico *,PRI,Universities
680,Waseda University,JPN,Universities
681,Obafemi Awolowo University,NGA,Universities
681,Centro Nacional Patagonico,ARG,Government
682,Zanjan University,IRN,Universities
682,Aswan University *,EGY,Universities
683,Southwest Minzu University,CHN,Universities
683,University of Johannesburg,ZAF,Universities
683,Universidade Federal de Ouro Preto,BRA,Universities
683,Bingol University,TUR,Universities
684,Hawassa University,ETH,Universities
684,Manipal Global Education Group *,MUL,Companies
684,Biologie des Organismes et Ecosystemes Aquatiques,FRA,Government
685,Universiti Brunei Darussalam,BRN,Universities
685,Manipal University,IND,Universities
685,Istanbul University Cerrahpasa *,TUR,Universities
685,"Universite des Antilles et de la Guyane, Guadeloupe *",GLP,Universities
685,Bahir Dar University,ETH,Universities
685,University for Development Studies,GHA,Universities
686,Tribhuvan University *,NPL,Universities
687,National Pingtung University of Science and Technology,TWN,Universities
687,Tshwane University of Technology,ZAF,Universities
687,Universidad Autonoma de San Luis Potosi,MEX,Universities
687,"Northwest University, Xi'an",CHN,Universities
688,Programa Iniciativa Cientifica Milenio *,CHL,Government
688,Universidad Distrital Francisco Jose de Caldas,COL,Universities
689,Southern Cross University,AUS,Universities
689,Rajamangala University of Technology Isan,THA,Universities
689,University of Peshawar,PAK,Universities
690,Kindai University *,JPN,Universities
690,Universidad Industrial de Santander,COL,Universities
691,Ningxia University,CHN,Universities
691,Sohag University *,EGY,Universities
691,National Taiwan Normal University,TWN,Universities
691,Kwame Nkrumah University of Science and Technology,GHA,Universities
692,Bozok University *,TUR,Universities
693,Universidade Federal do Acre,BRA,Universities
694,Universidad de Jaen *,ESP,Universities
694,Centro Cientifico Tecnologico de Santa Fe,ARG,Government
695,International Centre for Genetic Engineering and Biotechnology *,MUL,Government
695,"Universidad de Puerto Rico, Mayaguez",PRI,Universities
696,Wenzhou University,CHN,Universities
696,Universidad Catolica de Temuco,CHL,Universities
697,University of Shizuoka,JPN,Universities
698,Universite Ferhat Abbas de Setif,DZA,Universities
699,Tokai University *,JPN,Universities
699,Universite de Dschang,CMR,Universities
700,Sultan Qaboos University *,OMN,Universities
701,Universidade Federal do Amapa,BRA,Universities
702,University of Szczecin,POL,Universities
702,"State University of New York, College of Environmental Science and Forestry",USA,Universities
703,National University of Life and Environmental Sciences of Ukraine,UKR,Universities
703,National Institute for Biotechnology and Genetic Engineering,PAK,Government
704,Pontificia Universidade Catolica de Minas Gerais,BRA,Universities
704,Universidade Estadual de Feira de Santana,BRA,Universities
704,Universidade Federal do ABC,BRA,Universities
704,Chiba University *,JPN,Universities
704,Sudan University for Science and Technology,SDN,Universities
705,"Indian Institute of Science Education and Research, Pune",IND,Government
706,Universidad Nacional Autonoma de Honduras *,HND,Universities
707,Universidad Nacional de Jujuy,ARG,Universities
707,Universidade Estadual da Paraiba,BRA,Universities
707,Institut Agronomique et Veterinaire Hassan II,MAR,Universities
708,Universidad Juarez del Estado de Durango,MEX,Universities
708,Universite d Antananarivo,MDG,Universities
709,Universidad Central de Venezuela,VEN,Universities
709,Universidad Nacional del Sur *,ARG,Universities
710,Dagestan State University,RUS,Universities
710,Mahasarakham University,THA,Universities
711,"Universidad del Valle, Colombia *",COL,Universities
711,Gomal University,PAK,Universities
711,Harran University,TUR,Universities
712,"Universidad de los Andes, Venezuela",VEN,Universities
712,Universidad Nacional de La Pampa *,ARG,Universities
713,King Faisal University,SAU,Universities
714,Linyi University,CHN,Universities
714,National Taiwan Ocean University,TWN,Universities
714,Papanin Institute for Biology of Inland Waters Russian Academy of Sciences,RUS,Government
714,Chinese Academy of Tropical Agricultural Sciences,CHN,Universities
714,Dokuz Eylul University *,TUR,Universities
714,Hebei Normal University,CHN,Universities
714,Universidad Catolica del Maule,CHL,Universities
714,Naresuan University,THA,Universities
714,Dicle University *,TUR,Universities
715,Sylhet Agricultural University,BGD,Universities
715,University of Crete,GRC,Universities
716,Pavol Jozef Safarik University in Kosice,SVK,Universities
717,National Institute of Oceanography,IND,Government
718,Karadeniz Technical University,TUR,Universities
719,Laurentian University,CAN,Universities
719,University of Western Sydney,AUS,Universities
720,"Texas A&M University, Kingsville",USA,Universities
720,P P Shirshov Institute of Oceanology Russian Academy of Sciences,RUS,Government
721,Universidad de Cordoba,COL,Universities
722,University of Gondar,ETH,Universities
722,Federal University of Technology Owerri,NGA,Universities
722,Jomo Kenyatta University of Agriculture and Technology,KEN,Universities
722,"Vietnam National University, Ho Chi Minh City",VNM,Universities
722,Shenyang Normal University,CHN,Universities
723,Denison University,USA,Universities
723,University of Calcutta,IND,Universities
724,Universidad Nacional de Rio Cuarto,ARG,Universities
724,Southwest Forestry University,CHN,Universities
724,Centro de Investigacion Cientifica y de Educacion Superior de Ensenada,MEX,Government
725,Tokyo Metropolitan University,JPN,Universities
725,Universidad San Francisco de Quito,ECU,Universities
725,University of Ilorin,NGA,Universities
726,Kerala Agricultural University,IND,Universities
726,Universidad Nacional de la Patagonia San Juan Bosco,ARG,Universities
727,Federal University of Technology Akure,NGA,Universities
728,Universidad de Los Lagos,CHL,Universities
729,Qatar University,QAT,Universities
729,Universidad Catolica del Norte,CHL,Universities
729,Universite Larbi Ben M'hidi Oum El Bouaghi,DZA,Universities
730,Universidade Estadual do Vale do Acarau,BRA,Universities
730,Vinh University,VNM,Universities
731,Kookmin University,KOR,Universities
732,Rakuno Gakuen University,JPN,Universities
733,Yasouj University,IRN,Universities
734,Aligarh Muslim University,IND,Universities
734,Maejo University,THA,Universities
735,Shanghai Normal University,CHN,Universities
735,Bharathidasan University,IND,Universities
736,Sichuan Normal University,CHN,Universities
736,University of Wolverhampton,GBR,Universities
737,Universidad Autonoma de Tlaxcala,MEX,Universities
737,Dali University,CHN,Universities
738,"Universidad Santo Tomas, Chile",CHL,Universities
738,University of Calicut,IND,Universities
739,Daugavpils University,LVA,Universities
739,Sher-e-Kashmir University of Agricultural Sciences and Technology-Srinagar,IND,Universities
739,University of Presov in Presov,SVK,Universities
740,University of Canberra,AUS,Universities
740,Universidad Nacional de San Agustin,PER,Universities
741,Qassim University,SAU,Universities
742,Pondicherry University,IND,Universities
742,Hazara University,PAK,Universities
742,Universite Badji Mokhtar - Annaba,DZA,Universities
743,Anhui Normal University,CHN,Universities
743,University of Namibia,NAM,Universities
744,Mizoram University,IND,Universities
744,University of Zielona Gora,POL,Universities
745,Mie University *,JPN,Universities
746,Universidad Tecnica de Manabi,ECU,Universities
747,Universidad del Tolima,COL,Universities
748,Universidad del Quindio,COL,Universities
749,Balikesir University,TUR,Universities
749,Universidad del Atlantico,COL,Universities
749,Universite Mohamed-Cherif Messaadia Souk Ahras,DZA,Universities
750,Universidad Autonoma de Chile,CHL,Universities
751,Govind Ballabh Pant University of Agriculture and Technology,IND,Universities
752,Centro Cientifico Tecnologico NOA Sur,ARG,Government
752,King Khalid University,SAU,Universities
753,Universidad Mayor de San Andres,BOL,Universities
754,Universite de Bejaia,DZA,Universities
755,Limnological Institute Russian Academy of Sciences,RUS,Government
756,"Xinjiang Institute of Ecology and Geography, Chinese Academy of Sciences",CHN,Government
756,Universidad de La Habana,CUB,Universities
756,"Usmanu Danfodiyo University, Sokoto *",NGA,Universities
757,Coventry University,GBR,Universities
758,Universidad Pedagogica y Tecnologica de Colombia,COL,Universities
758,Iranian Fisheries Science Research Institute,IRN,Government
758,Leshan Normal University,CHN,Universities
759,Russian Academy of Agricultural Sciences,RUS,Government
759,Universidade do Estado do Amazonas,BRA,Universities
760,Universite de Lome,TGO,Universities
760,Iranian Research Institute of Plant Protection,IRN,Government
761,University of Santo Tomas,PHL,Universities
762,University of Chittagong,BGD,Universities
763,Vilnius University,LTU,Universities
764,Universidade Estadual do Piaui,BRA,Universities
765,Universidad Catolica de la Santisima Concepcion,CHL,Universities
766,"Universidad de Las Americas, Chile",CHL,Universities
767,Mianyang Normal University,CHN,Universities
768,Universidade do Estado de Minas Gerais,BRA,Universities
769,University of Mysore,IND,Universities
769,Assam Agricultural University,IND,Universities
770,Chubu University,JPN,Universities
771,Universidad Metropolitana de Ciencias de la Educacion,CHL,Universities
772,Universidade de Santo Amaro,BRA,Universities
