Global Rank,Institution,Country,Sector
1,Centre National de la Recherche Scientifique *,FRA,Government
2,University of Cambridge *,GBR,Universities
3,University of Oxford,GBR,Universities
4,Russian Academy of Sciences *,RUS,Government
5,University College London *,GBR,Universities
6,Consejo Nacional de Investigaciones Cientificas y Tecnicas *,ARG,Government
7,Harvard University *,USA,Universities
8,University of Sydney,AUS,Universities
9,The University of Edinburgh *,GBR,Universities
10,University of Pennsylvania *,USA,Universities
11,Kings College London,GBR,Universities
12,Chinese Academy of Sciences *,CHN,Government
13,Max Planck Gesellschaft *,DEU,Government
14,London School of Economics and Political Science,GBR,Universities
15,Universidad de Sevilla *,ESP,Universities
16,University of Toronto,CAN,Universities
17,University of Bristol,GBR,Universities
18,University of Chicago *,USA,Universities
19,Australian National University,AUS,Universities
20,Consejo Superior de Investigaciones Cientificas *,ESP,Government
21,"University of California, Santa Cruz",USA,Universities
22,University of Oslo,NOR,Universities
22,Arizona State University,USA,Universities
23,"University of California, Berkeley *",USA,Universities
24,Universidad Complutense de Madrid *,ESP,Universities
25,University of Zilina,SVK,Universities
26,"University of California, Los Angeles *",USA,Universities
27,The University of Manchester,GBR,Universities
28,University of Melbourne *,AUS,Universities
29,New York University *,USA,Universities
30,Stanford University *,USA,Universities
31,University of Glasgow *,GBR,Universities
32,Aarhus University *,DNK,Universities
33,Universidad del Pais Vasco *,ESP,Universities
34,Pennsylvania State University *,USA,Universities
34,Ministere de la Culture et de la Communication *,FRA,Government
35,Ludwig-Maximilians Universitat Munchen *,DEU,Universities
36,"University of California, Davis *",USA,Universities
37,Yale University *,USA,Universities
38,Saint Petersburg State University,RUS,Universities
39,University of Exeter,GBR,Universities
39,Universitat de Barcelona *,ESP,Universities
40,University of Amsterdam *,NLD,Universities
41,Leiden University *,NLD,Universities
42,Tel Aviv University,ISR,Universities
43,University of Warwick,GBR,Universities
44,Universidad de Buenos Aires *,ARG,Universities
45,University of York,GBR,Universities
46,"University of Michigan, Ann Arbor *",USA,Universities
47,University of Durham,GBR,Universities
48,Columbia University *,USA,Universities
49,Universite PSL *,FRA,Universities
50,University of Leeds,GBR,Universities
51,Princeton University,USA,Universities
52,Cornell University *,USA,Universities
53,The University of British Columbia,CAN,Universities
54,Aix-Marseille Universite *,FRA,Universities
55,"University of Wisconsin, Madison *",USA,Universities
56,University of Helsinki,FIN,Universities
57,The University of Sheffield,GBR,Universities
58,City University of New York *,USA,Universities
59,University of Birmingham,GBR,Universities
60,Utrecht University *,NLD,Universities
61,Universidad Nacional Autonoma de Mexico,MEX,Universities
62,Lunds University,SWE,Universities
63,University of Washington *,USA,Universities
64,State University - Higher School of Economics,RUS,Universities
65,Ghent University,BEL,Universities
66,"University of Massachusetts, Amherst",USA,Universities
67,Flinders University,AUS,Universities
68,University of Nottingham *,GBR,Universities
69,Catholic University of Leuven,BEL,Universities
70,Swiss Federal Institute of Technology,CHE,Universities
71,"University of Texas, Austin",USA,Universities
72,Hebrew University of Jerusalem,ISR,Universities
73,University of Waterloo,CAN,Universities
74,The University of Queensland *,AUS,Universities
75,University of Copenhagen,DNK,Universities
76,Carleton University,CAN,Universities
77,Universidade de Sao Paulo *,BRA,Universities
78,Loughborough University,GBR,Universities
79,Universitat de Valencia *,ESP,Universities
80,Johns Hopkins University *,USA,Universities
81,Indiana University-Bloomington,USA,Universities
82,Universitat Autonoma de Barcelona *,ESP,Universities
83,"Monash University, Melbourne *",AUS,Universities
84,L'Alma Mater Studiorum - Universita di Bologna,ITA,Universities
85,University of Haifa,ISR,Universities
86,Universitat Wien,AUT,Universities
87,Sorbonne Universite *,FRA,Universities
88,Universidade Federal de Minas Gerais,BRA,Universities
89,University of Liverpool *,GBR,Universities
90,George Mason University,USA,Universities
91,Rheinische Friedrich-Wilhelms-Universitat Bonn *,DEU,Universities
92,Consiglio Nazionale delle Ricerche *,ITA,Government
93,University of Sussex *,GBR,Universities
94,University of Leicester,GBR,Universities
95,Universidade de Lisboa,PRT,Universities
96,Uppsala University,SWE,Universities
97,"Northwestern University, Evanston *",USA,Universities
98,Stockholm University,SWE,Universities
99,"ParisTech, Institut des Sciences et Technologies de Paris - PRES *",FRA,Government
100,University of Strathclyde,GBR,Universities
101,University of Groningen *,NLD,Universities
102,Aristotle University of Thessaloniki,GRC,Universities
103,American Museum of Natural History,USA,Government
104,Queen's University Belfast,GBR,Universities
105,University of St. Andrews,GBR,Universities
105,University of Arizona *,USA,Universities
106,"University of California, Irvine *",USA,Universities
106,Universidad de Granada *,ESP,Universities
107,Ecole des Hautes Etudes en Sciences Sociales *,FRA,Universities
108,The University of Kent,GBR,Universities
109,"University of the Witwatersrand, Johannesburg",ZAF,Universities
109,"Rutgers, The State University of New Jersey",USA,Universities
110,Universidad de Chile *,CHL,Universities
111,University of New South Wales,AUS,Universities
111,University of Pittsburgh *,USA,Universities
111,University of Southampton,GBR,Universities
112,"University of North Carolina, Chapel Hill *",USA,Universities
113,Cardiff University,GBR,Universities
114,University of Ljubljana *,SVN,Universities
115,"Queen Mary, University of London",GBR,Universities
116,Duke University *,USA,Universities
117,Freie Universitat Berlin,DEU,Universities
118,Universita degli Studi di Roma La Sapienza,ITA,Universities
119,Ecole Pratique des Hautes Etudes,FRA,Universities
120,Michigan State University,USA,Universities
121,"University of California, San Diego *",USA,Universities
122,Eberhard-Karls-Universitat Tubingen,DEU,Universities
123,Brown University,USA,Universities
124,Volgograd State University,RUS,Universities
125,University of Gothenburg,SWE,Universities
125,York University,CAN,Universities
126,"Universite Pantheon Sorbonne, Paris1 *",FRA,Universities
127,The University of Reading,GBR,Universities
128,Humboldt-Universitat zu Berlin,DEU,Universities
129,Museum National d'Histoire Naturelle *,FRA,Government
129,University of Florida *,USA,Universities
130,University of Illinois at Urbana-Champaign *,USA,Universities
131,"Newcastle University, Newcastle upon Tyne",GBR,Universities
131,Universite de Paris *,FRA,Universities
132,University of Notre Dame,USA,Universities
133,Ministry of Education of the People's Republic of China,CHN,Government
133,Universidad de Salamanca *,ESP,Universities
133,"Ohio State University, Columbus *",USA,Universities
134,University of Alberta,CAN,Universities
135,Vrije Universiteit Amsterdam *,NLD,Universities
135,"University of Colorado, Boulder *",USA,Universities
135,Universite de Lorraine *,FRA,Universities
136,Universidade Nova de Lisboa,PRT,Universities
137,Boston University *,USA,Universities
138,University of Virginia *,USA,Universities
139,Universita degli Studi di Padova,ITA,Universities
139,Deakin University *,AUS,Universities
140,Simon Fraser University,CAN,Universities
141,Smithsonian Institution *,USA,Government
142,Lomonosov  Moscow State University,RUS,Universities
143,Vanderbilt University *,USA,Universities
144,Universidad Autonoma de Madrid *,ESP,Universities
145,Macquarie University *,AUS,Universities
146,Universidade de Coimbra *,PRT,Universities
147,Universite de Geneve,CHE,Universities
148,Universidad de La Rioja *,ESP,Universities
149,University of Antwerp,BEL,Universities
150,Universite de Bordeaux *,FRA,Universities
151,Wageningen University and Research Centre *,NLD,Universities
151,La Trobe University *,AUS,Universities
152,McGill University,CAN,Universities
153,National University of Singapore *,SGP,Universities
154,University of Southern California *,USA,Universities
154,University College Dublin,IRL,Universities
155,Charles University *,CZE,Universities
156,Institut Catala de Paleoecologia Humana i Evolucio Social,ESP,Government
157,The University of Western Australia,AUS,Universities
158,"Birkbeck, University of London",GBR,Universities
159,Radboud University Nijmegen,NLD,Universities
160,Georgetown University *,USA,Universities
161,Washington University in Saint Louis *,USA,Universities
162,Pontificia Universidad Catolica de Chile *,CHL,Universities
163,University of Oregon,USA,Universities
164,Universitat d'Alacant *,ESP,Universities
165,Lancaster University,GBR,Universities
166,Bar-Ilan University,ISR,Universities
167,University of Warsaw,POL,Universities
167,Babes-Bolyai University,ROU,Universities
167,University of East Anglia *,GBR,Universities
168,Griffith University,AUS,Universities
169,University of Utah *,USA,Universities
170,Universidad de Zaragoza *,ESP,Universities
171,University of Wollongong *,AUS,Universities
171,Masaryk University,CZE,Universities
172,Universite Bordeaux Montaigne *,FRA,Universities
173,Kazan Federal University,RUS,Universities
174,University of Georgia,USA,Universities
175,Universitat Zurich,CHE,Universities
176,"University of California, Santa Barbara",USA,Universities
177,Universidad Nacional de Colombia *,COL,Universities
178,Zhejiang University *,CHN,Universities
178,University of Bradford,GBR,Universities
179,Universitat Rovira i Virgili *,ESP,Universities
180,"De la Prehistoire a l'Actuel: Culture, Environnement et Anthropologie",FRA,Government
180,Purdue University,USA,Universities
181,Universidad de Navarra *,ESP,Universities
182,University of Aberdeen,GBR,Universities
182,George Washington University *,USA,Universities
182,National Bureau of Economic Research,USA,Non-Profit
183,Universidad de Valladolid *,ESP,Universities
183,Universidad Nacional de Educacion a Distancia *,ESP,Universities
184,"University of Connecticut, Storrs *",USA,Universities
184,University of Tartu,EST,Universities
185,Universidade de Santiago de Compostela *,ESP,Universities
186,Bournemouth University,GBR,Universities
187,University of Essex,GBR,Universities
188,Institut de Recherche pour le Developpement Paris *,FRA,Government
189,"University of Maryland, Baltimore",USA,Universities
190,"University of Minnesota, Twin Cities *",USA,Universities
191,Ben-Gurion University of the Negev *,ISR,Universities
191,Royal Holloway - University of London,GBR,Universities
192,Universita degli Studi di Firenze,ITA,Universities
193,McMaster University,CAN,Universities
193,Universidad Nacional de La Plata *,ARG,Universities
194,"University of California, Riverside",USA,Universities
194,Universite de Technologie de Belfort-Montbeliard *,FRA,Universities
194,Universidad Carlos III de Madrid *,ESP,Universities
195,Universite d'Orleans *,FRA,Universities
195,University of Cape Town,ZAF,Universities
196,Tsinghua University *,CHN,Universities
197,University of New Mexico *,USA,Universities
198,Ural Federal University,RUS,Universities
199,Plekhanov Russian University of Economics,RUS,Universities
200,Linkoping University,SWE,Universities
201,Academy of Sciences of the Czech Republic *,CZE,Government
202,University of Auckland,NZL,Universities
203,Polish Academy of Sciences *,POL,Government
203,Carnegie Mellon University *,USA,Universities
203,University of Bergen,NOR,Universities
203,Dartmouth College *,USA,Universities
204,The Open University,GBR,Universities
205,Universita degli Studi di Torino,ITA,Universities
206,Dublin City University,IRL,Universities
207,"Universidad de los Andes, Colombia *",COL,Universities
207,Peking University *,CHN,Universities
208,Universita degli Studi Ca Foscari di Venezia,ITA,Universities
209,Universite de Lausanne,CHE,Universities
210,University of Bath,GBR,Universities
211,The University of Adelaide,AUS,Universities
212,Nanyang Technological University *,SGP,Universities
212,University of Otago,NZL,Universities
213,Universitat Heidelberg,DEU,Universities
213,Universita degli Studi di Pisa,ITA,Universities
214,University of Zagreb,HRV,Universities
215,Universidade Federal do Rio de Janeiro,BRA,Universities
216,"University of Maryland, College Park *",USA,Universities
217,James Cook University *,AUS,Universities
218,Tomsk State University,RUS,Universities
219,Norwegian University of Science and Technology,NOR,Universities
220,Universitat zu Koln,DEU,Universities
221,Consejo Nacional de Ciencia y Tecnologia *,MEX,Government
222,Georg-August-Universitat Gottingen,DEU,Universities
223,Universidad de Malaga *,ESP,Universities
224,Delft University of Technology,NLD,Universities
225,University of Western Ontario,CAN,Universities
225,"State University of New York, Buffalo",USA,Universities
226,Leibniz Gemeinschaft *,DEU,Government
227,Sanjay Gandhi Postgraduate Institute of Medical Sciences,IND,Universities
228,Trinity College Dublin *,IRL,Universities
229,University of Iowa *,USA,Universities
230,Universitat Pompeu Fabra *,ESP,Universities
230,Smithsonian National Museum of Natural History,USA,Government
231,Bilkent University,TUR,Universities
232,The University of Hong Kong *,HKG,Universities
232,"Washington State University, Pullman *",USA,Universities
232,Universitatea Lucian Blaga din Sibiu,ROU,Universities
233,Emory University *,USA,Universities
234,Johann Wolfgang Goethe-Universitat Frankfurt am Main *,DEU,Universities
235,Universite de Montreal,CAN,Universities
236,Universidad de Murcia *,ESP,Universities
237,"University of Illinois, Chicago *",USA,Universities
238,University of Johannesburg,ZAF,Universities
239,Universidade Federal do Rio Grande do Sul,BRA,Universities
240,Florida State University *,USA,Universities
240,Oxford Brookes University,GBR,Universities
241,University of Delaware,USA,Universities
242,Royal Institute of Technology,SWE,Universities
243,University of Victoria,CAN,Universities
244,Universite du Quebec en Quebec *,CAN,Universities
244,Universidade Federal Fluminense,BRA,Universities
244,North Carolina State University,USA,Universities
245,Albert-Ludwigs-Universitat Freiburg im Breisgau,DEU,Universities
246,University of Ottawa,CAN,Universities
247,Universidade Estadual de Campinas,BRA,Universities
248,University of South Carolina *,USA,Universities
249,Royal Netherlands Academy of Arts and Sciences *,NLD,Government
250,Maastricht University,NLD,Universities
250,Gobierno de Cantabria  *,ESP,Government
251,University of Stirling,GBR,Universities
251,Seoul National University *,KOR,Universities
252,Universita degli Studi di Milano,ITA,Universities
252,University of Oklahoma *,USA,Universities
253,Universitat Basel,CHE,Universities
253,Rice University,USA,Universities
254,Universidad de Santiago de Chile,CHL,Universities
255,University of Southern Denmark,DNK,Universities
256,Universidad de Castilla-La Mancha *,ESP,Universities
256,University of Kansas *,USA,Universities
256,Northumbria University,GBR,Universities
257,Brunel University,GBR,Universities
258,Universita degli Studi Roma Tre,ITA,Universities
258,University of Tokyo *,JPN,Universities
259,Universita degli Studi di Napoli Federico II,ITA,Universities
260,Histoire Naturelle de l'Homme Prehistorique,FRA,Government
261,Jagiellonian University,POL,Universities
262,Universidad de Tarapaca,CHL,Universities
263,Romanian Academy *,ROU,Government
263,University of Calgary,CAN,Universities
264,University of New Hampshire,USA,Universities
265,University of Maribor,SVN,Universities
266,Universidade do Porto *,PRT,Universities
267,"State University of New York, Albany",USA,Universities
268,University of Waikato,NZL,Universities
268,Brandeis University,USA,Universities
268,Institucio Catalana de Recerca i Estudis Avancats,ESP,Government
269,"University of Missouri, Columbia *",USA,Universities
269,University of Jyvaskyla,FIN,Universities
270,"Texas A&M University, College Station *",USA,Universities
271,Umea University *,SWE,Universities
272,Karl Franzens Universitat Graz *,AUT,Universities
273,Universitat Hamburg *,DEU,Universities
273,Universidad de Jaen *,ESP,Universities
273,University of Lincoln,GBR,Universities
273,Universitat Bern,CHE,Universities
273,University of Pretoria,ZAF,Universities
274,University of Westminster,GBR,Universities
274,Queen's University,CAN,Universities
274,Max Planck Institut fur Menschheitsgeschichte,DEU,Government
275,Universidade Estadual Paulista Julio de Mesquita Filho,BRA,Universities
275,Universita Commerciale Luigi Bocconi,ITA,Universities
276,Erasmus University Rotterdam *,NLD,Universities
277,Universite de Strasbourg *,FRA,Universities
277,University of Tromso - The Arctic University of Norway,NOR,Universities
277,University of Cincinnati *,USA,Universities
278,Christian-Albrechts-Universitat zu Kiel,DEU,Universities
278,Universidade de Brasilia,BRA,Universities
279,Universidad de Cantabria *,ESP,Universities
280,Swansea University,GBR,Universities
280,Universitat Politecnica de Valencia *,ESP,Universities
280,Universidad Nacional de Cordoba *,ARG,Universities
281,"Northeastern University, USA",USA,Universities
282,Westfalische Wilhelms-Universitat Munster *,DEU,Universities
283,Florida International University,USA,Universities
283,Liverpool John Moores University,GBR,Universities
284,Centro Nacional de Investigacion Sobre la Evolucion Humana,ESP,Government
284,Boston College,USA,Universities
285,Universite du Quebec en Montreal,CAN,Universities
286,City University of New York Graduate Center,USA,Universities
287,Tulane University *,USA,Universities
288,Brigham Young University,USA,Universities
289,Stellenbosch University,ZAF,Universities
290,Virginia Polytechnic Institute and State University,USA,Universities
290,Shanghai Jiao Tong University *,CHN,Universities
291,Universita degli Studi di Roma Tor Vergata,ITA,Universities
292,Ruhr-Universitat Bochum *,DEU,Universities
292,"State University of New York, Stony Brook *",USA,Universities
293,Universidad Nacional de Cuyo *,ARG,Universities
294,"University of Tennessee, Knoxville *",USA,Universities
295,Southern Methodist University,USA,Universities
296,University of Turku,FIN,Universities
296,University of Belgrade,SRB,Universities
296,University of South Africa,ZAF,Universities
297,Universidad de Oviedo *,ESP,Universities
298,University of Portsmouth,GBR,Universities
299,Portland State University,USA,Universities
299,Peoples'Friendship University of Russia,RUS,Universities
300,Universite Paris Nanterre *,FRA,Universities
301,The University of Hull,GBR,Universities
301,The Manchester Metropolitan University,GBR,Universities
302,Constantine the Philosopher University in Nitra,SVK,Universities
303,Royal Melbourne Institute of Technology *,AUS,Universities
304,Universidad de La Laguna,ESP,Universities
305,Universite de Perpignan Via Domitia *,FRA,Universities
306,Universidad Nacional de Rosario *,ARG,Universities
307,Australian Museum,AUS,Non-Profit
307,El Colegio de Mexico,MEX,Universities
308,"University of Technology, Sydney",AUS,Universities
308,Vrije Universiteit Brussel,BEL,Universities
308,Victoria University of Wellington,NZL,Universities
309,Aalborg University *,DNK,Universities
309,"University of Hawaii, Manoa *",USA,Universities
309,Universidad de Huelva *,ESP,Universities
309,Politecnico di Milano,ITA,Universities
310,Universidad de Antioquia *,COL,Universities
311,Universita degli Studi di Siena,ITA,Universities
312,University of Canberra,AUS,Universities
312,Siberian Federal University,RUS,Universities
313,Australian Catholic University,AUS,Universities
313,Universidad de Cordoba *,ESP,Universities
313,Universidad Pablo de Olavide *,ESP,Universities
314,Pontificia Universidad Catolica de Valparaiso *,CHL,Universities
314,Central European University,HUN,Universities
314,American University,USA,Universities
315,Iowa State University,USA,Universities
316,State University of New York at Binghamton,USA,Universities
316,Tyumen Industrial University,RUS,Universities
317,National Academy of Sciences of Ukraine *,UKR,Government
318,University of Miami *,USA,Universities
319,Universite Cote d’Azur *,FRA,Universities
320,Universite Libre de Bruxelles,BEL,Universities
321,Universidad de Concepcion *,CHL,Universities
322,Ariel University *,ISR,Universities
323,Universitat Konstanz,DEU,Universities
324,Tallinn University of Technology,EST,Universities
324,Universidad Catolica del Norte,CHL,Universities
325,University of Nevada-Reno,USA,Universities
325,Universita IUAV di Venezia,ITA,Universities
326,Utah State University *,USA,Universities
327,Universidad de Cadiz *,ESP,Universities
327,Vilnius University,LTU,Universities
328,Universidad Catolica de Temuco,CHL,Universities
329,University of Malaya *,MYS,Universities
330,University of Oulu,FIN,Universities
330,Sheffield Hallam University,GBR,Universities
331,Koc University,TUR,Universities
331,Universidad de Alcala *,ESP,Universities
331,Friedrich-Alexander-Universitat Erlangen-Nurnberg *,DEU,Universities
331,"Universidad Nacional de San Martin, Argentina *",ARG,Universities
332,University of the West of England,GBR,Universities
332,Novosibirsk State University,RUS,Universities
333,Universidade Federal de Santa Catarina,BRA,Universities
333,Tilburg University,NLD,Universities
334,Universidade de Evora,PRT,Universities
335,The Chinese University of Hong Kong *,HKG,Universities
336,Centro de Ciencias Humanas y Sociales,ESP,Government
337,Copenhagen Business School,DNK,Universities
338,Universita degli Studi di Genova,ITA,Universities
339,Kyoto University *,JPN,Universities
339,Universitat Leipzig *,DEU,Universities
339,Universitat Bremen,DEU,Universities
340,Adam Mickiewicz University,POL,Universities
340,University of Iceland,ISL,Universities
340,Pontificia Universidad Javeriana *,COL,Universities
341,Tallinn University,EST,Universities
341,Concordia University,CAN,Universities
341,Georgia State University,USA,Universities
341,University of Manitoba,CAN,Universities
342,University of Lodz,POL,Universities
342,University of Central Lancashire,GBR,Universities
342,The University of Newcastle,AUS,Universities
343,Technische Universitat Dresden,DEU,Universities
343,Fordham University,USA,Universities
343,Pontificia Universidad Catolica del Peru,PER,Universities
344,Universidad Nacional de Mar del Plata *,ARG,Universities
344,Catholic University of Louvain,BEL,Universities
345,Universitat de les Illes Balears *,ESP,Universities
345,Southern Federal University,RUS,Universities
345,Hungarian Academy of Sciences *,HUN,Government
346,"University of Science, Malaysia *",MYS,Universities
346,University of Science and Technology Beijing,CHN,Universities
347,"City University of New York, Hunter College",USA,Universities
347,Max Planck Institut fur Bildungsforschung,DEU,Government
347,Universidad Autonoma Metropolitana,MEX,Universities
347,University College Cork *,IRL,Universities
348,Eotvos Lorand University,HUN,Universities
348,Fundacao Getulio Vargas,BRA,Universities
348,University of Warmia and Mazury,POL,Universities
348,Ecole Normale Superieure de Paris *,FRA,Universities
349,Universitat Bielefeld,DEU,Universities
349,Aberystwyth University,GBR,Universities
350,Politecnico di Torino *,ITA,Universities
350,University of Brighton *,GBR,Universities
350,Universita degli Studi di Ferrara,ITA,Universities
351,Nicolaus Copernicus University,POL,Universities
351,Universidad de las Palmas de Gran Canaria *,ESP,Universities
352,Trent University,CAN,Universities
352,University of Wroclaw,POL,Universities
353,Universite de Liege,BEL,Universities
353,Temple University *,USA,Universities
353,University of Houston,USA,Universities
353,Universidade Federal da Bahia,BRA,Universities
354,Sun Yat-Sen University *,CHN,Universities
355,College de France,FRA,Universities
356,"University of New England, Australia",AUS,Universities
357,Massey University,NZL,Universities
358,Renmin University of China,CHN,Universities
359,Universite du Luxembourg,LUX,Universities
359,"New York University, Abu Dhabi",ARE,Universities
360,University of Cyprus,CYP,Universities
360,Universidade do Estado do Rio de Janeiro,BRA,Universities
361,Georgia Institute of Technology *,USA,Universities
361,Curtin University *,AUS,Universities
361,Ecole Normale Superieure de Lyon *,FRA,Universities
361,Universidad Nacional del Centro de la Provincia de Buenos Aires *,ARG,Universities
362,Memorial University of Newfoundland,CAN,Universities
362,Sichuan University *,CHN,Universities
363,Miami University of Ohio,USA,Universities
363,DePaul University,USA,Universities
363,Leeds Beckett University,GBR,Universities
364,Universidad de Extremadura *,ESP,Universities
365,Universidad de la Republica *,URY,Universities
365,Universidad Alberto Hurtado,CHL,Universities
366,Universite Grenoble-Alpes *,FRA,Universities
367,University of Tasmania,AUS,Universities
367,Moscow State Institute of International Relations,RUS,Universities
368,Universite de Lille *,FRA,Universities
369,Jiangnan University *,CHN,Universities
369,University of the Free State,ZAF,Universities
370,Universidad Rey Juan Carlos *,ESP,Universities
371,Universidade Federal do Estado do Rio de Janeiro,BRA,Universities
371,Universidad Nacional de Quilmes,ARG,Universities
372,Universidad de Burgos,ESP,Universities
372,Abo Academy University,FIN,Universities
372,Russian State University for the Humanities,RUS,Universities
372,Universidad del Rosario *,COL,Universities
373,Universita degli Studi di Milano-Bicocca,ITA,Universities
374,"National University of Ireland, Galway",IRL,Universities
374,Justus-Liebig-Universitat Giessen *,DEU,Universities
374,Dalhousie University,CAN,Universities
375,Universitat Jaume I *,ESP,Universities
376,Universidade da Coruna,ESP,Universities
376,University of Saskatchewan,CAN,Universities
376,University of Hertfordshire,GBR,Universities
376,Pontificia Universidade Catolica do Rio Grande do Sul,BRA,Universities
377,V.I. Vernadsky Crimean Federal University,UKR,Universities
378,"National University of Ireland, Maynooth",IRL,Universities
378,University of Guelph,CAN,Universities
378,"Wesleyan University, Middletown",USA,Universities
378,Friedrich-Schiller-Universitat Jena *,DEU,Universities
379,Immanuel Kant Baltic Federal University,RUS,Universities
379,Taras Shevchenko National University of Kyiv,UKR,Universities
379,University of Athens,GRC,Universities
380,Universidade Federal do Para,BRA,Universities
381,"Louisiana State University, Baton Rouge",USA,Universities
381,Escuela Nacional de Antropologia e Historia,MEX,Universities
381,The Nottingham Trent University,GBR,Universities
382,Universitat Innsbruck *,AUT,Universities
383,Facultad Latinoamericana de Ciencias Sociales *,MUL,Universities
383,East China Normal University,CHN,Universities
384,ISCTE Instituto Universitario de Lisboa,PRT,Universities
385,Universitat de Girona,ESP,Universities
385,Institute of Archaeology and Ethnography Russian Academy of Sciences,RUS,Government
385,Syracuse University,USA,Universities
385,Universite Lumiere Lyon 2 *,FRA,Universities
385,Baylor University,USA,Universities
385,University of Rochester *,USA,Universities
386,Universidade Federal do Parana,BRA,Universities
387,Laval University,CAN,Universities
388,Universidad Nacional Mayor de San Marcos,PER,Universities
389,Hacettepe University,TUR,Universities
390,Universita della Calabria,ITA,Universities
390,Comenius University in Bratislava,SVK,Universities
391,San Jose State University,USA,Universities
391,Mississippi State University,USA,Universities
392,Wayne State University,USA,Universities
393,Universita degli Studi di Cagliari,ITA,Universities
393,Kingston University,GBR,Universities
394,Tehran University of Medical Sciences *,IRN,Universities
394,Alexandru Ioan Cuza University,ROU,Universities
394,National University of Malaysia *,MYS,Universities
395,Middlebury College,USA,Universities
396,Universita degli Studi di Parma,ITA,Universities
397,Universita degli Studi di Salerno,ITA,Universities
398,Wellesley College,USA,Universities
399,Pontificia Universidade Catolica do Rio de Janeiro,BRA,Universities
399,Universita degli Studi di Macerata,ITA,Universities
399,Hong Kong Polytechnic University,HKG,Universities
399,Centro Cientifico Tecnologico La Plata,ARG,Government
400,Fudan University *,CHN,Universities
401,Technische Universitat Darmstadt,DEU,Universities
401,Amherst College,USA,Universities
402,University of Malta,MLT,Universities
403,Universidade de Vigo *,ESP,Universities
404,University of Western Sydney,AUS,Universities
405,Roskilde University,DNK,Universities
405,Universidad Adolfo Ibanez,CHL,Universities
405,Helmholtz Gemeinschaft *,DEU,Government
405,De Montfort University,GBR,Universities
406,"Universite Paul Valery, Montpellier III *",FRA,Universities
406,Palacky University,CZE,Universities
407,Universidad Internacional de La Rioja *,ESP,Universities
407,Universidad de Valparaiso,CHL,Universities
408,Universita degli Studi dell Aquila,ITA,Universities
408,Johannes Gutenberg-Universitat Mainz *,DEU,Universities
408,Universidade do Vale do Rio dos Sinos,BRA,Universities
409,"Universidad del Valle, Colombia *",COL,Universities
410,Universita degli Studi di Perugia,ITA,Universities
410,Middlesex University *,GBR,Universities
410,University of Tsukuba *,JPN,Universities
411,Virginia Commonwealth University *,USA,Universities
412,American University of Beirut *,LBN,Universities
412,University of Szeged,HUN,Universities
413,Appalachian State University,USA,Universities
413,Santa Clara University,USA,Universities
414,Birmingham City University,GBR,Universities
414,Universita degli Studi di Trento,ITA,Universities
414,Universidad Arturo Prat *,CHL,Universities
415,Universidad EAFIT,COL,Universities
415,Universidade Federal de Juiz de Fora *,BRA,Universities
415,"Universite Sorbonne Nouvelle, Paris 3 *",FRA,Universities
415,Academia Sinica *,TWN,Government
415,Middle East Technical University,TUR,Universities
416,"Universidad Andres Bello, Chile",CHL,Universities
416,Universitat Oberta de Catalunya,ESP,Universities
417,Martin-Luther-Universitat Halle-Wittenberg *,DEU,Universities
418,Universidad Publica de Navarra *,ESP,Universities
418,Universidad Politecnica de Madrid *,ESP,Universities
419,Universidade do Estado de Santa Catarina,BRA,Universities
420,University of Wolverhampton,GBR,Universities
421,Universidade Federal de Sao Paulo *,BRA,Universities
421,"Universidad de Leon, Spain *",ESP,Universities
422,Slovak Academy of Sciences *,SVK,Government
422,Chinese Academy of Social Sciences,CHN,Government
423,Universita degli Studi di Palermo,ITA,Universities
424,Universidad de Almeria,ESP,Universities
424,University of West Bohemia,CZE,Universities
425,"Universidad de los Andes, Chile",CHL,Universities
425,The University of Salford,GBR,Universities
425,Akdeniz University,TUR,Universities
425,Universidad Austral de Chile *,CHL,Universities
425,Slovenian Academy of Sciences and Arts *,SVN,Government
425,Universitat de Lleida,ESP,Universities
426,Universidad de Playa Ancha,CHL,Universities
426,Northern Arizona University,USA,Universities
426,Universidade Federal de Pelotas,BRA,Universities
426,The Russian Presidential Academy of National Economy and Public Administration,RUS,Universities
427,Universite de Nantes *,FRA,Universities
427,"University of Colorado, Denver *",USA,Universities
428,Universidade Federal de Ouro Preto,BRA,Universities
428,"University of Arkansas, Fayetteville",USA,Universities
428,Universidad Diego Portales,CHL,Universities
428,Waseda University,JPN,Universities
429,Universidade Federal do Ceara,BRA,Universities
429,Universite de Fribourg,CHE,Universities
429,Sodertorn University,SWE,Universities
430,L. N. Gumilov Eurasian National University,KAZ,Universities
430,Universita degli Studi Gabriele d'Annunzio di Chieti e Pescara,ITA,Universities
431,Universidade Federal de Pernambuco,BRA,Universities
432,Al-Farabi Kazakh National University,KAZ,Universities
432,University of the Western Cape,ZAF,Universities
433,Beijing Normal University *,CHN,Universities
433,Universite de Versailles Saint Quentin en Yvelines *,FRA,Universities
434,Open University of Israel,ISR,Universities
434,Technische Universitat Berlin,DEU,Universities
435,Pontificia Universidade Catolica de Sao Paulo,BRA,Universities
435,Colgate University,USA,Universities
435,University of Bucharest,ROU,Universities
435,University of Novi Sad,SRB,Universities
436,Ryerson University,CAN,Universities
436,Illinois State University,USA,Universities
437,Northern Arctic Federal University,RUS,Universities
437,"City University of New York, Brooklyn College",USA,Universities
437,University of Southern Queensland,AUS,Universities
438,Universidade Federal Rural do Rio de Janeiro,BRA,Universities
438,Universidade Federal de Uberlandia,BRA,Universities
439,Universidade Federal do Espirito Santo,BRA,Universities
439,Scuola Normale Superiore Pisa,ITA,Universities
440,Pontificia Universidad Catolica Argentina Santa Maria de los Buenos Aires,ARG,Universities
440,Philipps-Universitat Marburg *,DEU,Universities
441,Tyumen State University,RUS,Universities
441,Perm State University,RUS,Universities
441,Institut Universitaire de France,FRA,Government
442,Universidad Nacional de Tucuman *,ARG,Universities
443,Universidade Estadual de Goias,BRA,Universities
444,University of Latvia,LVA,Universities
445,Osterreichische Akademie der Wissenschaften *,AUT,Government
445,Universite de Rennes 1 *,FRA,Universities
446,Universita degli Studi di Pavia,ITA,Universities
447,Instituto Tecnologico y de Estudios Superiores de Monterrey,MEX,Universities
448,International Islamic University Malaysia,MYS,Universities
448,Financial University Under the Government of the Russian Federation,RUS,Universities
448,Universita degli Studi di Verona,ITA,Universities
448,University of Macau,MAC,Universities
449,Altai State University,RUS,Universities
449,Universite de Bourgogne *,FRA,Universities
449,Northern Illinois University,USA,Universities
450,Smith College,USA,Universities
451,Universite Vincennes-Saint-Denis - Paris 8 *,FRA,Universities
451,University of the Philippines Diliman *,PHL,Universities
451,Herzen State Pedagogical University of Russia,RUS,Universities
451,Bogazici University,TUR,Universities
452,Universidad Nacional de General Sarmiento,ARG,Universities
453,Universita degli Studi di Udine,ITA,Universities
454,University of Limerick,IRL,Universities
455,University of KwaZulu-Natal *,ZAF,Universities
455,Sakarya University *,TUR,Universities
456,Rowan University,USA,Universities
456,Southern Scientific Center Russian Academy of Sciences,RUS,Government
457,Scientific Research Center Slovenian Academy of Science and Arts,SVN,Government
457,Bulgarian Academy of Sciences *,BGR,Government
458,Cairo University *,EGY,Universities
458,Institute of Philosophy Russian Academy of Sciences,RUS,Government
459,Lviv Polytechnic National University,UKR,Universities
459,Universita Cattolica del Sacro Cuore,ITA,Universities
459,College of Charleston,USA,Universities
459,Universita degli Studi di Catania,ITA,Universities
460,Bucknell University,USA,Universities
461,Rikkyo University,JPN,Universities
461,"University of Missouri, Saint Louis",USA,Universities
461,Barnard College,USA,Universities
461,Hong Kong Baptist University,HKG,Universities
462,University of Tehran,IRN,Universities
463,Universita degli Studi di Messina,ITA,Universities
463,N.I. Lobachevsky State University of Nizhni Novgorod *,RUS,Universities
464,University of Crete,GRC,Universities
465,Universita degli Studi di Urbino Carlo Bo,ITA,Universities
466,Zhejiang Sci-Tech University,CHN,Universities
466,Universita del Salento,ITA,Universities
467,Foundation for Research and Technology Hellas *,GRC,Government
467,Universita degli Studi Mediterranea di Reggio Calabria,ITA,Universities
468,Sofia University,BGR,Universities
468,Universidad Bernardo O'Higgins,CHL,Universities
469,Peter the Great St Petersburg Polytechnic University,RUS,Universities
470,University of Dar es Salaam,TZA,Universities
471,Universitat Regensburg *,DEU,Universities
472,West University of Timisoara,ROU,Universities
472,Universite Rennes 2 *,FRA,Universities
473,Bowdoin College,USA,Universities
474,Universitat Bayreuth,DEU,Universities
475,University of Management and Technology,PAK,Universities
476,Universidad de Guanajuato,MEX,Universities
477,"Texas A&M University, Corpus Christi",USA,Universities
478,University of Delhi *,IND,Universities
479,Universidade Federal de Mato Grosso do Sul,BRA,Universities
480,Villanova University,USA,Universities
481,Jawaharlal Nehru University,IND,Universities
482,Universite d'Avignon *,FRA,Universities
482,Universite Francois Rabelais de Tours *,FRA,Universities
483,Universita degli Studi di Bari,ITA,Universities
484,Williams College,USA,Universities
485,N. P. Ogarev's Mordovian State University,RUS,Universities
485,Ankara University,TUR,Universities
485,Ateneo de Manila University,PHL,Universities
486,Brock University,CAN,Universities
486,Universite Jean Moulin Lyon 3 *,FRA,Universities
487,Universita degli Studi del Piemonte Orientale Amedeo Avogadro,ITA,Universities
488,Dostoevsky Omsk State University,RUS,Universities
489,Universite de Poitiers *,FRA,Universities
489,Surgut State University,RUS,Universities
490,Colby College,USA,Universities
491,Chulalongkorn University,THA,Universities
492,University of Montenegro,MNE,Universities
493,Middle Tennessee State University,USA,Universities
494,The Catholic University of America,USA,Universities
495,Georgia Southern University,USA,Universities
496,Universite de Rouen Normandie *,FRA,Universities
497,Universita degli Studi della Campania Luigi Vanvitelli,ITA,Universities
498,De La Salle University,PHL,Universities
499,Opole University,POL,Universities
500,University of South Bohemia,CZE,Universities
501,Sophia University,JPN,Universities
502,Universite Clermont-Auvergne,FRA,Universities
503,Dokuz Eylul University *,TUR,Universities
504,Universite d'Angers *,FRA,Universities
505,Universita degli Studi di Sassari,ITA,Universities
506,Komi Scientific Center Russian Academy of Sciences,RUS,Government
507,North-Caucasus Federal University,RUS,Universities
507,Mahidol University *,THA,Universities
508,University of Silesia in Katowice,POL,Universities
509,An-Najah National University *,PSE,Universities
510,Vyatka State University,RUS,Universities
511,"Universite de Picardie Jules Verne, Amiens *",FRA,Universities
512,Moscow State Pedagogical University,RUS,Universities
512,Ivan Franko National University of Lviv,UKR,Universities
513,International Islamic University,PAK,Universities
514,West Ukrainian National University,UKR,Universities
515,Hitotsubashi University,JPN,Universities
516,National Aviation University,UKR,Universities
517,Carl von Ossietzky Universitat Oldenburg,DEU,Universities
518,Donghua University,CHN,Universities
519,South West University Neofit Rilski,BGR,Universities
520,Azerbaijan National Academy of Sciences *,AZE,Government
521,Dagestan Scientific Center Russian Academy of Sciences,RUS,Government
522,Bauman Moscow State Technical University,RUS,Universities
523,Tel-Hai College,ISR,Universities
