Global Rank,Institution,Country,Sector
1,University of Oxford,GBR,Universities
2,Harvard University *,USA,Universities
3,Chinese Academy of Sciences *,CHN,Government
4,Arizona State University,USA,Universities
5,London School of Economics and Political Science,GBR,Universities
6,University of Toronto,CAN,Universities
7,Centre National de la Recherche Scientifique *,FRA,Government
8,University of Amsterdam *,NLD,Universities
9,"University of Michigan, Ann Arbor *",USA,Universities
10,New York University *,USA,Universities
11,University College London *,GBR,Universities
12,Stanford University *,USA,Universities
13,University of Melbourne *,AUS,Universities
14,Kings College London,GBR,Universities
15,Pennsylvania State University *,USA,Universities
16,Michigan State University,USA,Universities
17,University of Cambridge *,GBR,Universities
18,"Rutgers, The State University of New Jersey",USA,Universities
19,The University of Manchester,GBR,Universities
20,Ministry of Education of the People's Republic of China,CHN,Government
21,Columbia University *,USA,Universities
22,"University of California, Berkeley *",USA,Universities
23,University of Washington *,USA,Universities
24,Yale University *,USA,Universities
25,University of Sydney,AUS,Universities
26,University of Pennsylvania *,USA,Universities
27,Utrecht University *,NLD,Universities
28,City University of New York *,USA,Universities
29,University of Chicago *,USA,Universities
30,"University of Wisconsin, Madison *",USA,Universities
31,"University of Texas, Austin",USA,Universities
32,The University of Sheffield,GBR,Universities
33,Cornell University *,USA,Universities
34,Australian National University,AUS,Universities
35,"University of North Carolina, Chapel Hill *",USA,Universities
36,"Ohio State University, Columbus *",USA,Universities
37,"University of California, Los Angeles *",USA,Universities
38,University of Southern California *,USA,Universities
39,The University of British Columbia,CAN,Universities
40,The University of Edinburgh *,GBR,Universities
41,The University of Queensland *,AUS,Universities
42,State University - Higher School of Economics,RUS,Universities
43,University of Sussex *,GBR,Universities
44,University of Oslo,NOR,Universities
45,Erasmus University Rotterdam *,NLD,Universities
45,Princeton University,USA,Universities
46,University of Copenhagen,DNK,Universities
47,University of New South Wales,AUS,Universities
48,"Northwestern University, Evanston *",USA,Universities
49,Indiana University-Bloomington,USA,Universities
50,Russian Academy of Sciences *,RUS,Government
51,Massachusetts Institute of Technology *,USA,Universities
52,Aarhus University *,DNK,Universities
53,"Monash University, Melbourne *",AUS,Universities
54,University of Helsinki,FIN,Universities
55,Universitat Zurich,CHE,Universities
56,Catholic University of Leuven,BEL,Universities
57,University of Gothenburg,SWE,Universities
58,CGIAR Consortium of International Agricultural Research *,MUL,Non-Profit
59,University of Groningen *,NLD,Universities
60,University of Warwick,GBR,Universities
61,National University of Singapore *,SGP,Universities
62,University of Exeter,GBR,Universities
63,"University of Minnesota, Twin Cities *",USA,Universities
64,National Institutes of Health,USA,Health
65,Stockholm University,SWE,Universities
66,University of Birmingham,GBR,Universities
67,Cardiff University,GBR,Universities
68,Johns Hopkins University *,USA,Universities
69,Ghent University,BEL,Universities
70,Vrije Universiteit Amsterdam *,NLD,Universities
71,University of Leeds,GBR,Universities
72,Duke University *,USA,Universities
73,University of Illinois at Urbana-Champaign *,USA,Universities
74,Florida State University *,USA,Universities
75,Zhejiang University *,CHN,Universities
76,Georgia State University,USA,Universities
76,Lunds University,SWE,Universities
77,Leiden University *,NLD,Universities
78,University of Glasgow *,GBR,Universities
79,"University of California, Irvine *",USA,Universities
80,Tsinghua University *,CHN,Universities
81,Boston University *,USA,Universities
82,Uppsala University,SWE,Universities
83,The University of Hong Kong *,HKG,Universities
83,Griffith University,AUS,Universities
84,University of Georgia,USA,Universities
85,University of Essex,GBR,Universities
86,"University of Maryland, Baltimore",USA,Universities
87,University of Kansas *,USA,Universities
88,University of Nottingham *,GBR,Universities
89,McGill University,CAN,Universities
90,Delft University of Technology,NLD,Universities
91,"University of California, San Diego *",USA,Universities
92,"University of California, Davis *",USA,Universities
93,Lancaster University,GBR,Universities
94,The University of Kent,GBR,Universities
95,George Washington University *,USA,Universities
96,Universitat Wien,AUT,Universities
97,University of Florida *,USA,Universities
98,University of Virginia *,USA,Universities
99,University of York,GBR,Universities
100,Radboud University Nijmegen,NLD,Universities
100,University of Pittsburgh *,USA,Universities
101,"Newcastle University, Newcastle upon Tyne",GBR,Universities
102,Leibniz Gemeinschaft *,DEU,Government
103,"Texas A&M University, College Station *",USA,Universities
104,University of Durham,GBR,Universities
105,University of Bristol,GBR,Universities
106,Georgetown University *,USA,Universities
107,Brown University,USA,Universities
108,Max Planck Gesellschaft *,DEU,Government
109,Sun Yat-Sen University *,CHN,Universities
110,Loughborough University,GBR,Universities
111,University of Southampton,GBR,Universities
112,Universitat Autonoma de Barcelona *,ESP,Universities
112,"University of Connecticut, Storrs *",USA,Universities
113,Vanderbilt University *,USA,Universities
114,Washington University in Saint Louis *,USA,Universities
115,Deakin University *,AUS,Universities
116,Wageningen University and Research Centre *,NLD,Universities
117,Universitat Mannheim,DEU,Universities
118,University of Kentucky *,USA,Universities
119,University of East Anglia *,GBR,Universities
120,"Institute of Geographic Sciences and Natural Resources Research, Chinese Academy of Sciences",CHN,Government
121,Swiss Federal Institute of Technology,CHE,Universities
122,Purdue University,USA,Universities
123,York University,CAN,Universities
124,Macquarie University *,AUS,Universities
125,"Colorado State University, Fort Collins *",USA,Universities
126,United Nations *,MUL,Non-Profit
127,Center for International Forestry Research Indonesia,IDN,Non-Profit
128,Carnegie Mellon University *,USA,Universities
129,Tilburg University,NLD,Universities
130,"University of California, Santa Barbara",USA,Universities
131,University of Antwerp,BEL,Universities
132,Tampere University,FIN,Universities
133,Hebrew University of Jerusalem,ISR,Universities
134,University of Liverpool *,GBR,Universities
135,University of Ottawa,CAN,Universities
136,University of Auckland,NZL,Universities
137,Copenhagen Business School,DNK,Universities
138,Queensland University of Technology,AUS,Universities
139,Huazhong University of Science and Technology *,CHN,Universities
139,Center for International Forestry Research,MUL,Non-Profit
140,Helmholtz Gemeinschaft *,DEU,Government
140,Universitat Bern,CHE,Universities
141,University of Waterloo,CAN,Universities
142,"Shaanxi Normal University, Xi'an",CHN,Universities
143,Universidade de Sao Paulo *,BRA,Universities
144,Universidad Complutense de Madrid *,ESP,Universities
145,Universitat zu Koln,DEU,Universities
146,University of Arizona *,USA,Universities
147,North Carolina State University,USA,Universities
148,University of Zilina,SVK,Universities
149,Ludwig-Maximilians Universitat Munchen *,DEU,Universities
149,L'Alma Mater Studiorum - Universita di Bologna,ITA,Universities
150,Consejo Nacional de Investigaciones Cientificas y Tecnicas *,ARG,Government
150,"University of Illinois, Chicago *",USA,Universities
151,Aalborg University *,DNK,Universities
152,World Bank United States,USA,Government
152,U.S. Department of Health & Human Services *,USA,Health
153,"Southeast University, Nanjing *",CHN,Universities
154,Simon Fraser University,CAN,Universities
155,International Food Policy Research Institute,MUL,Non-Profit
156,"Queen Mary, University of London",GBR,Universities
157,University of Turku,FIN,Universities
158,George Mason University,USA,Universities
159,Universitat Hamburg *,DEU,Universities
159,Freie Universitat Berlin,DEU,Universities
160,University of Surrey,GBR,Universities
161,"University of Massachusetts, Amherst",USA,Universities
162,City University of Hong Kong *,HKG,Universities
163,Temple University *,USA,Universities
164,Peking University *,CHN,Universities
165,University of Nebraska Medical Center,USA,Universities
166,Humboldt-Universitat zu Berlin,DEU,Universities
167,"University of Colorado, Boulder *",USA,Universities
168,Maastricht University,NLD,Universities
169,University of Notre Dame,USA,Universities
170,Boston College,USA,Universities
171,Universitat fur Bodenkultur Wien *,AUT,Universities
171,University of Bergen,NOR,Universities
172,Nanyang Technological University *,SGP,Universities
173,Technion - Israel Institute of Technology *,ISR,Universities
174,University of Utah *,USA,Universities
175,Georg-August-Universitat Gottingen,DEU,Universities
176,University of South Carolina *,USA,Universities
177,University of South Florida System *,USA,Universities
178,Emory University *,USA,Universities
179,Universite Montpellier *,FRA,Universities
180,University of Toledo *,USA,Universities
181,Universite de Montreal,CAN,Universities
181,University of Leicester,GBR,Universities
182,Brigham Young University,USA,Universities
183,"Birkbeck, University of London",GBR,Universities
184,Queen's University Belfast,GBR,Universities
185,University of Alberta,CAN,Universities
186,Dartmouth College *,USA,Universities
187,International Food Policy Research Institute United States,USA,Non-Profit
188,University of Delaware,USA,Universities
189,Universitat de Barcelona *,ESP,Universities
189,University of Twente,NLD,Universities
190,"Indian Institute of Technology, Kharagpur",IND,Universities
191,La Trobe University *,AUS,Universities
192,The Open University,GBR,Universities
193,"Northeastern University, USA",USA,Universities
194,Tel Aviv University,ISR,Universities
195,Universitat Konstanz,DEU,Universities
196,University College Dublin,IRL,Universities
197,Centers for Disease Control and Prevention,USA,Health
198,The Chinese University of Hong Kong *,HKG,Universities
199,West Virginia University *,USA,Universities
200,Royal Melbourne Institute of Technology *,AUS,Universities
201,Universidad Nacional Autonoma de Mexico,MEX,Universities
202,Carleton University,CAN,Universities
203,Universite de Lausanne,CHE,Universities
204,"State University of New York, Albany",USA,Universities
205,Wayne State University,USA,Universities
206,University of Western Ontario,CAN,Universities
207,Centre for Addiction and Mental Health,CAN,Health
208,Wuhan University *,CHN,Universities
209,University of Iowa *,USA,Universities
210,Sichuan University *,CHN,Universities
211,University of Haifa,ISR,Universities
211,Johann Wolfgang Goethe-Universitat Frankfurt am Main *,DEU,Universities
211,Virginia Polytechnic Institute and State University,USA,Universities
212,University of East London,GBR,Universities
213,University of Central Florida,USA,Universities
213,University of Johannesburg,ZAF,Universities
214,City University of New York Graduate Center,USA,Universities
215,Udayana University,IDN,Universities
216,University of South Florida,USA,Universities
217,Eindhoven University of Technology,NLD,Universities
218,Oregon State University,USA,Universities
219,Universita degli Studi di Milano,ITA,Universities
220,"University of California, Riverside",USA,Universities
221,China University of Mining and Technology,CHN,Universities
222,Universita degli Studi di Roma La Sapienza,ITA,Universities
223,International Institute for Applied Systems Analysis,AUT,Government
224,Iowa State University,USA,Universities
225,Curtin University *,AUS,Universities
226,University of Strathclyde,GBR,Universities
227,Hong Kong Polytechnic University,HKG,Universities
228,South China Normal University,CHN,Universities
228,Western Norway University of Applied Sciences,NOR,Universities
229,University of Bath,GBR,Universities
230,The University of Western Australia,AUS,Universities
231,"University of California, Merced",USA,Universities
232,American University,USA,Universities
233,Norwegian University of Science and Technology,NOR,Universities
233,University of Oklahoma *,USA,Universities
234,University of Houston,USA,Universities
235,Trinity College Dublin *,IRL,Universities
236,University of Manitoba,CAN,Universities
237,Nanjing University *,CHN,Universities
238,Linkoping University,SWE,Universities
239,"University of Colorado, Denver *",USA,Universities
240,City University London,GBR,Universities
241,Universidad de Granada *,ESP,Universities
241,University of Oregon,USA,Universities
242,Universidade de Lisboa,PRT,Universities
243,Kennedy Krieger Institute,USA,Health
243,European Commission - Joint Research Centre,MUL,Government
243,University of Denver,USA,Universities
244,Victoria University of Wellington,NZL,Universities
245,Medical Research Council,GBR,Health
245,European Commission *,MUL,Government
245,Universidad Politecnica de Madrid *,ESP,Universities
246,WHU-Otto Beisheim School of Management,DEU,Universities
247,Northumbria University,GBR,Universities
247,"University of the Witwatersrand, Johannesburg",ZAF,Universities
248,Universidad de Sevilla *,ESP,Universities
249,Universite de Geneve,CHE,Universities
250,University of Stirling,GBR,Universities
251,Technische Universitat Dresden,DEU,Universities
252,"State University of New York, Buffalo",USA,Universities
253,Universite du Quebec en Quebec *,CAN,Universities
254,Universitat Heidelberg,DEU,Universities
255,University of New Mexico *,USA,Universities
255,University of Warsaw,POL,Universities
256,Orebro Universitet,SWE,Universities
256,Charles University *,CZE,Universities
257,Rheinische Friedrich-Wilhelms-Universitat Bonn *,DEU,Universities
257,University of Cape Town,ZAF,Universities
258,Royal Holloway - University of London,GBR,Universities
259,University of Victoria,CAN,Universities
260,Mustansiriyah University,IRQ,Universities
260,Vrije Universiteit Brussel,BEL,Universities
261,University of Wollongong *,AUS,Universities
262,University of Southern Denmark,DNK,Universities
263,Christian-Albrechts-Universitat zu Kiel,DEU,Universities
264,University of Miami *,USA,Universities
265,United States Department of Agriculture,USA,Government
265,"State University of New York, Stony Brook *",USA,Universities
266,Dublin City University,IRL,Universities
267,Ryerson University,CAN,Universities
268,Syracuse University,USA,Universities
269,"Louisiana State University, Baton Rouge",USA,Universities
270,Jilin University *,CHN,Universities
271,"University of Nebraska, Lincoln",USA,Universities
271,The Nottingham Trent University,GBR,Universities
272,University of North Texas,USA,Universities
273,Beijing Normal University *,CHN,Universities
274,University of Ljubljana *,SVN,Universities
275,University of Jyvaskyla,FIN,Universities
275,University of Calgary,CAN,Universities
276,Renmin University of China,CHN,Universities
277,Umea University *,SWE,Universities
277,"University of Texas, Dallas",USA,Universities
278,"University of Maryland, College Park *",USA,Universities
278,Aristotle University of Thessaloniki,GRC,Universities
279,Consejo Nacional de Ciencia y Tecnologia *,MEX,Government
280,Universitat Innsbruck *,AUT,Universities
281,University of St. Andrews,GBR,Universities
282,Oslo Metropolitan University,NOR,Universities
282,Wirtschaftsuniversitat Wien,AUT,Universities
283,London School of Hygiene and Tropical Medicine,GBR,Universities
284,"University of Technology, Sydney",AUS,Universities
285,Consejo Superior de Investigaciones Cientificas *,ESP,Government
286,Flinders University,AUS,Universities
287,Universidad de las Fuerzas Armadas,ECU,Universities
288,McMaster University,CAN,Universities
289,Universidade de Coimbra *,PRT,Universities
290,Tufts University,USA,Universities
291,University of Canberra,AUS,Universities
292,Universita Commerciale Luigi Bocconi,ITA,Universities
293,"City University of New York, John Jay College of Criminal Justice",USA,Universities
294,Julius-Maximilians-Universitat Wurzburg *,DEU,Universities
294,Virginia Commonwealth University *,USA,Universities
295,"University of Tennessee, Knoxville *",USA,Universities
295,Universitat Bielefeld,DEU,Universities
295,Yonsei University *,KOR,Universities
295,ISCTE Instituto Universitario de Lisboa,PRT,Universities
296,Universidad Autonoma de Madrid *,ESP,Universities
297,Florida International University,USA,Universities
298,Universita degli Studi di Trento,ITA,Universities
299,Universita degli Studi di Torino,ITA,Universities
300,Leeds Beckett University,GBR,Universities
300,Erasmus Medical Center,NLD,Health
301,Universitat Pompeu Fabra *,ESP,Universities
302,University of Huddersfield,GBR,Universities
303,University of Portsmouth,GBR,Universities
303,Denison University,USA,Universities
303,"University of North Carolina, Charlotte",USA,Universities
304,Rice University,USA,Universities
304,Universitat Bremen,DEU,Universities
305,Fudan University *,CHN,Universities
306,Leuphana Universitat Luneburg,DEU,Universities
306,Universidad de Oviedo *,ESP,Universities
307,Hanyang University *,KOR,Universities
308,Yale University Health & Medicine,USA,Health
309,Pontificia Universidad Catolica de Chile *,CHL,Universities
310,Utah State University *,USA,Universities
310,Universitat Salzburg,AUT,Universities
310,Saint Petersburg State University,RUS,Universities
311,The University of Newcastle,AUS,Universities
312,Shenzhen University,CHN,Universities
312,South China University of Technology,CHN,Universities
313,Shanghai Jiao Tong University *,CHN,Universities
314,University of Lincoln,GBR,Universities
315,University of Michigan Health System,USA,Health
316,Seoul National University *,KOR,Universities
317,"University of California, San Francisco *",USA,Universities
318,Imperial College London,GBR,Universities
318,Universitat de Valencia *,ESP,Universities
319,Tulane University *,USA,Universities
320,Brunel University,GBR,Universities
321,The University of Reading,GBR,Universities
322,"University of Hawaii, Manoa *",USA,Universities
323,Universitat Leipzig *,DEU,Universities
323,Coventry University,GBR,Universities
324,University of Otago,NZL,Universities
325,Swansea University,GBR,Universities
325,Karlsruher Institut fur Technologie,DEU,Universities
326,Central European University,HUN,Universities
327,Chongqing University,CHN,Universities
328,Catholic University of Louvain,BEL,Universities
329,Albert-Ludwigs-Universitat Freiburg im Breisgau,DEU,Universities
329,University of Tasmania,AUS,Universities
330,Bar-Ilan University,ISR,Universities
331,University of Zagreb,HRV,Universities
331,University of Cincinnati *,USA,Universities
332,Escola Superior d'Administracio i Direccio d'Empreses,ESP,Universities
333,University of New Hampshire,USA,Universities
333,"University of Missouri, Columbia *",USA,Universities
334,University of Pretoria,ZAF,Universities
334,University of Guelph,CAN,Universities
335,James Hutton Institute,GBR,Non-Profit
336,Ecole des Hautes Etudes en Sciences Sociales *,FRA,Universities
337,Universidade do Porto *,PRT,Universities
337,Universidad de Buenos Aires *,ARG,Universities
338,International Maize and Wheat Improvement Center,MUL,Non-Profit
339,University of Aberdeen,GBR,Universities
340,Norwegian University of Life Sciences,NOR,Universities
340,Swedish University of Agricultural Sciences,SWE,Universities
341,Laval University,CAN,Universities
341,King Saud University *,SAU,Universities
341,Aalto University,FIN,Universities
342,Johns Hopkins Medicine,USA,Health
343,University of Ulster,GBR,Universities
344,University of Idaho,USA,Universities
345,Roskilde University,DNK,Universities
346,"University of Massachusetts, Boston",USA,Universities
347,"Washington State University, Pullman *",USA,Universities
348,Queen's University,CAN,Universities
348,"Saint Louis University, Saint Louis *",USA,Universities
349,China University of Geosciences,CHN,Universities
350,University of South Australia,AUS,Universities
351,University of KwaZulu-Natal *,ZAF,Universities
352,Bogazici University,TUR,Universities
353,Friedrich-Schiller-Universitat Jena *,DEU,Universities
354,Scuola Normale Superiore Pisa,ITA,Universities
355,Drexel University,USA,Universities
355,Institut Zur Zukunft der Arbeit,DEU,Non-Profit
356,Georgia Institute of Technology *,USA,Universities
357,Nankai University *,CHN,Universities
358,Tongji University *,CHN,Universities
358,Sheffield Hallam University,GBR,Universities
358,Clark University,USA,Universities
359,"Universidad de los Andes, Colombia *",COL,Universities
359,University of Tokyo *,JPN,Universities
360,University of Wyoming,USA,Universities
360,Hong Kong Institute of Education,HKG,Universities
360,Universite Libre de Bruxelles,BEL,Universities
360,University of Thessaly,GRC,Universities
360,United Nations University *,MUL,Universities
361,University Medical Center Groningen,NLD,Health
362,Portland State University,USA,Universities
362,Royal Netherlands Academy of Arts and Sciences *,NLD,Government
363,Bucharest Academy of Economic Studies,ROU,Universities
363,Woodruff Health Sciences Center,USA,Health
364,Oregon Health & Science University *,USA,Universities
365,Dalhousie University,CAN,Universities
365,Universita degli Studi di Firenze,ITA,Universities
366,Keele University,GBR,Universities
367,University of Rochester *,USA,Universities
368,Brandeis University,USA,Universities
369,Texas Tech University,USA,Universities
370,Plymouth University,GBR,Universities
371,Gadjah Mada University,IDN,Universities
372,"University of Texas, San Antonio",USA,Universities
373,Australian Catholic University,AUS,Universities
373,University of Waikato,NZL,Universities
373,Centro de Investigacion y Docencia Economicas,MEX,Government
374,University of the West of England,GBR,Universities
375,East China Normal University,CHN,Universities
376,Universitat Osnabruck,DEU,Universities
377,The University of Adelaide,AUS,Universities
378,University of Science and Technology of China,CHN,Universities
378,"Oklahoma State University, Stillwater",USA,Universities
379,Universidade de Brasilia,BRA,Universities
379,Tomas Bata University in Zlin,CZE,Universities
380,University of South Africa,ZAF,Universities
381,University of Economics Ho Chi Minh City,VNM,Universities
381,Veterans Affairs Medical Centers *,USA,Health
381,The Manchester Metropolitan University,GBR,Universities
382,Universita degli Studi di Milano-Bicocca,ITA,Universities
383,Deustuko Unibertsitatea,ESP,Universities
384,Middlesex University *,GBR,Universities
385,Stellenbosch University,ZAF,Universities
386,"Texas State University, San Marcos",USA,Universities
387,"University of Nebraska, Omaha",USA,Universities
388,James Madison University,USA,Universities
389,Central South University *,CHN,Universities
390,Ben-Gurion University of the Negev *,ISR,Universities
390,Middle East Technical University,TUR,Universities
391,Cairo University *,EGY,Universities
392,Universite du Quebec en Montreal,CAN,Universities
393,Weill Cornell Medicine,USA,Universities
394,Massey University,NZL,Universities
395,Universita degli Studi di Padova,ITA,Universities
396,University of Brighton *,GBR,Universities
396,"University of Alabama, Tuscaloosa",USA,Universities
397,Miami University of Ohio,USA,Universities
398,Masaryk University,CZE,Universities
399,Peter the Great St Petersburg Polytechnic University,RUS,Universities
400,Otto-von-Guericke-Universitat Magdeburg *,DEU,Universities
400,Harbin Institute of Technology,CHN,Universities
401,Universidad de Zaragoza *,ESP,Universities
402,George Washington The School of Medicine & Health Sciences,USA,Health
403,RAND Corp,USA,Non-Profit
403,San Diego State University,USA,Universities
404,Westfalische Wilhelms-Universitat Munster *,DEU,Universities
405,Florida Institute of Technology,USA,Universities
406,University of Nicosia,CYP,Universities
406,"ParisTech, Institut des Sciences et Technologies de Paris - PRES *",FRA,Government
407,Concordia University,CAN,Universities
408,Fordham University,USA,Universities
409,University of Louisville *,USA,Universities
409,Natural Resources Institute Finland,FIN,Government
410,Sumy State University,UKR,Universities
410,"National University of Ireland, Galway",IRL,Universities
411,Auckland University of Technology,NZL,Universities
412,Hong Kong Baptist University,HKG,Universities
413,Universidad de Chile *,CHL,Universities
414,Rhodes University,ZAF,Universities
415,Universitat Potsdam,DEU,Universities
416,Ton Duc Thang University,VNM,Universities
416,University of Eastern Finland,FIN,Universities
417,Clemson University,USA,Universities
417,Indiana University-Purdue University Indianapolis,USA,Universities
418,The University of Salford,GBR,Universities
419,Kansas State University,USA,Universities
420,"University of Alabama, Birmingham *",USA,Universities
421,VU University Medical Center,NLD,Health
422,Politecnico di Milano,ITA,Universities
422,Technische Universitat Berlin,DEU,Universities
423,University of Malaya *,MYS,Universities
423,University of Dundee,GBR,Universities
424,Otto-Friedrich-Universitat Bamberg,DEU,Universities
424,The University of Hull,GBR,Universities
425,Barnard College,USA,Universities
425,Loyola University of Chicago *,USA,Universities
425,"New York University, Abu Dhabi",ARE,Universities
425,Universitat Basel,CHE,Universities
425,Universite de Lorraine *,FRA,Universities
426,"University of Missouri, Saint Louis",USA,Universities
426,Central Queensland University,AUS,Universities
427,"University of California, Santa Cruz",USA,Universities
427,Birmingham City University,GBR,Universities
427,Swinburne University of Technology *,AUS,Universities
428,Helmut Schmidt Universitat - Universitat der Bundeswehr Hamburg,DEU,Universities
429,Xi'an Jiaotong University *,CHN,Universities
430,Universite de Neuchatel,CHE,Universities
431,Eotvos Lorand University,HUN,Universities
432,Royal Institute of Technology,SWE,Universities
432,Harvard Medical School,USA,Universities
433,University of Westminster,GBR,Universities
433,North-West University,ZAF,Universities
434,Universidade Federal do Rio de Janeiro,BRA,Universities
435,Justus-Liebig-Universitat Giessen *,DEU,Universities
436,University of Mississippi *,USA,Universities
437,Universidad Carlos III de Madrid *,ESP,Universities
437,Singapore Management University,SGP,Universities
438,Johannes Kepler Universitat Linz,AUT,Universities
439,Murdoch University,AUS,Universities
439,Auburn University,USA,Universities
440,Wilfrid Laurier University,CAN,Universities
440,Central University of Finance and Economics,CHN,Universities
440,Universidad de la Costa,COL,Universities
441,Murdoch Children's Research Institute,AUS,Health
441,Vilnius Gediminas Technical University,LTU,Universities
442,Politecnico di Torino *,ITA,Universities
442,Centro de Ciencias Humanas y Sociales,ESP,Government
443,Technische Universitat Munchen *,DEU,Universities
443,University of Western Sydney,AUS,Universities
443,University of Bradford,GBR,Universities
444,Universita degli Studi di Napoli Federico II,ITA,Universities
445,Deutsches Institut fur Wirtschaftsforschung,DEU,Government
445,Eberhard-Karls-Universitat Tubingen,DEU,Universities
445,Brigham and Women's Hospital,USA,Health
445,Universite Paris-Saclay *,FRA,Universities
446,Universitat St Gallen,CHE,Universities
446,University of Chinese Academy of Sciences,CHN,Universities
447,Corvinus University of Budapest,HUN,Universities
447,Universite de Liege,BEL,Universities
447,Interdisciplinary Center Herzliya,ISR,Universities
447,Case Western Reserve University,USA,Universities
447,University of Gloucestershire,GBR,Universities
448,State University of New York at Binghamton,USA,Universities
448,University of Agder,NOR,Universities
449,Marquette University,USA,Universities
449,"University of Maryland, Baltimore County",USA,Universities
450,University College Cork *,IRL,Universities
451,The Hong Kong University of Science and Technology,HKG,Universities
451,University of Macau,MAC,Universities
452,Appalachian State University,USA,Universities
452,Xiamen University *,CHN,Universities
452,Universitat Ramon Llull *,ESP,Universities
453,National Taiwan Normal University,TWN,Universities
454,"University of Wisconsin, Milwaukee",USA,Universities
455,Colby College,USA,Universities
456,Bournemouth University,GBR,Universities
456,Northern Illinois University,USA,Universities
457,Glasgow Caledonian University,GBR,Universities
458,Covenant University,NGA,Universities
458,"University of Science, Malaysia *",MYS,Universities
459,Stanford Medicine,USA,Health
459,"City University of New York, Hunter College",USA,Universities
460,Universidad del Pais Vasco *,ESP,Universities
461,Brock University,CAN,Universities
462,Bowling Green State University,USA,Universities
462,Ecole Normale Superieure de Paris *,FRA,Universities
462,Shandong University *,CHN,Universities
463,Universidad Nacional de Colombia *,COL,Universities
464,Lomonosov  Moscow State University,RUS,Universities
465,Shanxi University,CHN,Universities
466,Lulea University of Technology,SWE,Universities
467,Friedrich-Alexander-Universitat Erlangen-Nurnberg *,DEU,Universities
468,Aston University,GBR,Universities
469,Universite de Nantes *,FRA,Universities
470,Technische Universitat Dortmund *,DEU,Universities
471,Ecole Normale Superieure de Lyon *,FRA,Universities
471,Institute of Sociology Russian Academy of Sciences,RUS,Government
471,Philipps-Universitat Marburg *,DEU,Universities
472,Baylor University,USA,Universities
473,University of Greenwich,GBR,Universities
474,Universidade Nova de Lisboa,PRT,Universities
475,Universitat Koblenz-Landau,DEU,Universities
476,Max Planck Institut fur Bildungsforschung,DEU,Government
476,Chapman University,USA,Universities
476,Robert Gordon University,GBR,Universities
477,Universitat Rovira i Virgili *,ESP,Universities
478,Southwestern University of Finance and Economics,CHN,Universities
478,Korea University *,KOR,Universities
479,University of Saskatchewan,CAN,Universities
479,Universitat Politecnica de Valencia *,ESP,Universities
480,De Montfort University,GBR,Universities
481,Columbia University Irving Medical Center,USA,Health
482,Grand Valley State University,USA,Universities
483,University of Limerick,IRL,Universities
484,Universite du Luxembourg,LUX,Universities
484,Universidad de Cantabria *,ESP,Universities
484,Oxford Brookes University,GBR,Universities
485,"City University of New York, Queens College",USA,Universities
486,University of Crete,GRC,Universities
486,Anglia Ruskin University,GBR,Universities
486,University of Southern Queensland,AUS,Universities
487,Sam Houston State University,USA,Universities
487,Memorial University of Newfoundland,CAN,Universities
488,Universitat Luzern,CHE,Universities
489,"University of North Carolina, Greensboro",USA,Universities
490,"National University of Ireland, Maynooth",IRL,Universities
491,Western New England University,USA,Universities
492,Bangor University,GBR,Universities
493,Kent State University,USA,Universities
493,Abo Academy University,FIN,Universities
493,Hungarian Academy of Sciences *,HUN,Government
494,University of Ghana,GHA,Universities
494,Koc University,TUR,Universities
495,National Taiwan University,TWN,Universities
496,"University of Tennessee, Chattanooga",USA,Universities
497,Johannes Gutenberg-Universitat Mainz *,DEU,Universities
498,Chung-Ang University *,KOR,Universities
499,Jawaharlal Nehru University,IND,Universities
500,Tallinn University of Technology,EST,Universities
500,Bilkent University,TUR,Universities
500,China Agricultural University,CHN,Universities
501,Universidad Nacional de Educacion a Distancia *,ESP,Universities
502,Charles Sturt University,AUS,Universities
502,"University of Texas, Arlington",USA,Universities
503,Wake Forest University *,USA,Universities
503,University of Stavanger,NOR,Universities
504,Universitat Augsburg,DEU,Universities
504,University of Nevada-Las Vegas,USA,Universities
505,Lingnan University,HKG,Universities
506,University of Social Sciences and Humanities,POL,Universities
507,Liverpool John Moores University,GBR,Universities
507,Universidad de Huelva *,ESP,Universities
508,"University of Technology, Malaysia",MYS,Universities
508,University of Memphis,USA,Universities
509,BeiHang University *,CHN,Universities
509,Heriot-Watt University *,MUL,Universities
509,Centre de Cooperation Internationale en Recherche Agronomique pour le Developpement *,FRA,Government
510,Academy of Sciences of the Czech Republic *,CZE,Government
510,Southern Cross University,AUS,Universities
511,Fundacao Getulio Vargas,BRA,Universities
511,Kazan Federal University,RUS,Universities
512,RTI Health Solutions,USA,Companies
512,The Russian Presidential Academy of National Economy and Public Administration,RUS,Universities
512,Ball State University,USA,Universities
512,University of Miami Health System,USA,Health
513,Universitat Duisburg Essen *,DEU,Universities
513,North Dakota State University,USA,Universities
513,Northern University of Malaysia,MYS,Universities
514,"Wesleyan University, Middletown",USA,Universities
515,Universita degli Studi della Campania Luigi Vanvitelli,ITA,Universities
516,"Heriot-Watt University, United Kingdom",GBR,Universities
516,"California State University, Fullerton",USA,Universities
517,Nanjing Agricultural University,CHN,Universities
517,Edge Hill University,GBR,Universities
518,Sodertorn University,SWE,Universities
519,Institucio Catalana de Recerca i Estudis Avancats,ESP,Government
519,BI Norwegian Business School,NOR,Universities
520,University of the Western Cape,ZAF,Universities
520,"Institut National de Recherche pour l'Agriculture, l'Alimentation et l'Environnement *",FRA,Government
520,Nicolaus Copernicus University,POL,Universities
521,James Cook University *,AUS,Universities
522,Polish Academy of Sciences *,POL,Government
523,Universidade Estadual de Campinas,BRA,Universities
523,Aberystwyth University,GBR,Universities
523,Texas Christian University,USA,Universities
523,CESifo Group,DEU,Non-Profit
524,Villanova University,USA,Universities
524,University of Central Lancashire,GBR,Universities
524,Universidade da Coruna,ESP,Universities
524,Edinburgh Napier University,GBR,Universities
525,Old Dominion University,USA,Universities
525,Universitat Oberta de Catalunya,ESP,Universities
526,Russian State Social University,RUS,Universities
526,"Universite Pantheon Sorbonne, Paris1 *",FRA,Universities
527,University of Tampa,USA,Universities
528,Universidade do Minho,PRT,Universities
528,Moscow State Institute of International Relations,RUS,Universities
528,Florida Atlantic University,USA,Universities
529,University of Tsukuba *,JPN,Universities
530,University of Canterbury,NZL,Universities
531,University of Nevada-Reno,USA,Universities
531,Universita Cattolica del Sacro Cuore,ITA,Universities
531,University of Tartu,EST,Universities
532,Technische Universitat Braunschweig,DEU,Universities
533,University of Tromso - The Arctic University of Norway,NOR,Universities
534,University of Oulu,FIN,Universities
534,The University of Northampton,GBR,Universities
535,Northwestern Medicine,USA,Health
536,American University of Beirut *,LBN,Universities
537,Sungkyunkwan University,KOR,Universities
538,"Southern Illinois University, Carbondale *",USA,Universities
538,Universita degli Studi di Trieste,ITA,Universities
539,"IE Universidad, Segovia *",ESP,Universities
539,"IE Universidad, Madrid",ESP,Universities
540,Jacobs University Bremen,DEU,Universities
540,"California State University, Northridge",USA,Universities
541,San Francisco State University,USA,Universities
541,University of the Free State,ZAF,Universities
542,Universitat Kassel,DEU,Universities
543,Mississippi State University,USA,Universities
544,Universita degli Studi di Pisa,ITA,Universities
545,Skidmore College,USA,Universities
546,University of Hertfordshire,GBR,Universities
547,University of Vermont,USA,Universities
548,Karolinska Institute,SWE,Universities
549,Wellesley College,USA,Universities
550,Universita degli Studi di Napoli Parthenope,ITA,Universities
551,Teachers College of Columbia University,USA,Universities
551,University of Cyprus,CYP,Universities
552,Michigan Technological University,USA,Universities
552,University of Teesside,GBR,Universities
552,Universidad de Almeria,ESP,Universities
552,Universitat Hohenheim,DEU,Universities
552,Jagiellonian University,POL,Universities
552,"University of Massachusetts, Lowell",USA,Universities
553,Hasanuddin University,IDN,Universities
554,Universidad de Malaga *,ESP,Universities
554,Luxembourg Institute of Socio-Economic Research,LUX,Government
555,Nord University,NOR,Universities
556,Guangzhou University,CHN,Universities
556,Ruhr-Universitat Bochum *,DEU,Universities
557,Davidson College,USA,Universities
558,Universita degli Studi di Cagliari,ITA,Universities
559,Universidade Federal de Minas Gerais,BRA,Universities
559,Kingston University,GBR,Universities
560,"University of North Carolina, Wilmington",USA,Universities
560,Babes-Bolyai University,ROU,Universities
560,Cracow University of Economics,POL,Universities
561,Kyoto University *,JPN,Universities
561,Universitat de Girona,ESP,Universities
562,Malmo University,SWE,Universities
563,Universita degli Studi di Siena,ITA,Universities
563,Claremont Graduate University,USA,Universities
564,University of Windsor,CAN,Universities
565,Romanian Academy *,ROU,Government
566,University of Information Technology and Management in Rzeszow,POL,Universities
566,Universidade Federal do Parana,BRA,Universities
566,Tallinn University,EST,Universities
567,Central Michigan University,USA,Universities
567,"University of Arkansas, Fayetteville",USA,Universities
567,Consiglio Nazionale delle Ricerche *,ITA,Government
568,Universita della Svizzera Italiana,CHE,Universities
568,Universitat Stuttgart,DEU,Universities
569,Jonkoping University,SWE,Universities
569,Victoria University,AUS,Universities
569,Universite du Quebec en Trois-Rivieres,CAN,Universities
570,Martin-Luther-Universitat Halle-Wittenberg *,DEU,Universities
571,Xi'an Jiaotong-Liverpool University,CHN,Universities
572,Western Washington University,USA,Universities
573,Institut National de la Sante et de la Recherche Medicale *,FRA,Health
574,"California State University, Long Beach",USA,Universities
575,University of Indonesia,IDN,Universities
575,Universita degli Studi di Salerno,ITA,Universities
575,Karlstad University,SWE,Universities
575,Montclair State University,USA,Universities
576,Ural Federal University,RUS,Universities
577,Universidad de Murcia *,ESP,Universities
577,Shanghai University of Finance and Economics,CHN,Universities
578,Universidad de Costa Rica,CRI,Universities
578,UC San Diego Health System,USA,Health
578,East Carolina University,USA,Universities
579,University of Bucharest,ROU,Universities
579,University of Ontario Institute of Technology,CAN,Universities
579,COMSATS Institute of Information Technology *,PAK,Universities
580,Comenius University in Bratislava,SVK,Universities
580,Universita degli Studi di Genova,ITA,Universities
581,"University of Texas, El Paso",USA,Universities
581,University of Belgrade,SRB,Universities
582,Universidad Catolica de Temuco,CHL,Universities
583,Universitat d'Alacant *,ESP,Universities
583,Universidade Federal do Rio Grande do Sul,BRA,Universities
583,University of Pennsylvania Health System,USA,Health
584,East China University of Science and Technology,CHN,Universities
584,Mid Sweden University,SWE,Universities
585,Universidad de Alcala *,ESP,Universities
585,University of the West of Scotland,GBR,Universities
585,University of Nottingham China Campus,CHN,Universities
585,Rzeszow University of Technology,POL,Universities
586,Ohio University,USA,Universities
587,Universidad de Salamanca *,ESP,Universities
587,"University of New England, Australia",AUS,Universities
588,Linnaeus University,SWE,Universities
588,University of Bedfordshire,GBR,Universities
588,Universidade de Santiago de Compostela *,ESP,Universities
589,Universidad del Rosario *,COL,Universities
589,Universite de Paris *,FRA,Universities
590,University of San Francisco,USA,Universities
591,Instituto de Salud Carlos III *,ESP,Health
591,Williams College,USA,Universities
591,Universita degli Studi Ca Foscari di Venezia,ITA,Universities
592,Tohoku University *,JPN,Universities
592,"City University of New York, City College",USA,Universities
593,Gottfried Wilhelm Leibniz Universitat Hannover,DEU,Universities
593,Ecole Nationale des Ponts ParisTech,FRA,Universities
594,Osaka University *,JPN,Universities
594,"Baruch College, City University of New York",USA,Universities
594,DePaul University,USA,Universities
595,Amherst College,USA,Universities
596,Mykolo Romerio Universitetas,LTU,Universities
596,Boise State University,USA,Universities
597,Universidad de Navarra *,ESP,Universities
597,Universidad Rey Juan Carlos *,ESP,Universities
598,Universite PSL *,FRA,Universities
599,Waseda University,JPN,Universities
599,Tokyo Institute of Technology,JPN,Universities
600,Universidade Federal de Santa Catarina,BRA,Universities
601,University of Lodz,POL,Universities
601,Hiroshima University *,JPN,Universities
602,Karl Franzens Universitat Graz *,AUT,Universities
602,"Queen Margaret University, Edinburgh",GBR,Universities
603,Children's Hospital Boston  *,USA,Health
604,University of Tehran,IRN,Universities
604,Aix-Marseille Universite *,FRA,Universities
605,Swarthmore College,USA,Universities
606,Heinrich Heine Universitat Dusseldorf  *,DEU,Universities
606,Sorbonne Universite *,FRA,Universities
607,University of Derby,GBR,Universities
607,"California State University, Fresno",USA,Universities
608,University of Iceland,ISL,Universities
609,Universitat Jaume I *,ESP,Universities
610,University of Connecticut Health Center,USA,Universities
611,Universite Grenoble-Alpes *,FRA,Universities
611,University West,SWE,Universities
612,Universidad Pablo de Olavide *,ESP,Universities
612,Towson University,USA,Universities
613,Nanjing Normal University,CHN,Universities
613,University of Texas Medical Branch ,USA,Universities
613,FernUniversitat in Hagen,DEU,Universities
614,Illinois State University,USA,Universities
615,Norwegian School of Economics,NOR,Universities
616,Nazarbayev University,KAZ,Universities
616,Instituto Tecnologico y de Estudios Superiores de Monterrey,MEX,Universities
617,Boston University Medical Campus ,USA,Health
617,Kwame Nkrumah University of Science and Technology,GHA,Universities
617,Technische Universitat Darmstadt,DEU,Universities
618,The University of Winnipeg,CAN,Universities
619,Universidad de Valladolid *,ESP,Universities
619,Osterreichische Akademie der Wissenschaften *,AUT,Government
619,Universite de Strasbourg *,FRA,Universities
620,University of Southern Mississippi,USA,Universities
620,Manipal Global Education Group *,MUL,Companies
621,Poznan University of Economics and Business ,POL,Universities
621,College of William and Mary,USA,Universities
621,Mount Sinai Health System *,USA,Health
621,Universidad Adolfo Ibanez,CHL,Universities
622,Idaho State University,USA,Universities
622,University of Northern British Columbia,CAN,Universities
623,Occidental College,USA,Universities
623,Universita degli Studi di Roma Tor Vergata,ITA,Universities
624,Universidad Diego Portales,CHL,Universities
625,Colgate University,USA,Universities
626,Ecole d'Economie de Paris,FRA,Government
626,Middlebury College,USA,Universities
626,Universitat de Lleida,ESP,Universities
627,Alexandru Ioan Cuza University,ROU,Universities
627,Universite Paris Nanterre *,FRA,Universities
628,Universidad de Castilla-La Mancha *,ESP,Universities
629,University of Wroclaw,POL,Universities
629,London South Bank University,GBR,Universities
629,Sultan Qaboos University *,OMN,Universities
629,Universidad de Jaen *,ESP,Universities
630,Oakland University,USA,Universities
631,Smith College,USA,Universities
631,University of Economics,CZE,Universities
631,National Academy of Sciences of Ukraine *,UKR,Government
631,Universidad de Cordoba *,ESP,Universities
632,Naval Postgraduate School,USA,Universities
632,University of Gdansk,POL,Universities
633,Free University of Bozen,ITA,Universities
633,Medical University of South Carolina *,USA,Universities
633,"California State University, San Bernardino",USA,Universities
633,Pusan National University,KOR,Universities
634,Huazhong Normal University,CHN,Universities
634,Zhongnan University of Economics and Law,CHN,Universities
635,"University of Colorado, Anschutz Medical Campus",USA,Universities
635,Universidade do Estado do Rio de Janeiro,BRA,Universities
635,High Point University,USA,Universities
636,National Institute for Health and Welfare,FIN,Health
636,Qatar University,QAT,Universities
637,Tomsk State University,RUS,Universities
638,Universidade Federal da Bahia,BRA,Universities
638,Universitat der Bundeswehr Munchen,DEU,Universities
638,UCLA Health System,USA,Health
638,Cleveland State University,USA,Universities
639,Lehigh University,USA,Universities
640,West University of Timisoara,ROU,Universities
640,Lakehead University,CAN,Universities
640,Royal Military College of Canada,CAN,Universities
640,Seattle University,USA,Universities
641,Southern Methodist University,USA,Universities
642,Organisation for Economic Co-operation and Development,FRA,Non-Profit
642,Universidad de La Laguna,ESP,Universities
643,Pontificia Universidad Javeriana *,COL,Universities
643,Icahn School of Medicine at Mount Sinai,USA,Universities
643,Universite Paris-Nord 13 *,FRA,Universities
644,Zhejiang University of Finance and Economics,CHN,Universities
644,University of Pittsburgh Health Sciences,USA,Universities
644,Universidad de Talca *,CHL,Universities
644,Zhejiang Gongshang University,CHN,Universities
644,Universidade da Beira Interior,PRT,Universities
645,Vilnius University,LTU,Universities
645,Peoples'Friendship University of Russia,RUS,Universities
645,"Indian Institute of Technology, Delhi",IND,Universities
646,"California State University, Sacramento",USA,Universities
647,"University of Michigan, Dearborn",USA,Universities
647,University of South-Eastern Norway,NOR,Universities
647,Georgia Southern University,USA,Universities
647,Qingdao University *,CHN,Universities
648,University of South Wales,GBR,Universities
648,University Putra Malaysia,MYS,Universities
648,University of Lethbridge,CAN,Universities
648,"University of Maine, Orono",USA,Universities
649,Manipal University,IND,Universities
649,University of Arkansas at Little Rock,USA,Universities
650,University of Richmond,USA,Universities
650,Universidade Federal Fluminense,BRA,Universities
650,Lafayette College,USA,Universities
651,San Jose State University,USA,Universities
652,University of Rhode Island,USA,Universities
652,Southern Federal University,RUS,Universities
653,Ariel University *,ISR,Universities
653,Hunan University,CHN,Universities
654,University of Northern Colorado *,USA,Universities
654,Western Kentucky University,USA,Universities
655,El Colegio de Mexico,MEX,Universities
655,Carl von Ossietzky Universitat Oldenburg,DEU,Universities
656,Shanghai University,CHN,Universities
657,NYU Langone Medical Center,USA,Health
657,University of New Brunswick,CAN,Universities
658,Universita degli Studi Roma Tre,ITA,Universities
658,New Mexico State University,USA,Universities
658,Taras Shevchenko National University of Kyiv,UKR,Universities
659,"University of Texas, Health Science Center at Houston",USA,Universities
660,Czech University of Life Sciences Prague,CZE,Universities
660,University of Delhi *,IND,Universities
660,Marmara University *,TUR,Universities
661,Fairfield University,USA,Universities
661,Universitat Siegen,DEU,Universities
661,Charles Darwin University *,AUS,Universities
662,Xi'an University of Architecture and Technology,CHN,Universities
663,Ewha Womans University *,KOR,Universities
663,Rowan University,USA,Universities
663,"Universidad Andres Bello, Chile",CHL,Universities
664,University of South Bohemia,CZE,Universities
664,Metropolitan State University,USA,Universities
665,"Texas A&M University, Corpus Christi",USA,Universities
665,Technische Universitat Kaiserslautern,DEU,Universities
665,Universidade Federal de Sao Carlos,BRA,Universities
665,Universidad de Extremadura *,ESP,Universities
665,Facultad Latinoamericana de Ciencias Sociales *,MUL,Universities
665,Universitas Negeri Sebelas Maret,IDN,Universities
665,Universitat Klagenfurt,AUT,Universities
666,University for Development Studies,GHA,Universities
666,University of the Sunshine Coast,AUS,Universities
666,Al-Farabi Kazakh National University,KAZ,Universities
666,Yeshiva University,USA,Universities
667,MacEwan University,CAN,Universities
668,Lahore University of Management Sciences,PAK,Universities
668,Universite de Bordeaux *,FRA,Universities
669,Gran Sasso Science Institute,ITA,Universities
669,Universidad Nacional de La Plata *,ARG,Universities
670,Institut de Recherche pour le Developpement Paris *,FRA,Government
670,Technische Universitat Chemnitz,DEU,Universities
671,York St John University,GBR,Universities
671,Stockholm School of Economics,SWE,Universities
672,Sherbrooke University,CAN,Universities
672,Scuola Superiore S. Anna di Studi Universitari e di Perfezionamento,ITA,Universities
673,"California State University, Los Angeles",USA,Universities
673,Universita degli Studi di Modena e Reggio Emilia,ITA,Universities
674,University of Minnesota Health and Medicine,USA,Universities
674,University of Cape Coast,GHA,Universities
674,Rheinisch-Westfalische Technische Hochschule Aachen,DEU,Universities
674,University of Dar es Salaam,TZA,Universities
674,Plekhanov Russian University of Economics,RUS,Universities
675,Bucknell University,USA,Universities
675,"University of Colorado, Colorado Springs",USA,Universities
676,Western Michigan University,USA,Universities
676,Seton Hall University,USA,Universities
677,Conselho Nacional de Desenvolvimento Cientifico e Tecnologico,BRA,Government
677,Tomsk Polytechnic University,RUS,Universities
678,Kaunas University of Technology ,LTU,Universities
678,Wheaton College,USA,Universities
678,University of Chester,GBR,Universities
679,International Islamic University Malaysia,MYS,Universities
680,Kennesaw State University,USA,Universities
681,Edith Cowan University,AUS,Universities
681,University of Pecs,HUN,Universities
682,Universidade Federal do ABC,BRA,Universities
682,Universidad Nacional de Quilmes,ARG,Universities
682,Universita del Salento,ITA,Universities
682,Konkuk University *,KOR,Universities
683,Northern Arizona University,USA,Universities
683,Palacky University,CZE,Universities
683,National Chengchi University,TWN,Universities
684,Universite Gustave Eiffel *,FRA,Universities
684,Chulalongkorn University,THA,Universities
684,University of Malta,MLT,Universities
684,Al Ain University,ARE,Universities
685,Universita degli Studi di Pavia,ITA,Universities
686,Financial University Under the Government of the Russian Federation,RUS,Universities
687,Universidade de Aveiro,PRT,Universities
687,Universitat de Vic,ESP,Universities
687,Santa Clara University,USA,Universities
688,Open University of Israel,ISR,Universities
689,University of North Florida,USA,Universities
689,De La Salle University,PHL,Universities
689,Academia Sinica *,TWN,Government
690,University of Nairobi,KEN,Universities
691,Malardalen University College,SWE,Universities
691,Universidad de Cadiz *,ESP,Universities
691,Sabanci University,TUR,Universities
691,Universidade Estadual Paulista Julio de Mesquita Filho,BRA,Universities
692,Ilia State University,GEO,Universities
693,Universidad Miguel Hernandez *,ESP,Universities
694,University of Athens,GRC,Universities
695,National Bureau of Economic Research,USA,Non-Profit
695,University of North Dakota,USA,Universities
696,Universita degli Studi Gabriele d'Annunzio di Chieti e Pescara,ITA,Universities
697,Eastern Kentucky University,USA,Universities
698,Dongguk University *,KOR,Universities
699,University of Nigeria,NGA,Universities
699,Ostfold University College,NOR,Universities
699,Universidad del Desarrollo,CHL,Universities
700,Cranfield University,GBR,Universities
701,Bowdoin College,USA,Universities
701,University of the Philippines Diliman *,PHL,Universities
702,Brawijaya University,IDN,Universities
702,"University of the West Indies, Mona Campus *",JAM,Universities
703,Universita degli Studi di Verona,ITA,Universities
703,Universidad de Concepcion *,CHL,Universities
704,Airlangga university,IDN,Universities
705,Univerzita Mateja Bela v Banskej Bystrici,SVK,Universities
705,Incheon National University,KOR,Universities
706,Chinese Academy of Social Sciences,CHN,Government
706,Universite Vincennes-Saint-Denis - Paris 8 *,FRA,Universities
706,King Abdulaziz University *,SAU,Universities
707,United States Military Academy at West Point,USA,Universities
707,Immanuel Kant Baltic Federal University,RUS,Universities
707,"AgroParisTech, Institut des Sciences et Industries du Vivant et de l'Environnement",FRA,Universities
707,Jinan University *,CHN,Universities
707,University of Mazandaran,IRN,Universities
708,"City University of New York, Brooklyn College",USA,Universities
708,University of Gavle,SWE,Universities
709,National University of Public Service,HUN,Universities
710,University of International Business and Economics,CHN,Universities
710,Women's College Hospital,CAN,Health
710,Zayed University,ARE,Universities
710,Universita degli Studi di Udine,ITA,Universities
711,Instituto Tecnologico Autonomo de Mexico,MEX,Universities
711,Universitat Trier,DEU,Universities
712,Universita degli Studi di Brescia,ITA,Universities
713,Universite Paris-Est Creteil *,FRA,Universities
713,Kyung Hee University *,KOR,Universities
713,Hokkaido University *,JPN,Universities
713,John Paul II Catholic University of Lublin,POL,Universities
714,The College of New Jersey,USA,Universities
714,Universidad de la Republica *,URY,Universities
715,Universidad de Santiago de Chile,CHL,Universities
716,West Chester University of Pennsylvania,USA,Universities
716,Augusta University *,USA,Universities
717,National University of Malaysia *,MYS,Universities
717,Universidad EAFIT,COL,Universities
718,Universita degli Studi di Urbino Carlo Bo,ITA,Universities
718,"Universidad Nacional de San Martin, Argentina *",ARG,Universities
718,Slovak Academy of Sciences *,SVK,Government
718,Universita degli Studi di Macerata,ITA,Universities
719,Vytautas Magnus University,LTU,Universities
719,"Universidad Iberoamericana, Mexico",MEX,Universities
720,Universita degli Studi di Perugia,ITA,Universities
721,"Vietnam National University, Hanoi",VNM,Universities
722,Eastern Mediterranean University,CYP,Universities
722,Universite de Lille *,FRA,Universities
723,Nelson Mandela Metropolitan University,ZAF,Universities
723,Universite de Fribourg,CHE,Universities
724,Southwest University *,CHN,Universities
724,Ateneo de Manila University,PHL,Universities
725,University of Dhaka,BGD,Universities
725,Universidad Nacional de Cordoba *,ARG,Universities
726,Zurich University of Applied Sciences,CHE,Universities
726,Universidade de Vigo *,ESP,Universities
726,L. N. Gumilov Eurasian National University,KAZ,Universities
726,State University of West Georgia,USA,Universities
727,Sophia University,JPN,Universities
728,Human Sciences Research Council of South Africa,ZAF,Government
729,Pontificia Universidad Catolica de Valparaiso *,CHL,Universities
729,Trent University,CAN,Universities
730,Kozminski University,POL,Universities
731,Texas Woman's University,USA,Universities
731,Universidade de Evora,PRT,Universities
732,Kyiv National Economics University,UKR,Universities
732,University of Rijeka,HRV,Universities
732,Universiti Brunei Darussalam,BRN,Universities
732,Keio University *,JPN,Universities
733,Universidad de Puerto Rico *,PRI,Universities
733,Universidad de Antioquia *,COL,Universities
733,Sunway University,MYS,Universities
734,Adam Mickiewicz University,POL,Universities
734,"University of Alaska, Anchorage",USA,Universities
734,University of Szczecin,POL,Universities
734,University of Maribor,SVN,Universities
735,Democritus University Of Thrace,GRC,Universities
735,Universidad Alberto Hurtado,CHL,Universities
736,Universidad Autonoma Metropolitana,MEX,Universities
736,Kyiv National University of Trade and Economics,UKR,Universities
736,Universita degli Studi di Bergamo,ITA,Universities
736,United Arab Emirates University,ARE,Universities
736,University of Debrecen,HUN,Universities
737,National Chung Cheng University,TWN,Universities
738,Universidad Antonio de Nebrija,ESP,Universities
738,Bentley University,USA,Universities
738,Universidade Federal de Pernambuco,BRA,Universities
738,Howard University *,USA,Universities
739,"University of Nebraska, Kearney",USA,Universities
740,University of Latvia,LVA,Universities
740,U.S. Army *,USA,Government
740,Kobe University *,JPN,Universities
741,Universidad Autonoma de Chile,CHL,Universities
741,Fundacao Oswaldo Cruz *,BRA,Health
741,Zhengzhou University *,CHN,Universities
742,Diponegoro University,IDN,Universities
743,VSB-Technical University of Ostrava,CZE,Universities
744,University of Economics in Bratislava,SVK,Universities
745,Universidad de las Americas Puebla,MEX,Universities
746,University of Lapland,FIN,Universities
746,University at Texas Rio Grande Valley,USA,Universities
747,"California State University, East Bay",USA,Universities
748,Middle Tennessee State University,USA,Universities
749,Bard College,USA,Universities
749,Universita della Calabria,ITA,Universities
750,Escola de Administracao de Empresas de Sao Paulo da Fundacao Getulio Vargas,BRA,Universities
751,Universita degli Studi di Catania,ITA,Universities
752,Universite Lumiere Lyon 2 *,FRA,Universities
752,University of Ibadan,NGA,Universities
752,Pontificia Universidade Catolica do Rio de Janeiro,BRA,Universities
752,University of Fort Hare,ZAF,Universities
753,National Sun Yat-sen University,TWN,Universities
753,"University of the Punjab, Lahore",PAK,Universities
754,University of Jordan,JOR,Universities
755,Universidade Federal de Santa Maria *,BRA,Universities
756,Pontificia Universidad Catolica del Peru,PER,Universities
757,Mahidol University *,THA,Universities
758,Universidad de La Sabana,COL,Universities
759,Duquesne University,USA,Universities
760,Universidad Catolica del Norte,CHL,Universities
761,Universidad de Tarapaca,CHL,Universities
761,Weber State University,USA,Universities
761,Universitat de les Illes Balears *,ESP,Universities
762,Institute of Philosophy Russian Academy of Sciences,RUS,Government
763,National Taipei University,TWN,Universities
763,University of Akron,USA,Universities
763,Makerere University *,UGA,Universities
764,University of Zimbabwe,ZWE,Universities
765,Universidad de Valparaiso,CHL,Universities
766,Universidad Publica de Navarra *,ESP,Universities
766,"University of Wisconsin, Whitewater",USA,Universities
767,University of San Diego,USA,Universities
767,International Islamic University,PAK,Universities
767,University of Hradec Kralove,CZE,Universities
767,Western Carolina University,USA,Universities
767,Christ University,IND,Universities
768,Pontificia Universidade Catolica do Rio Grande do Sul,BRA,Universities
768,Bergische Universitat Wuppertal,DEU,Universities
769,"California Polytechnic State University, San Luis Obispo",USA,Universities
769,Ankara University,TUR,Universities
769,Universite Paris Dauphine,FRA,Universities
770,South Asian University,IND,Universities
770,Universiti Teknologi MARA,MYS,Universities
771,Universita degli Studi di Bari,ITA,Universities
771,"Universidad del Pacifico, Peru",PER,Universities
771,N.I. Lobachevsky State University of Nizhni Novgorod *,RUS,Universities
771,Universidad Libre,COL,Universities
771,Universidade Federal de Sao Paulo *,BRA,Universities
771,Universidade de Tras-os-Montes e Alto Douro,PRT,Universities
771,Universite de Versailles Saint Quentin en Yvelines *,FRA,Universities
771,"Indian Institute of Technology, Madras",IND,Universities
772,Creighton University,USA,Universities
772,Universita degli Studi di Palermo,ITA,Universities
773,Lebanese American University *,LBN,Universities
773,Fujian Agriculture and Forestry University,CHN,Universities
774,Ecole Pratique des Hautes Etudes,FRA,Universities
774,Carleton College,USA,Universities
774,Universidade Federal do Ceara,BRA,Universities
775,College of Charleston,USA,Universities
776,College of the Holy Cross,USA,Universities
776,Near East University,CYP,Universities
777,"University of the South Pacific, Fiji",FJI,Universities
778,Slovenian Academy of Sciences and Arts *,SVN,Government
778,William Paterson University,USA,Universities
779,Universitas Muhammadiyah Yogyakarta,IDN,Universities
780,Universidad de Guadalajara,MEX,Universities
781,Missouri State University,USA,Universities
782,Russian State University for the Humanities,RUS,Universities
782,Universidad de la Frontera,CHL,Universities
782,Universite Clermont-Auvergne,FRA,Universities
782,"Universidad de Leon, Spain *",ESP,Universities
783,Hankuk University of Foreign Studies,KOR,Universities
784,Volgograd State University,RUS,Universities
784,University of Regina,CAN,Universities
785,Karadeniz Technical University,TUR,Universities
786,Universita degli Studi di Messina,ITA,Universities
786,Universitat Bayreuth,DEU,Universities
787,Universidad Nacional de Rosario *,ARG,Universities
788,University of Dayton,USA,Universities
789,"Indian Institute of Technology, Bombay",IND,Universities
789,Universidad de Medellin,COL,Universities
790,"University of Missouri, Kansas City",USA,Universities
790,National Cheng Kung University,TWN,Universities
791,Bulgarian Academy of Sciences *,BGR,Government
791,"University of Wisconsin, Eau Claire",USA,Universities
792,University of Ostrava,CZE,Universities
792,"University of Minnesota, Duluth",USA,Universities
793,China University of Political Science and Law,CHN,Universities
794,University of West Florida,USA,Universities
795,"City University of New York, College of Staten Island",USA,Universities
795,Hacettepe University,TUR,Universities
796,Universidade Federal de Pelotas,BRA,Universities
797,University of Novi Sad,SRB,Universities
797,"Universidad del Norte, Barranquilla *",COL,Universities
798,V.N. Karazin Kharkiv National University,UKR,Universities
798,Fairleigh Dickinson University,USA,Universities
798,Universidad Austral de Chile *,CHL,Universities
799,Universite du Quebec en Outaouais,CAN,Universities
800,The American University in Cairo,EGY,Universities
801,Saint John's University,USA,Universities
802,International Institute for Population Sciences,IND,Universities
803,University of Zadar,HRV,Universities
803,Universidade Federal de Uberlandia,BRA,Universities
804,Maria Curie Sklodowska University,POL,Universities
804,"University of the West Indies, St. Augustine Campus",TTO,Universities
804,Baylor College of Medicine,USA,Universities
805,Claremont McKenna College,USA,Universities
806,Universidade Federal do Para,BRA,Universities
806,"Indian Institute of Management, Ahmedabad",IND,Universities
807,Bryn Mawr College,USA,Universities
807,Universite Cote d’Azur *,FRA,Universities
808,Universidad Internacional de La Rioja *,ESP,Universities
809,Huaqiao University,CHN,Universities
809,Woosong University,KOR,Universities
810,University Tunku Abdul Rahman,MYS,Universities
810,Hamad Bin Khalifa University *,QAT,Universities
810,Sogang University,KOR,Universities
811,The Max Stern Yezreel Valley College,ISR,Universities
811,University of South Florida-Saint Petersburg,USA,Universities
811,Institut National de la Recherche Scientifique,CAN,Universities
812,Pontificia Universidade Catolica do Parana,BRA,Universities
812,Gauhati University,IND,Universities
813,Doshisha University,JPN,Universities
813,University of Presov in Presov,SVK,Universities
814,Prince Sattam Bin Abdulaziz University,SAU,Universities
815,Universidade Federal da Paraiba,BRA,Universities
815,Moscow State Pedagogical University,RUS,Universities
815,Herzen State Pedagogical University of Russia,RUS,Universities
816,Universidade do Vale do Rio dos Sinos,BRA,Universities
816,Perm State University,RUS,Universities
817,Universita degli Studi di Ferrara,ITA,Universities
817,The Catholic University of America,USA,Universities
818,Universidad de Burgos,ESP,Universities
819,Universidade Federal de Sergipe,BRA,Universities
820,Hobart and William Smith Colleges,USA,Universities
820,Universidad Francisco de Vitoria *,ESP,Universities
820,Suan Sunandha Rajabhat University,THA,Universities
821,Pontificia Universidade Catolica de Sao Paulo,BRA,Universities
822,Mount Royal College,CAN,Universities
823,University of Namibia,NAM,Universities
823,North Eastern Federal University,RUS,Universities
823,"Universite Sorbonne Nouvelle, Paris 3 *",FRA,Universities
824,Universidade Federal de Ouro Preto,BRA,Universities
825,Padjadjaran University,IDN,Universities
825,Cardinal Stefan Wyszynski University in Warsaw,POL,Universities
826,Ritsumeikan University,JPN,Universities
827,Universita degli Studi dell'Insubria,ITA,Universities
827,Universite Jean Monnet *,FRA,Universities
827,State University of Management,RUS,Universities
828,Lampung University,IDN,Universities
829,"Universite Paul Sabatier, Toulouse III *",FRA,Universities
829,Universidad Nacional de Mar del Plata *,ARG,Universities
830,"California State University, Stanislaus",USA,Universities
831,Inland Norway University of Applied Sciences,NOR,Universities
831,VID Specialized University,NOR,Universities
832,U.S. Air Force,USA,Government
832,Ivan Franko National University of Lviv,UKR,Universities
833,Tyumen State University,RUS,Universities
834,University of Sharjah,ARE,Universities
835,Sofia University,BGR,Universities
835,University of Management and Technology,PAK,Universities
835,Saratov State University,RUS,Universities
836,Cyprus International University,CYP,Universities
836,Durban University of Technology,ZAF,Universities
837,Universite de Rennes 1 *,FRA,Universities
838,University of Botswana,BWA,Universities
838,"Moscow Aviation Institute, State University of Aerospace Technologies",RUS,Universities
839,Anadolu University,TUR,Universities
839,University of Sunderland,GBR,Universities
839,University of Northern Iowa,USA,Universities
840,Universidad Nacional de General Sarmiento,ARG,Universities
840,Azerbaijan State University of Economics,AZE,Universities
841,I.M. Sechenov First Moscow State Medical University,RUS,Universities
842,Universita degli Studi di Parma,ITA,Universities
843,"University of Wisconsin, Green Bay",USA,Universities
844,North-Caucasus Federal University,RUS,Universities
844,Southern Ural State University,RUS,Universities
845,Laureate International Universities *,MUL,Universities
846,Universidad Mayor *,CHL,Universities
847,Hansung University,KOR,Universities
848,Belgorod State University,RUS,Universities
849,"Oklahoma State University, Oklahoma City",USA,Universities
850,Pontificia Universidade Catolica de Minas Gerais,BRA,Universities
851,University of Benin,NGA,Universities
852,Universita degli Studi del Piemonte Orientale Amedeo Avogadro,ITA,Universities
853,Universidad Pontificia Bolivariana *,COL,Universities
853,St. Petersburg State Electrotechnical University,RUS,Universities
853,Hashemite University,JOR,Universities
854,Universidad Arturo Prat *,CHL,Universities
855,Shanghai Normal University,CHN,Universities
856,University of Lagos,NGA,Universities
856,Mendel University in Brno,CZE,Universities
856,Quaid-i-Azam University,PAK,Universities
857,European University of Lefke,CYP,Universities
857,Ozyegin University,TUR,Universities
858,Birla Institute of Technology and Science *,IND,Universities
858,Universita Politecnica delle Marche,ITA,Universities
859,Adelphi University,USA,Universities
859,Universite Jean Moulin Lyon 3 *,FRA,Universities
860,Belarusian State University,BLR,Universities
860,Universidad Catolica del Maule,CHL,Universities
860,University of Hyderabad,IND,Universities
861,Josip Juraj Strossmayer University of Osijek,HRV,Universities
862,Universidad de La Habana,CUB,Universities
863,"Kaiser Permanente, Oakland *",USA,Health
864,University of Limpopo,ZAF,Universities
865,Universite de Rouen Normandie *,FRA,Universities
866,Universite de Bourgogne *,FRA,Universities
867,Applied Science Private University,JOR,Universities
868,University of Guilan,IRN,Universities
868,University of Baghdad,IRQ,Universities
869,Yarmouk University,JOR,Universities
869,Altai State University,RUS,Universities
870,Dostoevsky Omsk State University,RUS,Universities
870,Prince Sultan University,SAU,Universities
871,Al-Balqa Applied University,JOR,Universities
872,University of Anbar,IRQ,Universities
