Global Rank,Institution,Country,Sector
1,U.S. Department of Health & Human Services *,USA,Health
2,Centers for Disease Control and Prevention,USA,Health
3,Harvard University *,USA,Universities
4,National Institutes of Health,USA,Health
5,"Wuhan Institute of Virology, Chinese Academy of Sciences",CHN,Government
6,Chinese Academy of Sciences *,CHN,Government
7,Johns Hopkins University *,USA,Universities
8,Harvard Medical School,USA,Universities
9,Institut National de la Sante et de la Recherche Medicale *,FRA,Health
10,Veterans Affairs Medical Centers *,USA,Health
11,University College London *,GBR,Universities
12,Medical Research Council,GBR,Health
13,University of Washington *,USA,Universities
14,Mayo Clinic *,USA,Health
15,Brigham and Women's Hospital,USA,Health
15,"University of North Carolina, Chapel Hill *",USA,Universities
16,Columbia University *,USA,Universities
17,"University of California, San Francisco *",USA,Universities
18,University of Pennsylvania *,USA,Universities
19,"Agency for Science, Technology and Research Singapore *",SGP,Government
20,World Health Organization *,MUL,Health
21,Erasmus University Rotterdam *,NLD,Universities
22,Shanghai Public Health Clinical Center,CHN,Health
23,Erasmus Medical Center,NLD,Health
24,Yale University *,USA,Universities
25,Stanford University *,USA,Universities
26,Washington University in Saint Louis *,USA,Universities
27,Helmholtz Gemeinschaft *,DEU,Government
28,"University of Michigan, Ann Arbor *",USA,Universities
29,Imperial College London,GBR,Universities
30,University of Oxford,GBR,Universities
31,Center for Disease Control and Prevention China,CHN,Health
32,Emory University *,USA,Universities
33,London School of Hygiene and Tropical Medicine,GBR,Universities
34,Massachusetts Institute of Technology *,USA,Universities
35,Samsung Corp *,MUL,Companies
36,University of Toronto,CAN,Universities
37,Centre Hospitalier Universitaire de Nantes *,FRA,Health
38,"University of California, San Diego *",USA,Universities
39,Instituto de Salud Carlos III *,ESP,Health
40,Institut d'Investigacions Biomediques August Pi i Sunyer,ESP,Health
41,University of Melbourne *,AUS,Universities
42,Karolinska Institute,SWE,Universities
43,Ministry of Health,SAU,Health
44,"University of California, Berkeley *",USA,Universities
45,Duke University *,USA,Universities
46,Massachusetts General Hospital,USA,Health
46,Fudan University *,CHN,Universities
47,New York State Department of Health *,USA,Health
48,Boston University *,USA,Universities
49,European Centre for Disease Prevention and Control,SWE,Health
50,Columbia University Irving Medical Center,USA,Health
51,National Cancer Institute,USA,Health
52,"World Health Organization, Switzerland",CHE,Health
53,Austin Health,AUS,Health
54,"World Health Organization, Denmark",DNK,Health
55,Peking Union Medical College Hospital Beijing,CHN,Health
55,Chinese Academy of Agricultural Sciences *,CHN,Government
56,F Hoffmann-La Roche *,MUL,Companies
57,Leibniz Gemeinschaft *,DEU,Government
58,"University of California, Los Angeles *",USA,Universities
59,National University Health System *,SGP,Health
60,"Eli Lilly and Company, United States",USA,Companies
61,German Cancer Consortium,DEU,Government
62,University of Pennsylvania Health System,USA,Health
63,Public Health England,GBR,Health
64,Centre National de la Recherche Scientifique *,FRA,Government
65,Deutsches Zentrum fur Neurodegenerative Erkrankungen,DEU,Government
66,University of Bristol,GBR,Universities
67,Washington University Medical Center ,USA,Health
68,US Food and Drug Administration,USA,Government
69,"GlaxoSmithKline, United States",USA,Companies
70,Yale University Health & Medicine,USA,Health
71,University of Cambridge *,GBR,Universities
72,Utrecht University *,NLD,Universities
73,University of Southern California *,USA,Universities
74,The University of Hong Kong *,HKG,Universities
75,Woodruff Health Sciences Center,USA,Health
76,Renmin Hospital of Wuhan University,CHN,Health
77,Zhongshan Hospital,CHN,Health
77,Assistance Publique Hopitaux de Paris *,FRA,Health
78,San Francisco VA Medical Center,USA,Health
79,University of North Texas Health Science Center,USA,Health
80,Hospital Clinic i Provincial de Barcelona,ESP,Health
81,University of Gothenburg,SWE,Universities
82,Eli Lilly *,MUL,Companies
83,Zhejiang University *,CHN,Universities
84,Johns Hopkins Medicine,USA,Health
85,"Hoffmann-La Roche Ltd, Switzerland",CHE,Companies
86,"Northwestern University, Evanston *",USA,Universities
87,Deutsches Krebsforschungszentrum,DEU,Government
87,Hospices Civils de Lyon *,FRA,Health
87,Tan Tock Seng Hospital,SGP,Health
88,University of Pittsburgh *,USA,Universities
89,Boston University Medical Campus ,USA,Health
90,University of Sydney,AUS,Universities
91,Vanderbilt University *,USA,Universities
92,National University of Singapore *,SGP,Universities
93,University of Copenhagen,DNK,Universities
93,Universitat Heidelberg,DEU,Universities
94,Vrije Universiteit Amsterdam *,NLD,Universities
94,"University of Wisconsin, Madison *",USA,Universities
95,Cornell University *,USA,Universities
95,Copenhagen University Hospital,DNK,Health
96,Charite - Universitatsmedizin Berlin *,DEU,Health
97,Stanford Medicine,USA,Health
98,Brown University,USA,Universities
98,Duke Medicine,USA,Health
98,Kings College London,GBR,Universities
99,Novartis *,MUL,Companies
100,Rheinische Friedrich-Wilhelms-Universitat Bonn *,DEU,Universities
101,Jilin University *,CHN,Universities
102,Westmead Hospital ,AUS,Health
103,Sun Yat-Sen University *,CHN,Universities
104,"University of Minnesota, Twin Cities *",USA,Universities
105,Aristotle University of Thessaloniki,GRC,Universities
106,Johnson & Johnson *,MUL,Companies
107,Tufts University,USA,Universities
108,Temple University *,USA,Universities
109,Universidade do Estado do Rio de Janeiro,BRA,Universities
110,Chinese Academy of Medical Sciences and Peking Union Medical College *,CHN,Universities
111,Berlin Institute of Health,DEU,Health
112,The University of British Columbia,CAN,Universities
113,Oregon State University,USA,Universities
114,University of New South Wales,AUS,Universities
115,National Institute for Public Health and the Environment,NLD,Health
116,Tehran University of Medical Sciences *,IRN,Universities
117,Barts and the London NHS Trust,GBR,Health
117,McGill University,CAN,Universities
118,VU University Medical Center,NLD,Health
119,The University of Edinburgh *,GBR,Universities
120,University of Florida *,USA,Universities
121,University of Chicago *,USA,Universities
122,Aarhus University *,DNK,Universities
123,University of Liverpool *,GBR,Universities
123,Mount Sinai Health System *,USA,Health
124,Pfizer *,MUL,Companies
125,University of Southern California Health Sciences Campus,USA,Health
126,Max Planck Gesellschaft *,DEU,Government
127,University of Amsterdam *,NLD,Universities
128,Wellcome Trust Sanger Institute,GBR,Health
128,Case Western Reserve University,USA,Universities
129,Istituto Superiore di Sanita,ITA,Health
129,Statens Serum Institut,DNK,Health
130,Indiana University-Purdue University Indianapolis,USA,Universities
131,"University of California, Davis *",USA,Universities
131,Wuhan University *,CHN,Universities
132,Medical College of Wisconsin,USA,Universities
133,Istituto Nazionale Malattie Infettive Lazzaro Spallanzani IRCCS,ITA,Health
134,Universite de Paris *,FRA,Universities
135,University of Utah *,USA,Universities
135,Universidade de Sao Paulo *,BRA,Universities
135,Capital University of Medical Sciences,CHN,Universities
136,University Medical Center Utrecht,NLD,Health
137,Fundacao Oswaldo Cruz *,BRA,Health
138,VA Northeast Ohio Healthcare System,USA,Health
138,New York University *,USA,Universities
139,Sorbonne Universite *,FRA,Universities
140,Institut Pasteur de Paris *,FRA,Health
141,University of Michigan Health System,USA,Health
142,The Chinese University of Hong Kong *,HKG,Universities
143,University of Helsinki,FIN,Universities
144,"Rutgers, The State University of New Jersey",USA,Universities
145,Royal Brompton and Harefield NHS Foundation Trust,GBR,Health
145,United States Department of Agriculture,USA,Government
145,George Washington University *,USA,Universities
146,Shanghai Jiao Tong University *,CHN,Universities
146,Eberhard-Karls-Universitat Tubingen,DEU,Universities
147,Vanderbilt University Medical Center,USA,Health
147,Centro de Investigacion Biomedica en Red de Epidemiologia y Salud Publica,ESP,Health
148,Universite de Geneve,CHE,Universities
149,University of Kansas *,USA,Universities
150,Leiden University *,NLD,Universities
151,"University of Alabama, Birmingham *",USA,Universities
152,Robert Koch Institut,DEU,Government
153,Loma Linda University *,USA,Universities
153,Fred Hutchinson Cancer Research Center,USA,Health
154,Icahn School of Medicine at Mount Sinai,USA,Universities
155,Broad Institute of MIT and Harvard,USA,Health
156,University of Kansas Medical Center,USA,Health
157,The University of Manchester,GBR,Universities
158,"Monash University, Melbourne *",AUS,Universities
159,Catholic University of Leuven,BEL,Universities
159,Zhongnan Hospital at Wuhan University,CHN,Health
159,Central South University *,CHN,Universities
160,"Institut National de Recherche pour l'Agriculture, l'Alimentation et l'Environnement *",FRA,Government
161,Karolinska University Hospital,SWE,Health
162,Aix-Marseille Universite *,FRA,Universities
163,National Institute of Allergy and Infectious Diseases,USA,Health
164,National Institute of Public Health of Japan,JPN,Health
165,Universidade Estadual de Campinas,BRA,Universities
165,Henry Ford Health System,USA,Health
166,Academisch Medisch Centrum,NLD,Health
166,University of Glasgow *,GBR,Universities
167,University of Arizona *,USA,Universities
168,McMaster University,CAN,Universities
169,The University of Queensland *,AUS,Universities
169,Cancer Council Victoria,AUS,Health
170,University of Malaya *,MYS,Universities
171,Public Health Agency of Canada,CAN,Health
171,University of Georgia,USA,Universities
172,National Institute for Health and Welfare,FIN,Health
173,Institut d'Investigacio Biomedica de Bellvitge,ESP,Health
174,University of Alberta,CAN,Universities
175,Norwegian Institute of Public Health,NOR,Health
176,"Pfizer Inc, United States",USA,Companies
177,Universitatsspital Zurich,CHE,Health
178,Universite de Rennes 1 *,FRA,Universities
179,Mario Negri Istituto di Ricerche Farmacologiche,ITA,Health
180,Peking University *,CHN,Universities
180,University of Florida Health Science Center,USA,Health
181,"Kaiser Permanente, Oakland *",USA,Health
182,Seoul National University *,KOR,Universities
183,University Hospitals Bristol NHS Foundation Trust,GBR,Health
183,University of Calgary,CAN,Universities
184,University of Texas M.D. Anderson Cancer Center ,USA,Health
184,Universite PSL *,FRA,Universities
185,Universitat Bern,CHE,Universities
185,Umea University *,SWE,Universities
185,Heinrich Heine Universitat Dusseldorf  *,DEU,Universities
186,GlaxoSmithKline *,MUL,Companies
187,UC San Diego Health System,USA,Health
188,Ministry of Education of the People's Republic of China,CHN,Government
189,University of Iowa *,USA,Universities
190,Cairo University *,EGY,Universities
191,Lunds University,SWE,Universities
191,University of Bergen,NOR,Universities
192,University of Antwerp,BEL,Universities
193,King Faisal Specialist Hospital and Research Centre  *,SAU,Health
194,Helsinki University Central Hospital,FIN,Health
195,Wuhan Union Hospital,CHN,Health
196,University of Washington Medicine ,USA,Health
196,Huazhong University of Science and Technology *,CHN,Universities
197,University of Strathclyde,GBR,Universities
198,Centre Hospitalier Universitaire de Toulouse *,FRA,Health
198,Dow University of Health Sciences,PAK,Universities
199,American Cancer Society,USA,Health
199,Sichuan University *,CHN,Universities
200,Xiamen University *,CHN,Universities
200,"University of Maryland, Baltimore",USA,Universities
201,Cleveland Clinic *,USA,Health
202,Universidade Federal do Rio de Janeiro,BRA,Universities
203,Hokkaido University *,JPN,Universities
203,"University of California, Irvine *",USA,Universities
204,"Universite Paul Sabatier, Toulouse III *",FRA,Universities
204,Universita degli Studi di Padova,ITA,Universities
205,Universite de Bordeaux *,FRA,Universities
206,Shandong University *,CHN,Universities
206,U.S. Army *,USA,Government
206,University of Groningen *,NLD,Universities
206,Universitat de Barcelona *,ESP,Universities
207,Egyptian National Cancer Institute,EGY,Health
208,Universitatsklinikum Gottingen,DEU,Health
209,Universitat Zurich,CHE,Universities
210,Centro Nacional de Microbiologia,ESP,Health
210,Medizinische Universitat Wien,AUT,Universities
211,University of Nottingham *,GBR,Universities
212,University of Tokyo *,JPN,Universities
213,Universitatsklinikum Koln,DEU,Health
213,Uniformed Services University of the Health Sciences,USA,Universities
213,Manchester Academic Health Science Centre,GBR,Health
214,Universitat zu Koln,DEU,Universities
215,Pennsylvania State University *,USA,Universities
216,Nanyang Technological University *,SGP,Universities
217,International Agency for Research on Cancer,FRA,Health
218,University Hospital of Bern,CHE,Health
218,Tel Aviv University,ISR,Universities
219,Instituto Oswaldo Cruz,BRA,Health
220,Temple Health,USA,Health
221,Friedrich Loeffler Institutes Bundesforschungsinstitut fur Tiergesundheit,DEU,Government
221,Hong Kong Polytechnic University,HKG,Universities
222,"Ohio State University, Columbus *",USA,Universities
223,University of Pittsburgh Medical Center ,USA,Health
224,University of Eastern Finland,FIN,Universities
225,Rush University *,USA,Universities
225,Zhengzhou University *,CHN,Universities
226,University of Western Ontario,CAN,Universities
227,University Hospitals of Cleveland  *,USA,Health
228,University of Ottawa,CAN,Universities
228,Universitatsspital Basel,CHE,Health
229,Hopitaux Universitaires de Geneve,CHE,Health
230,Oregon Health & Science University *,USA,Universities
231,International Centre for Diarrhoeal Disease Research,BGD,Health
232,University of Chinese Academy of Sciences,CHN,Universities
232,University of Manitoba,CAN,Universities
233,Humboldt-Universitat zu Berlin,DEU,Universities
233,University of Pittsburgh Health Sciences,USA,Universities
234,University of Southern Denmark,DNK,Universities
235,The University of Western Australia,AUS,Universities
235,UC Davis Health System,USA,Health
236,Tsinghua University *,CHN,Universities
237,University of Minnesota Health and Medicine,USA,Universities
238,Institut de Recherche pour le Developpement Paris *,FRA,Government
239,Institut Catala d'Oncologia *,ESP,Health
240,Medical University of South Carolina *,USA,Universities
241,University of Birmingham,GBR,Universities
241,Dartmouth College *,USA,Universities
242,University Health Network *,CAN,Health
243,Cardiff University,GBR,Universities
244,Aarhus University Hospital,DNK,Health
244,Leiden University Medical Center,NLD,Health
245,"Centro de Investigacion Biomedica en Red de Epidemiologia y Salud Publica, Madrid",ESP,Health
245,Northwestern Medicine,USA,Health
245,Universidade Federal da Bahia,BRA,Universities
246,Universidade Federal de Santa Catarina,BRA,Universities
247,North Carolina State University,USA,Universities
247,Baylor College of Medicine,USA,Universities
247,Shahid Beheshti University of Medical Sciences and Health Services *,IRN,Universities
248,"China Medical University, Shenyang *",CHN,Universities
248,West China Hospital,CHN,Health
249,University Hospitals Leuven,BEL,Health
250,University of Cape Town,ZAF,Universities
251,VA Pittsburgh Healthcare System,USA,Health
252,Universidade Federal do Rio Grande do Sul,BRA,Universities
253,"Novartis, Switzerland",CHE,Companies
253,"University of Colorado, Denver *",USA,Universities
254,Georgetown University *,USA,Universities
254,Mount Sinai Hospital Joseph and Wolf Lebovic Health Complex,CAN,Health
255,Instituto de Investigacion Sanitaria de Navarra,ESP,Health
256,Assistance Publique Hopitaux de Marseille *,FRA,Health
256,University of Rochester *,USA,Universities
257,Mahidol University *,THA,Universities
257,"Agence Nationale de la Securite Sanitaire de l'Alimentation, de l'Environnement et du Travail *",FRA,Health
258,Chang Gung University,TWN,Universities
258,University of Texas Medical Branch ,USA,Universities
258,U.S. Department of Energy *,USA,Government
258,California Department of Public Health,USA,Health
259,University of Ljubljana *,SVN,Universities
259,NYU Langone Medical Center,USA,Health
259,Baker IDI Heart and Diabetes Institute,AUS,Health
260,St Jude Childrens Research Hospital,USA,Health
261,Nanjing Medical University *,CHN,Universities
261,University of Tsukuba *,JPN,Universities
261,University of Kentucky *,USA,Universities
262,"University of Massachusetts, Amherst",USA,Universities
263,University of Pretoria,ZAF,Universities
263,Universite Claude Bernard Lyon 1 *,FRA,Universities
264,Ministry of Health,ISR,Health
264,"University of Texas, Austin",USA,Universities
265,US Environmental Protection Agency,USA,Government
266,University Medical Center Groningen,NLD,Health
266,South African Medical Research Council,ZAF,Health
266,Universita degli Studi di Milano,ITA,Universities
267,Wake Forest University *,USA,Universities
267,Queen's University Belfast,GBR,Universities
268,Freie Universitat Berlin,DEU,Universities
268,University of Oslo,NOR,Universities
269,Janssen Biotech Inc,USA,Companies
269,Simon Fraser University,CAN,Universities
269,Merck *,MUL,Companies
270,Universitatsklinikum Greifswald,DEU,Health
271,Macquarie University *,AUS,Universities
272,Tampere University Hospital,FIN,Health
273,University of Tasmania,AUS,Universities
273,Ernst-Moritz-Arndt-Universitat Greifswald *,DEU,Universities
273,Oxford University Hospitals NHS Trust,GBR,Health
274,University of Virginia *,USA,Universities
275,Universidade de Brasilia,BRA,Universities
275,Hospital Universitari de Bellvitge,ESP,Health
276,University of Arkansas for Medical Sciences,USA,Universities
277,Centro Nacional de Epidemiologia,ESP,Health
277,Universite Paris-Saclay *,FRA,Universities
277,National Institute of Child Health and Human Development,USA,Health
278,Oslo University Hospital,NOR,Health
279,Kyoto University *,JPN,Universities
279,Murdoch Children's Research Institute,AUS,Health
279,"University of Illinois, Chicago *",USA,Universities
279,Ministerio da Saude,BRA,Health
280,"Merck & Co Inc, United States",USA,Companies
280,"Kaiser Permanente Research, Washington",USA,Health
281,Centre de Recherche Bordeaux Population Health,FRA,Government
282,"University of Colorado, Anschutz Medical Campus",USA,Universities
283,Wake Forest University Baptist Medical Center,USA,Health
283,UCLA Health System,USA,Health
284,University of Rochester Medical Center,USA,Health
284,Sheba Medical Center,ISR,Health
285,Institut Gustave Roussy *,FRA,Health
285,Shiraz University of Medical Sciences *,IRN,Universities
286,Janssen,MUL,Companies
286,Universitat Autonoma de Barcelona *,ESP,Universities
287,University of Cincinnati *,USA,Universities
287,Universite de Montreal,CAN,Universities
287,Siriraj Hospital,THA,Health
288,Turku University Hospital,FIN,Health
289,Maastricht University,NLD,Universities
289,Uppsala University,SWE,Universities
289,Peking University Health Science Center,CHN,Universities
290,Universitatsmedizin der Johannes Gutenberg-Universitat Mainz,DEU,Health
291,Centre Hospitalier Regional Universitaire de Lille *,FRA,Health
292,King Abdulaziz University *,SAU,Universities
292,RTI Health Solutions,USA,Companies
293,University of Oulu,FIN,Universities
294,West Virginia University *,USA,Universities
294,Health Canada,CAN,Health
294,University of York,GBR,Universities
295,Universidad de Chile *,CHL,Universities
295,University of Miami *,USA,Universities
295,Universitatsklinikum Freiburg,DEU,Health
296,Rhode Island Hospital ,USA,Health
296,University of South Carolina *,USA,Universities
296,Royal Melbourne Hospital,AUS,Health
296,The University of Newcastle,AUS,Universities
296,Queen's University,CAN,Universities
297,University of Nevada-Reno,USA,Universities
298,Helmholtz Zentrum Munchen Forschungszentrum fur Umwelt und Gesundheit,DEU,Government
298,Universita degli Studi di Cagliari,ITA,Universities
299,Radboud University Nijmegen Medical Centre,NLD,Health
299,University Hospital Maastricht,NLD,Health
299,Arizona State University,USA,Universities
299,VA Boston Healthcare System,USA,Health
299,University of Zagreb,HRV,Universities
299,Thomas Jefferson University *,USA,Universities
299,University of Massachusetts Medical School,USA,Universities
300,Michigan State University,USA,Universities
301,University of Tromso - The Arctic University of Norway,NOR,Universities
302,Hamadan University of Medical Sciences,IRN,Universities
303,University of Utah Health Care,USA,Health
304,University of Warwick,GBR,Universities
305,Loyola University of Chicago *,USA,Universities
305,City of Hope,USA,Health
306,Aga Khan University *,PAK,Universities
306,Universita degli Studi di Bari,ITA,Universities
307,Tampere University,FIN,Universities
308,National Taiwan University,TWN,Universities
309,Indian Council of Medical Research *,IND,Health
310,"Colorado State University, Fort Collins *",USA,Universities
310,University of Mississippi *,USA,Universities
310,Nagasaki University *,JPN,Universities
310,University of Southampton,GBR,Universities
311,Beth Israel Deaconess Medical Center,USA,Health
312,University of Exeter,GBR,Universities
313,University of KwaZulu-Natal *,ZAF,Universities
314,Johannes Gutenberg-Universitat Mainz *,DEU,Universities
314,The First Affiliated Hospital of Zhejiang University,CHN,Health
315,Universidade Federal de Minas Gerais,BRA,Universities
316,Dana Farber Cancer Institute ,USA,Health
316,Dalhousie University,CAN,Universities
316,Georgia State University,USA,Universities
317,"Newcastle University, Newcastle upon Tyne",GBR,Universities
317,Stellenbosch University,ZAF,Universities
317,"Queen Mary, University of London",GBR,Universities
317,University of Mississippi Medical Center,USA,Universities
318,Cincinnati Children's Hospital Medical Center,USA,Health
319,American University of Beirut *,LBN,Universities
320,VA Palo Alto Health Care System,USA,Health
320,CareGroup Healthcare System *,USA,Health
320,Loyola Medicine,USA,Health
320,The University of Sheffield,GBR,Universities
320,National Institute of Environmental Health Sciences,USA,Health
320,Georgetown University Medical Center,USA,Health
321,The University of Adelaide,AUS,Universities
321,Universita degli Studi di Roma La Sapienza,ITA,Universities
321,"University of Hawaii, Manoa *",USA,Universities
321,Drexel University,USA,Universities
322,"Institut Catala d'Oncologia, Hospitalet de Llobregat",ESP,Health
322,Norwegian University of Science and Technology,NOR,Universities
322,Montefiore Medical Center *,USA,Health
322,RAND Corp,USA,Non-Profit
323,Princeton University,USA,Universities
323,University of Leeds,GBR,Universities
324,Arizona Health Sciences Center University of Arizona Tucson,USA,Health
325,University of Iowa Health Care,USA,Health
325,Weill Cornell Medicine,USA,Universities
326,National Taiwan University Hospital,TWN,Health
327,Thammasat University,THA,Universities
327,University of Western Sydney,AUS,Universities
327,Odense University Hospital,DNK,Health
328,University of Leicester,GBR,Universities
329,Xi'an Jiaotong University *,CHN,Universities
330,Universitat Ulm *,DEU,Universities
330,University of Cincinnati Medical Center,USA,Health
331,Cedars-Sinai Medical Center ,USA,Health
332,Tohoku University *,JPN,Universities
333,Instituto de Salud Global de Barcelona,ESP,Health
334,Wageningen University and Research Centre *,NLD,Universities
334,Oak Ridge Institute for Science and Education,USA,Government
335,National Cancer Center,KOR,Health
335,University of Waterloo,CAN,Universities
336,National Cancer Center,JPN,Health
337,Chulalongkorn University,THA,Universities
338,Cancer Registry of Norway Institute of Population-Based Cancer Research,NOR,Government
338,Huashan Hospital,CHN,Health
338,University of Texas Health Science Center at San Antonio ,USA,Universities
338,University of Vermont,USA,Universities
339,University of Illinois at Urbana-Champaign *,USA,Universities
339,St Michaels Hospital Toronto,CAN,Health
340,Universidade Federal de Sao Paulo *,BRA,Universities
340,Ghent University,BEL,Universities
341,Hospital for Sick Children,CAN,Health
341,Universitat Pompeu Fabra *,ESP,Universities
342,Korea University *,KOR,Universities
343,"University of Texas, Health Science Center at Houston",USA,Universities
344,Monash Health *,AUS,Health
345,"University of the Witwatersrand, Johannesburg",ZAF,Universities
345,Albert Einstein College of Medicine,USA,Universities
346,Indiana University-Bloomington,USA,Universities
346,University of East Anglia *,GBR,Universities
346,Centro di Riferimento Oncologico Aviano IRCCS,ITA,Health
347,Universite Paris-Nord 13 *,FRA,Universities
348,University of Texas Southwestern Medical Center ,USA,Universities
349,Institute for Clinical Evaluative Sciences,CAN,Health
349,City University of New York *,USA,Universities
350,McGill University Health Centre,CAN,Health
350,University of South Florida,USA,Universities
350,University of South Florida System *,USA,Universities
350,Australian National University,AUS,Universities
351,University of Otago,NZL,Universities
351,University of North Carolina Health Care,USA,Health
352,Universidad de Investigacion de Tecnologia Experimental Yachay,ECU,Universities
353,Consejo Superior de Investigaciones Cientificas *,ESP,Government
354,Virginia Commonwealth University *,USA,Universities
355,"University of Connecticut, Storrs *",USA,Universities
356,"State University of New York, Albany",USA,Universities
357,"University of Colorado, Boulder *",USA,Universities
357,University of Crete,GRC,Universities
358,Centre de Recherche en Epidemiologie et Statistiques,FRA,Government
359,Universitat Basel,CHE,Universities
360,Kansas State University,USA,Universities
361,University of Aberdeen,GBR,Universities
362,Harvard Pilgrim Health Care,USA,Health
363,University of Hawai'i Cancer Center,USA,Health
364,Universitat Hamburg *,DEU,Universities
365,"State University of New York, Buffalo",USA,Universities
365,Center for Drug Evaluation & Research,USA,Government
366,George Mason University,USA,Universities
367,Fondazione IRCCS Istituto Nazionale Tumori di Milano,ITA,Health
368,"Northeastern University, USA",USA,Universities
369,University of Turku,FIN,Universities
369,Keele University,GBR,Universities
369,Netherlands Institute for Health Services Research,NLD,Government
370,University of Auckland,NZL,Universities
371,Memorial Sloan-Kettering Cancer Center,USA,Health
371,University of New Mexico *,USA,Universities
372,University of Athens,GRC,Universities
372,"University of Missouri, Columbia *",USA,Universities
372,Purdue University,USA,Universities
373,Queen Mary Hospital Hong Kong,HKG,Health
374,Institut Hospital del Mar d’Investigacions Mediques,ESP,Health
375,Technische Universitat Munchen *,DEU,Universities
375,St Georges University of London,GBR,Universities
375,Centre Hospitalier Universitaire Vaudois ,CHE,Health
375,Universidade Federal de Pelotas,BRA,Universities
376,University of Wisconsin Health,USA,Health
377,Wayne State University,USA,Universities
377,Ludwig-Maximilians Universitat Munchen *,DEU,Universities
377,Trinity College Dublin *,IRL,Universities
378,Children's Hospital Boston  *,USA,Health
379,Yonsei University *,KOR,Universities
380,"Texas A&M University, College Station *",USA,Universities
381,Universite de Versailles Saint Quentin en Yvelines *,FRA,Universities
381,Renji Hospital,CHN,Health
381,Imperial College Healthcare NHS Trust,GBR,Health
382,British Columbia Centre for Disease Control,CAN,Health
383,Universite Montpellier *,FRA,Universities
384,Queensland Institute of Medical Research,AUS,Health
385,San Diego State University,USA,Universities
385,Loughborough University,GBR,Universities
385,Liverpool School of Tropical Medicine,GBR,Universities
386,Universitat Duisburg Essen *,DEU,Universities
386,Osaka University *,JPN,Universities
387,Skane University Hospital,SWE,Health
387,Swansea University,GBR,Universities
387,University of Bath,GBR,Universities
387,George Institute for International Health *,AUS,Health
387,Universitat Leipzig *,DEU,Universities
387,Ministry of Health and Medical Education,IRN,Health
388,Institut Pierre Louis d'Epidemiologie et de Sante Publique,FRA,Government
389,University of Miami Health System,USA,Health
390,Albert-Ludwigs-Universitat Freiburg im Breisgau,DEU,Universities
390,"University of Maryland, College Park *",USA,Universities
391,University of Oklahoma *,USA,Universities
391,South London and Maudsley NHS Foundation Trust,GBR,Health
391,Aalborg University *,DNK,Universities
391,"University of Technology, Sydney",AUS,Universities
392,Stockholm University,SWE,Universities
392,Hebrew University of Jerusalem,ISR,Universities
393,Lancaster University,GBR,Universities
393,Hasselt University,BEL,Universities
394,Sahlgrenska University Hospital,SWE,Health
394,University of South Australia,AUS,Universities
394,Public Health Ontario,CAN,Health
394,Swiss Tropical and Public Health Institute,CHE,Government
394,The Leeds Teaching Hospitals NHS Trust,GBR,Health
394,University College London Hospital NHS Trust,GBR,Health
395,Children's Hospital of Philadelphia,USA,Health
395,Queensland University of Technology,AUS,Universities
396,Minnesota Department of Health,USA,Health
396,Translational Genomics Research Institute,USA,Health
396,University of Indonesia,IDN,Universities
397,CGIAR Consortium of International Agricultural Research *,MUL,Non-Profit
398,Universidade do Porto *,PRT,Universities
398,Universita degli Studi di Pavia,ITA,Universities
399,Deutsches Zentrum fur Herz Kreislauf Forschung,DEU,Health
400,Danish Cancer Society,DNK,Health
400,Linkoping University,SWE,Universities
400,Universita degli Studi di Torino,ITA,Universities
401,Universitat de Valencia *,ESP,Universities
401,Universitatsklinikum Hamburg Eppendorf,DEU,Health
402,Laval University,CAN,Universities
403,Cancer Research UK,GBR,Health
403,Kyushu University *,JPN,Universities
404,Singapore General Hospital,SGP,Health
405,Universita degli Studi di Napoli Federico II,ITA,Universities
405,Manipal University,IND,Universities
405,Manipal Global Education Group *,MUL,Companies
406,Centro de Investigacion Biomedica en Red de Salud Mental,ESP,Health
406,Keio University *,JPN,Universities
406,Universidade de Lisboa,PRT,Universities
407,Tulane University *,USA,Universities
407,University of Saskatchewan,CAN,Universities
407,Universidad Nacional Autonoma de Mexico,MEX,Universities
408,Florida State University *,USA,Universities
409,Hospital Universitario Ramon y Cajal *,ESP,Health
409,City University of Hong Kong *,HKG,Universities
409,Great Ormond Street Hospital for Children NHS Trust,GBR,Health
409,Deakin University *,AUS,Universities
409,Universidad Complutense de Madrid *,ESP,Universities
410,National Center for Global Health and Medicine,JPN,Health
410,University College Dublin,IRL,Universities
410,Universita degli Studi di Pisa,ITA,Universities
411,Ruhr-Universitat Bochum *,DEU,Universities
412,Florida International University,USA,Universities
412,Sir Mortimer B. Davis Jewish General Hospital,CAN,Health
412,Rush University Medical Center,USA,Health
412,University of Virginia Health System,USA,Health
412,Bond University,AUS,Universities
413,Children's Hospital of Eastern Ontario,CAN,Health
414,The Ottawa Hospital  *,CAN,Health
415,Universita degli Studi di Firenze,ITA,Universities
415,Boston Medical Center ,USA,Health
416,Kenya Medical Research Institute,KEN,Health
417,University of Victoria,CAN,Universities
417,University Hospital Antwerp,BEL,Health
418,Consiglio Nazionale delle Ricerche *,ITA,Government
419,Oulu University Hospital,FIN,Health
420,University of Surrey,GBR,Universities
421,Ottawa Hospital Research Institute,CAN,Health
421,York University,CAN,Universities
422,University of Belgrade,SRB,Universities
423,Centre Hospitalier Universitaire de Bordeaux,FRA,Health
423,Universidade Estadual Paulista Julio de Mesquita Filho,BRA,Universities
423,Georgia Institute of Technology *,USA,Universities
423,Tokyo Medical and Dental University,JPN,Universities
424,Cambridge University Hospitals NHS Foundation Trust,GBR,Health
424,University of Guelph,CAN,Universities
424,Gadjah Mada University,IDN,Universities
424,Aalborg University Hospital,DNK,Health
425,"National University of Ireland, Galway",IRL,Universities
425,"Washington State University, Pullman *",USA,Universities
425,Griffith University,AUS,Universities
425,Nagoya University *,JPN,Universities
426,Institute of Tropical Medicine Antwerp,BEL,Universities
426,All India Institute of Medical Sciences,IND,Universities
426,Curtin University *,AUS,Universities
426,Centro de Pesquisas Rene Rachou,BRA,Government
427,Ohio State University Wexner Medical Center,USA,Health
427,Augusta University *,USA,Universities
427,NHS Lothian,GBR,Health
428,Centre Hospitalier Universitaire de Quebec,CAN,Health
429,Texas Children's Hospital ,USA,Health
429,VA Ann Arbor Healthcare System,USA,Health
429,New York Presbyterian Hospital,USA,Health
430,Sanofi *,MUL,Companies
431,"State University of New York, Stony Brook *",USA,Universities
432,Pontificia Universidad Catolica de Chile *,CHL,Universities
432,"University of California, Riverside",USA,Universities
433,Netherlands Cancer Institute - Antoni van Leeuwenhoek Hospital,NLD,Health
433,Universita Cattolica del Sacro Cuore,ITA,Universities
434,University of Nebraska Medical Center,USA,Universities
434,University of Jyvaskyla,FIN,Universities
434,University of Nevada-Las Vegas,USA,Universities
434,University of Ghana,GHA,Universities
435,VA San Diego Healthcare System,USA,Health
435,Iran University of Medical Sciences *,IRN,Universities
436,Technische Universitat Dresden,DEU,Universities
437,International Institute for Population Sciences,IND,Universities
437,Swinburne University of Technology *,AUS,Universities
437,Universidad Autonoma de Madrid *,ESP,Universities
437,Sunnybrook Health Sciences Centre,CAN,Health
437,University of Louisville *,USA,Universities
437,New York State Psychiatric Institute,USA,Health
438,Public Health Foundation of India *,IND,Health
439,William S. Middleton Memorial Veterans Hospital,USA,Health
439,St. Joseph's Healthcare Hamilton,CAN,Health
440,Medizinische Hochschule Hannover,DEU,Universities
440,Population Health Research Institute,CAN,Health
441,"Saint Louis University, Saint Louis *",USA,Universities
441,Central Michigan University,USA,Universities
441,Public Health Institute,USA,Health
441,University of Northern Colorado *,USA,Universities
441,Universidad Peruana Cayetano Heredia,PER,Universities
442,University of Split,HRV,Universities
443,Ben-Gurion University of the Negev *,ISR,Universities
444,Seattle Children's Hospital,USA,Health
444,Wuhan Tongji Hospital,CHN,Health
444,Institut d'Investigacio Biomedic Sant Pau,ESP,Health
444,Airlangga university,IDN,Universities
445,"University of the West Indies, Mona Campus *",JAM,Universities
446,Sungkyunkwan University,KOR,Universities
446,L'Alma Mater Studiorum - Universita di Bologna,ITA,Universities
446,Universidad de Granada *,ESP,Universities
447,King Saud University *,SAU,Universities
448,Alberta Health Services,CAN,Health
448,University of Kentucky HealthCare,USA,Health
448,Universidade Federal do Espirito Santo,BRA,Universities
449,Khon Kaen University,THA,Universities
449,Ministry of Health,MYS,Health
450,Southern Medical University *,CHN,Universities
450,University of Ibadan,NGA,Universities
450,Seoul National University Hospital *,KOR,Health
450,Makerere University *,UGA,Universities
450,Universita degli Studi di Siena,ITA,Universities
450,Yonsei University Health System,KOR,Health
451,Universite de Lausanne,CHE,Universities
451,Scuola Superiore S. Anna di Studi Universitari e di Perfezionamento,ITA,Universities
452,Flinders University,AUS,Universities
452,Tufts Medical Center,USA,Health
452,Telethon Kids Institute,AUS,Health
452,H. Lee Moffitt Cancer Center and Research Institute,USA,Health
453,Universidade Federal do Rio Grande do Norte,BRA,Universities
453,Universitat Witten-Herdecke,DEU,Universities
454,Charles University *,CZE,Universities
454,Universidad de Zaragoza *,ESP,Universities
454,University of Ioannina,GRC,Universities
455,Memorial University of Newfoundland,CAN,Universities
455,Johann Wolfgang Goethe-Universitat Frankfurt am Main *,DEU,Universities
455,Sociedade Beneficiente Israelita Brasileira Albert Einstein,BRA,Health
456,Neuroscience Research Australia,AUS,Health
456,Colorado School of Public Health,USA,Universities
456,Massey University,NZL,Universities
456, Centre Hospitalier de l'Universite de Montreal,CAN,Health
457,Fukushima Medical University *,JPN,Universities
458,Universidad de Antioquia *,COL,Universities
458,"Chang Gung Memorial Hospital, Taipei *",TWN,Health
458,University of Delhi *,IND,Universities
458,Norwegian University of Life Sciences,NOR,Universities
458,Nationwide Children's Hospital ,USA,Health
459,James Cook University *,AUS,Universities
460,University of Gondar,ETH,Universities
460,East Carolina University,USA,Universities
461,University College Cork *,IRL,Universities
461,Universitat Potsdam,DEU,Universities
462,Guys & Saint Thomas NHS Foundation Trust,GBR,Health
463,"University of the West Indies, St. Augustine Campus",TTO,Universities
464,Hospital Universitari Vall d'Hebron,ESP,Health
465,Universita degli Studi di Verona,ITA,Universities
466,Amgen *,MUL,Companies
466,Addis Ababa University,ETH,Universities
467,Universita degli Studi di Milano-Bicocca,ITA,Universities
467,Universite de Lille *,FRA,Universities
467,Ahvaz Jundishapur University of Medical Sciences *,IRN,Universities
467,JSS Academy of Higher Education and Research,IND,Universities
467,Escola Nacional de Saude Publica Sergio Arouca,BRA,Universities
467,State University of New York Upstate Medical University *,USA,Universities
467,Russian Academy of Sciences *,RUS,Government
468,Catholic University of Louvain,BEL,Universities
468,Jordan University of Science and Technology,JOR,Universities
468,"Amgen, USA",USA,Companies
469,Hacettepe University,TUR,Universities
469,Tabriz University of Medical Sciences,IRN,Universities
470,Harvard-MIT Division of Health Sciences and Tecnology,USA,Universities
471,Swedish University of Agricultural Sciences,SWE,Universities
471,VA Greater Los Angeles Healthcare System,USA,Health
471,Catholic University of Korea *,KOR,Universities
471,"University of Illinois, College of Medicine at Chicago",USA,Health
471,University of Central Florida,USA,Universities
472,Penn State Milton S. Hershey Medical Center,USA,Health
473,Novo Nordisk *,MUL,Companies
474,Australian Catholic University,AUS,Universities
474,Kyungpook National University *,KOR,Universities
474,USF Health,USA,Universities
474,La Trobe University *,AUS,Universities
475,National Health Research Institutes,TWN,Health
476,Universita degli Studi di Ferrara,ITA,Universities
476,Mansoura University *,EGY,Universities
476,University of the Philippines Diliman *,PHL,Universities
476,"University of Science, Malaysia *",MYS,Universities
476,Shahid Sadoughi University of Medical Sciences,IRN,Universities
477,Klinikum Ludwig Maximilians Universitat Munchen,DEU,Health
478,Seoul National University Bundang Hospital,KOR,Health
479,Universite du Quebec en Quebec *,CAN,Universities
479,Universidade Nova de Lisboa,PRT,Universities
479,Denver Health Medical Center,USA,Health
479,Vilnius University,LTU,Universities
479,Universitatsklinikum Heidelberg,DEU,Health
480,Hamilton Health Sciences,CAN,Health
480,Biodonostia Institute,ESP,Health
481,Atlanta VA Medical Center,USA,Health
482,Ruijin Hospital,CHN,Health
482,Universita degli Studi di Genova,ITA,Universities
482,Roswell Park Cancer Institute,USA,Health
482,Medizinische Universitat Innsbruck *,AUT,Universities
483,"Fondazione IRCCS Ospedale Maggiore Policlinico, Mangiagalli e Regina Elena",ITA,Health
483,Universidad de Buenos Aires *,ARG,Universities
483,Alfred Health,AUS,Health
483,Isfahan University of Medical Sciences *,IRN,Universities
484,Centre for Addiction and Mental Health,CAN,Health
485,Portland State University,USA,Universities
485,Novo Nordisk A/S,DNK,Companies
485,National University of Malaysia *,MYS,Universities
486,Instituto Ramon y Cajal de Investigacion Sanitaria,ESP,Health
487,Universita degli Studi della Campania Luigi Vanvitelli,ITA,Universities
488,"Louisiana State University, Health Sciences Center",USA,Universities
488,Kermanshah University of Medical Sciences *,IRN,Universities
489,Klinikum Rechts der Isar der Technische Universitat Munchen,DEU,Health
489,Consejo Nacional de Investigaciones Cientificas y Tecnicas *,ARG,Government
489,University of Wollongong *,AUS,Universities
490,University of New Mexico Health Sciences Center,USA,Health
490,Chiang Mai University,THA,Universities
491,Clalit Health Services *,ISR,Health
491,BJC HealthCare,USA,Health
492,"Kaiser Permanente Southern California, Pasadena",USA,Health
493,SUNY Downstate Medical Center,USA,Universities
494,Mazandaran University of Medical Sciences,IRN,Universities
494,VCU Medical Center,USA,Health
494,University of Sussex *,GBR,Universities
495,Academia Sinica *,TWN,Government
496,Medical University of Kerman,IRN,Universities
496,National Cheng Kung University,TWN,Universities
497,Harbor–UCLA Medical Center,USA,Health
497,Toronto General Hospital,CAN,Health
497,Medizinische Universitat Graz *,AUT,Universities
497,Universita degli Studi di Modena e Reggio Emilia,ITA,Universities
498,Hospital das Clinicas da Universidade Federal de Minas Gerais,BRA,Health
499,Jinan University *,CHN,Universities
499,Rutgers Cancer Institute of New Jersey,USA,Health
500,Asan Medical Center Seoul *,KOR,Health
500,Universite Francois Rabelais de Tours *,FRA,Universities
501,Technion - Israel Institute of Technology *,ISR,Universities
502,"Sanofi, United States",USA,Companies
502,Universita degli Studi di Roma Tor Vergata,ITA,Universities
503,Portland VA Medical Center,USA,Health
504,Hippokration General Hospital,GRC,Health
505,Centro Cardiologico Monzino IRCCS,ITA,Health
505,Universita degli Studi di Parma,ITA,Universities
505,Emory Healthcare,USA,Health
506,University of Ulsan *,KOR,Universities
507,Universite Paris-Est Creteil *,FRA,Universities
507,Tennessee Valley Healthcare System,USA,Health
507,VA Puget Sound Health Care System,USA,Health
508,University of the Philippines Manila,PHL,Universities
509,Tata Memorial Centre,IND,Government
509,Yale New Haven Health System,USA,Health
510,Zahedan University of Medical Sciences,IRN,Universities
511,Indiana University Health,USA,Health
511,Charles Darwin University *,AUS,Universities
511,National Cheng Kung University Hospital,TWN,Health
512,Ramathibodi Hospital,THA,Health
512,Women's College Hospital,CAN,Health
512,Taipei Medical University,TWN,Universities
513,Michael E. DeBakey VA Medical Center,USA,Health
514,VA Salt Lake City Health Care System,USA,Health
514,"China Medical University, Taichung *",TWN,Universities
514,Ecole des Hautes Etudes en Sante Publique,FRA,Universities
515,Institut Pasteur of Iran,IRN,Health
515,Universitatsklinikum Carl Gustav Carus Dresden,DEU,Health
516,Tarbiat Modares University,IRN,Universities
516,University of Louisville Health Sciences Center,USA,Health
516,Guilan University of Medical Sciences,IRN,Universities
517,Universite de Tunis El Manar *,TUN,Universities
518,Mashhad University of Medical Sciences,IRN,Universities
519,Samsung Medical Center Seoul,KOR,Health
520,Russian Academy of Medical Sciences,RUS,Health
520,Menzies School of Health Research,AUS,Universities
520,Kitasato University *,JPN,Universities
521,Morehouse School of Medicine,USA,Universities
522,Seoul National University Boramae Hospital,KOR,Health
523,Edward Hines Jr VA Hospital,USA,Health
524,Hallym University *,KOR,Universities
525,University of North Dakota,USA,Universities
526,National Yang-Ming University,TWN,Universities
527,Saint Louis University Care,USA,Health
527,Chongqing Medical University *,CHN,Universities
528,Institut Curie,FRA,Health
529,Universita degli Studi del Piemonte Orientale Amedeo Avogadro,ITA,Universities
530,Tianjin Medical University *,CHN,Universities
531,Universite Jean Monnet *,FRA,Universities
532,Azienda Ospedaliera di Verona,ITA,Health
533,Istituto di Fisiologia Clinica,ITA,Government
534,Kurdistan University of Medical Sciences,IRN,Universities
535,I.M. Sechenov First Moscow State Medical University,RUS,Universities
