Global Rank,Institution,Country,Sector
1,Veterans Affairs Medical Centers *,USA,Health
2,National Institutes of Health,USA,Health
3,Harvard University *,USA,Universities
4,Institut National de la Sante et de la Recherche Medicale *,FRA,Health
5,U.S. Department of Health & Human Services *,USA,Health
6,Harvard Medical School,USA,Universities
7,University College London *,GBR,Universities
8,Mayo Clinic *,USA,Health
9,Johns Hopkins University *,USA,Universities
10,"University of California, San Francisco *",USA,Universities
11,Vrije Universiteit Amsterdam *,NLD,Universities
12,University of Southern California Health Sciences Campus,USA,Health
13,Washington University in Saint Louis *,USA,Universities
14,National Institute on Aging,USA,Health
15,University of Pennsylvania *,USA,Universities
16,Kings College London,GBR,Universities
17,Brigham and Women's Hospital,USA,Health
18,University of Southern California *,USA,Universities
19,University of Toronto,CAN,Universities
20,University of Pittsburgh *,USA,Universities
21,Johns Hopkins Medicine,USA,Health
22,VU University Medical Center,NLD,Health
23,Chinese Academy of Medical Sciences and Peking Union Medical College *,CHN,Universities
24,Helmholtz Gemeinschaft *,DEU,Government
25,Duke University *,USA,Universities
26,University of Washington *,USA,Universities
27,Columbia University *,USA,Universities
28,Instituto de Salud Carlos III *,ESP,Health
29,Medical Research Council,GBR,Health
30,Assistance Publique Hopitaux de Paris *,FRA,Health
31,Brown University,USA,Universities
32,Samsung Corp *,MUL,Companies
33,"University of California, San Diego *",USA,Universities
34,Washington University Medical Center ,USA,Health
35,Taipei Veterans General Hospital,TWN,Health
36,"University of Michigan, Ann Arbor *",USA,Universities
37,University of Melbourne *,AUS,Universities
38,"University of California, Los Angeles *",USA,Universities
39,Massachusetts General Hospital,USA,Health
40,University of New South Wales,AUS,Universities
41,Stanford University *,USA,Universities
42,Karolinska Institute,SWE,Universities
43,Centre National de la Recherche Scientifique *,FRA,Government
44,Sorbonne Universite *,FRA,Universities
45,University of Pennsylvania Health System,USA,Health
46,Duke Medicine,USA,Health
47,University of Oxford,GBR,Universities
48,Institut d'Investigacions Biomediques August Pi i Sunyer,ESP,Health
49,University of Groningen *,NLD,Universities
50,Massachusetts Institute of Technology *,USA,Universities
51,Centre de Recherche de l'Institut du Cerveau et de la Moelle Epiniere,FRA,Government
52,Wuhan Tongji Hospital,CHN,Health
53,University of Sydney,AUS,Universities
54,Yale University *,USA,Universities
55,Columbia University Irving Medical Center,USA,Health
56,University of Gothenburg,SWE,Universities
57,Chinese Academy of Sciences *,CHN,Government
58,Universita degli Studi di Roma La Sapienza,ITA,Universities
58,"Newcastle University, Newcastle upon Tyne",GBR,Universities
59,L'Alma Mater Studiorum - Universita di Bologna,ITA,Universities
60,University of Antwerp,BEL,Universities
60,Hopitaux Universitaires de Geneve,CHE,Health
61,Eli Lilly *,MUL,Companies
62,The University of British Columbia,CAN,Universities
63,Cornell University *,USA,Universities
64,Johnson & Johnson *,MUL,Companies
65,University of Florida *,USA,Universities
66,University of Oklahoma *,USA,Universities
67,University of Rochester *,USA,Universities
68,Deutsches Zentrum fur Neurodegenerative Erkrankungen,DEU,Government
69,Pontificia Universidad Catolica de Chile *,CHL,Universities
70,University of Oklahoma Health Sciences Center,USA,Universities
71,Boston University *,USA,Universities
72,"University of California, Berkeley *",USA,Universities
73,University Medical Center Groningen,NLD,Health
74,University of Cambridge *,GBR,Universities
75,University of North Texas Health Science Center,USA,Health
76,The University of Edinburgh *,GBR,Universities
77,Wake Forest University *,USA,Universities
78,Universitat Ulm *,DEU,Universities
79,Universitat de Barcelona *,ESP,Universities
79,Yale University Health & Medicine,USA,Health
80,"University of Wisconsin, Madison *",USA,Universities
81,"Universite Paul Sabatier, Toulouse III *",FRA,Universities
81,Beth Israel Deaconess Medical Center,USA,Health
82,San Francisco VA Medical Center,USA,Health
83,New York University *,USA,Universities
84,Stanford Medicine,USA,Health
85,CareGroup Healthcare System *,USA,Health
86,Commissariat a l’Energie Atomique et aux Energies Alternatives *,FRA,Government
86,McGill University,CAN,Universities
87,Wake Forest University Baptist Medical Center,USA,Health
88,Centers for Disease Control and Prevention,USA,Health
89,UCLA Health System,USA,Health
90,Royal North Shore Hospital,AUS,Health
91,Erasmus University Rotterdam *,NLD,Universities
92,University of Rochester Medical Center,USA,Health
93,Universita degli Studi di Roma Tor Vergata,ITA,Universities
94,Indiana University-Purdue University Indianapolis,USA,Universities
95,The University of Manchester,GBR,Universities
96,University of Arizona *,USA,Universities
97,Centre Hospitalier Universitaire de Toulouse *,FRA,Health
98,Capital University of Medical Sciences,CHN,Universities
98,Imperial College London,GBR,Universities
99,Consejo Superior de Investigaciones Cientificas *,ESP,Government
100,Medical University of South Carolina *,USA,Universities
101,Janssen Biotech Inc,USA,Companies
102,Friedrich-Alexander-Universitat Erlangen-Nurnberg *,DEU,Universities
103,Catholic University of Leuven,BEL,Universities
103,"Saint Louis University, Saint Louis *",USA,Universities
103,Universita Cattolica del Sacro Cuore,ITA,Universities
104,Universite de Geneve,CHE,Universities
105,National University of Singapore *,SGP,Universities
106,Lawson Health Research Institute,CAN,Health
107,University of Exeter,GBR,Universities
108,Queen's University Belfast,GBR,Universities
109,Leiden University *,NLD,Universities
110,Erasmus Medical Center,NLD,Health
111,Universita degli Studi di Messina,ITA,Universities
112,Boston University Medical Campus ,USA,Health
112,NYU Langone Medical Center,USA,Health
113,"Epidemiologie et Analyses en Sante Publique: Risques, Maladies Chroniques, Handicaps",FRA,Government
114,Beijing Institute for Brain Disorders,CHN,Health
115,The University of Queensland *,AUS,Universities
116,"Northwestern University, Evanston *",USA,Universities
117,Universita Vita-Salute San Raffaele,ITA,Universities
118,Radboud University Nijmegen Medical Centre,NLD,Health
119,National Yang-Ming University,TWN,Universities
120,Dana Farber Cancer Institute ,USA,Health
121,Care New England Health System *,USA,Health
121,Butler Hospital ,USA,Health
122,Shanghai Jiao Tong University *,CHN,Universities
123,Brigham Young University,USA,Universities
124,Centro de Investigacion Biomedica en Red sobre Enfermedades Neurodegenerativas,ESP,Health
125,Wuhan University *,CHN,Universities
126,XuanWu Hospital,CHN,Health
127,"Centro de Investigacion Biomedica en Red sobre Enfermedades Neurodegenerativas, Madrid",ESP,Health
128,University of Miami *,USA,Universities
128,Brunel University,GBR,Universities
129,University of Texas M.D. Anderson Cancer Center ,USA,Health
130,Saint Louis University Care,USA,Health
131,Hospital Clinic i Provincial de Barcelona,ESP,Health
132,Seoul National University *,KOR,Universities
133,"University of North Carolina, Chapel Hill *",USA,Universities
134,Montefiore Medical Center *,USA,Health
135,Durham VA Medical Center ,USA,Health
136, Centre Hospitalier de l'Universite de Montreal,CAN,Health
137,Cardiff University,GBR,Universities
138,Pennsylvania State University *,USA,Universities
139,Peking University *,CHN,Universities
140,University of Miami Health System,USA,Health
141,Semmelweis University,HUN,Universities
142,Fudan University *,CHN,Universities
143,University of Rhode Island,USA,Universities
144,Umea University *,SWE,Universities
144,Universita degli Studi di Milano,ITA,Universities
145,UC San Diego Health System,USA,Health
146,University of Western Ontario,CAN,Universities
147,University Health Network *,CAN,Health
148,Texas Tech University Health Sciences Center,USA,Universities
149,Centre Hospitalier Universitaire de Rouen,FRA,Health
150,New York State Psychiatric Institute,USA,Health
151,Sungkyunkwan University,KOR,Universities
152,Universitatsklinikum Gottingen,DEU,Health
152,Universitat Autonoma de Barcelona *,ESP,Universities
153,Janssen,MUL,Companies
154,University of Bristol,GBR,Universities
154,Eberhard-Karls-Universitat Tubingen,DEU,Universities
155,Charles University *,CZE,Universities
156,King Saud University *,SAU,Universities
156,"University of California, Davis *",USA,Universities
157,University of Chicago *,USA,Universities
158,University of Texas Medical Branch ,USA,Universities
159,University of York,GBR,Universities
160,Centre for Addiction and Mental Health,CAN,Health
161,Oklahoma Medical Research Foundation,USA,Health
162,University of Aberdeen,GBR,Universities
162,Universita degli Studi di Napoli Federico II,ITA,Universities
163,"University of California, Irvine *",USA,Universities
164,Oregon Health & Science University *,USA,Universities
165,University of Florida Health Science Center,USA,Health
165,Maastricht University,NLD,Universities
166,Fondazione Santa Lucia IRCCS,ITA,Health
167,University of Pittsburgh Health Sciences,USA,Universities
168,Universitatsklinikum Koln,DEU,Health
169,Emory University *,USA,Universities
170,California Pacific Medical Center,USA,Health
171,VA Greater Los Angeles Healthcare System,USA,Health
172,Leiden University Medical Center,NLD,Health
173,University of Eastern Finland,FIN,Universities
173,Fondazione IRCCS San Raffaele del Monte Tabor,ITA,Health
174,Albert Einstein College of Medicine,USA,Universities
175,Hebrew SeniorLife,USA,Health
176,Northern Arizona University,USA,Universities
177,Universita degli Studi di Brescia,ITA,Universities
178,Qingdao Municipal Hospital,CHN,Health
179,Medizinische Universitat Wien,AUT,Universities
180,University of Nottingham *,GBR,Universities
181,"Monash University, Melbourne *",AUS,Universities
182,Rush University *,USA,Universities
183,Neuroscience Research Australia,AUS,Health
184,Universitat Heidelberg,DEU,Universities
185,The University of Sheffield,GBR,Universities
186,Weill Cornell Medicine,USA,Universities
187,Sichuan University *,CHN,Universities
188,Hospital Universitari Vall d'Hebron,ESP,Health
189,National Heart Lung and Blood Institute,USA,Health
190,Lancaster University,GBR,Universities
190,Mount Sinai Health System *,USA,Health
191,Florey Neuroscience Institutes,AUS,Health
192,"University of Alabama, Birmingham *",USA,Universities
192,University of Kansas Medical Center,USA,Health
193,Tel Aviv University,ISR,Universities
194,Consiglio Nazionale delle Ricerche *,ITA,Government
195,Universidad Autonoma de Madrid *,ESP,Universities
196,Hospital de la Santa Creu i Sant Pau,ESP,Health
197,Leibniz Gemeinschaft *,DEU,Government
198,Karolinska University Hospital,SWE,Health
199,Chongqing Medical University *,CHN,Universities
199,Northwestern Medicine,USA,Health
200,Vanderbilt University *,USA,Universities
201,Ministry of Education of the People's Republic of China,CHN,Government
201,Huazhong University of Science and Technology *,CHN,Universities
202,Baylor College of Medicine,USA,Universities
203,Universitatsklinikum Heidelberg,DEU,Health
204,Universita degli Studi Gabriele d'Annunzio di Chieti e Pescara,ITA,Universities
204,University College Dublin,IRL,Universities
205,University of Kansas *,USA,Universities
205,University of Ulster,GBR,Universities
206,Cleveland Clinic *,USA,Health
207,University of Washington Medicine ,USA,Health
208,Universidade de Sao Paulo *,BRA,Universities
209,The North Shore-LIJ Health System *,USA,Health
209,University of Kentucky *,USA,Universities
210,University of Alberta,CAN,Universities
211,University of Southampton,GBR,Universities
212,Heinrich Heine Universitat Dusseldorf  *,DEU,Universities
213,Austin Health,AUS,Health
214,Keio University *,JPN,Universities
215,Universita degli Studi di Genova,ITA,Universities
216,United States Department of Agriculture,USA,Government
217,Icahn School of Medicine at Mount Sinai,USA,Universities
218,Universite de Bordeaux *,FRA,Universities
218,Griffith University,AUS,Universities
219,Trinity College Dublin *,IRL,Universities
220,Purdue University,USA,Universities
220,National Institute for Health and Welfare,FIN,Health
221,Utrecht University *,NLD,Universities
222,South London and Maudsley NHS Foundation Trust,GBR,Health
222,Robert Bosch *,MUL,Companies
223,Samsung Medical Center Seoul,KOR,Health
224,Tufts University,USA,Universities
225,VA Boston Healthcare System,USA,Health
225,"Rutgers, The State University of New Jersey",USA,Universities
226,South Eastern Sydney Local Health District *,AUS,Health
227,Universidade de Lisboa,PRT,Universities
228,Zhejiang University *,CHN,Universities
228,University of Helsinki,FIN,Universities
229,Drexel University,USA,Universities
230,Qingdao University *,CHN,Universities
231,University of Virginia *,USA,Universities
232,University of Zagreb,HRV,Universities
233,"University of Texas, Austin",USA,Universities
234,Fundacion para la Lucha contra las Enfermedades Neurologicas de la Infancia,ARG,Government
235,Institut d'Investigacio Biomedica de Bellvitge,ESP,Health
236,The Chinese University of Hong Kong *,HKG,Universities
236,Newcastle upon Tyne Hospitals NHS Foundation Trust,GBR,Health
237,Universidad de Chile *,CHL,Universities
237,University Hospital Maastricht,NLD,Health
237,Universite de Liege,BEL,Universities
238,Max Planck Gesellschaft *,DEU,Government
238,UC Davis Health System,USA,Health
239,The University of Hong Kong *,HKG,Universities
240,Peking University Health Science Center,CHN,Universities
240,Fondazione Policlinico Universitario Agostino Gemelli IRCCS,ITA,Health
241,Dalhousie University,CAN,Universities
242,Copenhagen University Hospital,DNK,Health
243,North Carolina State University,USA,Universities
244,Rush University Medical Center,USA,Health
244,Universita degli Studi di Parma,ITA,Universities
245,University of Copenhagen,DNK,Universities
246,University of Calgary,CAN,Universities
247,"University of Maryland, Baltimore",USA,Universities
248,Uppsala University,SWE,Universities
248,Concord Repatriation General Hospital ,AUS,Health
248,Michigan State University,USA,Universities
248,Sherbrooke University,CAN,Universities
249,Consejo Nacional de Investigaciones Cientificas y Tecnicas *,ARG,Government
249,Woodruff Health Sciences Center,USA,Health
250,Hospital Universitari Germans Trias i Pujol,ESP,Health
250,Universite PSL *,FRA,Universities
251,Providence VA Medical Center,USA,Health
252,Universita degli Studi di Padova,ITA,Universities
253,Vrije Universiteit Brussel,BEL,Universities
254,Rheinische Friedrich-Wilhelms-Universitat Bonn *,DEU,Universities
255,University of Texas Health Science Center at San Antonio ,USA,Universities
256,Charite - Universitatsmedizin Berlin *,DEU,Health
257,"University of Minnesota, Twin Cities *",USA,Universities
258,University Hospitals Leuven,BEL,Health
259,Henry Ford Health System,USA,Health
259,University of New Mexico *,USA,Universities
259,Universitatsmedizin der Johannes Gutenberg-Universitat Mainz,DEU,Health
260,Tulane University *,USA,Universities
260,Hospital Universitario de Getafe,ESP,Health
261,Medizinische Universitat Innsbruck *,AUT,Universities
261,Regenstrief Institute,USA,Non-Profit
262,University of Bergen,NOR,Universities
263,Universita degli Studi di Torino,ITA,Universities
264,Hospital Universitari de Bellvitge,ESP,Health
264,Vanderbilt University Medical Center,USA,Health
265,Case Western Reserve University,USA,Universities
266,Sahlgrenska University Hospital,SWE,Health
267,West China Hospital,CHN,Health
268,Ghent University,BEL,Universities
268,Aristotle University of Thessaloniki,GRC,Universities
269,Cambridge University Hospitals NHS Foundation Trust,GBR,Health
270,Fondazione IRCCS Istituto Neurologico Carlo Besta,ITA,Health
271,University of Brighton *,GBR,Universities
272,Universite de Paris *,FRA,Universities
273,University Medical Center Utrecht,NLD,Health
273,Florida International University,USA,Universities
274,University of Amsterdam *,NLD,Universities
275,University of Iowa *,USA,Universities
276,University of Oslo,NOR,Universities
277,London School of Economics and Political Science,GBR,Universities
277,Lunds University,SWE,Universities
278,Centre Hospitalier Universitaire de Montpellier *,FRA,Health
279,Keele University,GBR,Universities
280,University of Sussex *,GBR,Universities
281,University of Wisconsin Health,USA,Health
282,Carl von Ossietzky Universitat Oldenburg,DEU,Universities
282,Centre Hospitalier Regional Universitaire de Lille *,FRA,Health
282,"University of Illinois, Chicago *",USA,Universities
283,Arizona State University,USA,Universities
283,University of Mississippi Medical Center,USA,Universities
284,Laval University,CAN,Universities
285,Hebrew University of Jerusalem,ISR,Universities
286,West Virginia University *,USA,Universities
287,Kyoto University *,JPN,Universities
287,Stavanger University Hospital,NOR,Health
288,Ghent University Hospital,BEL,Health
288,Instituto Ramon y Cajal de Investigacion Sanitaria,ESP,Health
289,The University of Newcastle,AUS,Universities
289,University of South Florida System *,USA,Universities
289,University of Tokyo *,JPN,Universities
290,Universitat de Valencia *,ESP,Universities
291,Tianjin Medical University *,CHN,Universities
292,St. James's Hospital,IRL,Health
292,Universite Grenoble-Alpes *,FRA,Universities
293,Universitat Hamburg *,DEU,Universities
293,Sun Health  *,USA,Health
294,University of Utah *,USA,Universities
295,Universite de Montreal,CAN,Universities
296,University of Mississippi *,USA,Universities
296,"Kaiser Permanente, Oakland *",USA,Health
296,University of South Florida,USA,Universities
297,"University of Connecticut, Storrs *",USA,Universities
297,VA Bedford Healthcare System,USA,Health
298,University College Cork *,IRL,Universities
299,Universita Politecnica delle Marche,ITA,Universities
300,Skane University Hospital,SWE,Health
301,McMaster University,CAN,Universities
302,"Texas A&M University, College Station *",USA,Universities
302,Helsinki University Central Hospital,FIN,Health
302,University of Leeds,GBR,Universities
303,Southern Medical University *,CHN,Universities
304,Juntendo University *,JPN,Universities
305,Royal Adelaide Hospital ,AUS,Health
306,Royal Melbourne Hospital,AUS,Health
307,Wayne State University,USA,Universities
307,Sunnybrook Health Sciences Centre,CAN,Health
308,Centre de Recherche Bordeaux Population Health,FRA,Government
309,Florida State University *,USA,Universities
310,Augusta University *,USA,Universities
311,Curtin University *,AUS,Universities
312,Universitat Pompeu Fabra *,ESP,Universities
313,University of Glasgow *,GBR,Universities
313,Instituto Nacional de Ciencias Medicas y Nutricion Salvador Zubiran,MEX,Health
313,Universita degli Studi di Firenze,ITA,Universities
314,Johannes Gutenberg-Universitat Mainz *,DEU,Universities
315,Aix-Marseille Universite *,FRA,Universities
316,Kangwon National University *,KOR,Universities
316,Universitatsklinikum Hamburg Eppendorf,DEU,Health
317,University of Iceland,ISL,Universities
317,Norwegian University of Science and Technology,NOR,Universities
318,Friedrich-Schiller-Universitat Jena *,DEU,Universities
319,Universitat Leipzig *,DEU,Universities
320,Edith Cowan University,AUS,Universities
320,Nottingham University Hospitals NHS Trust,GBR,Health
320,Universidad Nacional Autonoma de Mexico,MEX,Universities
321,William S. Middleton Memorial Veterans Hospital,USA,Health
321,University of Athens,GRC,Universities
322,Technische Universitat Dresden,DEU,Universities
322,Centro de Investigacion Biomedica en Red de Salud Mental,ESP,Health
323,Universitatsklinikum Bonn,DEU,Health
324,Alberta Health Services,CAN,Health
325,University of East Anglia *,GBR,Universities
325,Tan Tock Seng Hospital,SGP,Health
326,Universitat zu Koln,DEU,Universities
327,Australian Catholic University,AUS,Universities
328,National Taiwan University,TWN,Universities
329,Bangor University,GBR,Universities
330,National University Health System *,SGP,Health
331,"Colorado State University, Fort Collins *",USA,Universities
331,Medical College of Wisconsin,USA,Universities
332,University of Auckland,NZL,Universities
332,Fondazione Don Carlo Gnocchi IRCCS,ITA,Health
332,The University of Western Australia,AUS,Universities
333,Universita degli Studi di Pisa,ITA,Universities
334,Klinikum Ludwig Maximilians Universitat Munchen,DEU,Health
335,Tokyo Metropolitan Institute of Gerontology,JPN,Health
336,Hospital das Clinicas da Faculdade de Medicina da Universidade de Sao Paulo,BRA,Health
337,Ankara University,TUR,Universities
338,"University of Colorado, Denver *",USA,Universities
338,Universita degli Studi di Verona,ITA,Universities
338,University of Michigan Health System,USA,Health
339,Complejo Hospitalario Virgen del Rocio,ESP,Health
340,Mario Negri Istituto di Ricerche Farmacologiche,ITA,Health
340,Centre Hospitalier Universitaire Vaudois ,CHE,Health
341,Jilin University *,CHN,Universities
341,The Ottawa Hospital  *,CAN,Health
342,VA Ann Arbor Healthcare System,USA,Health
343,National Cancer Institute,USA,Health
344,Universita degli Studi di Milano-Bicocca,ITA,Universities
345,Georgetown University *,USA,Universities
346,Tampere University Hospital,FIN,Health
346,"State University of New York, Stony Brook *",USA,Universities
346,University of Liverpool *,GBR,Universities
346,Universidad de Sevilla *,ESP,Universities
347,University of Tasmania,AUS,Universities
348,National Neuroscience Institute,SGP,Health
349,"University of Colorado, Anschutz Medical Campus",USA,Universities
350,Universita degli Studi di Ferrara,ITA,Universities
351,"Ohio State University, Columbus *",USA,Universities
352,Ehime University *,JPN,Universities
353,University of Connecticut Health Center,USA,Universities
354,University of Massachusetts Medical School,USA,Universities
355,Universitat Duisburg Essen *,DEU,Universities
356,"Fondazione IRCCS Ospedale Maggiore Policlinico, Mangiagalli e Regina Elena",ITA,Health
356,Philipps-Universitat Marburg *,DEU,Universities
357,Seoul National University Bundang Hospital,KOR,Health
358,Hospital Universitario Ramon y Cajal *,ESP,Health
359,Tampere University,FIN,Universities
359,Dartmouth College *,USA,Universities
360,Wageningen University and Research Centre *,NLD,Universities
361,Oulu University Hospital,FIN,Health
362,City University of New York *,USA,Universities
363,Nanjing Medical University *,CHN,Universities
364,Martin-Luther-Universitat Halle-Wittenberg *,DEU,Universities
365,The Second Affiliated Hospital of Zhejiang University,CHN,Health
366,Flinders University,AUS,Universities
367,Central South University *,CHN,Universities
368,University of Otago,NZL,Universities
369,Prince of Wales Hospital,HKG,Health
370,Peking Union Medical College Hospital Beijing,CHN,Health
371,Christian-Albrechts-Universitat zu Kiel,DEU,Universities
372,University of Houston,USA,Universities
373,University Hospital Southampton NHS Foundation Trust,GBR,Health
373,University of Illinois at Urbana-Champaign *,USA,Universities
374,University of Tennessee Health Science Center,USA,Health
375,Singapore General Hospital,SGP,Health
376,University of Waterloo,CAN,Universities
377,University of Utah Health Care,USA,Health
378,University of Birmingham,GBR,Universities
379,"National University of Ireland, Galway",IRL,Universities
380,York University,CAN,Universities
381,Universita degli Studi di Palermo,ITA,Universities
382,Universite du Quebec en Quebec *,CAN,Universities
383,Universidade de Brasilia,BRA,Universities
383,Georgia Institute of Technology *,USA,Universities
383,Medizinische Hochschule Hannover,DEU,Universities
384,Osaka University *,JPN,Universities
385,McGill University Health Centre,CAN,Health
386,Centre Hospitalier Universitaire de Grenoble,FRA,Health
386,Universidade do Porto *,PRT,Universities
387,The General Hospital of the People's Liberation Army,CHN,Health
388,Pusan National University,KOR,Universities
388,Universidade de Coimbra *,PRT,Universities
389,Universidade Federal de Minas Gerais,BRA,Universities
390,Universite Montpellier *,FRA,Universities
391,Leeds Beckett University,GBR,Universities
391,Macquarie University *,AUS,Universities
391,South Australian Health and Medical Research Institute,AUS,Health
392,VA San Diego Healthcare System,USA,Health
392,Kuopio University Hospital,FIN,Health
393,Prince of Wales Hospital ,AUS,Health
393,Medical University of Lodz,POL,Universities
394,Iowa State University,USA,Universities
394,University College London Hospital NHS Trust,GBR,Health
395,USF Health,USA,Universities
395,Simon Fraser University,CAN,Universities
395,University of Jyvaskyla,FIN,Universities
396,Istituto Clinico Humanitas,ITA,Health
397,Yonsei University *,KOR,Universities
397,"University of Missouri, Columbia *",USA,Universities
398,Chung-Ang University *,KOR,Universities
399,The University of Adelaide,AUS,Universities
399,Universite de Lille *,FRA,Universities
400,University of Cincinnati *,USA,Universities
401,Hanyang University *,KOR,Universities
402,Virginia Commonwealth University *,USA,Universities
403,University of Arkansas for Medical Sciences,USA,Universities
404,University of Bradford,GBR,Universities
405,Universite Jean Monnet *,FRA,Universities
405,Humanitas University *,ITA,Universities
406,"Robert Bosch Krankenhaus, Germany",DEU,Health
407,Universitat zu Lubeck,DEU,Universities
408,Universidade Federal de Santa Catarina,BRA,Universities
409,Chulalongkorn University,THA,Universities
410,Istituto Europeo di Oncologia,ITA,Health
411,Shandong University *,CHN,Universities
411,Universita degli Studi di Perugia,ITA,Universities
412,Centro de Investigacion Biomedica en Red de Epidemiologia y Salud Publica,ESP,Health
412,Queen's University,CAN,Universities
413,University of Ottawa,CAN,Universities
414,"Centro de Investigacion Biomedica en Red de Epidemiologia y Salud Publica, Madrid",ESP,Health
414,Stockholm University,SWE,Universities
414,Institut Universitaire de Geriatrie de Montreal,CAN,Health
414,RAND Corp,USA,Non-Profit
415,NHS Greater Glasgow and Clyde,GBR,Health
415,Toronto Rehab ,CAN,Health
415,University of Oulu,FIN,Universities
416,Kyung Hee University *,KOR,Universities
417,"Texas State University, San Marcos",USA,Universities
418,Toronto Western Hospital,CAN,Health
418,Universitat Zurich,CHE,Universities
419,Florida Atlantic University,USA,Universities
419,National Institute of Neurological Disorders and Stroke,USA,Health
420,Center for Disease Control and Prevention China,CHN,Health
420,Deakin University *,AUS,Universities
421,VA Pittsburgh Healthcare System,USA,Health
421,Universita Campus Bio-Medico di Roma,ITA,Universities
422,Aarhus University *,DNK,Universities
423,North Dakota State University,USA,Universities
423,Ben-Gurion University of the Negev *,ISR,Universities
424,Women's College Hospital,CAN,Health
424,University of South Carolina *,USA,Universities
425,Tel Aviv Sourasky Medical Center,ISR,Health
426,Huashan Hospital,CHN,Health
427,Xi'an Jiaotong University *,CHN,Universities
428,City of Hope,USA,Health
429,National Taiwan University Hospital,TWN,Health
430,Istituto Superiore di Sanita,ITA,Health
430,Tongji University *,CHN,Universities
431,National Cheng Kung University,TWN,Universities
431,"Agency for Science, Technology and Research Singapore *",SGP,Government
432,"Chang Gung Memorial Hospital, Taipei *",TWN,Health
433,Philadelphia VA Medical Center,USA,Health
434,The Manchester Metropolitan University,GBR,Universities
435,Royal Devon and Exeter NHS Foundation Trust,GBR,Health
435,Instituto de Investigacion Sanitaria IdIPAZ,ESP,Health
436,The Leeds Teaching Hospitals NHS Trust,GBR,Health
437,Australian National University,AUS,Universities
438,La Trobe University *,AUS,Universities
438,Commonwealth Scientific and Industrial Research Organization *,AUS,Government
438,University of Minnesota Health and Medicine,USA,Universities
439,University of Delaware,USA,Universities
440,Hospital General Universitario Gregorio Maranon *,ESP,Health
441,Technische Universitat Munchen *,DEU,Universities
441,Universidad del Pais Vasco *,ESP,Universities
442,Monash Health *,AUS,Health
442,Spedali Civili di Brescia,ITA,Health
443,Royal Netherlands Academy of Arts and Sciences *,NLD,Government
443,"State University of New York, Buffalo",USA,Universities
444,Universidad Complutense de Madrid *,ESP,Universities
445,Michael E. DeBakey VA Medical Center,USA,Health
445,Chang Gung University,TWN,Universities
445,Hospices Civils de Lyon *,FRA,Health
446,Universidade de Aveiro,PRT,Universities
446,University of Southern Denmark,DNK,Universities
446,Nagoya University *,JPN,Universities
447,University of Kentucky HealthCare,USA,Health
447,Azienda Ospedaliera San Gerardo Monza,ITA,Health
448,Yokohama City University *,JPN,Universities
449,Universite Claude Bernard Lyon 1 *,FRA,Universities
450,University of Leicester,GBR,Universities
451,VA Connecticut Healthcare System,USA,Health
451,VA Eastern Colorado Health Care System,USA,Health
451,James J. Peters VA Medical Center,USA,Health
452,Tsinghua University *,CHN,Universities
453,Vancouver Coastal Health,CAN,Health
453,Plymouth University,GBR,Universities
454,Tokyo Medical and Dental University,JPN,Universities
455,Universidad de Buenos Aires *,ARG,Universities
456,Rotman Research Institute,CAN,Health
457,Colorado School of Public Health,USA,Universities
458,University of Manitoba,CAN,Universities
458,Johann Wolfgang Goethe-Universitat Frankfurt am Main *,DEU,Universities
459,"University of Massachusetts, Boston",USA,Universities
459,Universita degli Studi di Bari,ITA,Universities
460,Sir Mortimer B. Davis Jewish General Hospital,CAN,Health
461,University of Tsukuba *,JPN,Universities
462,Sheba Medical Center,ISR,Health
463,"University of California, Riverside",USA,Universities
464,Istanbul University *,TUR,Universities
464,"Northeastern University, USA",USA,Universities
464,South Texas Veterans Health Care System,USA,Health
464,Ludwig-Maximilians Universitat Munchen *,DEU,Universities
465,Ewha Womans University *,KOR,Universities
465,Oslo University Hospital,NOR,Health
466,McLean Hospital,USA,Health
466,Tilburg University,NLD,Universities
467,St Michaels Hospital Toronto,CAN,Health
468,Universidade Nova de Lisboa,PRT,Universities
468,Tehran University of Medical Sciences *,IRN,Universities
469,Japan Society for the Promotion of Science,JPN,Government
469,University of Haifa,ISR,Universities
470,Universidade de Santiago de Compostela *,ESP,Universities
470,Medical University of Warsaw,POL,Universities
471,University of South Australia,AUS,Universities
471,Guys & Saint Thomas NHS Foundation Trust,GBR,Health
472,Dokuz Eylul University *,TUR,Universities
473,Universidad de Castilla-La Mancha *,ESP,Universities
474,Zentralinstitut fur Seelische Gesundheit,DEU,Government
475,"University of Texas, Health Science Center at Houston",USA,Universities
476,University of Victoria,CAN,Universities
477,Nanjing University *,CHN,Universities
477,Boston College,USA,Universities
477,Universita degli Studi della Campania Luigi Vanvitelli,ITA,Universities
478,Okayama University *,JPN,Universities
479,Wroclaw Medical University,POL,Universities
480,Mount Saint Vincent University,CAN,Universities
481,Sun Yat-Sen University *,CHN,Universities
481,George Washington University *,USA,Universities
482,University of Texas Southwestern Medical Center ,USA,Universities
483,Universita degli Studi di Salerno,ITA,Universities
484,Humboldt-Universitat zu Berlin,DEU,Universities
485,Minneapolis VA Health Care System,USA,Health
486,Akershus University Hospital,NOR,Health
487,Azienda Ospedaliera Careggi,ITA,Health
487,University of Pittsburgh Medical Center ,USA,Health
488,Korea University *,KOR,Universities
489,Miami University of Ohio,USA,Universities
490,Tohoku University *,JPN,Universities
491,Universite de Lausanne,CHE,Universities
492,Medizinische Universitat Graz *,AUT,Universities
493,Linkoping University,SWE,Universities
494,Berlin Institute of Health,DEU,Health
495,Asan Medical Center Seoul *,KOR,Health
496,National University of Malaysia *,MYS,Universities
496,University of Central Florida,USA,Universities
496,"University of Hawaii, Manoa *",USA,Universities
497,Queensland University of Technology,AUS,Universities
498,Bar-Ilan University,ISR,Universities
499,Bruyere Research Institute,CAN,Health
499,Virginia Polytechnic Institute and State University,USA,Universities
500,"Queen Mary, University of London",GBR,Universities
501,Utah State University *,USA,Universities
502,University of Georgia,USA,Universities
503,University of Stirling,GBR,Universities
504,University of Tromso - The Arctic University of Norway,NOR,Universities
505,"University of Wisconsin, Milwaukee",USA,Universities
506,Baylor University,USA,Universities
506,Brandeis University,USA,Universities
507,Poznan University of Medical Sciences,POL,Universities
508,Odense University Hospital,DNK,Health
508,Bezmialem Vakif University,TUR,Universities
509,Hong Kong Institute of Education,HKG,Universities
509,Swansea University,GBR,Universities
509,University of Louisville *,USA,Universities
509,"Soochow University, Suzhou *",CHN,Universities
510,Royal College of Surgeons,IRL,Universities
510,Ottawa Hospital Research Institute,CAN,Health
510,Oslo Metropolitan University,NOR,Universities
510,Temple University *,USA,Universities
510,Jagiellonian University,POL,Universities
510,University of Ulsan *,KOR,Universities
511,University of Northern Colorado *,USA,Universities
511,Yonsei University Health System,KOR,Health
512,Georgia State University,USA,Universities
512,Kobe University *,JPN,Universities
513,Universitat Basel,CHE,Universities
513,Centre Hospitalier Universitaire de Bordeaux,FRA,Health
514,Ohio State University Wexner Medical Center,USA,Health
515,Universidad Publica de Navarra *,ESP,Universities
516,University of Ljubljana *,SVN,Universities
516,Aston University,GBR,Universities
517,Catholic University of Louvain,BEL,Universities
518,Indiana University-Bloomington,USA,Universities
518,Hong Kong Polytechnic University,HKG,Universities
518,VCU Medical Center,USA,Health
519,University of Iowa Health Care,USA,Health
519,Mackay Memorial Hospital,TWN,Health
519,Tokyo Metropolitan Geriatric Hospital and Institute of Gerontology,JPN,Health
520,Radboud University Nijmegen,NLD,Universities
520,University of Chinese Academy of Sciences,CHN,Universities
521,Anglia Ruskin University,GBR,Universities
521,VA Palo Alto Health Care System,USA,Health
522,Xiangya Hospital Affiliated to Central South University,CHN,Health
523,"University of Maryland, College Park *",USA,Universities
523,University of Saskatchewan,CAN,Universities
524,St. Anne's University Hospital Brno *,CZE,Health
525,H. Lee Moffitt Cancer Center and Research Institute,USA,Health
526,Memorial Sloan-Kettering Cancer Center,USA,Health
527,Ruhr-Universitat Bochum *,DEU,Universities
527,University of Wollongong *,AUS,Universities
527,Centre Hospitalier Universitaire de Quebec,CAN,Health
528,Universita degli Studi di Pavia,ITA,Universities
528,East Carolina University,USA,Universities
529,Salford Royal Hospitals NHS Trust,GBR,Health
530,Westfalische Wilhelms-Universitat Munster *,DEU,Universities
530,University of Nevada-Las Vegas,USA,Universities
531,University of Malaya *,MYS,Universities
532,Central Arkansas Veterans Healthcare System,USA,Health
532,"University of Alabama, Tuscaloosa",USA,Universities
533,Temple Health,USA,Health
534,Pennington Biomedical Research Center,USA,Health
535,Wenzhou Medical University *,CHN,Universities
536,Portland State University,USA,Universities
536,Swinburne University of Technology *,AUS,Universities
537,University of Bath,GBR,Universities
537,Universita degli Studi di Modena e Reggio Emilia,ITA,Universities
537,Aarhus University Hospital,DNK,Health
538,Universitat Bern,CHE,Universities
538,Universidad de Granada *,ESP,Universities
538,Massey University,NZL,Universities
539,Zhengzhou University *,CHN,Universities
539,Ohio University,USA,Universities
539,"University of Massachusetts, Amherst",USA,Universities
540,Universitatsspital Zurich,CHE,Health
541,Universita degli Studi di Siena,ITA,Universities
542,Universite Cote d’Azur *,FRA,Universities
543,Universite du Quebec en Montreal,CAN,Universities
544,Institut National de Recherche en Informatique et en Automatique *,FRA,Government
545,Universitat de Vic,ESP,Universities
545,University of Turku,FIN,Universities
546,All India Institute of Medical Sciences,IND,Universities
547,Universidade Federal do Rio Grande do Sul,BRA,Universities
548,Universita degli Studi di Foggia,ITA,Universities
549,Thomas Jefferson University *,USA,Universities
550,Universidade Federal do Rio de Janeiro,BRA,Universities
551,Universidade Estadual de Campinas,BRA,Universities
552,The Royal Marsden NHS Foundation Trust,GBR,Health
553,Freie Universitat Berlin,DEU,Universities
554,Complejo Hospitalario de Navarra,ESP,Health
554,Universita degli Studi Magna Graecia di Catanzaro,ITA,Universities
555,"University of the Witwatersrand, Johannesburg",ZAF,Universities
555,Royal Brisbane and Women's Hospital *,AUS,Health
555,Universidade Federal de Sao Paulo *,BRA,Universities
556,Seoul National University Hospital *,KOR,Health
557,Hacettepe University,TUR,Universities
557,Universidade Federal de Sao Carlos,BRA,Universities
558,Aichi Medical University *,JPN,Universities
558,Russian Academy of Sciences *,RUS,Government
559,Swiss Federal Institute of Technology,CHE,Universities
560,Institut de Recerca Hospital Universitari Vall d'Hebron,ESP,Health
560,Azienda Ospedaliero Universitaria Policlinico Sant'Orsola Malpighi,ITA,Health
560,Nagasaki University *,JPN,Universities
561,Ernst-Moritz-Arndt-Universitat Greifswald *,DEU,Universities
562,University of Nebraska Medical Center,USA,Universities
563,Turku University Hospital,FIN,Health
563,Universidade Estadual Paulista Julio de Mesquita Filho,BRA,Universities
564,"University of Texas, Arlington",USA,Universities
565,San Diego State University,USA,Universities
566,Linkou Chang Gung Memorial Hospital,TWN,Health
567,Renmin University of China,CHN,Universities
568,Universidad de Salamanca *,ESP,Universities
569,Paracelsus Medizinische Privatuniversitat,AUT,Universities
570,George Institute for International Health *,AUS,Health
570,Instituto de Investigacion Hospital 12 de Octubre,ESP,Health
571,Bond University,AUS,Universities
571,Universite de Strasbourg *,FRA,Universities
572,Universidad Rey Juan Carlos *,ESP,Universities
572,Azienda Ospedaliera di Verona,ITA,Health
573,Hallym University *,KOR,Universities
574,Universitat Witten-Herdecke,DEU,Universities
575,London School of Hygiene and Tropical Medicine,GBR,Universities
576,Shahid Beheshti University of Medical Sciences and Health Services *,IRN,Universities
577,Fujita Health University *,JPN,Universities
578,Universidad de Navarra *,ESP,Universities
579,Clalit Health Services *,ISR,Health
579,Hokkaido University *,JPN,Universities
580,Universita degli Studi di Cagliari,ITA,Universities
581,Universite de Tunis El Manar *,TUN,Universities
581,Beijing Normal University *,CHN,Universities
582,Catholic University of Korea *,KOR,Universities
582,Universitatsklinikum Greifswald,DEU,Health
583,Seoul National University Boramae Hospital,KOR,Health
584,Loma Linda University *,USA,Universities
585,University of North Dakota,USA,Universities
586,Aalborg University *,DNK,Universities
587,Hiroshima University *,JPN,Universities
588,University of Vermont,USA,Universities
588,Ryerson University,CAN,Universities
589,University of Social Welfare and Rehabilitation Sciences,IRN,Universities
590,Istituto di Neuroscienze,ITA,Government
591,Taipei Medical University,TWN,Universities
591,University of Limerick,IRL,Universities
591,Nihon University *,JPN,Universities
592,Ajou University,KOR,Universities
593,Palo Alto University,USA,Universities
594,Hospital Universitario La Paz,ESP,Health
595,Medical University of Gdansk,POL,Universities
595,Pontificia Universidade Catolica do Rio Grande do Sul,BRA,Universities
596,Auckland University of Technology,NZL,Universities
597,University Hospital of Bern,CHE,Health
597,Dalarna University College,SWE,Universities
597,University of Canberra,AUS,Universities
598,Nanyang Technological University *,SGP,Universities
599,"University of Technology, Sydney",AUS,Universities
599,Kagawa University *,JPN,Universities
599,Inje University *,KOR,Universities
600,Gyeongsang National University *,KOR,Universities
601,Mackay Medical College,TWN,Universities
601,Universidade Federal do Parana,BRA,Universities
601,"University of North Carolina, Charlotte",USA,Universities
601,Universidad de Antioquia *,COL,Universities
602,Universidade Federal da Paraiba,BRA,Universities
603,Kaohsiung Veterans General Hospital,TWN,Health
604,Khoo Teck Puat Hospital,SGP,Health
605,Chiba University *,JPN,Universities
606,Galway University Hospitals,IRL,Health
607,Kent State University,USA,Universities
608,Universidade Federal do Rio Grande do Norte,BRA,Universities
608,Kaohsiung Medical University,TWN,Universities
609,National Taipei College of Nursing,TWN,Universities
610,"Chang Gung Memorial Hospital, Taoyuan",TWN,Health
610,"China Medical University, Taichung *",TWN,Universities
611,Chung-Ho Memorial Hospital,TWN,Health
611,University of Health Sciences,TUR,Universities
611,Istanbul University Cerrahpasa *,TUR,Universities
612,Kyung Hee University Medical Center,KOR,Health
613,Albert-Ludwigs-Universitat Freiburg im Breisgau,DEU,Universities
614,University of Western Sydney,AUS,Universities
614,Ege University,TUR,Universities
615,New York Presbyterian Hospital,USA,Health
616,Pontificia Universidad Javeriana *,COL,Universities
616,Siriraj Hospital,THA,Health
617,Complejo Universitario de San Carlos,ESP,Health
618,The Affiliated Hospital of Qingdao University Medical College,CHN,Health
619,Hospital Universitario 12 de Octubre,ESP,Health
619,Kansas State University,USA,Universities
620,Fukushima Medical University *,JPN,Universities
621,Shimane University *,JPN,Universities
621,SUNY Downstate Medical Center,USA,Universities
622,Mahidol University *,THA,Universities
623,Teikyo University *,JPN,Universities
624,Harbin Medical University *,CHN,Universities
625,The Jikei University School of Medicine *,JPN,Universities
625,Cedars-Sinai Medical Center ,USA,Health
626,Universitatsklinikum Schleswig-Holstein,DEU,Health
626,Centre Hospitalier Universitaire de Nantes *,FRA,Health
627,Universite de Bourgogne *,FRA,Universities
628,Jonkoping University,SWE,Universities
629,Penn State Milton S. Hershey Medical Center,USA,Health
630,"University of Colorado, Colorado Springs",USA,Universities
631,Jichi Medical University *,JPN,Universities
632,Hallym University Medical Center,KOR,Health
633,Hamad Medical Corp *,QAT,Health
634,University of Notre Dame Australia,AUS,Universities
635,University of Strathclyde,GBR,Universities
636,Universite Francois Rabelais de Tours *,FRA,Universities
637,Alfred Health,AUS,Health
638,I-Shou University,TWN,Universities
639,Universite Lumiere Lyon 2 *,FRA,Universities
640,Fuwai Heart Hospital and Cardiovascular Institute,CHN,Health
641,"University of Science, Malaysia *",MYS,Universities
642,Ministry of Health,MYS,Health
