Global Rank,Institution,Country,Sector
1,Ministry of Education of the People's Republic of China,CHN,Government
2,Ministry of Agriculture,CHN,Government
3,Jiangnan University *,CHN,Universities
4,Consejo Superior de Investigaciones Cientificas *,ESP,Government
5,United States Department of Agriculture,USA,Government
6,Chinese Academy of Sciences *,CHN,Government
7,Wageningen University and Research Centre *,NLD,Universities
8,China Agricultural University,CHN,Universities
9,Chinese Academy of Agricultural Sciences *,CHN,Government
10,South China University of Technology,CHN,Universities
11,"Institut National de Recherche pour l'Agriculture, l'Alimentation et l'Environnement *",FRA,Government
12,Universidade de Sao Paulo *,BRA,Universities
13,Zhejiang University *,CHN,Universities
14,Consejo Nacional de Investigaciones Cientificas y Tecnicas *,ARG,Government
15,Universidade Estadual de Campinas,BRA,Universities
16,Nanjing Agricultural University,CHN,Universities
17,Cornell University *,USA,Universities
18,The University of Queensland *,AUS,Universities
19,Consiglio Nazionale delle Ricerche *,ITA,Government
20,Centre National de la Recherche Scientifique *,FRA,Government
21,Northwest A and F University,CHN,Universities
22,"University of California, Davis *",USA,Universities
23,National Institutes of Health,USA,Health
23,University of Guelph,CAN,Universities
24,University of Illinois at Urbana-Champaign *,USA,Universities
25,Irish Agriculture and Food Development Authority,IRL,Government
26,CGIAR Consortium of International Agricultural Research *,MUL,Non-Profit
27,Jiangsu University *,CHN,Universities
28,Huazhong Agricultural University,CHN,Universities
29,University of Copenhagen,DNK,Universities
30,Nanchang University *,CHN,Universities
30,University Putra Malaysia,MYS,Universities
31,Hospital Universitario Virgen de las Nieves,ESP,Health
32,Instituto de Salud Carlos III *,ESP,Health
33,"University of Massachusetts, Amherst",USA,Universities
34,University of Florida *,USA,Universities
35,Xi'an Jiaotong University *,CHN,Universities
35,Agriculture and Agri-Food Canada,CAN,Government
36,National University of Singapore *,SGP,Universities
37,U.S. Department of Health & Human Services *,USA,Health
38,"University of Wisconsin, Madison *",USA,Universities
39,Universita degli Studi di Milano,ITA,Universities
39,Purdue University,USA,Universities
40,Universita degli Studi di Napoli Federico II,ITA,Universities
41,Catholic University of Leuven,BEL,Universities
42,University College Dublin,IRL,Universities
43,Leibniz Gemeinschaft *,DEU,Government
44,Seoul National University *,KOR,Universities
45,Ghent University,BEL,Universities
46,Samsung Corp *,MUL,Companies
47,Commonwealth Scientific and Industrial Research Organization *,AUS,Government
48,University College Cork *,IRL,Universities
49,Boston University *,USA,Universities
50,Aarhus University *,DNK,Universities
51,Iowa State University,USA,Universities
52,Universidad de Granada *,ESP,Universities
53,Instituto de Agroquimica y Tecnologia de Alimentos ,ESP,Government
53,Michigan State University,USA,Universities
54,North Carolina State University,USA,Universities
55,Shanghai Jiao Tong University *,CHN,Universities
56,Empresa Brasileira de Pesquisa Agropecuaria,BRA,Government
57,Beijing Technology and Business University,CHN,Universities
58,Sherbrooke University,CAN,Universities
59,Harvard University *,USA,Universities
60,Indian Council of Agricultural Research *,IND,Government
61,Universita degli Studi di Parma,ITA,Universities
62,L'Alma Mater Studiorum - Universita di Bologna,ITA,Universities
63,"Rutgers, The State University of New Jersey",USA,Universities
64,Universitat de Valencia *,ESP,Universities
65,University of Chinese Academy of Sciences,CHN,Universities
66,"Washington State University, Pullman *",USA,Universities
67,University of Leeds,GBR,Universities
68,Kyung Hee University *,KOR,Universities
69,University of Auckland,NZL,Universities
70,South China Agricultural University,CHN,Universities
71,Institut National des Sciences Appliquees de Lyon *,FRA,Universities
72,Shandong University *,CHN,Universities
72,Universite Claude Bernard Lyon 1 *,FRA,Universities
73,"Texas A&M University, College Station *",USA,Universities
74,University of Oxford,GBR,Universities
75,"Ohio State University, Columbus *",USA,Universities
76,Universidade Estadual Paulista Julio de Mesquita Filho,BRA,Universities
77,Instituto de Ciencia y Tecnologia de Alimentos y Nutricion,ESP,Government
78,Universidade do Porto *,PRT,Universities
79,University of Pittsburgh *,USA,Universities
80,Konkuk University *,KOR,Universities
81,Universita degli Studi di Torino,ITA,Universities
82,Centro de Investigacion Biomedica en Red Fisiopatologia de la Obesidad y Nutricion,ESP,Health
83,Harbin Institute of Technology,CHN,Universities
84,The University of British Columbia,CAN,Universities
85,University of Macau,MAC,Universities
86,University of Alberta,CAN,Universities
87,Universidad de Santiago de Chile,CHL,Universities
88,"University of Nebraska, Lincoln",USA,Universities
89,"University of Minnesota, Twin Cities *",USA,Universities
90,Universita degli Studi di Bari,ITA,Universities
91,"University of Tennessee, Knoxville *",USA,Universities
92,Northeast Agricultural University,CHN,Universities
93,Hospital Universitario San Cecilio,ESP,Health
94,Stockholm University,SWE,Universities
95,Pennsylvania State University *,USA,Universities
95,Massey University,NZL,Universities
96,University Hospital Maastricht,NLD,Health
97,University of Georgia,USA,Universities
97,Korea University *,KOR,Universities
98,University of Melbourne *,AUS,Universities
99,International Iberian Nanotechnology Laboratory,PRT,Government
99,University of Helsinki,FIN,Universities
100,Universitat Hohenheim,DEU,Universities
100,Ocean University of China,CHN,Universities
101,"University of Michigan, Ann Arbor *",USA,Universities
102,Red de Institutos IMDEA *,ESP,Government
103,Universita degli Studi di Salerno,ITA,Universities
103,Jilin University *,CHN,Universities
104,Yangzhou University,CHN,Universities
105,Instituto IMDEA Alimentacion,ESP,Government
105,US Food and Drug Administration,USA,Government
106,University of Groningen *,NLD,Universities
107,Istituto per la Tecnologia delle Membrane,ITA,Government
108,Council of Scientific and Industrial Research *,IND,Government
108,Institut National de la Sante et de la Recherche Medicale *,FRA,Health
109,Center for Disease Control and Prevention China,CHN,Health
110,University of Virginia *,USA,Universities
110,Universidad Autonoma de Madrid *,ESP,Universities
111,"Cardiovasculaire, Metabolisme, Diabetologie & Nutrition",FRA,Government
112,Mayo Clinic *,USA,Health
113,Tianjin University of Science and Technology,CHN,Universities
114,Fondazione Policlinico Universitario Agostino Gemelli IRCCS,ITA,Health
115,Chung-Ang University *,KOR,Universities
116,University of Nottingham *,GBR,Universities
117,The University of Reading,GBR,Universities
118,Nestle Switzerland,CHE,Companies
119,Hefei University of Technology,CHN,Universities
120,Technische Universitat Munchen *,DEU,Universities
121,McGill University,CAN,Universities
122,Guangzhou University of Traditional Chinese Medicine *,CHN,Universities
123,Nestle *,MUL,Companies
124,Tufts University,USA,Universities
125,Universidade Federal de Santa Catarina,BRA,Universities
126,Helmholtz Gemeinschaft *,DEU,Government
127,Science et Technologie du Lait et de l'Oeuf,FRA,Government
128,Universidade do Minho,PRT,Universities
129,Universita degli Studi di Roma La Sapienza,ITA,Universities
130,University of Waikato,NZL,Universities
131,Tongji University *,CHN,Universities
131,University of Zagreb,HRV,Universities
132,Consejo Nacional de Ciencia y Tecnologia *,MEX,Government
133,Fraunhofer Gesellschaft *,DEU,Government
134,"Centro de Investigacion Biomedica en Red Fisiopatologia de la Obesidad y Nutricion, Madrid",ESP,Health
135,University of Huddersfield,GBR,Universities
136,Universita degli Studi di Firenze,ITA,Universities
137,Technical University of Denmark,DNK,Universities
138,National Cancer Institute,USA,Health
139,Fujian Agriculture and Forestry University,CHN,Universities
139,Tsinghua University *,CHN,Universities
140,Universita degli Studi di Perugia,ITA,Universities
141,Universidade Federal de Vicosa,BRA,Universities
142,Universidad de Sevilla *,ESP,Universities
143,Sorbonne Universite *,FRA,Universities
143,Zhejiang University of Technology,CHN,Universities
143,Agricultural Research Organization,ISR,Government
144,"Northwest University, Xi'an",CHN,Universities
145,"Monash University, Melbourne *",AUS,Universities
145,Tianjin University *,CHN,Universities
146,Kansas State University,USA,Universities
147,Biotechnology and Biological Sciences Research Council *,GBR,Government
148,VTT Technical Research Centre of Finland,FIN,Companies
149,Medical University of Gdansk,POL,Universities
150,University of Arizona *,USA,Universities
151,Universita Cattolica del Sacro Cuore,ITA,Universities
151,Warsaw University of Life Sciences,POL,Universities
152,Universitatsmedizin der Johannes Gutenberg-Universitat Mainz,DEU,Health
153,University of Otago,NZL,Universities
153,Xiamen University *,CHN,Universities
154,Universitat Politecnica de Valencia *,ESP,Universities
155,Universidade Federal de Lavras,BRA,Universities
156,Instituto de Investigacion en Ciencias de la Alimentacion,ESP,Government
157,Huazhong University of Science and Technology *,CHN,Universities
158,Istituto di Scienze delle Produzioni Alimentari,ITA,Government
159,Universitat de Barcelona *,ESP,Universities
160,Netherlands Organisation for Applied Scientific Research *,MUL,Government
160,Netherlands Organisation for Applied Scientific Research,NLD,Government
161,Universita degli Studi Gabriele d'Annunzio di Chieti e Pescara,ITA,Universities
162,Institut Micalis,FRA,Government
163,Chubu University,JPN,Universities
163,Leibniz-Institut fur Agrartechnik Potsdam-Bornim,DEU,Government
163,McMaster University,CAN,Universities
164,Columbia University *,USA,Universities
165,Zunyi Medical University *,CHN,Universities
166,Yale University *,USA,Universities
167,"Agency for Science, Technology and Research Singapore *",SGP,Government
168,Universite de Technologie de Compiegne *,FRA,Universities
169,Oregon State University,USA,Universities
170,Universidade Federal de Santa Maria *,BRA,Universities
170,Poznan University of Life Sciences,POL,Universities
171,"Norwegian Institute of Food, Fisheries and Aquaculture Research",NOR,Government
172,Universidad de Zaragoza *,ESP,Universities
173,Sichuan Agricultural University,CHN,Universities
174,Academy of Sciences of the Czech Republic *,CZE,Government
175,Universita Politecnica delle Marche,ITA,Universities
175,Incheon National University,KOR,Universities
176,Swiss Federal Institute of Technology,CHE,Universities
176,Maastricht University,NLD,Universities
177,Polish Academy of Sciences *,POL,Government
178,Jinan University *,CHN,Universities
178,Peking University *,CHN,Universities
179,University of Birmingham,GBR,Universities
180,Instituto Politecnico de Braganca,PRT,Universities
180,Universita degli Studi di Catania,ITA,Universities
181,"University of Connecticut, Storrs *",USA,Universities
181,"Chang Gung Memorial Hospital, Taipei *",TWN,Health
182,Virginia Polytechnic Institute and State University,USA,Universities
182,University of Crete,GRC,Universities
183,Gorgan University of Agriculture and Natural Resources,IRN,Universities
184,Universidade Federal do Rio Grande do Sul,BRA,Universities
185,Central South University *,CHN,Universities
185,University of Tehran,IRN,Universities
186,Instituto de la Grasa de Sevilla,ESP,Government
187,University of Manitoba,CAN,Universities
188,"Southeast University, Nanjing *",CHN,Universities
189,Universidad de Chile *,CHL,Universities
189,European Commission - Joint Research Centre,MUL,Government
190,National Cheng Kung University,TWN,Universities
191,Chang Gung University,TWN,Universities
192,University of Pennsylvania *,USA,Universities
193,Wuhan University *,CHN,Universities
193,United Nations *,MUL,Non-Profit
194,"University of Agriculture, Faisalabad",PAK,Universities
194,"ParisTech, Institut des Sciences et Technologies de Paris - PRES *",FRA,Government
195,Universita degli Studi di Genova,ITA,Universities
195,European Commission *,MUL,Government
196,Universidad Complutense de Madrid *,ESP,Universities
196,Universidad de La Rioja *,ESP,Universities
197,Agrocampus Ouest *,FRA,Universities
198,University of Western Ontario,CAN,Universities
199,Hospices Civils de Lyon *,FRA,Health
200,King Abdulaziz University *,SAU,Universities
201,Universita degli Studi di Padova,ITA,Universities
202,Universite d'Avignon *,FRA,Universities
203,Henan University of Technology,CHN,Universities
204,Universidad Nacional de La Plata *,ARG,Universities
205,Taipei Medical University,TWN,Universities
205,Universitat Rovira i Virgili *,ESP,Universities
205,Universidad Nacional Autonoma de Mexico,MEX,Universities
206,National Taiwan University,TWN,Universities
207,Riddet Institute,NZL,Government
208,Universita degli Studi di Foggia,ITA,Universities
208,Universidad de Valladolid *,ESP,Universities
209,"AgroParisTech, Institut des Sciences et Industries du Vivant et de l'Environnement",FRA,Universities
210,East China University of Science and Technology,CHN,Universities
210,Technische Universitat Dresden,DEU,Universities
211,Southwest University *,CHN,Universities
212,University of Bath,GBR,Universities
213,Sookmyung Womens University,KOR,Universities
213,Korea Food Research Institute,KOR,Government
214,Universidad de Cordoba *,ESP,Universities
215,Universidad de Murcia *,ESP,Universities
216,University of Belgrade,SRB,Universities
216,Hebrew University of Jerusalem,ISR,Universities
217,Universita degli Studi di Pisa,ITA,Universities
218,University of Tromso - The Arctic University of Norway,NOR,Universities
218,Sichuan University *,CHN,Universities
218,Kyungpook National University *,KOR,Universities
218,Centro Cientifico Tecnologico La Plata,ARG,Government
219,South China Botanical Garden Chinese Academy of Sciences,CHN,Government
220,Universita degli Studi di Palermo,ITA,Universities
220,Lanzhou University *,CHN,Universities
221,Stellenbosch University,ZAF,Universities
222,Catholic University of Louvain,BEL,Universities
222,Sun Yat-Sen University *,CHN,Universities
223,Northwestern Polytechnical University,CHN,Universities
224,Universidade Federal de Ciencias da Saude de Porto Alegre,BRA,Universities
224,Rural Development Administration *,KOR,Government
225,Cranfield University,GBR,Universities
226,Chung-Ho Memorial Hospital,TWN,Health
226,Korea Atomic Energy Research Institute,KOR,Government
227,Technische Universitat Berlin,DEU,Universities
228,University of Oulu,FIN,Universities
228,Universitat fur Bodenkultur Wien *,AUT,Universities
229,Centers for Disease Control and Prevention,USA,Health
229,University of Calgary,CAN,Universities
230,Ben-Gurion University of the Negev *,ISR,Universities
231,Aristotle University of Thessaloniki,GRC,Universities
232,Aix-Marseille Universite *,FRA,Universities
233,Fu Jen Catholic University,TWN,Universities
234,University of Tsukuba *,JPN,Universities
234,University of Life Sciences in Lublin,POL,Universities
235,Indiana University-Bloomington,USA,Universities
236,Stanford University *,USA,Universities
236,Universidad Politecnica de Madrid *,ESP,Universities
237,Aarhus University Hospital,DNK,Health
238,University Medical Center Groningen,NLD,Health
239,"Instituto Federal de Educacao, Ciencia e Tecnologia do Rio de Janeiro",BRA,Universities
239,Prince of Songkla University,THA,Universities
240,Shanghai Academy of Agricultural Sciences,CHN,Government
241,Anhui Agricultural University,CHN,Universities
242,University of Sydney,AUS,Universities
243,Wonkwang University *,KOR,Universities
244,Jiangxi Agricultural University,CHN,Universities
245,Anhui University,CHN,Universities
246,Johns Hopkins University *,USA,Universities
247,The University of Hong Kong *,HKG,Universities
248,Instituto Valenciano de Investigaciones Agrarias  *,ESP,Government
248,Yale University Health & Medicine,USA,Health
249,University of Saskatchewan,CAN,Universities
249,Food and Agriculture Organization of the United Nations,MUL,Non-Profit
250,United Arab Emirates University,ARE,Universities
250,Qingdao Agricultural University,CHN,Universities
250,Universidade Federal de Sao Carlos,BRA,Universities
250,AgResearch Ltd,NZL,Government
251,Norwegian University of Science and Technology,NOR,Universities
252,University of Washington *,USA,Universities
253,University of Toronto,CAN,Universities
254,Instituto Politecnico Nacional *,MEX,Universities
254,Chosun University *,KOR,Universities
255,Comision de Investigaciones Cientificas *,ARG,Government
256,Universidad de Oviedo *,ESP,Universities
257,Dalian Polytechnic University,CHN,Universities
257,Centro de Edafologia y Biologia Aplicada del Segura,ESP,Government
258,Ecole Nationale Superieure de Chimie de Montpellier *,FRA,Universities
259,Universidad de Almeria,ESP,Universities
259,Lunds University,SWE,Universities
259,Chinese Academy of Medical Sciences and Peking Union Medical College *,CHN,Universities
259,Brno University of Technology,CZE,Universities
260,Humboldt-Universitat zu Berlin,DEU,Universities
260,Keimyung University,KOR,Universities
260,Universidad de Huelva *,ESP,Universities
261,"Lincoln University, Lincoln",NZL,Universities
262,University of South Florida,USA,Universities
263,Centro de Investigacion en Alimentacion y Desarrollo,MEX,Government
263,Universidad de Buenos Aires *,ARG,Universities
264,Norwegian University of Life Sciences,NOR,Universities
264,University College London *,GBR,Universities
264,Rothamsted Research,GBR,Government
265,National Center for Genetic Engineering and Biotechnology,THA,Government
266,The University of Newcastle,AUS,Universities
267,Cukurova University,TUR,Universities
268,University of Greenwich,GBR,Universities
269,Harvard Medical School,USA,Universities
270,Wuyi University,CHN,Universities
271,Massachusetts General Hospital,USA,Health
272,University of Kentucky *,USA,Universities
273,Universite Montpellier *,FRA,Universities
273,Laval University,CAN,Universities
274,Johns Hopkins Medicine,USA,Health
274,"Northwestern University, Evanston *",USA,Universities
274,Zhejiang Gongshang University,CHN,Universities
275,"University of Missouri, Columbia *",USA,Universities
276,Basque Research and Technology Alliance *,ESP,Government
276,Ethiopian Institute of Agricultural Research,ETH,Government
276,Universidad Tecnologica Metropolitana,CHL,Universities
277,Universitat Wien,AUT,Universities
278,Queen's University Belfast,GBR,Universities
279,Wroclaw University of Environmental and Life Sciences,POL,Universities
279,Heinrich Heine Universitat Dusseldorf  *,DEU,Universities
279,Northeast Forestry University,CHN,Universities
279,The University of Edinburgh *,GBR,Universities
279,Tel Aviv University,ISR,Universities
280,"University of Alabama, Tuscaloosa",USA,Universities
280,Instituto de Investigaciones Agropecuarias,CHL,Government
281,Max Planck Gesellschaft *,DEU,Government
281,Natural Resources Institute Finland,FIN,Government
281,"University of California, Santa Barbara",USA,Universities
281,"Institute of Subtropical Agriculture, Chinese Academy of Sciences",CHN,Government
282,"Louisiana State University, Baton Rouge",USA,Universities
283,Friedrich-Schiller-Universitat Jena *,DEU,Universities
284,Universitat Hamburg *,DEU,Universities
285,Lodz University of Technology,POL,Universities
286,University of Southern California *,USA,Universities
286,"China Medical University, Taichung *",TWN,Universities
287,Swedish University of Agricultural Sciences,SWE,Universities
288,Rheinische Friedrich-Wilhelms-Universitat Bonn *,DEU,Universities
288,University of South Florida System *,USA,Universities
288,Kings College London,GBR,Universities
288,Universidad Nacional de Colombia *,COL,Universities
289,Fuzhou University,CHN,Universities
290,University of New South Wales,AUS,Universities
290,Universidad Tecnica Federico Santa Maria *,CHL,Universities
291,The University of Western Australia,AUS,Universities
292,"University of Colorado, Boulder *",USA,Universities
293,Universite de Sfax *,TUN,Universities
294,Julius-Maximilians-Universitat Wurzburg *,DEU,Universities
295,Southern Cross University,AUS,Universities
296,Universidade Federal do Rio de Janeiro,BRA,Universities
296,Case Western Reserve University,USA,Universities
297,University of Tasmania,AUS,Universities
297,University of Cambridge *,GBR,Universities
298,Pontificia Universidad Catolica de Chile *,CHL,Universities
299,Selcuk University *,TUR,Universities
299,Complejo Hospitalario Regional Reina Sofia,ESP,Health
300,Guangdong University of Technology,CHN,Universities
300,Institut de Recerca i Tecnologia Agroalimentaries Barcelona *,ESP,Government
300,Instituto de Investigacion Sanitaria de Navarra,ESP,Health
300,Yonsei University *,KOR,Universities
301,Wenzhou Medical University *,CHN,Universities
301,Nanjing Forestry University,CHN,Universities
301,Centre de Cooperation Internationale en Recherche Agronomique pour le Developpement *,FRA,Government
301,"University of Maryland, Baltimore",USA,Universities
302,"University of California, Los Angeles *",USA,Universities
303,Agricultural Research Center Egypt *,EGY,Government
304,Shanghai Institute of Technology,CHN,Non-Profit
304,Universita degli Studi di Pavia,ITA,Universities
304,Vilnius University,LTU,Universities
304,King Saud University *,SAU,Universities
305,Chalmers University of Technology *,SWE,Universities
306,Ecole Polytechnique Federale de Lausanne,CHE,Universities
307,Universidade de Coimbra *,PRT,Universities
307,Pukyong National University,KOR,Universities
308,Singapore Institute for Clinical Sciences,SGP,Government
309,China Pharmaceutical University,CHN,Universities
309,Jadavpur University,IND,Universities
309,University of South Carolina *,USA,Universities
309,University of Tokyo *,JPN,Universities
310,Universidade Estadual de Maringa,BRA,Universities
310,Shandong Agricultural University,CHN,Universities
311,James Hutton Institute,GBR,Non-Profit
312,Universite de Rennes 1 *,FRA,Universities
313,Veterinarmedizinische Universitat Wien *,AUT,Universities
314,"University of California, Berkeley *",USA,Universities
314,Universidade de Lisboa,PRT,Universities
314,Shanghai Institutes for Biological Sciences Chinese Academy of Sciences,CHN,Government
315,Vanderbilt University *,USA,Universities
316,University of Ottawa,CAN,Universities
317,UCSI University,MYS,Universities
318,Poznan University of Medical Sciences,POL,Universities
318,The University of Sheffield,GBR,Universities
319,Universidad Pablo de Olavide *,ESP,Universities
319,UC Davis Health System,USA,Health
320,Shahid Beheshti University of Medical Sciences and Health Services *,IRN,Universities
321,University of East Anglia *,GBR,Universities
321,AZTI,ESP,Government
321,Chonbuk National University *,KOR,Universities
321,University of Limerick,IRL,Universities
322,"University of North Carolina, Greensboro",USA,Universities
323,Universidad Autonoma de Queretaro,MEX,Universities
324,Sungkyunkwan University,KOR,Universities
324,Chungnam National University,KOR,Universities
324,University of Thessaly,GRC,Universities
324,University of Eastern Finland,FIN,Universities
325,Universidade Estadual de Ponta Grossa,BRA,Universities
325,Ahvaz Jundishapur University of Medical Sciences *,IRN,Universities
326,University of Florida Health Science Center,USA,Health
327,"University of Arkansas, Fayetteville",USA,Universities
328,Instituto Maimonides de Investigacion Biomedica de Cordoba,ESP,Health
328,"University of Maryland, College Park *",USA,Universities
328,Dongguk University *,KOR,Universities
329,Isfahan University of Technology,IRN,Universities
329,University of Chemistry and Technology,CZE,Universities
329,National Pingtung University of Science and Technology,TWN,Universities
330,Delft University of Technology,NLD,Universities
330,University of Wollongong *,AUS,Universities
331,"University of Nottingham, Malaysia Campus",MYS,Universities
331,"AgroSup Dijon, Institut National Superieur des Sciences Agronomiques, de l'Alimentation et de l'Environnement *",FRA,Universities
331,Universidad Miguel Hernandez *,ESP,Universities
332,Mahasarakham University,THA,Universities
333,International Centre for Genetic Engineering and Biotechnology *,MUL,Government
333,Shandong University of Technology,CHN,Universities
334,Universita degli Studi di Teramo,ITA,Universities
334,Democritus University Of Thrace,GRC,Universities
334,Universidade Federal do Parana,BRA,Universities
334,Universidad de Navarra *,ESP,Universities
335,Tohoku University *,JPN,Universities
335,UCLA Health System,USA,Health
335,University of Malaya *,MYS,Universities
336,Universite Clermont-Auvergne,FRA,Universities
336,Deutsches Institut fur Ernahrungsforschung Potsdam-Rehbrucke,DEU,Government
337,University of Science and Technology Beijing,CHN,Universities
337,Danone *,MUL,Companies
338,"University of California, San Diego *",USA,Universities
338,National Technical University of Athens,GRC,Universities
339,Kangwon National University *,KOR,Universities
340,Kunming University of Science and Technology,CHN,Universities
341,Zhengzhou University *,CHN,Universities
341,Beth Israel Deaconess Medical Center,USA,Health
342,Universita degli Studi di Roma Tor Vergata,ITA,Universities
343,University of Utah Health Care,USA,Health
343,Brown University,USA,Universities
344,Vrije Universiteit Brussel,BEL,Universities
344,Aalto University,FIN,Universities
344,Zhejiang A & F University *,CHN,Universities
345,Mashhad University of Medical Sciences,IRN,Universities
346,National Agriculture and Food Research Organization,JPN,Government
346,Crop Research Institute,CZE,Government
346,Peking University Health Science Center,CHN,Universities
347,Da-Yeh University,TWN,Universities
347,Instituto Nacional de Saude Dr. Ricardo Jorge,PRT,Health
348,South Central University for Nationalities,CHN,Universities
349,University of Pennsylvania Health System,USA,Health
350,"Kunming Institute of Botany, Chinese Academy of Science",CHN,Government
350,Oregon Health & Science University *,USA,Universities
350,Silla University,KOR,Universities
350,Hong Kong Polytechnic University,HKG,Universities
350,University of South Australia,AUS,Universities
351,Kaunas University of Technology ,LTU,Universities
351,Agricultural University of Athens,GRC,Universities
351,"Colorado State University, Fort Collins *",USA,Universities
351,Monash University Malaysia,MYS,Universities
352,Northumbria University,GBR,Universities
352,Universidade de Aveiro,PRT,Universities
352,Chung Shan Medical University,TWN,Universities
353,Universitat de Lleida,ESP,Universities
353,Ain Shams University *,EGY,Universities
354,Universite de Paris *,FRA,Universities
355,Liaoning University,CHN,Universities
356,The University of Adelaide,AUS,Universities
356,Universite de Lorraine *,FRA,Universities
357,University of Novi Sad,SRB,Universities
357,Iranian Research Organization for Science & Technology,IRN,Government
357,Universidad de Salamanca *,ESP,Universities
358,Vrije Universiteit Amsterdam *,NLD,Universities
358,Universitat Bern,CHE,Universities
359,Istanbul Technical University,TUR,Universities
360,CareGroup Healthcare System *,USA,Health
360,"University of Hawaii, Manoa *",USA,Universities
360,Technische Universitat Wien *,AUT,Universities
361,Hunan Normal University,CHN,Universities
361,University of Southern Denmark,DNK,Universities
361,Rheinisch-Westfalische Technische Hochschule Aachen,DEU,Universities
362,University of Peloponnese,GRC,Universities
363,China Medical University Hospital,TWN,Health
363,Shiraz University,IRN,Universities
363,Columbia University Irving Medical Center,USA,Health
363,Shenzhen University,CHN,Universities
364,University of Turku,FIN,Universities
364,Universidad Catolica San Antonio de Murcia,ESP,Universities
364,"University of California, San Francisco *",USA,Universities
364,Zhejiang Chinese Medical University *,CHN,Universities
364,Nanjing University of Finance and Economics,CHN,Universities
365,University of Delhi *,IND,Universities
366,University of Sussex *,GBR,Universities
367,Universidade Federal de Juiz de Fora *,BRA,Universities
367,University of Ulster,GBR,Universities
368,Universitat Autonoma de Barcelona *,ESP,Universities
368,Universite du Quebec en Quebec *,CAN,Universities
369,Universidad de Extremadura *,ESP,Universities
370,Shiraz University of Medical Sciences *,IRN,Universities
370,Yeungnam University,KOR,Universities
370,"University of California, Riverside",USA,Universities
371,Slovak University of Agriculture in Nitra,SVK,Universities
371,Ton Duc Thang University,VNM,Universities
372,Universita degli Studi di Sassari,ITA,Universities
373,Seoul Womens University,KOR,Universities
373,Universidade Nova de Lisboa,PRT,Universities
373,Umea University *,SWE,Universities
373,"Soochow University, Suzhou *",CHN,Universities
374,Universita degli Studi dell Aquila,ITA,Universities
374,Korea Research Institute of Bioscience and Biotechnology,KOR,Government
374,Shanghai Ocean University,CHN,Universities
375,"University of North Carolina, Chapel Hill *",USA,Universities
376,"Universite Paul Sabatier, Toulouse III *",FRA,Universities
376,Universita degli Studi di Siena,ITA,Universities
376,Hunan Agricultural University,CHN,Universities
377,Universite de Bordeaux *,FRA,Universities
377,Cairo University *,EGY,Universities
378,Instituto Nacional de Investigacao Agraria e Veterinaria,PRT,Government
378,Bangladesh Agricultural University,BGD,Universities
378,Universita degli Studi di Modena e Reggio Emilia,ITA,Universities
379,Instituto de Investigacion Sanitaria IdIPAZ,ESP,Health
380,Universita degli Studi di Verona,ITA,Universities
380,Jozef Stefan International Postgraduate School,SVN,Universities
381,Russian State Agrarian University - Moscow Timiryazev Agricultural Academy,RUS,Universities
381,Nicolaus Copernicus University,POL,Universities
382,Institut National de la Recherche Scientifique,CAN,Universities
383,South Dakota State University,USA,Universities
383,The Korea National University of Transportation,KOR,Universities
384,"University of Science, Malaysia *",MYS,Universities
384,Shenyang Agricultural University,CHN,Universities
384,Jagiellonian University,POL,Universities
384,Plant and Food Research,NZL,Companies
385,"California Polytechnic State University, San Luis Obispo",USA,Universities
386,Kasetsart University,THA,Universities
386,Tarbiat Modares University,IRN,Universities
386,Gyeongsang National University *,KOR,Universities
387,Instituto Tecnologico y de Estudios Superiores de Monterrey,MEX,Universities
387,Xinjiang University,CHN,Universities
388,Universidade de Vigo *,ESP,Universities
388,Universite Paris-Saclay *,FRA,Universities
389,University of Glasgow *,GBR,Universities
389,Universidade de Evora,PRT,Universities
389,Shenyang Pharmaceutical University,CHN,Universities
389,Guangxi University,CHN,Universities
390,"Suleyman Demirel University, Isparta",TUR,Universities
391,Princeton University,USA,Universities
392,Medical University of Lublin,POL,Universities
393,University of Ljubljana *,SVN,Universities
393,Universidade de Santiago de Compostela *,ESP,Universities
393,Universidade Federal de Sergipe,BRA,Universities
393,Jiangsu Academy of Agricultural Sciences *,CHN,Government
393,Charite - Universitatsmedizin Berlin *,DEU,Health
394,Universidade Catolica Portuguesa,PRT,Universities
394,Universita degli Studi di Messina,ITA,Universities
395,Australian National University,AUS,Universities
395,Chinese Academy of Inspection and Quarantine,CHN,Government
396,"Shaanxi Normal University, Xi'an",CHN,Universities
396,Victoria University,AUS,Universities
397,Universidade Regional do Cariri,BRA,Universities
397,"Montana State University, Bozeman",USA,Universities
397,Kunsan National University,KOR,Universities
397,Universidade Federal de Goias,BRA,Universities
398,"State University of New York, Buffalo",USA,Universities
398,University of Aberdeen,GBR,Universities
398,Bangor University,GBR,Universities
398,Universidade Federal de Pelotas,BRA,Universities
399,Gachon University,KOR,Universities
399,Linkoping University,SWE,Universities
400,Danone Nederland BV,NLD,Companies
400,Dong-A University,KOR,Universities
400,Royal Melbourne Institute of Technology *,AUS,Universities
400,Indian Agricultural Research Institute,IND,Government
400,Baqiyatallah Medical Sciences University,IRN,Universities
401,Skane University Hospital,SWE,Health
401,U.S. Army *,USA,Government
402,"Fondazione IRCCS Ospedale Maggiore Policlinico, Mangiagalli e Regina Elena",ITA,Health
403,Universidad del Pais Vasco *,ESP,Universities
403,Justus-Liebig-Universitat Giessen *,DEU,Universities
404,Universita degli Studi della Tuscia,ITA,Universities
405,University of Shanghai for Science and Technology,CHN,Universities
406,Institut d'Investigacio Sanitaria Pere Virgili,ESP,Health
406,Illinois Institute of Technology,USA,Universities
406,"University of Alabama, Birmingham *",USA,Universities
406,Universidade Federal de Minas Gerais,BRA,Universities
406,National Institute of Animal Science,KOR,Government
407,Beijing Forestry University,CHN,Universities
408,Charles Sturt University,AUS,Universities
409,"Newcastle University, Newcastle upon Tyne",GBR,Universities
409,Medizinische Universitat Wien,AUT,Universities
410,Universidade Federal Fluminense,BRA,Universities
410,Nanjing University of Technology,CHN,Universities
411,University of Warmia and Mazury,POL,Universities
411,Hubei University of Technology,CHN,Universities
412,Karlsruher Institut fur Technologie,DEU,Universities
412,Clalit Health Services *,ISR,Health
413,COMSATS Institute of Information Technology *,PAK,Universities
414,City University of New York *,USA,Universities
414,Centro de Investigacion y Tecnologia Agroalimentaria de Aragon *,ESP,Government
414,Eberhard-Karls-Universitat Tubingen,DEU,Universities
415,Beijing Institute of Technology,CHN,Universities
416,Universidade Federal do Maranhao,BRA,Universities
416,Universidad de Jaen *,ESP,Universities
417,"Montpellier SupAgro, Centre International d'Etudes Superieures en Sciences Agronomiques *",FRA,Universities
417,Louisiana State University Agricultural Center,USA,Non-Profit
418,University of Chicago *,USA,Universities
418,Shaanxi University of Science and Technology,CHN,Universities
419,Kongju National University,KOR,Universities
419,International Food Policy Research Institute,MUL,Non-Profit
420,University of Oslo,NOR,Universities
420,University of Tabriz,IRN,Universities
421,Korea University of Science and Technology,KOR,Universities
421,Center for Food Safety and Applied Nutrition,USA,Government
421,Fudan University *,CHN,Universities
422,Universidad de la Republica *,URY,Universities
423,Deutsches Diabetes-Zentrum - Leibniz-Zentrum fur Diabetes-Forschung an der Heinrich-Heine-Universitat Dusseldorf,DEU,Government
424,Utrecht University *,NLD,Universities
424,China University of Mining and Technology,CHN,Universities
425,National Science and Technology Development Agency *,THA,Government
425,Unilever *,MUL,Companies
425,Pakistan Council of Scientific and Industrial Research,PAK,Government
425,Centro de Investigacion y Asistencia en Tecnologia y Diseno del Estado de Jalisco,MEX,Government
425,Korea Institute of Oriental Medicine,KOR,Government
425,Qinghai University,CHN,Universities
426,University of Rhode Island,USA,Universities
427,Academic Center for Education Culture and Research *,IRN,Non-Profit
428,Technische Universitat Kaiserslautern,DEU,Universities
428,Hospital Clinic i Provincial de Barcelona,ESP,Health
429,Universite de Bourgogne *,FRA,Universities
429,"Institute of Chemical Technology, Mumbai",IND,Universities
429,Chonnam National University,KOR,Universities
430,Universidad Nacional Agraria La Molina,PER,Universities
430,Shuang Ho Hospital,TWN,Health
431,University of Leicester,GBR,Universities
432,Bialystok University of Technology,POL,Universities
432,Universidade Estadual de Londrina,BRA,Universities
432,International Livestock Research Institute Kenya,KEN,Non-Profit
432,Instituto Nacional de Investigacion y Tecnologia Agraria y Alimentaria  *,ESP,Government
433,Ferdowsi University of Mashhad,IRN,Universities
434,National Research Centre *,EGY,Government
435,Estacion Experimental del Zaidin ,ESP,Government
435,University of Victoria,CAN,Universities
435,Deakin University *,AUS,Universities
436,Andong National University,KOR,Universities
436,Veterans Affairs Medical Centers *,USA,Health
436,Universite de Liege,BEL,Universities
436,Eastern Mediterranean University,CYP,Universities
437,"Asia University, Taiwan",TWN,Universities
437,Universite Francois Rabelais de Tours *,FRA,Universities
437,Razi University,IRN,Universities
437,Tomas Bata University in Zlin,CZE,Universities
437,Guru Nanak Dev University,IND,Universities
437,Brock University,CAN,Universities
438,Arizona State University,USA,Universities
438,Universita degli Studi di Udine,ITA,Universities
438,Sejong University,KOR,Universities
439,World Health Organization *,MUL,Health
439,Universitat Heidelberg,DEU,Universities
440,Central Food Technological Research Institute,IND,Government
440,Universidad Autonoma de Chihuahua,MEX,Universities
440,Institute of Animal Reproduction and Food Research Polish Academy of Sciences,POL,Government
440,Johannes Gutenberg-Universitat Mainz *,DEU,Universities
441,Kyoto University *,JPN,Universities
441,Imperial College London,GBR,Universities
442,Dalhousie University,CAN,Universities
442,Universite d'Angers *,FRA,Universities
443,All India Institute of Medical Sciences,IND,Universities
443,University of Waterloo,CAN,Universities
443,International Livestock Research Institute,MUL,Non-Profit
444,Osaka Prefecture University,JPN,Universities
445,National Aeronautics and Space Administration *,USA,Government
445,University of Amsterdam *,NLD,Universities
445,Tampere University,FIN,Universities
445,Queensland University of Technology,AUS,Universities
445,Shanghai University of Traditional Chinese Medicine *,CHN,Universities
445,Centro de Investigacion Biomedica en Red de Enfermedades Hepaticas y Digestivas,ESP,Health
446,International Food Policy Research Institute United States,USA,Non-Profit
446,Chung Shan Medical University Hospital,TWN,Health
447,Institute of Marine Research,NOR,Government
448,Murdoch University,AUS,Universities
449,Southern Medical University *,CHN,Universities
450,Christian-Albrechts-Universitat zu Kiel,DEU,Universities
451,Al-Azhar University *,EGY,Universities
452,Central Queensland University,AUS,Universities
452,University of Utah *,USA,Universities
452,Universita della Calabria,ITA,Universities
452,Silpakorn University,THA,Universities
453,"Institute of Botany, Chinese Academy of Science",CHN,Government
453,Radboud University Nijmegen,NLD,Universities
454,Universita degli Studi di Camerino,ITA,Universities
455,Urmia University,IRN,Universities
456,Zurich University of Applied Sciences,CHE,Universities
456,Ewha Womans University *,KOR,Universities
456,National Chung Hsing University,TWN,Universities
456,Latvia University of Life Sciences and Technologies,LVA,Universities
457,Karolinska University Hospital,SWE,Health
457,Assiut University *,EGY,Universities
458,University of Shizuoka,JPN,Universities
458,Universidade Tecnologica Federal do Parana,BRA,Universities
458,University of Mississippi *,USA,Universities
458,Universita degli Studi della Campania Luigi Vanvitelli,ITA,Universities
459,Lebanese University,LBN,Universities
459,University of Lodz,POL,Universities
460,Hiroshima University *,JPN,Universities
461,Universidade Federal da Paraiba,BRA,Universities
462,Universidad Nacional de Cordoba *,ARG,Universities
463,Technion - Israel Institute of Technology *,ISR,Universities
463,University of Arkansas for Medical Sciences,USA,Universities
464,University of Antwerp,BEL,Universities
464,Jeju National University *,KOR,Universities
464,City University of Hong Kong *,HKG,Universities
464,Universita degli Studi Mediterranea di Reggio Calabria,ITA,Universities
465,Guizhou University,CHN,Universities
466,Vanderbilt University Medical Center,USA,Health
466,Indian Veterinary Research Institute,IND,Universities
467,"World Health Organization, Switzerland",CHE,Health
468,National Dairy Research Institute,IND,Government
468,Universidad de las Americas Puebla,MEX,Universities
469,Universidad de las Palmas de Gran Canaria *,ESP,Universities
469,Arizona Health Sciences Center University of Arizona Tucson,USA,Health
470,Shandong Normal University,CHN,Universities
470,Daejeon University,KOR,Universities
471,North Dakota State University,USA,Universities
472,Comenius University in Bratislava,SVK,Universities
472,Clemson University,USA,Universities
473,Australian Catholic University,AUS,Universities
473,Auburn University,USA,Universities
474,Chiang Mai University,THA,Universities
474,Academy of Scientific and Innovative Research,IND,Universities
475,Guangdong Pharmaceutical University,CHN,Universities
476,Institute of Agrophysics Polish Academy of Sciences,POL,Government
477,Curtin University *,AUS,Universities
477,Samsung Medical Center Seoul,KOR,Health
477,Universitat Rostock *,DEU,Universities
478,Freie Universitat Berlin,DEU,Universities
478,University of Pretoria,ZAF,Universities
479,University of Agriculture in Krakow,POL,Universities
479,Swinburne University of Technology *,AUS,Universities
479,Chulalongkorn University,THA,Universities
479,"Oklahoma State University, Stillwater",USA,Universities
480,Beijing University of Agriculture,CHN,Universities
480,Centro Cientifico Tecnologico Bahia Blanca,ARG,Government
480,"Secretaria de Ciencia, Tecnologia e Innovacion Productiva *",ARG,Government
481,Josip Juraj Strossmayer University of Osijek,HRV,Universities
481,Universita degli Studi di Urbino Carlo Bo,ITA,Universities
482,Ningbo University,CHN,Universities
482,China Jiliang University,CHN,Universities
483,Universitat Leipzig *,DEU,Universities
484,"Government College University, Faisalabad",PAK,Universities
484,Hainan University,CHN,Universities
484,Pusan National University,KOR,Universities
484,Japan International Research Center for Agricultural Sciences,JPN,Government
485,Wuhan Polytechnic University,CHN,Universities
485,Institute of Himalayan Bioresource Technology,IND,Government
486,Universidad Autonoma del Estado de Hidalgo,MEX,Universities
486,Bahauddin Zakariya University,PAK,Universities
487,"Universidad de Leon, Spain *",ESP,Universities
487,Gyeongnam National University of Science and Technology,KOR,Universities
487,Universidad de Castilla-La Mancha *,ESP,Universities
488,Beijing Normal University *,CHN,Universities
488,Korea Institute of Science and Technology,KOR,Government
489,Universidad Nacional del Sur *,ARG,Universities
490,Memorial University of Newfoundland,CAN,Universities
490,Universidade Federal do Ceara,BRA,Universities
490,Yildiz Technical University,TUR,Universities
490,Chinese Academy of Tropical Agricultural Sciences,CHN,Universities
490,University of Patras,GRC,Universities
490,Universidad Autonoma Agraria Antonio Narro,MEX,Universities
491,San Diego State University,USA,Universities
491,Tehran University of Medical Sciences *,IRN,Universities
491,Universidad Pontificia Bolivariana *,COL,Universities
491,Universidade Federal de Sao Paulo *,BRA,Universities
492,Ege University,TUR,Universities
493,Nagoya University *,JPN,Universities
493,Norwegian Institute of Bioeconomy Research,NOR,Government
494,International Rice Research Institute,MUL,Non-Profit
494,Liverpool John Moores University,GBR,Universities
495,Universite PSL *,FRA,Universities
496,Complejo Hospitalario Virgen de La Victoria,ESP,Health
496,Mississippi State University,USA,Universities
496,Junta de Andalucia Sevilla *,ESP,Government
497,Gaziantep University *,TUR,Universities
497,Universidad de La Serena,CHL,Universities
497,Cleveland Clinic *,USA,Health
497,Plant Protection Research Institute,EGY,Government
498,Helmholtz Zentrum Munchen Forschungszentrum fur Umwelt und Gesundheit,DEU,Government
499,VetAgro Sup *,FRA,Universities
499,Universite de Tunis El Manar *,TUN,Universities
500,University of Nebraska Medical Center,USA,Universities
500,International Rice Research Institute Filipinas,PHL,Non-Profit
501,Zhejiang Sci-Tech University,CHN,Universities
502,Izmir Institute of Technology,TUR,Universities
502,Universitat Zurich,CHE,Universities
502,Czech University of Life Sciences Prague,CZE,Universities
502,"Alliance of Bioversity International and CIAT, Colombia",COL,Non-Profit
503,University of Bristol,GBR,Universities
503,Igdir University,TUR,Universities
504,Klinikum Ludwig Maximilians Universitat Munchen,DEU,Health
504,University of Southern California Health Sciences Campus,USA,Health
504,Karolinska Institute,SWE,Universities
504,University of Athens,GRC,Universities
505,Universita degli Studi di Cagliari,ITA,Universities
505,Universidade Federal do Estado do Rio de Janeiro,BRA,Universities
506,Tzu Chi University,TWN,Universities
506,Universitat de les Illes Balears *,ESP,Universities
506,International Maize and Wheat Improvement Center,MUL,Non-Profit
506,Nihon University *,JPN,Universities
506,Jilin Agricultural University,CHN,Universities
506,Lawrence Berkeley National Laboratory *,USA,Government
507,Beijing Academy of Agriculture and Forestry Sciences,CHN,Companies
508,Jiangxi Normal University,CHN,Universities
508,Universite de Montreal,CAN,Universities
509,Kyushu University *,JPN,Universities
509,Nankai University *,CHN,Universities
510,University of Malaysia Sabah,MYS,Universities
510,Universita degli Studi di Milano-Bicocca,ITA,Universities
510,Cyprus University of Technology,CYP,Universities
511,Qingdao University *,CHN,Universities
511,University of Liverpool *,GBR,Universities
511,Hospital Universitario La Paz,ESP,Health
512,Chongqing University,CHN,Universities
513,Flinders University,AUS,Universities
513,Agricultural Biotechnology Research Institute of Iran,IRN,Government
513,Institut National Polytechnique de Toulouse *,FRA,Universities
513,Centro Cientifico Tecnologico NOA Sur,ARG,Government
514,Universidade da Madeira,PRT,Universities
515,Universita degli Studi del Piemonte Orientale Amedeo Avogadro,ITA,Universities
515,University of Agricultural Sciences and Veterinary Medicine of Cluj-Napoca,ROU,Universities
516,Universita del Salento,ITA,Universities
516,South African Medical Research Council,ZAF,Health
516,Copenhagen University Hospital,DNK,Health
517,Taif University,SAU,Universities
517,Fundacao Oswaldo Cruz *,BRA,Health
518,"Vietnam National University, Ho Chi Minh City",VNM,Universities
518,"University of Maine, Orono",USA,Universities
519,Universitat Politecnica de Catalunya *,ESP,Universities
519,Agricultural Research Education and Extension Organization *,IRN,Government
520,Medical Research Council,GBR,Health
520,Georg-August-Universitat Gottingen,DEU,Universities
521,Chungbuk National University,KOR,Universities
522,Agricultural University of Hebei,CHN,Universities
522,University Hospital Southampton NHS Foundation Trust,GBR,Health
522,Universite de Carthage *,TUN,Universities
522,"University of Texas, Austin",USA,Universities
523,Mansoura University *,EGY,Universities
524,Universidade do Estado de Santa Catarina,BRA,Universities
524,West Virginia University *,USA,Universities
525,Akdeniz University,TUR,Universities
525,Universidade Federal de Pernambuco,BRA,Universities
525,Istituto di Biologia Agro-ambientale e Forestale,ITA,Government
526,Uppsala University,SWE,Universities
527,The Nottingham Trent University,GBR,Universities
527,University of Michigan Health System,USA,Health
527,"Islamic Azad University, Ayatollah Amoli",IRN,Universities
528,Universidad de Burgos,ESP,Universities
528,Alliance of Bioversity International and CIAT,MUL,Non-Profit
528,Wake Forest University *,USA,Universities
528,Recep Tayyip Erdogan University,TUR,Universities
528,Texas Tech University,USA,Universities
528,Wuhan Institute of Technology,CHN,Universities
529,Wake Forest University Baptist Medical Center,USA,Health
529,Hacettepe University,TUR,Universities
530,Tanta University,EGY,Universities
530,Karl Franzens Universitat Graz *,AUT,Universities
531,Kaohsiung Medical University,TWN,Universities
531,University Dunarea de Jos of Galati,ROU,Universities
532,University of Arid Agriculture,PAK,Universities
532,Norwegian Institute of Public Health,NOR,Health
532,Universidade Federal Rural do Rio de Janeiro,BRA,Universities
532,Nanyang Technological University *,SGP,Universities
533,Southwest University of Science and Technology,CHN,Universities
533,International Institute of Tropical Agriculture,MUL,Non-Profit
533,Henan University of Science and Technology *,CHN,Universities
534,Universidad de Cadiz *,ESP,Universities
534,National Kaohsiung University of Science and Technology,TWN,Universities
535,New York University *,USA,Universities
535,"Vietnam National University, Hanoi",VNM,Universities
536,"University of Colorado, Anschutz Medical Campus",USA,Universities
536,University of Prince Edward Island,CAN,Universities
537,Mahidol University *,THA,Universities
538,"Northeastern University, USA",USA,Universities
539,Anna University,IND,Universities
540,Jozef Stefan Institute,SVN,Government
540,Hospital for Sick Children,CAN,Health
541,Research Institute for Fragrance Materials,USA,Government
541,Hanyang University *,KOR,Universities
542,Universitat Kassel,DEU,Universities
542,Hokkaido University *,JPN,Universities
542,Leiden University *,NLD,Universities
542,Sakarya University *,TUR,Universities
542,Universita degli Studi di Trieste,ITA,Universities
542,Universidad Autonoma Metropolitana,MEX,Universities
543,Cardiff University,GBR,Universities
543,University of Nevada-Reno,USA,Universities
544,Hangzhou Normal University *,CHN,Universities
544,University of Ioannina,GRC,Universities
544,Universidade de Tras-os-Montes e Alto Douro,PRT,Universities
545,Bandung Institute of Technology,IDN,Universities
545,Hospital Universitari Sant Joan de Reus,ESP,Health
545,Auckland University of Technology,NZL,Universities
546,Institut d'Investigacions Biomediques August Pi i Sunyer,ESP,Health
546,Damanhour University,EGY,Universities
546,University of Vermont,USA,Universities
547,Universidad de Talca *,CHL,Universities
548,The Chinese University of Hong Kong *,HKG,Universities
549,University of KwaZulu-Natal *,ZAF,Universities
549,Shandong University of Science and Technology,CHN,Universities
549,Jeonju University,KOR,Universities
549,National University of Malaysia *,MYS,Universities
549,Instituto de Investigaciones Marinas ,ESP,Government
550,La Trobe University *,AUS,Universities
551,Tshwane University of Technology,ZAF,Universities
551,Plymouth University,GBR,Universities
551,Universidad Austral de Chile *,CHL,Universities
552,Osaka University *,JPN,Universities
552,Universidad Veracruzana,MEX,Universities
553,Universidade Federal do Para,BRA,Universities
553,Kookmin University,KOR,Universities
553,Russian Academy of Sciences *,RUS,Government
554,University of Gothenburg,SWE,Universities
554,University of Wyoming,USA,Universities
554,Kwame Nkrumah University of Science and Technology,GHA,Universities
554,International Maize and Wheat Improvement Center Mexico,MEX,Non-Profit
555,Hospital Regional Universitario de Malaga,ESP,Health
555,"Northeastern University, China",CHN,Universities
556,Ankara University,TUR,Universities
556,Gazi University,TUR,Universities
556,Ataturk University,TUR,Universities
557,University of Warwick,GBR,Universities
557,Comision Coordinadora de Institutos Nacionales de Salud y Hospitales de Alta Especialidad,MEX,Health
557,Inner Mongolia Agricultural University,CHN,Universities
557,Erasmus Medical Center,NLD,Health
558,University of Southampton,GBR,Universities
558,Uludag University,TUR,Universities
558,University of Minnesota Health and Medicine,USA,Universities
559,University of Surrey,GBR,Universities
559,Utah State University *,USA,Universities
560,Khon Kaen University,THA,Universities
560,Bulgarian Academy of Sciences *,BGR,Government
560,University Malaysia Terengganu,MYS,Universities
561,Universidad Nacional del Litoral *,ARG,Universities
562,"University of Colorado, Denver *",USA,Universities
563,Washington University in Saint Louis *,USA,Universities
563,Near East University,CYP,Universities
563,University of Delaware,USA,Universities
564,Universidad Tecnica de Ambato,ECU,Universities
564,Chengdu University,CHN,Universities
565,Universitatsklinikum Bonn,DEU,Health
565,University of Science and Technology of China,CHN,Universities
565,South China Normal University,CHN,Universities
565,International Potato Center,MUL,Non-Profit
565,Slovenian Academy of Sciences and Arts *,SVN,Government
565,Istituto Auxologico Italiano IRCCS,ITA,Health
565,Dankook University,KOR,Universities
566,Istituto Superiore di Sanita,ITA,Health
567,Bharathiar University,IND,Universities
568,"National Institutes of Biomedical Innovation, Health and Nutrition",JPN,Health
568,Kagawa University *,JPN,Universities
568,Universidade do Algarve,PRT,Universities
569,Pomeranian Medical University,POL,Universities
569,Erasmus University Rotterdam *,NLD,Universities
569,Pakistan Atomic Energy Commission *,PAK,Government
569,Oslo University Hospital,NOR,Health
569,Pontificia Universidad Catolica de Valparaiso *,CHL,Universities
570,National University of Life and Environmental Sciences of Ukraine,UKR,Universities
570,Emory University *,USA,Universities
571,Khwaja Fareed University of Engineering and Information Technology,PAK,Universities
572,Macquarie University *,AUS,Universities
572,The University of Manchester,GBR,Universities
572,Bohai University,CHN,Universities
572,Florida State University *,USA,Universities
572,Agricultural Research Council,ZAF,Government
573,Instituto Politecnico de Beja,PRT,Universities
573,Gaziosmanpasa University,TUR,Universities
573,National Defense Medical Center,TWN,Health
573,Qatar University,QAT,Universities
574,University of South Africa,ZAF,Universities
574,National Institute for Public Health and the Environment,NLD,Health
574,Tabriz University of Medical Sciences,IRN,Universities
575,Lovely Professional University,IND,Universities
576,Instituto Politecnico do Porto,PRT,Universities
576,Lanzhou University of Technology,CHN,Universities
576,University of Hawai'i Cancer Center,USA,Health
576,Alexandria University *,EGY,Universities
576,Qilu University of Technology,CHN,Universities
577,Makerere University *,UGA,Universities
577,Tubitak Scientific and Technical Research Council of Turkey *,TUR,Government
578,Universidad de Antioquia *,COL,Universities
578,George Institute for International Health *,AUS,Health
579,National Institute of Technology Rourkela,IND,Universities
580,Centre de Biotechnologie de Borj Cedria,TUN,Government
581,Charles University *,CZE,Universities
581,Indian Institute of Technology Guwahati,IND,Universities
581,Maharshi Dayanand University,IND,Universities
582,Instituto Nacional de Tecnologia Agropecuaria,ARG,Government
582,Centro de Investigacion Biomedica en Red de Diabetes y Enfermedades Metabolicas Asociadas,ESP,Health
582,Hunan University,CHN,Universities
582,University of Twente,NLD,Universities
582,University of Veterinary Medicine and Pharmacy,SVK,Universities
583,Shanghai University,CHN,Universities
583,University of Southern Queensland,AUS,Universities
584,Lithuanian Research Centre for Agriculture and Forestry,LTU,Government
584,Ministry of Health,MYS,Health
585,Jiangsu Normal University,CHN,Universities
585,Universidad San Pablo CEU ,ESP,Universities
585,Universidade de Brasilia,BRA,Universities
585,Medical University of Lodz,POL,Universities
585,Industrial University of Ho Chi Minh City,VNM,Universities
585,Rensselaer Polytechnic Institute,USA,Universities
586,Bogor Agricultural University,IDN,Universities
586,Institut Hospital del Mar d’Investigacions Mediques,ESP,Health
587,National Ilan University,TWN,Universities
587,Institut de Recherche pour le Developpement Paris *,FRA,Government
588,Universitat d'Alacant *,ESP,Universities
588,Universitat Potsdam,DEU,Universities
588,Universite de Toulouse,FRA,Universities
589,VIT University,IND,Universities
589,Medical University of South Carolina *,USA,Universities
589,Lithuanian University of Health Sciences,LTU,Universities
590,University of Debrecen,HUN,Universities
590,Linyi University,CHN,Universities
591,Cha University *,KOR,Universities
591,Kermanshah University of Medical Sciences *,IRN,Universities
592,Friedrich-Alexander-Universitat Erlangen-Nurnberg *,DEU,Universities
593,Dalian University of Technology,CHN,Universities
593,Universidade de Caxias do Sul,BRA,Universities
594,Bayburt University,TUR,Universities
594,Jimei University,CHN,Universities
594,Egerton University,KEN,Universities
594,Universidade Federal do Rio Grande,BRA,Universities
595,"University of California, Irvine *",USA,Universities
595,Centre des Sciences du Gout et de l'Alimentation,FRA,Government
596,Nanjing University of Chinese Medicine *,CHN,Universities
597,Lomonosov  Moscow State University,RUS,Universities
598,Universidad Autonoma Chapingo,MEX,Universities
598,Instituto Nacional de Salud Publica,MEX,Health
598,Universita degli Studi del Molise,ITA,Universities
599,University of Veterinary and Animal Sciences,PAK,Universities
599,Free University of Bozen,ITA,Universities
599,University of Cincinnati *,USA,Universities
600,"Northwest Institute of Eco-Environment and Resources, Chinese Academy of Sciences",CHN,Government
600,James Cook University *,AUS,Universities
600,Baylor College of Medicine,USA,Universities
601,IMT Atlantique *,FRA,Universities
601,Universite de Nantes *,FRA,Universities
601,Szent Istvan University,HUN,Universities
602,University for Development Studies,GHA,Universities
602,Mendel University in Brno,CZE,Universities
603,Okayama University *,JPN,Universities
603,Tokyo University of Marine Science and Technology,JPN,Universities
603,Universidad de Costa Rica,CRI,Universities
604,Medical University of Bialystok,POL,Universities
605,"Centro de Investigacion Biomedica en Red de Diabetes y Enfermedades Metabolicas Asociadas, Madrid",ESP,Health
605,Universidade Federal do Rio Grande do Norte,BRA,Universities
606,Liaocheng University *,CHN,Universities
606,Universidade Federal da Fronteira Sul,BRA,Universities
606,City of Scientific Research and Technological Applications *,EGY,Government
606,"Instituto Federal de Educacao, Ciencia e Tecnologia Espirito Santo",BRA,Universities
606,Kuwait Institute for Scientific Research *,KWT,Government
607,Universitat Pompeu Fabra *,ESP,Universities
607,Universidad de la Frontera,CHL,Universities
607,Taipei Medical University Hospital,TWN,Health
607,Assistance Publique Hopitaux de Paris *,FRA,Health
607,Ehime University *,JPN,Universities
608,Medizinische Universitat Innsbruck *,AUT,Universities
608,Changshu Institute of Technology,CHN,Universities
608,Universidad Nacional de Quilmes,ARG,Universities
608,Hong Kong Baptist University,HKG,Universities
609,Sari Agricultural Sciences and Natural Resources University,IRN,Universities
609,Foshan University,CHN,Universities
610,University of South Bohemia,CZE,Universities
610,London School of Hygiene and Tropical Medicine,GBR,Universities
610,Bordeaux Sciences Agro *,FRA,Universities
611,Kafr El-Sheikh University,EGY,Universities
611,Tianjin University of Commerce China,CHN,Universities
611,Gifu University *,JPN,Universities
612,University Tunku Abdul Rahman,MYS,Universities
612,Hallym University *,KOR,Universities
612,University of Kansas Medical Center,USA,Health
613,Universita degli Studi della Basilicata,ITA,Universities
614,Shanxi Agricultural University,CHN,Universities
614,Universidad Nacional del Centro de la Provincia de Buenos Aires *,ARG,Universities
615,Universidad Autonoma de Sinaloa,MEX,Universities
615,University of New Hampshire,USA,Universities
616,Instituto Politecnico de Castelo Branco,PRT,Universities
616,Ministere de l’Enseignement Superieur et de la Recherche Scientifique *,TUN,Government
617,First Hospital of Jilin University,CHN,Health
617,Universita degli Studi Magna Graecia di Catanzaro,ITA,Universities
618,"Agence Nationale de la Securite Sanitaire de l'Alimentation, de l'Environnement et du Travail *",FRA,Health
618,International Crops Research Institute for the Semi-Arid Tropics,MUL,Non-Profit
618,Zhengzhou University of Light Industry,CHN,Universities
618,UC San Diego Health System,USA,Health
619,Kobe University *,JPN,Universities
619,Ritsumeikan University,JPN,Universities
620,University of Iceland,ISL,Universities
620,Stiftung Tierarztliche Hochschule Hannover,DEU,Universities
620,"University of Illinois, Chicago *",USA,Universities
621,Universidade Federal da Bahia,BRA,Universities
621,National Institute of Advanced Industrial Science & Technology,JPN,Government
621,George Washington University *,USA,Universities
622,Budapest University of Technology and Economics,HUN,Universities
622,Alagappa University,IND,Universities
622,Ecole Nationale Veterinaire Agroalimentaire et de l'Alimentation de Nantes-Atlantique *,FRA,Universities
622,Universite de Bretagne Occidentale *,FRA,Universities
623,International Institute of Tropical Agriculture Nigeria,NGA,Non-Profit
623,Jomo Kenyatta University of Agriculture and Technology,KEN,Universities
623,Universidade do Vale do Rio dos Sinos,BRA,Universities
624,Federal University of Technology Akure,NGA,Universities
624,Ludong University,CHN,Universities
624,University of Nairobi,KEN,Universities
625,National Academy of Sciences of Ukraine *,UKR,Government
625,University of Central Lancashire,GBR,Universities
625,Gangneung-Wonju National University,KOR,Universities
625,Martin-Luther-Universitat Halle-Wittenberg *,DEU,Universities
625,"Indian Institute of Technology, Delhi",IND,Universities
626,Aberystwyth University,GBR,Universities
627,Sultan Qaboos University *,OMN,Universities
627,Montefiore Medical Center *,USA,Health
628,Yangtze University,CHN,Universities
628,Trinity College Dublin *,IRL,Universities
629,University of Idaho,USA,Universities
629,Anhui University of Science and Technology,CHN,Universities
629,Centro de Investigacion Biomedica en Red de Epidemiologia y Salud Publica,ESP,Health
629,Westfalische Wilhelms-Universitat Munster *,DEU,Universities
630,Griffith University,AUS,Universities
630,Mae Fah Luang University,THA,Universities
630,University of Bergen,NOR,Universities
630,Universidad Autonoma de Yucatan,MEX,Universities
631,Adana Science and Technology University,TUR,Universities
632,"Instituto Nacional de Investigaciones Forestales, Agricolas y Pecuarias",MEX,Government
632,"Centro de Investigacion Biomedica en Red de Epidemiologia y Salud Publica, Madrid",ESP,Health
633,University of Rzeszow,POL,Universities
633,Universidad de Guadalajara,MEX,Universities
634,Zagazig University *,EGY,Universities
635,Pondicherry University,IND,Universities
635,"Indian Institute of Technology, Kharagpur",IND,Universities
635,Universidad de Malaga *,ESP,Universities
636,Leibniz-Institut fur Nutztierbiologie,DEU,Government
637,University of the Ryukyus *,JPN,Universities
637,World Agroforestry,MUL,Non-Profit
638,Fraunhofer Institut fur Toxikologie und Experimentelle Medizin,DEU,Government
638,Gadjah Mada University,IDN,Universities
638,Ludwig-Maximilians Universitat Munchen *,DEU,Universities
639,Brigham and Women's Hospital,USA,Health
640,Bahir Dar University,ETH,Universities
640,Daegu University,KOR,Universities
640,Ministry of Health and Medical Education,IRN,Health
640,Periyar University,IND,Universities
641,Erciyes University,TUR,Universities
642,The University of Lahore,PAK,Universities
642,Slovak Academy of Sciences *,SVK,Government
642,Chinese Academy of Fishery Sciences,CHN,Government
642,Universidad Europea de Madrid,ESP,Universities
642,Universidad Politecnica de Cartagena *,ESP,Universities
642,Guangdong Ocean University,CHN,Universities
643,Tokyo University of Agriculture and Technology,JPN,Universities
644,Universidad de Sonora,MEX,Universities
644,Yuzuncu Yil University *,TUR,Universities
644,Institution de la Recherche et de l'Enseignement Superieur Agricoles *,TUN,Government
645,Isfahan University of Medical Sciences *,IRN,Universities
646,Banaras Hindu University,IND,Universities
646,Universidad de Concepcion *,CHL,Universities
647,Universidad Autonoma de Baja California,MEX,Universities
648,Medical University of Warsaw,POL,Universities
648,Institut National des Sciences Appliquees et de Technologie,TUN,Universities
648,Universidad Nacional de Rosario *,ARG,Universities
649,Zhejiang Ocean University,CHN,Universities
649,University of Kansas *,USA,Universities
650,Shahid Beheshti University,IRN,Universities
651,Istanbul Sabahattin Zaim University,TUR,Universities
652,Punjab Agricultural University,IND,Universities
653,Universidade Federal de Uberlandia,BRA,Universities
653,U.S. Department of Energy *,USA,Government
653,Indian Council of Medical Research *,IND,Health
654,Chongqing University of Education,CHN,Universities
654,Universidade Estadual do Norte Fluminense Darcy Ribeiro,BRA,Universities
654,University of Houston,USA,Universities
655,Sunchon National University,KOR,Universities
655,University of Central Florida,USA,Universities
656,"University of New England, Australia",AUS,Universities
657,Zhongkai University of Agriculture and Engineering,CHN,Universities
657,Public Health Agency of Canada,CAN,Health
657,Carleton University,CAN,Universities
658,Universitas Negeri Sebelas Maret,IDN,Universities
658,Universite de Bejaia,DZA,Universities
658,University of Ilorin,NGA,Universities
659,University of Management and Technology,PAK,Universities
660,Washington University Medical Center ,USA,Health
660,Boston University Medical Campus ,USA,Health
660,Instituto de Investigacion Sanitaria de Santiago de Compostela,ESP,Health
661,University of Kashmir,IND,Universities
662,Universidade Federal Rural de Pernambuco,BRA,Universities
663,Durban University of Technology,ZAF,Universities
663,Iuliu Hatieganu University of Medicine and Pharmacy Cluj Napoca,ROU,Universities
663,"University of Food Technologies, Plovdiv",BGR,Universities
663,Medizinische Universitat Graz *,AUT,Universities
664,Centre Hospitalier Universitaire Vaudois ,CHE,Health
665,Henan Institute of Science and Technology,CHN,Universities
666,Yantai University,CHN,Universities
666,Jordan University of Science and Technology,JOR,Universities
666,China National Rice Research Institute,CHN,Government
667,Oslo Metropolitan University,NOR,Universities
667,Benemerita Universidad Autonoma de Puebla *,MEX,Universities
667,Albert Einstein College of Medicine,USA,Universities
667,Zhejiang Shuren University,CHN,Universities
668,Al-Balqa Applied University,JOR,Universities
669,Ecole Nationale Veterinaire de Toulouse *,FRA,Universities
669,Qufu Normal University,CHN,Universities
669,Menoufia University *,EGY,Universities
669,Loughborough University,GBR,Universities
670,Universidad Isabel I,ESP,Universities
670,Pennington Biomedical Research Center,USA,Health
671,Health Canada,CAN,Health
671,Lorestan University,IRN,Universities
672,University of Warsaw,POL,Universities
673,University of Mohaghegh Ardabili,IRN,Universities
673,University of Mississippi Medical Center,USA,Universities
674,"Guangdong Institute of Microbiology, Chinese Academy of Sciences",CHN,Government
675,Hoseo University,KOR,Universities
675,Aga Khan University *,PAK,Universities
675,Harper Adams University College,GBR,Universities
675,"University of Technology, Malaysia",MYS,Universities
675,Dalian Ocean University,CHN,Universities
676,Universite de la Reunion,REU,Universities
677,Manisa Celal Bayar University *,TUR,Universities
677,Instituto Nacional de Ciencias Medicas y Nutricion Salvador Zubiran,MEX,Health
677,Dalian Minzu University,CHN,Universities
677,Poznan University of Economics and Business ,POL,Universities
677,"Islamic Azad University, Science and Research Branch",IRN,Universities
678,Heilongjiang Bayi Agricultural University,CHN,Universities
678,Stefan Cel Mare University,ROU,Universities
679,"Universidad Santo Tomas, Chile",CHL,Universities
679,Haramaya University,ETH,Universities
679,University of Miami *,USA,Universities
680,Centre de Biotechnologie de Sfax,TUN,Government
680,Universidad Nacional de Cuyo *,ARG,Universities
681,Jimma University *,ETH,Universities
681,Universite Saint-Joseph *,LBN,Universities
682,Sri Ramaswamy Memorial University,IND,Universities
682,Kagoshima University *,JPN,Universities
682,Hubei University of Arts and Science,CHN,Universities
682,University of Indonesia,IDN,Universities
682,Waseda University,JPN,Universities
683,University of Maragheh,IRN,Universities
684,Centro Cientifico Tecnologico de Santa Fe,ARG,Government
685,Second Affiliated Hospital & Yuying Children s Hospital of Wenzhou Medical University,CHN,Health
685,Haukeland University Hospital,NOR,Health
685,Universidad Publica de Navarra *,ESP,Universities
686,Xihua University,CHN,Universities
686,University of Calcutta,IND,Universities
687,Bangabandhu Sheikh Mujibur Rahman Agricultural University,BGD,Universities
687,Universidade Federal de Mato Grosso,BRA,Universities
688,National Institute on Aging,USA,Health
689,North Carolina A&T State University,USA,Universities
689,Tecnologico Nacional de Mexico *,MEX,Government
689,Universidade Estadual do Sudoeste da Bahia,BRA,Universities
690,International Agency for Research on Cancer,FRA,Health
691,Asian Institute of Technology,THA,Universities
691,Manipal Global Education Group *,MUL,Companies
691,Gansu Agricultural University,CHN,Universities
691,Aksaray University,TUR,Universities
692,Azienda Ospedaliero Universitaria Policlinico Sant'Orsola Malpighi,ITA,Health
693,Saga University *,JPN,Universities
693,Tokyo University of Agriculture,JPN,Universities
693,"Southern Illinois University, Carbondale *",USA,Universities
693,University of Kragujevac,SRB,Universities
694,West Pomeranian University of Technology,POL,Universities
694,Karadeniz Technical University,TUR,Universities
694,Universite de Strasbourg *,FRA,Universities
694,Universidad Autonoma del Estado de Mexico,MEX,Universities
695,Children's Hospital Boston  *,USA,Health
695,Universitat de Girona,ESP,Universities
695,Suez Canal University *,EGY,Universities
695,Universidade Federal de Mato Grosso do Sul,BRA,Universities
695,RIKEN-Institute of Physical and Chemical Research,JPN,Government
696,Centro de Investigacion y de Estudios Avanzados del IPN *,MEX,Universities
696,Diponegoro University,IDN,Universities
696,International Crops Research Institute for the Semi-Arid Tropics India,IND,Non-Profit
696,Henan University *,CHN,Universities
697,Woodruff Health Sciences Center,USA,Health
697,University of Ghana,GHA,Universities
697,Manipal University,IND,Universities
697,"National University of Ireland, Galway",IRL,Universities
698,Guangdong Medical University,CHN,Universities
699,Canakkale Onsekiz Mart Universitesi *,TUR,Universities
700,University of Pecs,HUN,Universities
701,Chinese Academy of Forestry *,CHN,Government
701,Universidade Federal do Espirito Santo,BRA,Universities
701,International Centre of Insect Physiology and Ecology,KEN,Government
701,University of Tennessee Health Science Center,USA,Health
701,Instituto de Investigacion y Formacion Agraria y Pesquera *,ESP,Government
702,Anglia Ruskin University,GBR,Universities
703,University of Jeddah,SAU,Universities
703,University of Exeter,GBR,Universities
703,Jacobs University Bremen,DEU,Universities
704,University of Ibadan,NGA,Universities
705,Chiba University *,JPN,Universities
706,Hospital de Sant Joan de Deu de Esplugues de Llobregat,ESP,Health
707,Universidad de Cordoba,COL,Universities
707,Sichuan University of Science and Engineering,CHN,Universities
707,Chengdu University of Traditional Chinese Medicine,CHN,Universities
707,Universidade Federal do Reconcavo da Bahia,BRA,Universities
708,University of Johannesburg,ZAF,Universities
708,Addis Ababa University,ETH,Universities
708,University of Oklahoma *,USA,Universities
709,World Agroforestry Centre Kenya,KEN,Non-Profit
709,Henan Agricultural University,CHN,Universities
709,Shihezi University,CHN,Universities
710,Gottfried Wilhelm Leibniz Universitat Hannover,DEU,Universities
710,Beijing University of Chemical Technology,CHN,Universities
711,Zhejiang University of Science and Technology,CHN,Universities
711,University of Cape Town,ZAF,Universities
712,Southwest Minzu University,CHN,Universities
713,Wroclaw Medical University,POL,Universities
713,University of Applied Sciences and Arts Western Switzerland *,CHE,Universities
713,Universite de Lausanne,CHE,Universities
714,International Centre for Diarrhoeal Disease Research,BGD,Health
714,Aligarh Muslim University,IND,Universities
714,Institut d'Investigacio Biomedica de Bellvitge,ESP,Health
715,Centro Cientifico Tecnologico de Cordoba,ARG,Government
715,University of Guilan,IRN,Universities
715,I.M. Sechenov First Moscow State Medical University,RUS,Universities
715,Middle East Technical University,TUR,Universities
716,American University of Beirut *,LBN,Universities
716,University of Miami Health System,USA,Health
716,Loma Linda University *,USA,Universities
717,Universidad Rey Juan Carlos *,ESP,Universities
717,Iwate University,JPN,Universities
718,Universita degli Studi di Trento,ITA,Universities
718,Centros Regionales CONICYT *,CHL,Government
718,Universidad Nacional de Mar del Plata *,ARG,Universities
719,Payame Noor University,IRN,Universities
720,Kyonggi University,KOR,Universities
720,University of Latvia,LVA,Universities
721,Instituto de Investigacion Biomedica de Salamanca,ESP,Government
721,Benha University *,EGY,Universities
722,"Federal University of Agriculture, Abeokuta",NGA,Universities
723,Ural Federal University,RUS,Universities
723,Umm Al-Qura University,SAU,Universities
723,Padjadjaran University,IDN,Universities
724,Slovak University of Technology,SVK,Universities
724,National Chiayi University,TWN,Universities
725,King Mongkut's Institute of Technology Ladkrabang,THA,Universities
725,Gdansk University of Technology,POL,Universities
726,Albert-Ludwigs-Universitat Freiburg im Breisgau,DEU,Universities
726,University of Fort Hare,ZAF,Universities
727,University of Tartu,EST,Universities
727,University of Nicosia,CYP,Universities
728,Universidade Federal de Campina Grande,BRA,Universities
728,"University of Technology, Sydney",AUS,Universities
729,Zanjan University,IRN,Universities
729,Universite de Monastir,TUN,Universities
729,"Universidad de los Andes, Colombia *",COL,Universities
729,Oak Ridge Institute for Science and Education,USA,Government
729,University of the Philippines Diliman *,PHL,Universities
730,Universidad del Bio-Bio,CHL,Universities
730,Yunnan Agricultural University,CHN,Universities
731,The Islamia University of Bahawalpur,PAK,Universities
731,Shahid Bahonar University of Kerman,IRN,Universities
732,University of Lincoln,GBR,Universities
732,West China Hospital,CHN,Health
732,Klinikum Rechts der Isar der Technische Universitat Munchen,DEU,Health
732,Riga Technical University,LVA,Universities
733,University of Rijeka,HRV,Universities
734,University of Dhaka,BGD,Universities
734,Illawarra Health and Medical Research Institute,AUS,Health
734,Shanxi University,CHN,Universities
734,Nottingham University Hospitals NHS Trust,GBR,Health
734,China University of Petroleum,CHN,Universities
734,Temple University *,USA,Universities
734,Instituto Multidisciplinario de Biologia Vegetal,ARG,Government
735,Acadia University,CAN,Universities
736,New Mexico State University,USA,Universities
737,"Islamic Azad University, North Tehran Branch",IRN,Universities
737,Hebei University of Science and Technology,CHN,Universities
737,Ss Cyril and Methodius University of Skopje *,MKD,Universities
738,Universidad Nacional de Tucuman *,ARG,Universities
739,Universidad Autonoma de Coahuila *,MEX,Universities
739,Universitatsklinikum Tubingen,DEU,Health
740,South Australian Health and Medical Research Institute,AUS,Health
740,Hamamatsu University School of Medicine *,JPN,Universities
740,Hunter Medical Research Institute,AUS,Health
741,National Taiwan University Hospital,TWN,Health
742,Pamukkale University,TUR,Universities
743,"Queen Mary, University of London",GBR,Universities
743,Qassim University,SAU,Universities
744,Harokopio University,GRC,Universities
745,Universidade Lusofona de Humanidades e Tecnologias,PRT,Universities
745,Shahid Sadoughi University of Medical Sciences,IRN,Universities
746,University of Basrah,IRQ,Universities
746,Tun Hussein Onn University of Malaysia,MYS,Universities
746,National Veterinary Institute,NOR,Government
747,Shenyang Normal University,CHN,Universities
747,Capital University of Medical Sciences,CHN,Universities
747,Leibniz-Zentrum fur Agrarlandschaftsforschung,DEU,Government
747,Comision Nacional de Investigacion Cientifica y Tecnologica *,CHL,Government
748,Universidad de Alcala *,ESP,Universities
749,York University,CAN,Universities
750,Mus Alparslan University,TUR,Universities
750,Nanjing Normal University,CHN,Universities
751,Amity University *,IND,Universities
751,Ospedale Pediatrico Bambino Gesu,VAT,Health
751,Hitit University,TUR,Universities
752,Fasa University,IRN,Universities
752,Yonsei University Health System,KOR,Health
753,Universidad Autonoma de Nuevo Leon *,MEX,Universities
754,King Mongkut's University of Technology Thonburi,THA,Universities
754,Macau University of Science and Technology,MAC,Universities
754,Orebro Universitet,SWE,Universities
755,Universidad Autonoma de Chile,CHL,Universities
756,Complejo Hospitalario Virgen del Rocio,ESP,Health
756,University of Nigeria,NGA,Universities
757,Cape Peninsula University of Technology,ZAF,Universities
757,"National Institute of Nutrition, Hyderabad",IND,Health
757,Hamadan University of Medical Sciences,IRN,Universities
757,Universite Mohammed V de Rabat *,MAR,Universities
757,Mersin University,TUR,Universities
758,Korea Basic Science Institute,KOR,Government
758,Universidade Estadual de Santa Cruz,BRA,Universities
758,Keio University *,JPN,Universities
758,Guru Angad Dev Veterinary and Animal Sciences University,IND,Universities
759,Universidade Federal do Pampa,BRA,Universities
759,Universidad del Zulia,VEN,Universities
759,Taylors University,MYS,Universities
760,Centre National de la Recherche Scientifique et Technologique *,BFA,Government
760,Tribhuvan University *,NPL,Universities
760,Cumhuriyet University *,TUR,Universities
761,Institut Pasteur de Lille *,FRA,Health
762,Changzhou University,CHN,Universities
762,Abdul Wali Khan University,PAK,Universities
763,Obihiro University of Agriculture and Veterinary Medicine,JPN,Universities
763,Landmark University,NGA,Universities
763,Universidade Estadual do Centro-Oeste,BRA,Universities
763,Abant Izzet Baysal University *,TUR,Universities
764,International Islamic University Malaysia,MYS,Universities
764,Cork Institute of Technology,IRL,Universities
764,"Universidad del Valle, Colombia *",COL,Universities
765,"Islamic Azad University, Tabriz",IRN,Universities
765,"University of the Witwatersrand, Johannesburg",ZAF,Universities
765,Aalborg University *,DNK,Universities
765,Universidad de La Sabana,COL,Universities
766,University of Pune,IND,Universities
766,Universidade Federal da Grande Dourados,BRA,Universities
767,Istanbul University Cerrahpasa *,TUR,Universities
768,Universidade do Estado do Rio de Janeiro,BRA,Universities
768,Colegio de Postgraduados,MEX,Universities
768,National Taiwan Ocean University,TWN,Universities
769,Tezpur University,IND,Universities
770,Kyoto Prefectural University of Medicine,JPN,Universities
770,Necmettin Erbakan University,TUR,Universities
771,Commissariat a l’Energie Atomique et aux Energies Alternatives *,FRA,Government
772,Istituto di Fisiologia Clinica,ITA,Government
772,University of Canberra,AUS,Universities
773,Edith Cowan University,AUS,Universities
773,Linnaeus University,SWE,Universities
773,University of Western Sydney,AUS,Universities
774,Kyungsung University,KOR,Universities
774,Hankyong National University *,KOR,Universities
775,Beni Suef University *,EGY,Universities
775,Bu-Ali Sina University,IRN,Universities
775,Brawijaya University,IDN,Universities
775,Universidade Federal de Alagoas,BRA,Universities
775,Niigata University *,JPN,Universities
776,University of Gondar,ETH,Universities
776,Ryerson University,CAN,Universities
776,Universidade Federal de Alfenas,BRA,Universities
777,Shaoxing University,CHN,Universities
777,Tri-Service General Hospital,TWN,Health
778,University of the Sunshine Coast,AUS,Universities
779,University of Sargodha,PAK,Universities
780,Instituto de Investigacion Sanitaria Fundacion para la Investigacion del Hospital Clinico de Valencia - INCLIVA,ESP,Health
781,"Universidad de los Andes, Venezuela",VEN,Universities
781,Eskisehir Osmangazi University *,TUR,Universities
782,Qingdao University of Science and Technology,CHN,Universities
783,University of Rwanda *,RWA,Universities
784,Universidad Francisco de Vitoria *,ESP,Universities
784,Vytautas Magnus University,LTU,Universities
784,Ohio University,USA,Universities
785,Hawassa University,ETH,Universities
785,Jember University,IDN,Universities
786,Naresuan University,THA,Universities
787,Harran University,TUR,Universities
788,Mugla University,TUR,Universities
788,Universidad Michoacana de San Nicolas de Hidalgo,MEX,Universities
789,Semnan University of Medical Sciences,IRN,Universities
790,University of Malta,MLT,Universities
790,Mustafa Kemal University *,TUR,Universities
790,Thammasat University,THA,Universities
791,Statens Serum Institut,DNK,Health
792,Panjab University,IND,Universities
792,University of Sri Jayewardenepura,LKA,Universities
792,Universidade Estadual do Oeste do Parana,BRA,Universities
792,Universita degli Studi Roma Tre,ITA,Universities
793,Universiti Teknologi MARA,MYS,Universities
793,Technische Universitat Braunschweig,DEU,Universities
794,Hung Kuang University,TWN,Universities
794,Iran University of Medical Sciences *,IRN,Universities
794,Seoul National University of Science & Technology,KOR,Universities
795,Corporacion Colombiana de Investigacion Agropecuaria,COL,Government
795,Universita degli Studi di Ferrara,ITA,Universities
796,Universidade Federal dos Vales do Jequitinhonha e Mucuri,BRA,Universities
797,Tianjin University of Traditional Chinese Medicine *,CHN,Universities
798,Universite Libre de Bruxelles,BEL,Universities
799,University of Peradeniya,LKA,Universities
799,Institute of Genetics and Animal Biotechnology of the Polish Academy of Sciences,POL,Government
800,Chuzhou University,CHN,Universities
800,Azarbaijan Shahid Madani University,IRN,Universities
801,Adnan Menderes University,TUR,Universities
801,Beijing Union University,CHN,Universities
801,National Yang-Ming University,TWN,Universities
802,National Veterinary Research Institute,POL,Government
802,North-West University,ZAF,Universities
803,Karamanoglu Mehmetbey University,TUR,Universities
803,Namik Kemal University,TUR,Universities
804,"University of Malaysia, Sarawak",MYS,Universities
804,Universitas Jenderal Soedirman,IDN,Universities
804,University of Veterinary Medicine Budapest,HUN,Universities
804,Stavropol State Agrarian University,RUS,Universities
804,Ondokuz Mayis University *,TUR,Universities
804,Tianjin Medical University *,CHN,Universities
804,Universidad de Cartagena,COL,Universities
805,University of St Cyril and Methodius in Trnava,SVK,Universities
805,Politehnica University of Bucharest,ROU,Universities
805,National University of Food Technologies,UKR,Universities
806,University of Benin,NGA,Universities
806,Universidade Federal de Sao Joao del Rei,BRA,Universities
806,Hebei Medical University *,CHN,Universities
807,Qiqihar University,CHN,Universities
807,Kindai University *,JPN,Universities
808,Universite d Abomey Calavi,BEN,Universities
809,University of the Free State,ZAF,Universities
809,Shaanxi University of Technology,CHN,Universities
809,Guangzhou University,CHN,Universities
809,Universite Sidi Mohamed Ben Abdellah *,MAR,Universities
810,Coventry University,GBR,Universities
810,Osaka City University *,JPN,Universities
810,Estonian University of Life Sciences,EST,Universities
810,China University of Geosciences,CHN,Universities
811,University of Wroclaw,POL,Universities
812,University of Nis,SRB,Universities
812,Centro de Investigacion Biomedica en Red de Enfermedades Raras,ESP,Health
812,Tottori University *,JPN,Universities
812,Koszalin University of Technology,POL,Universities
812,Shahrekord University,IRN,Universities
813,Suranaree University of Technology,THA,Universities
813,State Oceanic Administration,CHN,Government
813,Henan University of Animal Husbandry and Economy,CHN,Universities
813,Shoolini University,IND,Universities
813,University of Venda,ZAF,Universities
814,Airlangga university,IDN,Universities
815,Kemerovo State University,RUS,Universities
815,Universite de Lille *,FRA,Universities
815,Universidad de Colima,MEX,Universities
815,Shantou University *,CHN,Universities
816,Pontificia Universidad Javeriana *,COL,Universities
816,Universidade Federal do Tocantins,BRA,Universities
817,Inonu University,TUR,Universities
817,Universidad Autonoma de Ciudad Juarez,MEX,Universities
817,Universita Campus Bio-Medico di Roma,ITA,Universities
817,Universidade Regional Integrada do Alto Uruguai e das Missoes,BRA,Universities
817,University of Karachi,PAK,Universities
817,Centros de Investigacion do Sistema Universitario Galego *,ESP,Government
817,Universidad Nacional de Rio Cuarto,ARG,Universities
818,University of Mauritius,MUS,Universities
818,Giresun University,TUR,Universities
818,International Center for Agricultural Research in the Dry Areas,MUL,Non-Profit
819,Sokoine University of Agriculture,TZA,Universities
819,Sathyabama Institute of Science and Technology,IND,Universities
820,Inha University,KOR,Universities
821,Tokyo Medical and Dental University,JPN,Universities
821,Chaudhary Charan Singh Haryana Agricultural University,IND,Universities
821,Scuola Superiore S. Anna di Studi Universitari e di Perfezionamento,ITA,Universities
821,Instituto Tecnologico de Sonora,MEX,Universities
822,Laureate International Universities *,MUL,Universities
823,Kuwait University *,KWT,Universities
823,Mekelle University,ETH,Universities
823,Kastamonu University,TUR,Universities
824,Ajou University,KOR,Universities
824,Defence Research and Development Organisation,IND,Government
825,Universidade Federal do Piaui,BRA,Universities
826,Universite de Sousse,TUN,Universities
827,Universite Cadi Ayyad *,MAR,Universities
827,"Central University of Technology, Free State",ZAF,Universities
828,Universidad Autonoma de San Luis Potosi,MEX,Universities
828,Trakia University,BGR,Universities
828,Bozok University *,TUR,Universities
829,University of Veterinary and Pharmaceutical Sciences Brno,CZE,Universities
830,Egyptian Atomic Energy Authority *,EGY,Government
830,King Khalid University,SAU,Universities
830,Universidade Estadual da Paraiba,BRA,Universities
831,"University of the West Indies, Mona Campus *",JAM,Universities
832,Helwan University Cairo *,EGY,Universities
833,Obafemi Awolowo University,NGA,Universities
833,Princess Nourah bint Abdul Rahman University *,SAU,Universities
833,Govind Ballabh Pant University of Agriculture and Technology,IND,Universities
833,Instituto Politecnico de Viseu,PRT,Universities
834,University of Miyazaki *,JPN,Universities
834,Universite de Yaounde I,CMR,Universities
834,Universidade Federal do Amazonas,BRA,Universities
835,Vietnam Academy of Science and Technology *,VNM,Government
836,Shahid Chamran University,IRN,Universities
836,"Islamic Azad University, Varamin",IRN,Universities
837,"University of the Punjab, Lahore",PAK,Universities
838,Universidad de Guanajuato,MEX,Universities
839,Jiangxi University of Traditional Chinese Medicine,CHN,Universities
839,Changsha University of Science and Technology,CHN,Universities
839,Kyungnam University,KOR,Universities
840,Imam Abdulrahman Bin Faisal University *,SAU,Universities
841,Bharathidasan University,IND,Universities
841,National Institute of Health Sciences,JPN,Health
841,University of Jordan,JOR,Universities
842,Hajee Mohammad Danesh University of Science and Technology,BGD,Universities
842,Ningxia Medical University,CHN,Universities
842,Empresa de Pesquisa Agropecuaria e Extensao Rural de Santa Catarina,BRA,Government
843,University of Sadat City,EGY,Universities
843,Universite de Ngaoundere,CMR,Universities
843,Dong-Eui University,KOR,Universities
844,Dongguan University of Technology,CHN,Universities
844,Hirosaki University *,JPN,Universities
845,Xuchang University,CHN,Universities
845,"Universidad Andres Bello, Chile",CHL,Universities
845,University of Sharjah,ARE,Universities
846,Islamic Science University of Malaysia,MYS,Universities
847,Institut National de la Recherche Agronomique,MAR,Government
848,Central South University of Forestry and Technology,CHN,Universities
849,"Instituto Federal de Educacao, Ciencia e Tecnologia do Ceara",BRA,Universities
850,University of Banja Luka,BIH,Universities
850,Universidad San Sebastian,CHL,Universities
851,Central Institute of Fisheries Education,IND,Government
852,Can Tho University,VNM,Universities
852,University of Technology and Life Sciences,POL,Universities
853,Istanbul University *,TUR,Universities
853,"Islamic Azad University, Isfahan Khorasgan Branch",IRN,Universities
854,University of Canterbury,NZL,Universities
854,Far Eastern Federal University,RUS,Universities
854,Universidade Estadual do Ceara,BRA,Universities
855,Quaid-i-Azam University,PAK,Universities
855,Afyon Kocatepe University *,TUR,Universities
855,Hashemite University,JOR,Universities
855,Tunghai University,TWN,Universities
855,Instituto Politecnico de Coimbra,PRT,Universities
856,Balikesir University,TUR,Universities
857,Universidad Nacional de Jujuy,ARG,Universities
857,University of Montenegro,MNE,Universities
857,Ningxia University,CHN,Universities
857,Universidade Federal do Vale do Sao Francisco,BRA,Universities
858,Instituto Nacional de Investigacion Agropecuaria,URY,Government
859,Medical University of Sofia *,BGR,Universities
860,University of West Attica,GRC,Universities
861,"Junia, Grande Ecole d'Ingenieurs *",FRA,Universities
861,Siirt University,TUR,Universities
861,University of Agriculture,PAK,Universities
862,Instituto Tecnologico de Celaya,MEX,Universities
862,Firat University,TUR,Universities
862,Ochanomizu University,JPN,Universities
863,University of Cape Coast,GHA,Universities
864,Universidad Catolica de la Santisima Concepcion,CHL,Universities
865,Shimane University *,JPN,Universities
866,Ordu University,TUR,Universities
866,University of the Philippines Los Banos,PHL,Universities
866,Universite Oran 1 Ahmed Ben Bella *,DZA,Universities
866,Universidad de Caldas,COL,Universities
866,International Medical University,MYS,Universities
867,Jamia Hamdard University,IND,Universities
868,Bingol University,TUR,Universities
869,Forman Christian College University,PAK,Universities
870,Universidad Catolica del Maule,CHL,Universities
870,Nigde University,TUR,Universities
871,Gumushane University,TUR,Universities
871,Marmara University *,TUR,Universities
871,Zayed University,ARE,Universities
872,Yangtze Normal University,CHN,Universities
873,University of Gujrat,PAK,Universities
874,Walailak University,THA,Universities
875,Sangmyung University,KOR,Universities
876,University of Zululand,ZAF,Universities
877,Hebei Normal University of Science and Technology,CHN,Universities
877,Universite de Dschang,CMR,Universities
878,University of Khartoum *,SDN,Universities
879,"Islamic Azad University, Rasht",IRN,Universities
880,Guiyang University,CHN,Universities
880,Southwest Forestry University,CHN,Universities
880,Tarim University,CHN,Universities
880,Universite de Gabes *,TUN,Universities
881,Sofia University,BGR,Universities
881,Department of Science and Technology,PHL,Government
881,Universidad Autonoma de Tamaulipas,MEX,Universities
882,Sultan Zainal Abidin University,MYS,Universities
882,King Faisal University,SAU,Universities
882,Universidad Tecnica de Manabi,ECU,Universities
883,Xinjiang Agricultural University,CHN,Universities
884,Universite Ferhat Abbas de Setif,DZA,Universities
885,Universite Abou Bekr Belkaid Tlemcen,DZA,Universities
886,Universite Amar Telidji de Laghouat,DZA,Universities
887,Southern Ural State University,RUS,Universities
887,Sher-e-Kashmir University of Agricultural Sciences and Technology-Srinagar,IND,Universities
888,Prefectural University of Hiroshima,JPN,Universities
889,Universidade Federal do ABC,BRA,Universities
890,Bangladesh Council of Scientific and Industrial Research,BGD,Government
891,Tianjin Agricultural University,CHN,Universities
892,"University of the West Indies, St. Augustine Campus",TTO,Universities
893,Universidad Catolica de Santiago de Guayaquil,ECU,Universities
894,Zonguldak Bulent Ecevit University,TUR,Universities
895,Tamil Nadu Agricultural University,IND,Universities
896,University of East Sarajevo,BIH,Universities
896,The American University in Cairo,EGY,Universities
897,Federal University of Technology Owerri,NGA,Universities
898,Quanzhou Normal University,CHN,Universities
899,Universidad Mayor *,CHL,Universities
900,Istanbul Medipol University *,TUR,Universities
901,Azabu University,JPN,Universities
902,Qazvin University of Medical Sciences,IRN,Universities
902,"University of Agricultural Sciences, Bangalore",IND,Universities
903,Anhui Normal University,CHN,Universities
904,Guangxi University for Nationalities,CHN,Universities
904,Beihua University *,CHN,Universities
905,The Affiliated Hospital of Qingdao University Medical College,CHN,Health
906,Universite de Versailles Saint Quentin en Yvelines *,FRA,Universities
907,National Yunlin University of Science and Technology,TWN,Universities
908,Fundacao Universidade Regional de Blumenau,BRA,Universities
909,Duy Tan University,VNM,Universities
910,Zhejiang Normal University,CHN,Universities
910,Nanjing Xiaozhuang University,CHN,Universities
910,Kunming Medical University *,CHN,Universities
911,Guangxi University of Chinese Medicine,CHN,Universities
912,Ho Chi Minh City University of Technology,VNM,Universities
913,"Federal Research Center of Nutrition, Biotechnology and Food Safety",RUS,Government
914,Harbin University of Commerce,CHN,Universities
915,Management and Science University,MYS,Universities
916,Universidade Estadual do Vale do Acarau,BRA,Universities
917,Pirogov Russian National Research Medical University,RUS,Universities
918,Bartin University,TUR,Universities
919,Yalova University,TUR,Universities
