Global Rank,Institution,Country,Sector
1,Mayo Clinic *,USA,Health
2,Veterans Affairs Medical Centers *,USA,Health
3,Harvard University *,USA,Universities
4,Assistance Publique Hopitaux de Paris *,FRA,Health
5,Harvard Medical School,USA,Universities
6,Institut National de la Sante et de la Recherche Medicale *,FRA,Health
7,University of Amsterdam *,NLD,Universities
8,"University of California, San Diego *",USA,Universities
9,Instituto de Salud Carlos III *,ESP,Health
10,National Institutes of Health,USA,Health
11,"University of North Carolina, Chapel Hill *",USA,Universities
12,Mount Sinai Health System *,USA,Health
13,"University of Michigan, Ann Arbor *",USA,Universities
14,Academisch Medisch Centrum,NLD,Health
15,Icahn School of Medicine at Mount Sinai,USA,Universities
16,Centro de Investigacion Biomedica en Red de Enfermedades Hepaticas y Digestivas,ESP,Health
17,Massachusetts General Hospital,USA,Health
18,Cleveland Clinic *,USA,Health
19,Johns Hopkins University *,USA,Universities
20,University of Pennsylvania *,USA,Universities
21,University Hospitals Leuven,BEL,Health
22,Stanford University *,USA,Universities
23,Humanitas University *,ITA,Universities
24,Baylor College of Medicine,USA,Universities
25,Catholic University of Leuven,BEL,Universities
26,Istituto Clinico Humanitas,ITA,Health
27,Brigham and Women's Hospital,USA,Health
28,Samsung Corp *,MUL,Companies
29,Chinese Academy of Sciences *,CHN,Government
30,U.S. Department of Health & Human Services *,USA,Health
31,The Chinese University of Hong Kong *,HKG,Universities
32,Shanghai Jiao Tong University *,CHN,Universities
33,CareGroup Healthcare System *,USA,Health
34,Sorbonne Universite *,FRA,Universities
35,Johns Hopkins Medicine,USA,Health
36,Columbia University *,USA,Universities
37,University of Pennsylvania Health System,USA,Health
38,Novo Nordisk *,MUL,Companies
39,International Agency for Research on Cancer,FRA,Health
40,Beth Israel Deaconess Medical Center,USA,Health
41,Massachusetts Institute of Technology *,USA,Universities
42,"Northwestern University, Evanston *",USA,Universities
42,Tel Aviv University,ISR,Universities
43,Imperial College London,GBR,Universities
44,Novo Nordisk A/S,DNK,Companies
45,Universite de Paris *,FRA,Universities
46,Sun Yat-Sen University *,CHN,Universities
47,"University of California, Los Angeles *",USA,Universities
48,University of Calgary,CAN,Universities
49,Zhejiang University *,CHN,Universities
50,Indiana University-Purdue University Indianapolis,USA,Universities
51,University of Washington *,USA,Universities
52,Erasmus University Rotterdam *,NLD,Universities
53,University of Chicago *,USA,Universities
54,Erasmus Medical Center,NLD,Health
55,Cornell University *,USA,Universities
56,Copenhagen University Hospital,DNK,Health
57,Institut Micalis,FRA,Government
57,Hospital Clinic i Provincial de Barcelona,ESP,Health
58,Wageningen University and Research Centre *,NLD,Universities
59,University of Tokyo *,JPN,Universities
60,"Pfizer Inc, United States",USA,Companies
61,"University of California, San Francisco *",USA,Universities
62,Centre National de la Recherche Scientifique *,FRA,Government
63,Washington University in Saint Louis *,USA,Universities
64,"Institut National de Recherche pour l'Agriculture, l'Alimentation et l'Environnement *",FRA,Government
65,University College London *,GBR,Universities
66,Institut d'Investigacions Biomediques August Pi i Sunyer,ESP,Health
67,University of Toronto,CAN,Universities
68,Pfizer *,MUL,Companies
68,Seoul National University *,KOR,Universities
69,Cedars-Sinai Medical Center ,USA,Health
70,University of Western Ontario,CAN,Universities
71,L'Alma Mater Studiorum - Universita di Bologna,ITA,Universities
72,Helmholtz Gemeinschaft *,DEU,Government
73,Hebrew University of Jerusalem,ISR,Universities
74,Christian-Albrechts-Universitat zu Kiel,DEU,Universities
75,Fudan University *,CHN,Universities
75,Stanford Medicine,USA,Health
76,University of Texas M.D. Anderson Cancer Center ,USA,Health
77,"Newcastle University, Newcastle upon Tyne",GBR,Universities
78,Yale University *,USA,Universities
79,University of Gothenburg,SWE,Universities
80,Huazhong University of Science and Technology *,CHN,Universities
81,Friedrich-Alexander-Universitat Erlangen-Nurnberg *,DEU,Universities
82,Broad Institute of MIT and Harvard,USA,Health
83,Vanderbilt University *,USA,Universities
84,Universita degli Studi di Roma La Sapienza,ITA,Universities
85,Karolinska Institute,SWE,Universities
86,University College Cork *,IRL,Universities
87,University of Melbourne *,AUS,Universities
88,Northwestern Medicine,USA,Health
89,Medical Research Council,GBR,Health
90,National Cancer Center,JPN,Health
90,University of Michigan Health System,USA,Health
91,National University of Singapore *,SGP,Universities
92,"Queen Mary, University of London",GBR,Universities
93,"AgroParisTech, Institut des Sciences et Industries du Vivant et de l'Environnement",FRA,Universities
94,University of Birmingham,GBR,Universities
94,Columbia University Irving Medical Center,USA,Health
95,Universita degli Studi di Milano,ITA,Universities
96,Kings College London,GBR,Universities
97,"ParisTech, Institut des Sciences et Technologies de Paris - PRES *",FRA,Government
98,Helmholtz Zentrum Munchen Forschungszentrum fur Umwelt und Gesundheit,DEU,Government
99,Utrecht University *,NLD,Universities
100,Keio University *,JPN,Universities
101,University of Oxford,GBR,Universities
102,University of Copenhagen,DNK,Universities
103,Yonsei University *,KOR,Universities
104,Universita Cattolica del Sacro Cuore,ITA,Universities
105,UCLA Health System,USA,Health
106,UC San Diego Health System,USA,Health
107,University of Groningen *,NLD,Universities
108,Weill Cornell Medicine,USA,Universities
109,University of Texas Southwestern Medical Center ,USA,Universities
110,Cancer Research UK,GBR,Health
111,Washington University Medical Center ,USA,Health
112,National Institute of Diabetes and Digestive and Kidney Diseases,USA,Health
113,Universitatsspital Zurich,CHE,Health
114,"Monash University, Melbourne *",AUS,Universities
115,Catholic University of Louvain,BEL,Universities
116,Peking University *,CHN,Universities
116,University of Pittsburgh *,USA,Universities
116,Medizinische Universitat Wien,AUT,Universities
117,Emory University *,USA,Universities
118,The Leeds Teaching Hospitals NHS Trust,GBR,Health
119,Otto-von-Guericke-Universitat Magdeburg *,DEU,Universities
119,Johnson & Johnson *,MUL,Companies
120,"Universite Paul Sabatier, Toulouse III *",FRA,Universities
121,Rambam Health Care Campus,ISR,Health
122,University of Leeds,GBR,Universities
123,"Ohio State University, Columbus *",USA,Universities
124,Technische Universitat Munchen *,DEU,Universities
125,Vanderbilt University Medical Center,USA,Health
126,"Centro de Investigacion Biomedica en Red de Enfermedades Hepaticas y Digestivas, Madrid",ESP,Health
126,Gilead Sciences *,MUL,Companies
126,"Gilead Sciences Inc, United States",USA,Companies
127,Asan Medical Center Seoul *,KOR,Health
127,Duke University *,USA,Universities
128,Memorial Sloan-Kettering Cancer Center,USA,Health
129,Yale University Health & Medicine,USA,Health
130,University Medical Center Utrecht,NLD,Health
131,University of Ulsan *,KOR,Universities
132,University Medical Center Groningen,NLD,Health
133,"Agency for Science, Technology and Research Singapore *",SGP,Government
134,Universitat Heidelberg,DEU,Universities
135,University Health Network *,CAN,Health
136,Guys & Saint Thomas NHS Foundation Trust,GBR,Health
137,Second Military Medical University *,CHN,Universities
138,University of Sydney,AUS,Universities
138,Deutsches Krebsforschungszentrum,DEU,Government
139,University of Aberdeen,GBR,Universities
140,Virginia Commonwealth University *,USA,Universities
141,National Cancer Institute,USA,Health
142,Vrije Universiteit Amsterdam *,NLD,Universities
143,Ghent University,BEL,Universities
144,Universite Clermont-Auvergne,FRA,Universities
145,Sichuan University *,CHN,Universities
146,Universitat Zurich,CHE,Universities
147,Ministry of Education of the People's Republic of China,CHN,Government
148,"University of Colorado, Denver *",USA,Universities
149,University of Florida *,USA,Universities
150,Cardiff University,GBR,Universities
151,Vrije Universiteit Brussel,BEL,Universities
151,University of Liverpool *,GBR,Universities
152,Dartmouth College *,USA,Universities
153,Fondazione Policlinico Universitario Agostino Gemelli IRCCS,ITA,Health
154,University of Alberta,CAN,Universities
155,Universita degli Studi di Napoli Federico II,ITA,Universities
156,Children's Hospital Boston  *,USA,Health
157,University of Miami *,USA,Universities
157,Sheba Medical Center,ISR,Health
158,Georgia State University,USA,Universities
159,"University of Minnesota, Twin Cities *",USA,Universities
160,The University of Edinburgh *,GBR,Universities
160,Yonsei University Health System,KOR,Health
161,Queen's University,CAN,Universities
162,Medizinische Universitat Innsbruck *,AUT,Universities
163,New York University *,USA,Universities
164,Aarhus University *,DNK,Universities
165,"University of Wisconsin, Madison *",USA,Universities
166,Dana Farber Cancer Institute ,USA,Health
167,Oslo University Hospital,NOR,Health
168,German Cancer Consortium,DEU,Government
168,The University of Hong Kong *,HKG,Universities
169,The University of Queensland *,AUS,Universities
170,Universitatsklinikum Schleswig-Holstein,DEU,Health
171,Wuhan Union Hospital,CHN,Health
172,Woodruff Health Sciences Center,USA,Health
173,Clalit Health Services *,ISR,Health
174,University of Southern California *,USA,Universities
175,Technion - Israel Institute of Technology *,ISR,Universities
176,Samsung Medical Center Seoul,KOR,Health
176,Nottingham University Hospitals NHS Trust,GBR,Health
177,VU University Medical Center,NLD,Health
178,Tokyo Medical and Dental University,JPN,Universities
179,Peking University Health Science Center,CHN,Universities
180,University Hospital Maastricht,NLD,Health
181,Chinese Academy of Medical Sciences and Peking Union Medical College *,CHN,Universities
182,University of Cambridge *,GBR,Universities
183,University of Glasgow *,GBR,Universities
184,Universitat Autonoma de Barcelona *,ESP,Universities
185,"University of Colorado, Anschutz Medical Campus",USA,Universities
186,Temple University *,USA,Universities
187,Universite Paris-Saclay *,FRA,Universities
188,Karolinska University Hospital,SWE,Health
188,Universitat de Barcelona *,ESP,Universities
188,University Hospitals Birmingham NHS Foundation Trust,GBR,Health
188,Kings College Hospital NHS Foundation Trust,GBR,Health
189,Minneapolis VA Health Care System,USA,Health
190,University of East Anglia *,GBR,Universities
191,Consiglio Nazionale delle Ricerche *,ITA,Government
192,Texas Children's Hospital ,USA,Health
192,Nanjing University *,CHN,Universities
193,Radboud University Nijmegen Medical Centre,NLD,Health
194,University of Helsinki,FIN,Universities
195,Ohio State University Wexner Medical Center,USA,Health
196,Universita degli Studi di Padova,ITA,Universities
197,Universidade de Sao Paulo *,BRA,Universities
198,Case Western Reserve University,USA,Universities
199,Tsinghua University *,CHN,Universities
200,Newcastle upon Tyne Hospitals NHS Foundation Trust,GBR,Health
201,Universidad de Zaragoza *,ESP,Universities
201,University of Oslo,NOR,Universities
202,Fox Chase Cancer Center,USA,Health
202,Aarhus University Hospital,DNK,Health
203,University of Cincinnati *,USA,Universities
204,Universitat Rostock *,DEU,Universities
205,Shahid Beheshti University of Medical Sciences and Health Services *,IRN,Universities
206,VA Northeast Ohio Healthcare System,USA,Health
207,Universite de Lille *,FRA,Universities
208,"University of Texas, Austin",USA,Universities
208,Centre de Recherche Saint Antoine,FRA,Government
209,Austin Health,AUS,Health
210,University of Pittsburgh Medical Center ,USA,Health
210,Medizinische Hochschule Hannover,DEU,Universities
211,Nanjing Medical University *,CHN,Universities
212,Great Ormond Street Hospital for Children NHS Trust,GBR,Health
213,The University of Adelaide,AUS,Universities
214,Centre Hospitalier Universitaire Vaudois ,CHE,Health
215,Azienda Ospedaliero Universitaria Policlinico Sant'Orsola Malpighi,ITA,Health
215,Universita degli Studi di Torino,ITA,Universities
216,Heinrich Heine Universitat Dusseldorf  *,DEU,Universities
217,"Kaiser Permanente, Oakland *",USA,Health
217,Children's Hospital of Philadelphia,USA,Health
218,Centre Hospitalier Universitaire de Nancy,FRA,Health
219,BC Children's Hospital and Sunny Hill Health Centre for Children Vancouver,CAN,Health
219,University of Washington Medicine ,USA,Health
219,University College Dublin,IRL,Universities
220,West China Hospital,CHN,Health
221,University of Utah *,USA,Universities
221,Queensland Institute of Medical Research,AUS,Health
222,Inova Fairfax Hospital,USA,Health
222,Central South University *,CHN,Universities
223,Leiden University *,NLD,Universities
223,Universite de Lorraine *,FRA,Universities
224,Institut Gustave Roussy *,FRA,Health
225,Cincinnati Children's Hospital Medical Center,USA,Health
225,Royal Melbourne Hospital,AUS,Health
226,VCU Medical Center,USA,Health
227,The University of British Columbia,CAN,Universities
228,Oxford University Hospitals NHS Trust,GBR,Health
229,University of New South Wales,AUS,Universities
229,Leiden University Medical Center,NLD,Health
230,National Taiwan University Hospital,TWN,Health
230,"University of California, Riverside",USA,Universities
231,The General Hospital of the People's Liberation Army,CHN,Health
232,McMaster University,CAN,Universities
233,University of Miami Health System,USA,Health
234,Charite - Universitatsmedizin Berlin *,DEU,Health
235,University of Nottingham *,GBR,Universities
236,California Pacific Medical Center,USA,Health
237,National Taiwan University,TWN,Universities
237,Toronto General Hospital,CAN,Health
238, Instituto de Investigacion Sanitaria del Hospital Universitario de La Princesa,ESP,Health
238,Centre Hospitalier Regional Universitaire de Lille *,FRA,Health
239,VA Puget Sound Health Care System,USA,Health
239,Johannes Gutenberg-Universitat Mainz *,DEU,Universities
240,Hospital Universitari Vall d'Hebron,ESP,Health
241,The First Affiliated Hospital of Zhejiang University,CHN,Health
242,Catholic University of Korea *,KOR,Universities
243,Pennsylvania State University *,USA,Universities
244,University of Athens,GRC,Universities
245,Oregon Health & Science University *,USA,Universities
246,Thomas Jefferson University *,USA,Universities
246,Koc University,TUR,Universities
246,Consejo Superior de Investigaciones Cientificas *,ESP,Government
247,Universidade do Porto *,PRT,Universities
248,University of Manitoba,CAN,Universities
249,The University of Newcastle,AUS,Universities
250,Sun Yat-sen University First Hospital,CHN,Health
251,Universita degli Studi della Campania Luigi Vanvitelli,ITA,Universities
252,Klinikum Ludwig Maximilians Universitat Munchen,DEU,Health
252,Medical College of Wisconsin,USA,Universities
252,"University of Illinois, Chicago *",USA,Universities
253,University of Kansas *,USA,Universities
254,Institut de Recerca Hospital Universitari Vall d'Hebron,ESP,Health
254,Universitatsmedizin der Johannes Gutenberg-Universitat Mainz,DEU,Health
255,San Francisco VA Medical Center,USA,Health
256,Shaare Zedek Medical Center,ISR,Health
257,NYU Langone Medical Center,USA,Health
258,Hiroshima University *,JPN,Universities
259,Universita degli Studi di Pavia,ITA,Universities
259,Universitatsklinikum Tubingen,DEU,Health
260,Japanese Foundation for Cancer Research,JPN,Health
261,Philipps-Universitat Marburg *,DEU,Universities
261,"Rutgers, The State University of New Jersey",USA,Universities
262,Aalborg University *,DNK,Universities
263,Nationwide Children's Hospital ,USA,Health
264,University of Texas Health Science Center at San Antonio ,USA,Universities
265,Tongji University *,CHN,Universities
266,"University of California, Davis *",USA,Universities
267,Manchester Academic Health Science Centre,GBR,Health
267,Xi'an Jiaotong University *,CHN,Universities
268,Temple Health,USA,Health
269,Osaka University *,JPN,Universities
270,The University of Manchester,GBR,Universities
270,Boston University *,USA,Universities
271,Universita degli Studi di Roma Tor Vergata,ITA,Universities
272,St. Vincent's University Hospital,IRL,Health
272,Dartmouth-Hitchcock Health Care System,USA,Health
273,University of Ljubljana *,SVN,Universities
274,Kyoto University *,JPN,Universities
274,Southern Medical University *,CHN,Universities
274,Barts and the London NHS Trust,GBR,Health
275,Renmin Hospital of Wuhan University,CHN,Health
275,Indiana University Health,USA,Health
276,Capital University of Medical Sciences,CHN,Universities
276,Helsinki University Central Hospital,FIN,Health
276,Fondazione IRCCS San Raffaele del Monte Tabor,ITA,Health
276,Centre de Recherche sur l'Inflammation,FRA,Government
277,Hospices Civils de Lyon *,FRA,Health
278,Deakin University *,AUS,Universities
278,Centro Hospitalar de Sao Joao,PRT,Health
279,Semmelweis University,HUN,Universities
279,Medical University of South Carolina *,USA,Universities
279,Auckland City Hospital,NZL,Health
280,Korea University *,KOR,Universities
280,University Hospital Southampton NHS Foundation Trust,GBR,Health
280,Brown University,USA,Universities
280,Fondazione IRCCS Istituto Nazionale Tumori di Milano,ITA,Health
280,Centre Hospitalier Universitaire de Toulouse *,FRA,Health
281,McGill University,CAN,Universities
282,Westmead Hospital ,AUS,Health
282,Duke Medicine,USA,Health
283,Wuhan University *,CHN,Universities
284,Alfred Health,AUS,Health
285,Nagoya University *,JPN,Universities
286,Kitasato University *,JPN,Universities
286,McGill University Health Centre,CAN,Health
286,Shandong University *,CHN,Universities
287,The Royal Liverpool and Broadgreen University Hospitals NHS Trust,GBR,Health
288,Michael E. DeBakey VA Medical Center,USA,Health
289,Georgetown University *,USA,Universities
289,Kyoto Prefectural University of Medicine,JPN,Universities
290,Tohoku University *,JPN,Universities
290,Renji Hospital,CHN,Health
290,All India Institute of Medical Sciences,IND,Universities
291,Universita degli Studi di Verona,ITA,Universities
291,Takeda Pharmaceuticals International Inc *,MUL,Companies
292,Universitatsklinikum Magdeburg,DEU,Health
292,Centre Hospitalier Universitaire de Bordeaux,FRA,Health
292,Queen's University Belfast,GBR,Universities
293,VA Connecticut Healthcare System,USA,Health
293,University of Auckland,NZL,Universities
294,Auckland District Health Board *,NZL,Health
295,Universite de Nantes *,FRA,Universities
296,Universidade de Lisboa,PRT,Universities
297,Universidad de Malaga *,ESP,Universities
298,University of Southern Denmark,DNK,Universities
299,University of Kansas Medical Center,USA,Health
299,Tokushima University *,JPN,Universities
300,Odense University Hospital,DNK,Health
300,Montefiore Medical Center *,USA,Health
300,Pennine Acute Hospitals NHS Trust,GBR,Health
301,"Saint Louis University, Saint Louis *",USA,Universities
301,Jilin University *,CHN,Universities
301,Universitat Hamburg *,DEU,Universities
302,Changhai Hospital of Shanghai,CHN,Health
302,Second Affiliated Hospital of Nanjing Medical University,CHN,Health
302,University College London Hospital NHS Trust,GBR,Health
303,Chelsea and Westminster Hospital NHS Foundation Trust,GBR,Health
304,Hadassah University Medical Center *,ISR,Health
305,Westfalische Wilhelms-Universitat Munster *,DEU,Universities
306,University of Oklahoma *,USA,Universities
306,University of Virginia *,USA,Universities
306,Zhongshan Hospital,CHN,Health
307,University of Iowa *,USA,Universities
308,Imperial College Healthcare NHS Trust,GBR,Health
309,"Takeda Pharmaceuticals International Inc, USA",USA,Companies
309,Universite de Lausanne,CHE,Universities
310,Mount Sinai Hospital,USA,Health
310,Cambridge University Hospitals NHS Foundation Trust,GBR,Health
311,Nara Medical University *,JPN,Universities
311,Hospital for Sick Children,CAN,Health
312,Universitat Basel,CHE,Universities
313,Connecticut Children's Medical Center ,USA,Health
314,Aalborg University Hospital,DNK,Health
314,Sungkyunkwan University,KOR,Universities
315,Tel Aviv Sourasky Medical Center,ISR,Health
316,Kyushu University *,JPN,Universities
317,Ljubljana University Medical Centre,SVN,Health
318,University of Tennessee Health Science Center,USA,Health
319,Ministry of Health,CHN,Health
320,London North West Healthcare NHS Trust,GBR,Health
320,University of Pittsburgh Health Sciences,USA,Universities
320,Dongguk University Medical Center,KOR,Health
321,Kurume University *,JPN,Universities
322,Queen Mary Hospital Hong Kong,HKG,Health
323,University of Oklahoma Health Sciences Center,USA,Universities
324,Kindai University *,JPN,Universities
324,Dalhousie University,CAN,Universities
325,Royal Free London NHS Foundation Trust,GBR,Health
326,Hospital Clinico Universitario Lozano Blesa,ESP,Health
327,Universitat Duisburg Essen *,DEU,Universities
328,University of Wisconsin Health,USA,Health
329,Lunds University,SWE,Universities
330,Tokai University *,JPN,Universities
331,Universite Paris-Est Creteil *,FRA,Universities
331,Fondazione IRCCS Policlinico San Matteo ,ITA,Health
331,Mount Sinai Hospital Joseph and Wolf Lebovic Health Complex,CAN,Health
332,Shiga University of Medical Science *,JPN,Universities
333,Universitatsklinikum Hamburg Eppendorf,DEU,Health
333,"Fondazione IRCCS Ospedale Maggiore Policlinico, Mangiagalli e Regina Elena",ITA,Health
334,Institut d'Investigacio Biomedica de Bellvitge,ESP,Health
335,Biodonostia Institute,ESP,Health
336,Osaka City University *,JPN,Universities
337,Centre Hospitalier Universitaire de Liege,BEL,Health
338,Hunter Holmes McGuire VA Medical Center,USA,Health
338,Arizona State University,USA,Universities
339,NHS Lothian,GBR,Health
339,Ann & Robert H. Lurie Children s Hospital,USA,Health
339,Zhengzhou University *,CHN,Universities
340,Universita degli Studi di Palermo,ITA,Universities
341,Boston University Medical Campus ,USA,Health
342,VA San Diego Healthcare System,USA,Health
342,University of Ottawa,CAN,Universities
343,Showa University *,JPN,Universities
344,University of Massachusetts Medical School,USA,Universities
345,"University of California, Irvine *",USA,Universities
345,University of Cincinnati Medical Center,USA,Health
346,Hopital Erasme,BEL,Health
347,Yokohama City University *,JPN,Universities
347,Affiliated Hospital of Nantong University,CHN,Health
348,Nanfang Hospital,CHN,Health
348,Children's Hospital of Eastern Ontario,CAN,Health
349,City of Hope,USA,Health
349,Saitama Medical University *,JPN,Universities
350,Qingdao University *,CHN,Universities
351,Virginia Mason Medical Center ,USA,Health
351,"University of Maryland, Baltimore",USA,Universities
352,Universitatsklinikum Carl Gustav Carus Dresden,DEU,Health
353,Universidad de Sevilla *,ESP,Universities
353,Azienda Ospedaliera di Verona,ITA,Health
354,Hyogo College of Medicine *,JPN,Universities
354,Universita degli Studi di Modena e Reggio Emilia,ITA,Universities
355,Sun Yat-sen University Second Hospital,CHN,Health
356,Universitatsklinikums Aachen,DEU,Health
357,Translational Research Institute,AUS,Companies
358,Nanjing Drum Tower Hospital,CHN,Health
358,Yamaguchi University *,JPN,Universities
358,Fred Hutchinson Cancer Research Center,USA,Health
359,Royal Devon and Exeter NHS Foundation Trust,GBR,Health
359,Sheffield Teaching Hospitals NHS Trust,GBR,Health
359,Universitatsklinikum Erlangen,DEU,Health
360,United States Department of Agriculture,USA,Government
360,University of Southern California Health Sciences Campus,USA,Health
360,St Vincent's Hospital Melbourne,AUS,Health
361,Institut Pasteur de Paris *,FRA,Health
362,Universita degli Studi di Firenze,ITA,Universities
363,Hokkaido University *,JPN,Universities
364,Universitat Bern,CHE,Universities
364,Peking Union Medical College Hospital Beijing,CHN,Health
365,Ludwig-Maximilians Universitat Munchen *,DEU,Universities
366,University of Otago,NZL,Universities
366,Pontificia Universidad Catolica de Chile *,CHL,Universities
366,Instituto Portugues de Oncologia de Francisco Gentil Porto,PRT,Health
366,The North Shore-LIJ Health System *,USA,Health
367,Universitatsklinikum Heidelberg,DEU,Health
368,Umea University *,SWE,Universities
369,Universita degli Studi di Bari,ITA,Universities
369,"Texas A&M University, College Station *",USA,Universities
369,Institute of Liver & Biliary Sciences,IND,Health
369,Sanjay Gandhi Postgraduate Institute of Medical Sciences,IND,Universities
369,"China Medical University, Shenyang *",CHN,Universities
370,University of Utah Health Care,USA,Health
371,Shanghai Tenth People's Hospital,CHN,Health
371,Centre Hospitalier Universitaire de Clermont-Ferrand,FRA,Health
371,Medical University of Warsaw,POL,Universities
372,VA Greater Los Angeles Healthcare System,USA,Health
372,Universidad de Granada *,ESP,Universities
373,Singapore General Hospital,SGP,Health
373,Trinity College Dublin *,IRL,Universities
374,University Hospitals of Cleveland  *,USA,Health
375,Hospital Universitario La Fe,ESP,Health
376,Zhongnan Hospital at Wuhan University,CHN,Health
377,Universite Claude Bernard Lyon 1 *,FRA,Universities
377,Wuhan Tongji Hospital,CHN,Health
378,Azienda Ospedaliera San Camillo Forlanini,ITA,Health
379,Loma Linda University *,USA,Universities
379,"Soochow University, Suzhou *",CHN,Universities
379,Medizinische Universitat Graz *,AUT,Universities
379,Toho University *,JPN,Universities
380,Klinikum Rechts der Isar der Technische Universitat Munchen,DEU,Health
380,St Antonius Hospital,NLD,Health
381,Dongguk University *,KOR,Universities
382,Drexel University,USA,Universities
383,Universitatsklinikum Munster,DEU,Health
384,Sheffield Children's NHS Foundation Trust,GBR,Health
385,Universitat Leipzig *,DEU,Universities
386,Johann Wolfgang Goethe-Universitat Frankfurt am Main *,DEU,Universities
386,Tianjin Medical University *,CHN,Universities
386,Ottawa Hospital Research Institute,CAN,Health
387,University of Chinese Academy of Sciences,CHN,Universities
388,University of South Florida,USA,Universities
389,University of South Florida System *,USA,Universities
389,University of Malaya *,MYS,Universities
389,Tufts University,USA,Universities
390,Fujita Health University *,JPN,Universities
390,The University of Western Australia,AUS,Universities
391,Universite de Bordeaux *,FRA,Universities
391,Shiraz University of Medical Sciences *,IRN,Universities
392,Hanyang University *,KOR,Universities
392,Attikon Athens University Hospital,GRC,Health
392,Okayama University *,JPN,Universities
392,University of Arizona *,USA,Universities
392,NHS Greater Glasgow and Clyde,GBR,Health
393,West Virginia University Health Sciences Center,USA,Health
394,Tennessee Valley Healthcare System,USA,Health
394,University of Arkansas for Medical Sciences,USA,Universities
395,Technische Universitat Dresden,DEU,Universities
396,University of Nebraska Medical Center,USA,Universities
396,Flinders University,AUS,Universities
396,Shizuoka Cancer Center,JPN,Health
397,Universidade Estadual Paulista Julio de Mesquita Filho,BRA,Universities
397,Sir Run Run Shaw Hospital,CHN,Health
398,Hospital Universitario Puerta de Hierro Majadahonda,ESP,Health
398,Donostia Ospitalea,ESP,Health
399,Saitama Medical University Saitama Medical Center,JPN,Health
400,Wake Forest University *,USA,Universities
400,Universidade Federal do Rio de Janeiro,BRA,Universities
400,Seoul National University Hospital *,KOR,Health
400,National Kyushu Cancer Center,JPN,Health
401,Xiamen University *,CHN,Universities
402,University of Iowa Health Care,USA,Health
403,Nanchang University *,CHN,Universities
404,St Georges Healthcare NHS Trust,GBR,Health
405,Seoul National University Bundang Hospital,KOR,Health
405,Toho University Sakura Medical Center,JPN,Health
405,Universitatsspital Basel,CHE,Health
406,UC Davis Health System,USA,Health
407,Sapporo Medical University *,JPN,Universities
408,Chulalongkorn University,THA,Universities
408,Houston Methodist,USA,Health
408,Gifu University *,JPN,Universities
409,Aichi Cancer Center Research,JPN,Health
410,Jichi Medical University *,JPN,Universities
410,Hospital Universitario de Guadalajara,ESP,Health
410,Hospital Universitario Ramon y Cajal *,ESP,Health
411,"University of Alabama, Birmingham *",USA,Universities
411,Baylor Scott & White Health,USA,Health
411,Instituto de Investigacion Sanitaria del Hospital Clinico San Carlos,ESP,Health
411,Jinling Hospital,CHN,Health
412,Emory Healthcare,USA,Health
412,University of Texas Medical Branch ,USA,Universities
412,Motol University Hospital,CZE,Health
412,Qingdao Municipal Hospital,CHN,Health
413,Centre Hospitalier Universitaire de Saint-Etienne,FRA,Health
413,Nantong University *,CHN,Universities
413,Sun Yat-sen University Sixth Hospital,CHN,Health
413,Shimane University *,JPN,Universities
413,Pontificia Universidade Catolica do Parana,BRA,Universities
413,Centro de Educacion Medica e Investigaciones Clinicas Norberto Quirno,ARG,Universities
414,Instituto Nacional de Ciencias Medicas y Nutricion Salvador Zubiran,MEX,Health
414,Ernst-Moritz-Arndt-Universitat Greifswald *,DEU,Universities
415,University of Belgrade,SRB,Universities
415,Albert-Ludwigs-Universitat Freiburg im Breisgau,DEU,Universities
416,Ochsner Healthcare *,USA,Health
416,Royal Brisbane and Women's Hospital *,AUS,Health
416,Ochsner Medical Center-New Orleans,USA,Health
417,University of Louisville *,USA,Universities
418,RIKEN-Institute of Physical and Chemical Research,JPN,Government
418,National University Health System *,SGP,Health
418,Ben-Gurion University of the Negev *,ISR,Universities
419,Norwegian University of Science and Technology,NOR,Universities
419,Royal Adelaide Hospital ,AUS,Health
420,Air Force Medical University *,CHN,Universities
420,Universite Libre de Bruxelles,BEL,Universities
420,Universitatsklinikum Frankfurt,DEU,Health
420,University Hospitals Bristol NHS Foundation Trust,GBR,Health
421,"Bristol-Myers Squibb Company, United States",USA,Companies
421,University of Kentucky *,USA,Universities
422,King Chulalongkorn Memorial Hospital,THA,Health
422,Universidad Autonoma de Madrid *,ESP,Universities
423,Hallym University *,KOR,Universities
424,Sun Yat-sen University Third Hospital,CHN,Health
424,Tokyo Medical University *,JPN,Universities
424,"University of Texas, Health Science Center at Houston",USA,Universities
424,VA Ann Arbor Healthcare System,USA,Health
425,University of Rochester *,USA,Universities
426,Complejo Hospitalario Universitario de Santiago,ESP,Health
427,First Affiliated Jiangsu Province Hospital with Nanjing Medical University,CHN,Health
428,Schneider Children's Medical Center of Israel,ISR,Health
428,Universidade Estadual de Campinas,BRA,Universities
429,Shinshu University *,JPN,Universities
429,Kobe University *,JPN,Universities
430,Universitat Regensburg *,DEU,Universities
431,Tampere University,FIN,Universities
431,Shanghai Medical College of Fudan University,CHN,Universities
431,Royal College of Surgeons,IRL,Universities
432,Augusta University *,USA,Universities
433,University Hospital of Bern,CHE,Health
433,Universita Politecnica delle Marche,ITA,Universities
433,Rabin Medical Center,ISR,Health
434,Azienda Ospedaliera Sant Andrea,ITA,Health
434,Juntendo University *,JPN,Universities
434,New York Medical College,USA,Universities
434,Istituti Fisioterapici Ospitalieri IRCCS *,ITA,Health
434,Universidad Rey Juan Carlos *,ESP,Universities
435,Complejo Hospitalario de Especialidades Virgen de Valme,ESP,Health
436,University of Yamanashi *,JPN,Universities
437,Children's Hospital Colorado,USA,Health
438,Hacettepe University,TUR,Universities
439,Bristol-Myers Squibb Company *,MUL,Companies
440,Universitatsklinikum Regensburg,DEU,Health
440,Soon Chun Hyang University *,KOR,Universities
440,Kyung Hee University *,KOR,Universities
441,Ospedale Pediatrico Bambino Gesu,VAT,Health
441,Wenzhou Medical University *,CHN,Universities
441,Vancouver Coastal Health,CAN,Health
442,Kumamoto University *,JPN,Universities
442,Istituto Nazionale Tumori Regina Elena,ITA,Health
443,Complejo Asistencial Universitario de Salamanca,ESP,Health
444,The University of Sheffield,GBR,Universities
444,Shanghai Cancer Center Fudan University,CHN,Health
444,Universitat de Valencia *,ESP,Universities
444,University of Bergen,NOR,Universities
444,"Chang Gung Memorial Hospital, Taipei *",TWN,Health
445,Dalian Medical University *,CHN,Universities
445,Friedrich-Schiller-Universitat Jena *,DEU,Universities
446,Christchurch Hospital,NZL,Health
446,First Affiliated Hospital of Xi'an Jiaotong University,CHN,Health
447,First Affiliated Hospital of Soochow University,CHN,Health
448,"State University of New York, Buffalo",USA,Universities
448,Julius-Maximilians-Universitat Wurzburg *,DEU,Universities
448,Tampere University Hospital,FIN,Health
448,Universidad de Buenos Aires *,ARG,Universities
449,University of Florida Health Science Center,USA,Health
449,Uppsala University,SWE,Universities
450,Concord Repatriation General Hospital ,AUS,Health
450,Universita degli Studi di Salerno,ITA,Universities
451,Shanghai Changzheng Hospital,CHN,Health
451,The Royal Marsden NHS Foundation Trust,GBR,Health
452,AbbVie *,MUL,Companies
452,Iuliu Hatieganu University of Medicine and Pharmacy Cluj Napoca,ROU,Universities
453,Cliniques Universitaires Saint-Luc,BEL,Health
453,"AbbVie Inc, United States",USA,Companies
453,Institut Pierre Louis d'Epidemiologie et de Sante Publique,FRA,Government
454,Sahlgrenska University Hospital,SWE,Health
454,Maria Sklodowska-Curie Memorial Institute of Oncology,POL,Health
455,Universitat Ulm *,DEU,Universities
456,Medical University of Silesia,POL,Universities
456,Jagiellonian University,POL,Universities
457,The Ottawa Hospital  *,CAN,Health
458,Akershus University Hospital,NOR,Health
459,Centre Hospitalier Universitaire de Brest,FRA,Health
459,Turku University Hospital,FIN,Health
459,Orebro Universitet,SWE,Universities
459,Ruijin Hospital,CHN,Health
459,The Queen Elizabeth Hospital,AUS,Health
460,Seoul National University Boramae Hospital,KOR,Health
461,Shanghai University of Traditional Chinese Medicine *,CHN,Universities
461,Charles University *,CZE,Universities
462,Hiroshima University Hospital,JPN,Health
463,"University of Missouri, Columbia *",USA,Universities
463,Shantou University *,CHN,Universities
463,Philadelphia VA Medical Center,USA,Health
464,Universitatsklinikum Greifswald,DEU,Health
465,New York Presbyterian Hospital,USA,Health
466,Complejo Hospitalario Virgen del Rocio,ESP,Health
466,University of North Carolina Health Care,USA,Health
467,Medical University of Lodz,POL,Universities
467,University Hospitals Coventry and Warwickshire NHS Trust,GBR,Health
467,Henry Ford Health System,USA,Health
468,National Cancer Center,KOR,Health
468,University of Chicago Medical Center ,USA,Health
469,Saga University *,JPN,Universities
469,Universitatsklinikum Jena,DEU,Health
469,Skane University Hospital,SWE,Health
470,First Affiliated Hospital of Zhengzhou University,CHN,Health
470,Universita degli Studi di Foggia,ITA,Universities
471,Tulane University *,USA,Universities
472,Universitatsklinikum Essen,DEU,Health
472,Martin-Luther-Universitat Halle-Wittenberg *,DEU,Universities
473,Loyola University of Chicago *,USA,Universities
473,Boston Medical Center ,USA,Health
474,Shantou University Medical College,CHN,Universities
474,"China Medical University, Taichung *",TWN,Universities
474,Clinica Las Condes,CHL,Health
475,Texas Tech University Health Sciences Center,USA,Universities
476,Prince of Wales Hospital,HKG,Health
477,Richard L. Roudebush VA Medical Center,USA,Health
478,Nihon University *,JPN,Universities
478,"Southeast University, Nanjing *",CHN,Universities
478,Shandong University Qilu Hospital,CHN,Health
478,St Marianna University School of Medicine *,JPN,Universities
478,University of New Mexico *,USA,Universities
478,Carol Davila University of Medicine and Pharmacy,ROU,Universities
478,Ruhr-Universitat Bochum *,DEU,Universities
479,Bundang Cha Medical Center,KOR,Health
479,Seoul St. Mary's Hospital,KOR,Health
479,USF Health,USA,Universities
479,University of Medicine and Pharmacy Craiova,ROU,Universities
479,Flinders Medical Centre,AUS,Health
480,American University of Beirut *,LBN,Universities
481,Ospedale Luigi Sacco,ITA,Health
481,"Kaiser Permanente Southern California, Pasadena",USA,Health
482,Sun Yat-sen University Cancer Center,CHN,Health
483,Oita University *,JPN,Universities
483,Universidad del Pais Vasco *,ESP,Universities
484,Hospital Universitario Central de Asturias,ESP,Health
484,Soroka University Medical Center,ISR,Health
484,Toranomon Hospital,JPN,Health
485,Cha University *,KOR,Universities
485,Centre Hospitalier Universitaire de Nice *,FRA,Health
485,Osaka Medical College *,JPN,Universities
486,Chiba University *,JPN,Universities
487,Universita degli Studi dell Aquila,ITA,Universities
487,University of Latvia,LVA,Universities
488,Universita degli Studi di Pisa,ITA,Universities
489,Universidad de Navarra *,ESP,Universities
489,University of Szeged,HUN,Universities
490,Army Medical University *,CHN,Universities
491,Universita Campus Bio-Medico di Roma,ITA,Universities
491,University of Indonesia,IDN,Universities
491,"State University of New York, Stony Brook *",USA,Universities
491,Carolinas Medical Center ,USA,Health
492,Zhejiang Cancer Hospital,CHN,Health
492,University Hospital Brussels,BEL,Health
492,Laval University,CAN,Universities
492,Hospital Universitari Germans Trias i Pujol,ESP,Health
493,The Affiliated Hospital of Qingdao University Medical College,CHN,Health
493,West Virginia University *,USA,Universities
494,Pedagogical University of Kielce,POL,Universities
494,Universidad de Salamanca *,ESP,Universities
495,Teikyo University *,JPN,Universities
495,Hallym University Medical Center,KOR,Health
495,Chang Gung University,TWN,Universities
496,The Christie NHS Trust,GBR,Health
496,Penn State Milton S. Hershey Medical Center,USA,Health
497,King Saud University *,SAU,Universities
498,The Jikei University School of Medicine *,JPN,Universities
499,Netherlands Cancer Institute - Antoni van Leeuwenhoek Hospital,NLD,Health
500,Aristotle University of Thessaloniki,GRC,Universities
500,Hospital Universitario Marques de Valdecilla,ESP,Health
501,Kyungpook National University *,KOR,Universities
501,University of Rochester Medical Center,USA,Health
501,University of Southampton,GBR,Universities
501,"University of Science, Malaysia *",MYS,Universities
502,National Yang-Ming University,TWN,Universities
502,University Hospital Antwerp,BEL,Health
502,Nagoya University Hospital,JPN,Health
503,"Cancer Institute and Hospital, Chinese Academy of Medical Sciences",CHN,Health
503,Universita Vita-Salute San Raffaele,ITA,Universities
503,Fukuoka University *,JPN,Universities
504,Cairo University *,EGY,Universities
504,First Hospital of Jilin University,CHN,Health
505,Complejo Hospitalario Regional Reina Sofia,ESP,Health
505,First Affiliated Hospital of Nanchang University,CHN,Health
506,Ghent University Hospital,BEL,Health
506,Azienda Ospedaliera Careggi,ITA,Health
506,University of Pecs,HUN,Universities
506,Tehran University of Medical Sciences *,IRN,Universities
506,University of Warwick,GBR,Universities
507,Rheinische Friedrich-Wilhelms-Universitat Bonn *,DEU,Universities
507,Hospital de la Santa Creu i Sant Pau,ESP,Health
507,Centre Hospitalier Universitaire de Nantes *,FRA,Health
507,Kyorin University *,JPN,Universities
508,Centre Hospitalier Universitaire de Rennes,FRA,Health
509,Hospital Clinico Universitario de Valencia,ESP,Health
509,Hospital Universitari de Bellvitge,ESP,Health
509,Stony Brook University Medicine,USA,Health
510,Virginia Polytechnic Institute and State University,USA,Universities
510,Taipei Veterans General Hospital,TWN,Health
511,Kagoshima University *,JPN,Universities
512,Complejo Hospitalario Virgen de La Victoria,ESP,Health
512,Institute for Clinical and Experimental Medicine,CZE,Health
512,Universitat des Saarlandes *,DEU,Universities
512,Griffith University,AUS,Universities
513,Instituto de Investigacion Sanitaria de Navarra,ESP,Health
513,Princess Alexandra Hospital ,AUS,Health
514,Rush University *,USA,Universities
514,Universite de Strasbourg *,FRA,Universities
515,Centre Hospitalier Universitaire de Montpellier *,FRA,Health
515,Chiba Cancer Center,JPN,Health
516,Murdoch Children's Research Institute,AUS,Health
516,Xijing Hospital,CHN,Health
517,Linkoping University,SWE,Universities
517,University of Antwerp,BEL,Universities
517,H. Lee Moffitt Cancer Center and Research Institute,USA,Health
518,Children's Hospital Fudan University,CHN,Health
518,Centre Hospitalier Regional et Universitaire de Besancon,FRA,Health
519,Center for Disease Control and Prevention China,CHN,Health
519,Asahikawa Medical University,JPN,Universities
520,Centre Hospitalier Universitaire de Amiens-Picardie,FRA,Health
520,Instituto de Investigacion e Innovacion Parc Tauli,ESP,Health
521,Siemens *,MUL,Companies
521, Centre Hospitalier de l'Universite de Montreal,CAN,Health
521,University of Minnesota Health and Medicine,USA,Universities
522,Kanazawa University *,JPN,Universities
523,East Carolina University,USA,Universities
524,Pusan National University,KOR,Universities
524,Universidad Autonoma de Nuevo Leon *,MEX,Universities
524,Universita degli Studi di Genova,ITA,Universities
525,University of Medicine and Pharmacy Grigore T. Popa of Iasi,ROU,Universities
526,Universita degli Studi Magna Graecia di Catanzaro,ITA,Universities
526,Mansoura University *,EGY,Universities
526,Norfolk and Norwich University Hospitals NHS Foundation Trust,GBR,Health
527,Konkuk University *,KOR,Universities
528,Hospital Sirio-Libanes,BRA,Health
529,Universite Paris-Nord 13 *,FRA,Universities
529,Eastern Hepatobiliary Surgery Hospital,CHN,Health
529,Hospital Clinico Universitario de Valladolid,ESP,Health
530,Beaumont Hospital,IRL,Health
531,Haukeland University Hospital,NOR,Health
532,Universitatsklinikum Freiburg,DEU,Health
532,"Kaiser Permanente Medical Center, Los Angeles",USA,Health
533,Inje University *,KOR,Universities
533,Lanzhou University *,CHN,Universities
533,University of Electronic Science and Technology of China,CHN,Universities
534,Meander Medical Centre,NLD,Health
535,Niigata University *,JPN,Universities
535,Atrium Health *,USA,Health
536,Universitatsklinikum Gottingen,DEU,Health
536,Lithuanian University of Health Sciences,LTU,Universities
536,Clinica Universidad de Navarra,ESP,Health
536,Royal Prince Alfred Hospital ,AUS,Health
537,Sir Mortimer B. Davis Jewish General Hospital,CAN,Health
538,The Second Affiliated Hospital of Zhejiang University,CHN,Health
538,Guangxi Medical University *,CHN,Universities
538,Yonsei University Severance Hospital,KOR,Health
539,Sunnybrook Health Sciences Centre,CAN,Health
539,Universita degli Studi di Messina,ITA,Universities
540,Centro Hospitalar de Lisboa Norte *,PRT,Health
540,Azienda Ospedaliera Universitaria Pisana,ITA,Health
541,Second Xiangya Hospital Affiliated to Central South University,CHN,Health
541,Chongqing Medical University *,CHN,Universities
541,Hokkaido University Hospital,JPN,Health
542,Nagoya City University *,JPN,Universities
543,Orebro University Hospital,SWE,Health
543,Second Affiliated Hospital of China Medical University-Sheng Jing Hospital,CHN,Health
543,Siriraj Hospital,THA,Health
544,Northshore University HealthSystem,USA,Health
544,Universita degli Studi di Milano-Bicocca,ITA,Universities
544,Sherbrooke University,CAN,Universities
545,Universitatsklinikum Ulm,DEU,Health
545,Catharina Hospital,NLD,Health
545,VA Palo Alto Health Care System,USA,Health
546,Universidade Federal de Ciencias da Saude de Porto Alegre,BRA,Universities
546,Albert Einstein College of Medicine,USA,Universities
547,Aichi Medical University *,JPN,Universities
547,Hospital Santa Maria,PRT,Health
548,Birmingham City University,GBR,Universities
548,Anhui Medical University *,CHN,Universities
549,Wake Forest University Baptist Medical Center,USA,Health
549,Kyoto University Hospital,JPN,Health
550,Hospital Universitario La Paz,ESP,Health
550,Chonbuk National University *,KOR,Universities
550,Hanyang University Medical Center,KOR,Health
551,Istituto Europeo di Oncologia,ITA,Health
551,Universite de Rennes 1 *,FRA,Universities
552,General Hospital of Athens Laiko,GRC,Health
552,Centre de Recherche des Cordeliers,FRA,Government
552,Hospital Universitario Virgen de La Arrixaca,ESP,Health
553,China Medical University Hospital,TWN,Health
553,Hospital General Universitario de Alicante,ESP,Health
554,"University of Connecticut, Storrs *",USA,Universities
554,Instituto de Investigacion Sanitaria Gregorio Maranon,ESP,Health
554,Children's Hospital Los Angeles ,USA,Health
554,American University of Beirut Medical Center,LBN,Health
555,Poznan University of Medical Sciences,POL,Universities
555,Binzhou Medical University *,CHN,Universities
556,George Washington University *,USA,Universities
556,University of Tromso - The Arctic University of Norway,NOR,Universities
556,Clinical Center of Serbia,SRB,Health
557,Ospedale Niguarda,ITA,Health
557,Tan Tock Seng Hospital,SGP,Health
557,Osaka National Hospital,JPN,Health
557,Complejo Asistencial Universitario de Burgos,ESP,Health
558,Universidade Federal de Sao Paulo *,BRA,Universities
559,Assistance Publique Hopitaux de Marseille *,FRA,Health
559,Ewha Womans University *,KOR,Universities
559,Portsmouth Hospitals NHS Trust,GBR,Health
560,Wroclaw Medical University,POL,Universities
560,Evaggelismos Hospital,GRC,Health
560,Universita degli Studi di Perugia,ITA,Universities
561,Second Affiliated Hospital of Chongqing Medical University,CHN,Health
561,"Chang Gung Memorial Hospital, Taoyuan",TWN,Health
561,Hospital Universitario Rio Hortega,ESP,Health
562,Medical University of Bialystok,POL,Universities
562,Chung-Ho Memorial Hospital,TWN,Health
563,Universitatsklinikum Leipzig,DEU,Health
563,Universitatsklinikum Mannheim,DEU,Health
563,Universitatsklinikum des Saarlandes,DEU,Health
564,Kagawa University *,JPN,Universities
564,National Hospital Organization Kyushu Medical Center,JPN,Health
565,Tianjin Medical University Cancer Institute and Hospital,CHN,Health
566,Georgetown University Medical Center,USA,Health
566,Korea University Medical Center,KOR,Health
567,Universite de Geneve,CHE,Universities
568,Universitatsklinikum Wurzburg,DEU,Health
568,Spedali Civili di Brescia,ITA,Health
568,Iwate Medical University *,JPN,Universities
569,Fujian Medical University *,CHN,Universities
570,Jefferson Health System,USA,Health
571,Universidad de la Republica *,URY,Universities
571,Universite PSL *,FRA,Universities
572,Azienda Sanitaria Ospedaliera Molinette San Giovanni Battista di Torino,ITA,Health
572,Dokuz Eylul University *,TUR,Universities
572,Macquarie University *,AUS,Universities
573,Tokyo Womens Medical University *,JPN,Universities
574,Hospital Universitario 12 de Octubre,ESP,Health
575,Chungbuk National University Hospital,KOR,Health
576,First Affiliated Hospital of Lanzhou University,CHN,Health
576,Ospedale Casa Sollievo della Sofferenza IRCCS,ITA,Health
576,Maastricht University,NLD,Universities
576,Wakayama Medical University *,JPN,Universities
577,Universidade Federal de Minas Gerais,BRA,Universities
578,Gyeongsang National University *,KOR,Universities
579,Monash Health *,AUS,Health
579,Instituto Mexicano del Seguro Social *,MEX,Health
579,Seattle Children's Hospital,USA,Health
579,First Affiliated Hospital of China Medical University,CHN,Health
580,Inha University,KOR,Universities
581,Complejo Asistencial Universitario de Leon,ESP,Health
582,National Center for Global Health and Medicine,JPN,Health
582,Tokyo Metropolitan Komagome Hospital,JPN,Health
582,Universite de Lyon,FRA,Universities
583,Xinhua Hospital,CHN,Health
583,Complejo Hospitalario de Navarra,ESP,Health
583,Istituto Oncologico Veneto,ITA,Health
584,The University of Hull,GBR,Universities
584,Gifu University Hospital,JPN,Health
585,Kansai Medical University *,JPN,Universities
585,Dokkyo Medical University *,JPN,Universities
586,Yokohama City University Medical Center,JPN,Health
586,Rush University Medical Center,USA,Health
586,Centre Hospitalier Universitaire de Reims,FRA,Health
587,Linkou Chang Gung Memorial Hospital,TWN,Health
587,"Universite de Picardie Jules Verne, Amiens *",FRA,Universities
588,Sociedade Beneficiente Israelita Brasileira Albert Einstein,BRA,Health
588,Akita University *,JPN,Universities
589,Instituto Portugues de Oncologia de Lisboa Francisco Gentil,PRT,Health
589,Taipei Medical University,TWN,Universities
589,St Michaels Hospital Toronto,CAN,Health
590,Charite Campus Mitte,DEU,Health
590,"Kaiser Permanente Medical Center, San Francisco",USA,Health
591,Hospital Universitario Fundacion Alcorcon,ESP,Health
591,Harbin Medical University *,CHN,Universities
592,University of Debrecen,HUN,Universities
592,Manchester University NHS Foundation Trust,GBR,Health
593,Hospital del Mar,ESP,Health
594,Xinjiang Medical University *,CHN,Universities
594,Ankara University,TUR,Universities
594,The Royal Wolverhampton Hospitals NHS Trust,GBR,Health
595,Nippon Medical School *,JPN,Universities
596,Kaohsiung Medical University,TWN,Universities
597,Ajou University,KOR,Universities
598,Complejo Hospitalario Universitario de Canarias,ESP,Health
599,Mie University *,JPN,Universities
600,University of Health Sciences,TUR,Universities
600,Complejo Universitario de San Carlos,ESP,Health
601,Medisch Spectrum Twente,NLD,Health
601,First Affiliated Southwest Hospital to Third Military Medical University,CHN,Health
602,Universidad Nacional Autonoma de Mexico,MEX,Universities
602,Zhejiang Chinese Medical University *,CHN,Universities
603,Yamagata University *,JPN,Universities
604,Hospital das Clinicas da Faculdade de Medicina da Universidade de Sao Paulo,BRA,Health
604,John Hunter Hospital ,AUS,Health
604,Hopitaux Universitaires de Geneve,CHE,Health
604,Universita degli Studi di Siena,ITA,Universities
605,University of Toledo *,USA,Universities
606,Kawasaki Medical School *,JPN,Universities
606,Saitama Medical University Saitama International Medical Center,JPN,Health
607,Loyola Medicine,USA,Health
608,Universitat Witten-Herdecke,DEU,Universities
609,University of South Carolina *,USA,Universities
610,Universite Cote d’Azur *,FRA,Universities
611,Jinan University *,CHN,Universities
611,King Abdulaziz University *,SAU,Universities
611,Gangnam Severance Hospital,KOR,Health
612,Tottori University *,JPN,Universities
612,Kyungpook National University Hospital,KOR,Health
612,Hippokration General Hospital,GRC,Health
612,Aix-Marseille Universite *,FRA,Universities
613,Isfahan University of Medical Sciences *,IRN,Universities
614,Mashhad University of Medical Sciences,IRN,Universities
614,Universitat zu Koln,DEU,Universities
615,Teikyo University Group Hospitals,JPN,Health
615,Masaryk University,CZE,Universities
615,Pusan National University Hospital,KOR,Health
616,Russian Academy of Sciences *,RUS,Government
616,Mater Misericordiae University Hospital,IRL,Health
617,Changi General Hospital ,SGP,Health
617,Okayama University Hospital,JPN,Health
617,Kurashiki Central Hospital,JPN,Health
618,Kanagawa Cancer Center,JPN,Health
618,Universite de Bourgogne *,FRA,Universities
619,Chung-Ang University *,KOR,Universities
619,Ehime University *,JPN,Universities
620,Azienda Ospedaliera di Padova,ITA,Health
620,Hamamatsu University School of Medicine *,JPN,Universities
621,MetroHealth System ,USA,Health
622,Universidad Nacional de Colombia *,COL,Universities
622,First Affilated Hospital of Wenzhou Medical University,CHN,Health
623,Huashan Hospital,CHN,Health
623,Gunma University *,JPN,Universities
623,Universidade do Minho,PRT,Universities
623,Hospital de Cruces,ESP,Health
624,Hospital Universitario de Fuenlabrada,ESP,Health
625,University of Central Florida,USA,Universities
625,Children's Healthcare of Atlanta ,USA,Health
625,Centre Hospitalier Universitaire de Rouen,FRA,Health
625,Dankook University,KOR,Universities
626,Universidad Complutense de Madrid *,ESP,Universities
627,Centro Medico Nacional Siglo XXI,MEX,Health
628,Universidade Federal do Rio Grande do Sul,BRA,Universities
628,Kosin University,KOR,Universities
629,Universidad de Chile *,CHL,Universities
629,University of Connecticut Health Center,USA,Universities
630,Complejo Hospitalario Regional Virgen Macarena,ESP,Health
630,Cardiff and Vale NHS Trust,GBR,Health
631,Wayne State University,USA,Universities
631,Universita degli Studi di Brescia,ITA,Universities
632,Centro Hospitalar de Lisboa Central,PRT,Health
632,Hebei Medical University *,CHN,Universities
633,University of Toledo Medical Center,USA,Health
633,Centro Hospitalar do Porto,PRT,Health
634,First Affiliated Hospital of Anhui Medical University,CHN,Health
634,University of Medicine and Pharmacy Victor Babes,ROU,Universities
634,Xiangya Hospital Affiliated to Central South University,CHN,Health
634,Fukushima Medical University *,JPN,Universities
634,University of Missouri Health Care ,USA,Health
634,Hospital Universitari de Girona Dr Josep Trueta,ESP,Health
634,Nicolaus Copernicus University,POL,Universities
635,Howard University *,USA,Universities
635,Centre Hospitalier Universitaire de Grenoble,FRA,Health
636,Freie Universitat Berlin,DEU,Universities
636,Centro Hospitalar e Universitario de Coimbra,PRT,Health
636,Peter Maccallum Cancer Centre,AUS,Health
636,University of Portsmouth,GBR,Universities
636,Geisinger Medical System,USA,Health
637,North Texas VA Health Care System ,USA,Health
638,"Centro Hospitalar de Vila Nova de Gaia, Espinho",PRT,Health
638,University of Virginia Health System,USA,Health
639,Jeju National University *,KOR,Universities
640,Third Hospital Affiliated to Central South University,CHN,Health
640,University of Mississippi *,USA,Universities
640,Medical University of Lublin,POL,Universities
640,General Hospital of Tianjin Medical University,CHN,Health
641,Universidad Veracruzana,MEX,Universities
641,University General Hospital,CZE,Health
642,Russian Academy of Medical Sciences,RUS,Health
642,Shandong Provincial Hospital,CHN,Health
642,Salford Royal Hospitals NHS Trust,GBR,Health
643,Ain Shams University *,EGY,Universities
644,Hospital de Clinicas de Porto Alegre,BRA,Health
645,Universidad de Antioquia *,COL,Universities
646,Nagasaki University *,JPN,Universities
647,University of Zagreb,HRV,Universities
647,Rijnstate Ziekenhuis,NLD,Health
648,Hospital General Universitario Gregorio Maranon *,ESP,Health
649,Universita degli Studi di Trieste,ITA,Universities
649,Fujian Medical University Union Hospital,CHN,Health
649,National University of Malaysia *,MYS,Universities
650,Yeungnam University,KOR,Universities
650,Grupo Angeles Servicios de Salud *,MEX,Health
651,University of Nevada-Las Vegas,USA,Universities
652,Hospital Mutua de Terrassa,ESP,Health
653,Keimyung University,KOR,Universities
653,Isala Clinics,NLD,Health
654,Universidade Federal do Parana,BRA,Universities
654,"Shenzhen Peoples Hospital, 2nd Clinical Medical College of Jinan University",CHN,Health
655,Incheon St. Mary's Hospital,KOR,Health
656,University of New Mexico Health Sciences Center,USA,Health
656,University of Tsukuba *,JPN,Universities
656,Instituto Ramon y Cajal de Investigacion Sanitaria,ESP,Health
657,Universitatsklinikum Koln,DEU,Health
657,King Saud University Medical City,SAU,Health
658,Onze Lieve Vrouwe Hospital,NLD,Health
659,Arizona Health Sciences Center University of Arizona Tucson,USA,Health
659,Santa Casa de Misericordia de Porto Alegre,BRA,Health
660,Charite Campus Virchow Klinikum,DEU,Health
661,University Hospitals Leicester NHS Trust,GBR,Health
662,George Washington The School of Medicine & Health Sciences,USA,Health
662,Complexo Hospitalario Universitario de Ourense,ESP,Health
663,Institut Paoli Calmettes,FRA,Health
664,Universita degli Studi dell'Insubria,ITA,Universities
665,Curtin University *,AUS,Universities
665,Umberto I Policlinico di Roma,ITA,Health
666,First Affiliated Hospital of Dalian Medical University ,CHN,Health
667,Istituto Dermopatico Dell'Immacolata IRCCS,ITA,Health
668,Universidade de Coimbra *,PRT,Universities
669,Osaka General Medical Center,JPN,Health
669,Brighton and Sussex University Hospitals NHS Trust,GBR,Health
670,Eulji University *,KOR,Universities
670,Instituto de Investigacion Sanitaria Galicia Sur *,ESP,Health
671,University Hospital in Olomouc,CZE,Health
672,Niigata University Medical and Dental Hospital,JPN,Health
673,Catholic University of Daegu,KOR,Universities
673,Kantonsspital St. Gallen,CHE,Health
673,China-Japan Friendship Hospital,CHN,Health
673,Gachon University Gil Medical Center,KOR,Health
674,Centre Hospitalier Universitaire de Limoges *,FRA,Health
674,Kyung Hee University Medical Center,KOR,Health
675,London Health Sciences Centre,CAN,Health
675,University of Toyama *,JPN,Universities
675,Rhode Island Hospital ,USA,Health
675,Shanghai Sixth People's Hospital,CHN,Health
676,Nanjing University of Chinese Medicine *,CHN,Universities
677,Taichung Veterans General Hospital,TWN,Health
678,Hospital Galdakao Usansolo,ESP,Health
679,Universita degli Studi Gabriele d'Annunzio di Chieti e Pescara,ITA,Universities
679,"Chang Gung Memorial Hospital, Kaohsiung",TWN,Health
680,"University of Missouri, Kansas City",USA,Universities
680,"University of California, Irvine Healthcare",USA,Health
680,University of Mississippi Medical Center,USA,Universities
680,Zhongda Hospital,CHN,Health
680,Mahidol University *,THA,Universities
680,Centro de Investigacion Biomedica en Red Fisiopatologia de la Obesidad y Nutricion,ESP,Health
681,Universitatsklinikum Bonn,DEU,Health
682,BJC HealthCare,USA,Health
683,Durham VA Medical Center ,USA,Health
683,VA NY Harbor Healthcare System,USA,Health
683,Heraklion University General Hospital,GRC,Health
684,National Defense Medical College *,JPN,Universities
684,Universita degli Studi di Ferrara,ITA,Universities
685,XuanWu Hospital,CHN,Health
685,Chosun University *,KOR,Universities
685,St. James's Hospital,IRL,Health
686,Chungbuk National University,KOR,Universities
686,Centre Hospitalier Universitaire de Caen *,FRA,Health
686,Pontificia Universidad Javeriana *,COL,Universities
687,Instituto de Investigacion Sanitaria IdIPAZ,ESP,Health
688,University of Miyazaki *,JPN,Universities
688,International University of Health and Welfare *,JPN,Universities
688,Marmara University *,TUR,Universities
689,Hamad Medical Corp *,QAT,Health
689,Albany Medical Center *,USA,Health
689,Statens Serum Institut,DNK,Health
689,Universite Montpellier *,FRA,Universities
690,Second Hospital of Xi'an Jiaotong University,CHN,Health
690,Pomeranian Medical University,POL,Universities
690,Inje University Haeundae-Paik Hospital,KOR,Health
690,Universite Grenoble-Alpes *,FRA,Universities
690,Hospital Universitario de La Princesa,ESP,Health
691,Tumor Hospital of Guangxi Medical University,CHN,Health
691,South Eastern Sydney Local Health District *,AUS,Health
692,Vilnius University,LTU,Universities
692,"Instituto Nacional de Cancerologia, Mexico",MEX,Health
692,Universidade Federal de Juiz de Fora *,BRA,Universities
692,Universidad de La Sabana,COL,Universities
693,Ahvaz Jundishapur University of Medical Sciences *,IRN,Universities
694,Fundacion Santa Fe de Bogota,COL,Health
694,Tata Memorial Centre,IND,Government
694,Hospital Universitario San Ignacio,COL,Health
695,Hopitaux Universitaires de Strasbourg,FRA,Health
696,Ege University,TUR,Universities
696,Shanghai Public Health Clinical Center,CHN,Health
696,Universita degli Studi di Sassari,ITA,Universities
697,MedStar Health *,USA,Health
698,Changhua Christian Hospital,TWN,Health
698,"Universidad de los Andes, Colombia *",COL,Universities
698,Kaohsiung Veterans General Hospital,TWN,Health
698,Policlinico Tor Vergata,ITA,Health
699,Pirogov Russian National Research Medical University,RUS,Universities
699,Beijing University of Chinese Medicine *,CHN,Universities
700,Sandwell and West Birmingham Hospitals NHS Trust,GBR,Health
700,Hospital do Cancer A.C. Camargo,BRA,Health
700,Hospital Universitario San Cecilio,ESP,Health
701,Ichikawa General Hospital,JPN,Health
701,Istanbul University Cerrahpasa *,TUR,Universities
701,Azienda Ospedaliera San Gerardo Monza,ITA,Health
701,Iran University of Medical Sciences *,IRN,Universities
702,University of Cape Town,ZAF,Universities
702,Tzu Chi University,TWN,Universities
702,Zhujiang Hospital,CHN,Health
703,First Affiliated Hospital of Guangxi Medical University,CHN,Health
703,King Faisal Specialist Hospital and Research Centre  *,SAU,Health
704,"Louisiana State University, Health Sciences Center",USA,Universities
705,Universita degli Studi di Catania,ITA,Universities
705,Instituto Tecnologico y de Estudios Superiores de Monterrey,MEX,Universities
706,First Affiliated Hospital of Chongqing Medical University,CHN,Health
706,Tabriz University of Medical Sciences,IRN,Universities
706,Tokyo Dental College *,JPN,Universities
707,Liverpool Hospital ,AUS,Health
707,University Hospital of Larissa,GRC,Health
707,I.M. Sechenov First Moscow State Medical University,RUS,Universities
708,Institut Hospital del Mar d’Investigacions Mediques,ESP,Health
709,University of Crete,GRC,Universities
709,University of South Dakota,USA,Universities
710,Second Affiliated Hospital of Nanchang University,CHN,Health
710,Shamir Medical Center,ISR,Health
711,Bar-Ilan University,ISR,Universities
712,SUNY Downstate Medical Center,USA,Universities
713,Hospital Italiano de Buenos Aires,ARG,Health
714,Amphia Hospital ,NLD,Health
715,Alexandria University *,EGY,Universities
715,Hospital Universitario Virgen de las Nieves,ESP,Health
716,Moscow State University of Medicine and Dentistry,RUS,Universities
717,Uniformed Services University of the Health Sciences,USA,Universities
717,Fundacao Champalimaud,PRT,Non-Profit
718,First Affiliated Hospital of Jinan University,CHN,Health
719,Centro de Investigacion Biomedica en Red de Epidemiologia y Salud Publica,ESP,Health
720,Hospital Nuestra Senora de Candelaria,ESP,Health
720,China-Japan Union Hospital of Jilin University,CHN,Health
720,Oakland University,USA,Universities
720,Centre Hospitalier Universitaire d'Angers,FRA,Health
721,National Cheng Kung University Hospital,TWN,Health
721,Creighton University,USA,Universities
721,Universidad El Bosque,COL,Universities
722,Zhongshan Hospital Xiamen University,CHN,Health
722,Centre Hospitalier Universitaire Dijon,FRA,Health
723,London School of Hygiene and Tropical Medicine,GBR,Universities
724,Changwon National University,KOR,Universities
724,Meir Medical Center,ISR,Health
725,Sir Charles Gairdner Hospital ,AUS,Health
726,Second Affiliated Hospital Harbin Medical University,CHN,Health
726,Shanghai East Hospital,CHN,Health
726,Beaumont Health System,USA,Health
727,Third Affiliated Daping Hospital to Third Military Medical University,CHN,Health
728,Acibadem University,TUR,Universities
728,Hospital General Universitario de Valencia,ESP,Health
729,Second Hospital of Hebei Medical University,CHN,Health
730,Danish Cancer Society,DNK,Health
731,Universita degli Studi di Udine,ITA,Universities
731,Sanming First Hospital Affiliated to Fujian Medical University,CHN,Health
732,Medical University of Sofia *,BGR,Universities
733,East Tennessee State University,USA,Universities
734,"Christian Medical College, Vellore",IND,Universities
734,"King Fahad Specialist Hospital, Dammam",SAU,Health
735,Inonu University,TUR,Universities
736,Prince of Songkla University,THA,Universities
737,Istanbul University *,TUR,Universities
737,Ecole Pratique des Hautes Etudes,FRA,Universities
737,Universite de Versailles Saint Quentin en Yvelines *,FRA,Universities
738,I-Shou University,TWN,Universities
738,Bezmialem Vakif University,TUR,Universities
738,Taipei Medical University Hospital,TWN,Health
738,Mayo Clinic Health System,USA,Health
738,University Hospital of Ioannina,GRC,Health
739,Karadeniz Technical University,TUR,Universities
739,Groote Schuur Hospital,ZAF,Health
740,"Lipides, Nutrition, Cancer",FRA,Government
740,University of Louisville Health Sciences Center,USA,Health
740,Portland VA Medical Center,USA,Health
741,Japanese Red Cross Medical Center,JPN,Health
742,The First Affiliated Hospital of Fujian Medical University,CHN,Health
743,St. Lukes International Hospital,JPN,Health
743,Sendai Medical Center,JPN,Health
744,Second Affiliated Hospital of Lanzhou University,CHN,Health
745,Ataturk University,TUR,Universities
745,Second Clinical Hospital of Jilin University,CHN,Health
745,Mazandaran University of Medical Sciences,IRN,Universities
746,VA Salt Lake City Health Care System,USA,Health
747,Guilan University of Medical Sciences,IRN,Universities
748,Manipal University,IND,Universities
749,Hackensack University Medical Center,USA,Health
749,Carilion Clinic *,USA,Health
749,Hospital Universitario Miguel Servet,ESP,Health
750,Manipal Global Education Group *,MUL,Companies
750,Institut Andre Lwoff,FRA,Government
750,Menoufia University *,EGY,Universities
750,Hospital Britanico de Buenos Aires,ARG,Health
750,Humboldt-Universitat zu Berlin,DEU,Universities
751,Mie University Hospital,JPN,Health
752,Chung Shan Medical University,TWN,Universities
752,Kunming Medical University *,CHN,Universities
753,Baskent University *,TUR,Universities
754,Imam Khomeini Hospital Complex,IRN,Health
754,Royal Perth Hospital ,AUS,Health
755,The First Affilliated Hospital of Kunming Medical College,CHN,Health
755,Centre Hospitalier Universitaire de Poitiers,FRA,Health
755,Jawaharlal Institute of Postgraduate Medical Education and Research,IND,Universities
756,Third Affiliated Hospital of Soochow University,CHN,Health
757,Tokyo Womens Medical University Hospital,JPN,Health
758,Hamadan University of Medical Sciences,IRN,Universities
759,Hospital Aleman,ARG,Health
760,Hopital Foch,FRA,Health
761,Golestan University of Medical Sciences and Health Services,IRN,Universities
762,Tokyo University of Science,JPN,Universities
763,Qom University of Medical Sciences,IRN,Universities
764,Universite de Tunis El Manar *,TUN,Universities
765,Homi Bhabha National Institute,IND,Universities
