Global Rank,Institution,Country,Sector
1,Chinese Academy of Sciences *,CHN,Government
2,Ministry of Education of the People's Republic of China,CHN,Government
3,Centre National de la Recherche Scientifique *,FRA,Government
4,China University of Geosciences,CHN,Universities
5,China National Petroleum Corp *,CHN,Companies
6,PetroChina Co Ltd,CHN,Companies
7,China University of Mining and Technology,CHN,Universities
8,Russian Academy of Sciences *,RUS,Government
9,University of Chinese Academy of Sciences,CHN,Universities
10,National Aeronautics and Space Administration *,USA,Government
11,Central South University *,CHN,Universities
12,"China University of Petroleum, Beijing",CHN,Universities
13,Helmholtz Gemeinschaft *,DEU,Government
14,China Petroleum and Chemical Corporation *,CHN,Companies
15,Lancaster University,GBR,Universities
16,Petroleum University of Technology,IRN,Universities
17,China University of Petroleum,CHN,Universities
18,Harvard University *,USA,Universities
19,Centre d'Etudes Spatiales de la Biosphere,FRA,Government
20,"University of Texas, Austin",USA,Universities
21,Boston University *,USA,Universities
22,Southwest Petroleum University,CHN,Universities
23,Consejo Superior de Investigaciones Cientificas *,ESP,Government
24,United States Department of Agriculture,USA,Government
25,NASA Goddard Space Flight Center,USA,Government
26,Aramco *,MUL,Companies
26,Pennsylvania State University *,USA,Universities
27,Institute of Geology and Geophysics Chinese Academy of Sciences,CHN,Government
28,United States Geological Survey,USA,Government
29,Stanford University *,USA,Universities
30,Institut de Recherche pour le Developpement Paris *,FRA,Government
31,Chinese Academy of Geological Sciences *,CHN,Government
32,"Texas A&M University, College Station *",USA,Universities
33,Saudi Arabian Oil Company,SAU,Companies
34,Massachusetts Institute of Technology *,USA,Universities
35,Tsinghua University *,CHN,Universities
36,European Space Agency *,MUL,Government
37,Sorbonne Universite *,FRA,Universities
38,Jet Propulsion Laboratory,USA,Government
39,University of Illinois at Urbana-Champaign *,USA,Universities
40,Peking University *,CHN,Universities
41,National Oceanic and Atmospheric Administration,USA,Government
42,Instituto de Ciencia de Materiales de Madrid,ESP,Government
43,Deutsches Zentrum fur Luft- und Raumfahrt,DEU,Government
44,Netherlands Organisation for Applied Scientific Research *,MUL,Government
45,"Institut National de Recherche pour l'Agriculture, l'Alimentation et l'Environnement *",FRA,Government
46,China Railway Engineering Corp *,CHN,Companies
46,University of Washington *,USA,Universities
47,Wuhan University *,CHN,Universities
48,Academy of Scientific and Innovative Research,IND,Universities
49,Schlumberger *,MUL,Companies
50,University of Oxford,GBR,Universities
51,University College London *,GBR,Universities
52,Commonwealth Scientific and Industrial Research Organization *,AUS,Government
53,University of Arizona *,USA,Universities
54,ExxonMobil *,MUL,Companies
55,China Railway Group Ltd,CHN,Companies
56,The University of British Columbia,CAN,Universities
57,Columbia University *,USA,Universities
58,TOTAL *,MUL,Companies
59,University of Nottingham *,GBR,Universities
60,"Total, France",FRA,Companies
61,"ParisTech, Institut des Sciences et Technologies de Paris - PRES *",FRA,Government
62,Institut National des Sciences de l'Univers,FRA,Government
63,China Railway Eryuan Engineering Group Co Ltd,CHN,Companies
64,"University of California, Berkeley *",USA,Universities
64,Shell *,MUL,Companies
65,Nelson Mandela Metropolitan University,ZAF,Universities
66,Jilin University *,CHN,Universities
67,University of Southampton,GBR,Universities
68,Swiss Federal Institute of Technology,CHE,Universities
69,Imam Khomeini International University,IRN,Universities
70,"University of Maryland, College Park *",USA,Universities
71,California Institute of Technology *,USA,Universities
72,University of Alberta,CAN,Universities
73,Texas Tech University,USA,Universities
74,Yale University *,USA,Universities
75,Humboldt-Universitat zu Berlin,DEU,Universities
76,Aalto University,FIN,Universities
77,Netherlands Organisation for Applied Scientific Research,NLD,Government
77,Centre National d'Etudes Spatiales *,FRA,Government
78,Harbin Institute of Technology,CHN,Universities
79,Universidade de Sao Paulo *,BRA,Universities
80,"State University of New York, Buffalo",USA,Universities
81,Beijing Normal University *,CHN,Universities
82,"Northeastern University, China",CHN,Universities
83,Bjerknes Centre for Climate Research,NOR,Government
84,"Equinor ASA, Norway",NOR,Companies
85,South China University of Technology,CHN,Universities
86,Consiglio Nazionale delle Ricerche *,ITA,Government
87,Seoul National University *,KOR,Universities
88,Nanjing University *,CHN,Universities
89,Flemish Institute for Technological Research,BEL,Government
90,Universidad Nacional Autonoma de Mexico,MEX,Universities
91,University of Iowa *,USA,Universities
91,Natural Environment Research Council *,GBR,Government
92,Shandong University of Science and Technology,CHN,Universities
93,Universitat Zurich,CHE,Universities
94,Institut Terre et Environnement de Strasbourg,FRA,Government
94,"Shell, Netherlands",NLD,Companies
95,Equinor ASA *,MUL,Companies
95,Nanyang Technological University *,SGP,Universities
96,"University of Maryland, Baltimore",USA,Universities
96,Curtin University *,AUS,Universities
97,Martin-Luther-Universitat Halle-Wittenberg *,DEU,Universities
98,"Universite Paul Sabatier, Toulouse III *",FRA,Universities
99,The University of Edinburgh *,GBR,Universities
100,"Guangzhou Institute of Geochemistry, Chinese Academy of Sciences",CHN,Government
101,"Northwestern University, Evanston *",USA,Universities
102,University of North Dakota,USA,Universities
103,University of Calgary,CAN,Universities
104,University of Virginia *,USA,Universities
105,Arizona State University,USA,Universities
106,Delft University of Technology,NLD,Universities
107,The University of Adelaide,AUS,Universities
108,The University of Western Australia,AUS,Universities
109,Ecole Nationale du Genie de l'Eau et de l'Environnement de Strasbourg *,FRA,Universities
110,Tongji University *,CHN,Universities
111,"University of Wisconsin, Madison *",USA,Universities
112,University of Bergen,NOR,Universities
112,The University of Queensland *,AUS,Universities
113,The University of Hong Kong *,HKG,Universities
114,Hohai University,CHN,Universities
114,Universite de Strasbourg *,FRA,Universities
115,Leibniz Gemeinschaft *,DEU,Government
116,Rice University,USA,Universities
117,Natural Resources Canada,CAN,Government
118,Imperial College London,GBR,Universities
119,Institut des Sciences de la Terre de Paris,FRA,Government
120,China Geological Survey *,CHN,Government
121,University of Durham,GBR,Universities
122,Cornell University *,USA,Universities
123,Consejo Nacional de Investigaciones Cientificas y Tecnicas *,ARG,Government
123,University of Mons,BEL,Universities
124,Universities Space Research Association,USA,Non-Profit
125,University of South Florida System *,USA,Universities
125,Oregon State University,USA,Universities
126,Swinburne University of Technology *,AUS,Universities
127,University of South Florida-Saint Petersburg,USA,Universities
128,Research Institute of Petroleum Exploration and Development,CHN,Government
129,University of Leeds,GBR,Universities
130,"University of Colorado, Boulder *",USA,Universities
131,Chengdu University of Technology,CHN,Universities
132,"Nanjing Institute of Geography and Limnology, Chinese Academy of Sciences",CHN,Government
132,Helmholtz Zentrum fur Umweltforschung,DEU,Government
132,Zhejiang University *,CHN,Universities
133,Michigan State University,USA,Universities
134,"University of Texas, Arlington",USA,Universities
135,Environment Canada,CAN,Government
136,Geoforschungszentrum Potsdam,DEU,Government
137,Technische Universitat Graz *,AUT,Universities
138,Institute of Rock and Soil Mechanics Chinese Academy of Sciences,CHN,Government
139,Zhejiang University of Technology,CHN,Universities
140,State Key Laboratory of Remote Sensing Science,CHN,Government
141,Technical University of Denmark,DNK,Universities
141,Johns Hopkins University *,USA,Universities
142,"Monash University, Melbourne *",AUS,Universities
143,University of Tokyo *,JPN,Universities
143,University of Cambridge *,GBR,Universities
144,Iran University of Science and Technology,IRN,Universities
145,University of New South Wales,AUS,Universities
146,"University of Connecticut, Storrs *",USA,Universities
147,University of Stavanger,NOR,Universities
148,University of Toronto,CAN,Universities
149,Sichuan University *,CHN,Universities
150,Monash University Malaysia,MYS,Universities
151,Field Museum Natural History,USA,Government
152,Purdue University,USA,Universities
153,"University of California, Los Angeles *",USA,Universities
154,University of Twente,NLD,Universities
155,Princeton University,USA,Universities
155,"Ohio State University, Columbus *",USA,Universities
156,"Schlumberger, United States",USA,Companies
157,Guizhou Institute of Technology,CHN,Universities
157,"University of Michigan, Ann Arbor *",USA,Universities
158,University of Oklahoma *,USA,Universities
158,Rheinisch-Westfalische Technische Hochschule Aachen,DEU,Universities
159,"Texas A&M University, Corpus Christi",USA,Universities
160,National Oceanography Centre Southampton,GBR,Government
161,Catholic University of Louvain,BEL,Universities
162,Utrecht University *,NLD,Universities
162,City University of Hong Kong *,HKG,Universities
163,China Institute of Water Resources and Hydropower Research,CHN,Government
164,Northern Arizona University,USA,Universities
165,Museum National d'Histoire Naturelle *,FRA,Government
166,The University of Reading,GBR,Universities
167,Institute of Remote Sensing and Digital Earth,CHN,Government
168,"University of California, Santa Cruz",USA,Universities
169,Norwegian University of Science and Technology,NOR,Universities
170,Max Planck Gesellschaft *,DEU,Government
171,Universite PSL *,FRA,Universities
172,"Institute of Tibetan Plateau Research, Chinese Academy of Sciences",CHN,Government
173,Brown University,USA,Universities
174,Sun Yat-Sen University *,CHN,Universities
174,Universita degli Studi di Roma La Sapienza,ITA,Universities
175,Chongqing University,CHN,Universities
176,University of Oslo,NOR,Universities
177,Australian National University,AUS,Universities
178,Australian Research Council *,AUS,Government
179,Observatoire Midi Pyrenees,FRA,Government
180,University of Tehran,IRN,Universities
181,"University of California, San Diego *",USA,Universities
182,Polish Academy of Sciences *,POL,Government
183,University of Science and Technology of China,CHN,Universities
184,British Geological Survey,GBR,Government
185,South China Normal University,CHN,Universities
186,University of Tasmania,AUS,Universities
187,University of Exeter,GBR,Universities
188,Meteo-France *,FRA,Government
188,Universitat de Barcelona *,ESP,Universities
188,Universitat fur Bodenkultur Wien *,AUT,Universities
189,King Fahd University of Petroleum and Minerals,SAU,Universities
189,Tianjin University *,CHN,Universities
189,University of Wyoming,USA,Universities
190,"University of North Carolina, Chapel Hill *",USA,Universities
190,Istituto Nazionale di Geofisica e Vulcanologia,ITA,Government
191,Universidad de Granada *,ESP,Universities
192,Duke University *,USA,Universities
193,University of Leicester,GBR,Universities
193,"University of California, Santa Barbara",USA,Universities
194,University of Aberdeen,GBR,Universities
195,Japan Aerospace Exploration Agency,JPN,Government
196,University of Florida *,USA,Universities
196,University of Helsinki,FIN,Universities
197,"University of Massachusetts, Amherst",USA,Universities
198,China Agricultural University,CHN,Universities
199,University of Georgia,USA,Universities
200,Alfred Wegener Institut fur Polar und Meeresforschung,DEU,Government
200,Wageningen University and Research Centre *,NLD,Universities
200,Universite de Paris *,FRA,Universities
201,Waseda University,JPN,Universities
202,McGill University,CAN,Universities
202,Universita degli Studi di Milano-Bicocca,ITA,Universities
203,King Abdullah University of Science and Technology,SAU,Universities
203,Saint Petersburg Mining University,RUS,Universities
204,University of Melbourne *,AUS,Universities
205,Xi'an Jiaotong University *,CHN,Universities
206,Simon Fraser University,CAN,Universities
206,Institut Universitaire de France,FRA,Government
207,IFP Energies nouvelles,FRA,Government
208,Chang'an University ,CHN,Universities
208,Universidad Complutense de Madrid *,ESP,Universities
209,Shandong University *,CHN,Universities
210,Hong Kong Polytechnic University,HKG,Universities
211,"Southeast University, Nanjing *",CHN,Universities
211,Technische Universitat Berlin,DEU,Universities
211,Huazhong University of Science and Technology *,CHN,Universities
212,Universidad Michoacana de San Nicolas de Hidalgo,MEX,Universities
213,"Shell, USA",USA,Companies
214,University of York,GBR,Universities
215,University of Miami *,USA,Universities
216,University of St. Andrews,GBR,Universities
216,China National Offshore Oil Corp *,CHN,Companies
217,"Washington State University, Pullman *",USA,Universities
217,"University of Nebraska, Lincoln",USA,Universities
218,"University of Minnesota, Twin Cities *",USA,Universities
219,Universite de Bretagne-Sud *,FRA,Universities
220,"State University of New York, Stony Brook *",USA,Universities
221,Universitat Heidelberg,DEU,Universities
222,Institut Francais de Recherche pour l'Exploitation de la Mer *,FRA,Government
222,Deltares,NLD,Government
222,University of Bristol,GBR,Universities
223,University of Waterloo,CAN,Universities
224,National University of Singapore *,SGP,Universities
225,"Heriot-Watt University, United Kingdom",GBR,Universities
226,Universitat d'Alacant *,ESP,Universities
226,Institut Universitaire Europeen de la Mer,FRA,Government
227,Woods Hole Oceanographic Institution,USA,Non-Profit
228,The University of Sheffield,GBR,Universities
229,Tohoku University *,JPN,Universities
229,University of Copenhagen,DNK,Universities
229,Institucio Catalana de Recerca i Estudis Avancats,ESP,Government
230,Rheinische Friedrich-Wilhelms-Universitat Bonn *,DEU,Universities
230,Heriot-Watt University *,MUL,Universities
231,University of Southern California *,USA,Universities
232,The University of Manchester,GBR,Universities
233,Universite de Versailles Saint Quentin en Yvelines *,FRA,Universities
233,Tel Aviv University,ISR,Universities
233,Virginia Polytechnic Institute and State University,USA,Universities
234,Universitat Bern,CHE,Universities
235,China Earthquake Administration,CHN,Government
236,University of Chicago *,USA,Universities
236,Iowa State University,USA,Universities
237,Universite de Bretagne Occidentale *,FRA,Universities
238,Johannes Gutenberg-Universitat Mainz *,DEU,Universities
239,GNS Science,NZL,Companies
240,University of Pittsburgh *,USA,Universities
240,Cardiff University,GBR,Universities
241,Commissariat a l’Energie Atomique et aux Energies Alternatives *,FRA,Government
242,Universita degli Studi di Pisa,ITA,Universities
243,"University of Louisiana, Lafayette",USA,Universities
244,Aix-Marseille Universite *,FRA,Universities
245,Hebrew University of Jerusalem,ISR,Universities
245,"Colorado State University, Fort Collins *",USA,Universities
246,The University of Newcastle,AUS,Universities
247,Universite de Toulouse,FRA,Universities
247,Colorado School of Mines,USA,Universities
247,Smithsonian Institution *,USA,Government
247,Australian Research Council Centre of Excellence for Core to Crust Fluid Systems,AUS,Government
248,Macquarie University *,AUS,Universities
249,Karlsruher Institut fur Technologie,DEU,Universities
249,University of Guelph,CAN,Universities
250,Dalian University of Technology,CHN,Universities
251,"University of California, Davis *",USA,Universities
252,Geological Survey of Denmark and Greenland,DNK,Government
252,"University of Maine, Orono",USA,Universities
253,Royal Holloway - University of London,GBR,Universities
254,Hefei University of Technology,CHN,Universities
254,Helmholtz-Zentrum fur Ozeanforschung Kiel Umgewandelt,DEU,Government
255,Universitat zu Koln,DEU,Universities
256,"Newcastle University, Newcastle upon Tyne",GBR,Universities
257,Stockholm University,SWE,Universities
257,University of Wollongong *,AUS,Universities
258,University of Liverpool *,GBR,Universities
259,Universita degli Studi di Milano,ITA,Universities
259,Aarhus University *,DNK,Universities
260,University of Sydney,AUS,Universities
261,"University of Kurdistan, Sanandaj",IRN,Universities
261,University of Glasgow *,GBR,Universities
262,"Swiss Federal Institute for Forest, Snow and Landscape Research",CHE,Government
263,Council of Scientific and Industrial Research *,IND,Government
263,Universite de Rennes 1 *,FRA,Universities
264,Instituto Andaluz de Ciencias de la Tierra,ESP,Government
264,Universite de Lorraine *,FRA,Universities
265,University of Cincinnati *,USA,Universities
266,"University of Texas, Dallas",USA,Universities
266,University of Sulaimani,IRQ,Universities
267,Technische Universitat Munchen *,DEU,Universities
268,Universite Montpellier *,FRA,Universities
269,National Taiwan University,TWN,Universities
269,"Rutgers, The State University of New Jersey",USA,Universities
269,"Louisiana State University, Baton Rouge",USA,Universities
270,Chevron Corp,USA,Companies
271,Universite Grenoble-Alpes *,FRA,Universities
271,National Cheng Kung University,TWN,Universities
272,Universite de Geneve,CHE,Universities
273,Southwest Jiaotong University,CHN,Universities
273,University of Kentucky *,USA,Universities
274,Ecole Pratique des Hautes Etudes,FRA,Universities
275,Universitat Potsdam,DEU,Universities
275,Plymouth University,GBR,Universities
276,Queensland University of Technology,AUS,Universities
276,Natural History Museum London,GBR,Government
277,Politecnico di Torino *,ITA,Universities
277,Shanghai Jiao Tong University *,CHN,Universities
277,Institut de Physique du Globe de Paris,FRA,Government
278,University of New Mexico *,USA,Universities
279,Universitat Politecnica de Catalunya *,ESP,Universities
280,Czech Geological Survey,CZE,Government
280,Laval University,CAN,Universities
281,Georgia Institute of Technology *,USA,Universities
281,Kyoto University *,JPN,Universities
281,Wroclaw University of Science and Technology,POL,Universities
282,University of Athens,GRC,Universities
283,"Northwest University, Xi'an",CHN,Universities
284,Academia Sinica *,TWN,Government
285,Tarbiat Modares University,IRN,Universities
286,University of Tromso - The Arctic University of Norway,NOR,Universities
287,Max Planck Institut fur Chemie,DEU,Government
288,Washington University in Saint Louis *,USA,Universities
288,Universite Clermont-Auvergne,FRA,Universities
288,Anhui University of Science and Technology,CHN,Universities
289,Eberhard-Karls-Universitat Tubingen,DEU,Universities
290,Geological Survey of Finland,FIN,Government
290,Laboratoire Navier,FRA,Government
290,"University of Technology, Sydney",AUS,Universities
291,Wuhan University of Technology,CHN,Universities
291,Universite Gustave Eiffel *,FRA,Universities
291,National Institute of Advanced Industrial Science & Technology,JPN,Government
292,Universita degli Studi di Palermo,ITA,Universities
293,University of Patras,GRC,Universities
293,"Trofimuk United Institute of Geology, Geophysics and Mineralogy Russian Academy of Sciences",RUS,Government
294,Georg-August-Universitat Gottingen,DEU,Universities
295,Charles University *,CZE,Universities
296,University of East Anglia *,GBR,Universities
297,Universidade Federal do Rio de Janeiro,BRA,Universities
298,Geosciences Environnement Toulouse,FRA,Government
299,Lunds University,SWE,Universities
300,Xi'an University of Technology,CHN,Universities
301,Centro Nacional de Investigacion Sobre la Evolucion Humana,ESP,Government
302,L'Alma Mater Studiorum - Universita di Bologna,ITA,Universities
303,Catholic University of Leuven,BEL,Universities
304,Hanyang University *,KOR,Universities
304,Changsha University of Science and Technology,CHN,Universities
304,University of Delaware,USA,Universities
305,Ecole Nationale des Ponts ParisTech,FRA,Universities
306,Nanjing University of Technology,CHN,Universities
307,Lomonosov  Moscow State University,RUS,Universities
307,Laboratoire d'Etudes en Geophysique et Oceanographie Spatiales,FRA,Government
308,National University of Malaysia *,MYS,Universities
309,Griffith University,AUS,Universities
310,"Institute of Geochemistry, Chinese Academy of Sciences",CHN,Government
311,Masaryk University,CZE,Universities
312,University of Utah *,USA,Universities
313,Universite de Bordeaux *,FRA,Universities
314,Indiana University-Bloomington,USA,Universities
315,North Carolina State University,USA,Universities
316,University of Ljubljana *,SVN,Universities
317,Universita degli Studi di Padova,ITA,Universities
317,Albert-Ludwigs-Universitat Freiburg im Breisgau,DEU,Universities
317,Istituto di Scienze Marine,ITA,Government
317,Lawrence Berkeley National Laboratory *,USA,Government
317,Universidade Estadual de Campinas,BRA,Universities
318,AGH University of Science and Technology,POL,Universities
318,"University of Alaska, Fairbanks",USA,Universities
318,Academy of Sciences of the Czech Republic *,CZE,Government
319,Institut Pierre Simon Laplace,FRA,Government
319,New Mexico Institute of Mining and Technology *,USA,Universities
320,Universite d'Orleans *,FRA,Universities
320,Laboratoire des Sciences du Climat et l'Environnement,FRA,Government
320,Instituto Geologico y Minero de Espana Madrid *,ESP,Government
321,Universite de Caen Basse-Normandie *,FRA,Universities
322,Ghent University,BEL,Universities
323,The University of Hull,GBR,Universities
323,Geosciences Rennes,FRA,Government
323,Universite Francois Rabelais de Tours *,FRA,Universities
324,Kochi University *,JPN,Universities
325,Universidad Autonoma de Madrid *,ESP,Universities
325,Victoria University of Wellington,NZL,Universities
325,University of Iceland,ISL,Universities
326,Ocean University of China,CHN,Universities
327,Comenius University in Bratislava,SVK,Universities
327,Bureau de Recherches Geologiques et Minieres,FRA,Government
328,"Indian Institute of Technology, Bombay",IND,Universities
329,"University of Arkansas, Fayetteville",USA,Universities
329,Universitat Bremen,DEU,Universities
330,Los Alamos National Laboratory *,USA,Government
331,Universidad de Chile *,CHL,Universities
331,Laboratoire Magmas et Volcans,FRA,Government
332,University of Zagreb,HRV,Universities
332,Chonnam National University,KOR,Universities
332,University of Regina,CAN,Universities
333,Universite de Lausanne,CHE,Universities
334,Universidade Federal do Rio Grande do Sul,BRA,Universities
335,Universite Paris-Saclay *,FRA,Universities
335,Aberystwyth University,GBR,Universities
336,Universitat de Valencia *,ESP,Universities
336,Gottfried Wilhelm Leibniz Universitat Hannover,DEU,Universities
336,Institut National de la Sante et de la Recherche Medicale *,FRA,Health
336,Carnegie Institution for Science *,USA,Non-Profit
337,Leibniz-Institut fur Ostseeforschung Warnemunde,DEU,Government
337,Aristotle University of Thessaloniki,GRC,Universities
338,Institut de Mineralogie et de Physique des Milieux Condenses,FRA,Government
338,Universite Savoie Mont Blanc *,FRA,Universities
339,Utah State University *,USA,Universities
339,Shiraz University,IRN,Universities
340,Universitat Wien,AUT,Universities
341,Lakehead University,CAN,Universities
341,Bundesanstalt fur Geowissenschaften und Rohstoffe,DEU,Government
341,Ben-Gurion University of the Negev *,ISR,Universities
342,"Institute of Oceanology, Chinese Academy of Sciences",CHN,Government
343,James Cook University *,AUS,Universities
344,University of Baghdad,IRQ,Universities
345,Universite du Quebec en Quebec *,CAN,Universities
345,China Three Gorges University,CHN,Universities
346,University of Waikato,NZL,Universities
346,University of Szczecin,POL,Universities
347,Universita degli Studi di Firenze,ITA,Universities
348,Royal Belgian Institute of Natural Sciences,BEL,Government
349,Swedish Museum of Natural History,SWE,Government
350,Indian Institute of Technology,IND,Universities
351,University of Otago,NZL,Universities
351,University of Sussex *,GBR,Universities
351,University of Kansas *,USA,Universities
352,Universita degli Studi di Torino,ITA,Universities
352,Amirkabir University of Technology,IRN,Universities
353,San Diego State University,USA,Universities
353,Friedrich-Alexander-Universitat Erlangen-Nurnberg *,DEU,Universities
354,Lawrence Livermore National Laboratory *,USA,Government
355,Novosibirsk State University,RUS,Universities
356,University of Oulu,FIN,Universities
357,Istituto di Geoscienze e Georisorse,ITA,Government
357,Yonsei University *,KOR,Universities
358,Carl von Ossietzky Universitat Oldenburg,DEU,Universities
358,Universite du Quebec en Rimouski,CAN,Universities
358,Freie Universitat Berlin,DEU,Universities
359,Geological Survey of Israel,ISR,Government
360,Universidade de Lisboa,PRT,Universities
361,Taiyuan University of Technology,CHN,Universities
362,Shenzhen University,CHN,Universities
362,Trinity College Dublin *,IRL,Universities
363,Universidade Federal de Ouro Preto,BRA,Universities
363,Istituto Nazionale di Oceanografia e Geofisica Sperimentale,ITA,Government
363,Max Planck Institut fur Evolutionare Anthropologie,DEU,Government
364,Southern University of Science and Technology,CHN,Universities
364,Swansea University,GBR,Universities
365,Universite de La Rochelle *,FRA,Universities
365,Institut de Ciencies del Mar ,ESP,Government
365,Environnements et Paleoenvironnements Oceaniques et Continentaux,FRA,Government
366,Australian Nuclear Science & Technology Organisation,AUS,Government
366,Silesian University of Technology,POL,Universities
367,British Antarctic Survey,GBR,Government
368,Christian-Albrechts-Universitat zu Kiel,DEU,Universities
368,Centre Mediterrani d'Investigacions Marines i Ambientals,ESP,Government
368,University of Cape Town,ZAF,Universities
368,Shaoxing University,CHN,Universities
369,University of Strathclyde,GBR,Universities
369,Slovak Academy of Sciences *,SVK,Government
369,Zhengzhou University *,CHN,Universities
370,Universitat Hamburg *,DEU,Universities
370,Uppsala University,SWE,Universities
371,Institut des Sciences de la Terre,FRA,Government
371,Hacettepe University,TUR,Universities
372,Ruhr-Universitat Bochum *,DEU,Universities
372,Lulea University of Technology,SWE,Universities
372,University of Electronic Science and Technology of China,CHN,Universities
372,Hebei GEO University,CHN,Universities
372,University of New Hampshire,USA,Universities
373,Universite de Carthage *,TUN,Universities
373,University of Nevada-Reno,USA,Universities
374,University College Dublin,IRL,Universities
374,Universita degli Studi di Napoli Federico II,ITA,Universities
375,"University of New England, Australia",AUS,Universities
376,"Nanjing Institute of Geology and Palaeontology, Chinese Academy of Sciences",CHN,Government
376,University of Calcutta,IND,Universities
376,"University of California, Riverside",USA,Universities
377,Instituto Espanol de Oceanografia *,ESP,Government
377,University of KwaZulu-Natal *,ZAF,Universities
378,Michigan Technological University,USA,Universities
378,Universite de Pau et des Pays de l'Adour *,FRA,Universities
378,City University of New York *,USA,Universities
378,Westfalische Wilhelms-Universitat Munster *,DEU,Universities
378,The Open University,GBR,Universities
378,Universite Bordeaux Montaigne *,FRA,Universities
379,Vrije Universiteit Amsterdam *,NLD,Universities
379,Henan Polytechnic University,CHN,Universities
379,University of Science and Technology Beijing,CHN,Universities
379,"University of the Witwatersrand, Johannesburg",ZAF,Universities
380,Nanjing Hydraulic Research Institute,CHN,Government
381,Dartmouth College *,USA,Universities
382,Lanzhou University *,CHN,Universities
382,Universitat Bayreuth,DEU,Universities
383,Royal Netherlands Institute for Sea Research,NLD,Government
383,Universidad de Oviedo *,ESP,Universities
384,Universite Claude Bernard Lyon 1 *,FRA,Universities
384,Universidad de Sevilla *,ESP,Universities
384,Universita della Calabria,ITA,Universities
384,"Institute of Geographic Sciences and Natural Resources Research, Chinese Academy of Sciences",CHN,Government
385,Ministry of Agriculture,CHN,Government
385,Ludwig-Maximilians Universitat Munchen *,DEU,Universities
385,Universidade Federal de Minas Gerais,BRA,Universities
386,Ural Federal University,RUS,Universities
386,Urmia University,IRN,Universities
387,Bangor University,GBR,Universities
387,National Academy of Sciences of the Republic of Kazakhstan *,KAZ,Government
388,University of Western Ontario,CAN,Universities
389,Sherbrooke University,CAN,Universities
390,Centre de Recherches Petrographiques et Geochimiques,FRA,Government
391,Hunan University,CHN,Universities
391,Institut des Sciences de l'Evolution,FRA,Government
392,Japan Agency for Marine-Earth Science and Technology,JPN,Government
393,Ministere de la Culture et de la Communication *,FRA,Government
393,University of Portsmouth,GBR,Universities
394,Sharif University of Technology,IRN,Universities
394,National Geophysical Research Institute,IND,Government
395,"Institute of Earth Environment, Chinese Academy of Science",CHN,Government
395,Johann Wolfgang Goethe-Universitat Frankfurt am Main *,DEU,Universities
395,University of Brighton *,GBR,Universities
396,"Northwest Institute of Eco-Environment and Resources, Chinese Academy of Sciences",CHN,Government
397,Scottish Universities Environmental Research Centre,GBR,Government
397,University of Oregon,USA,Universities
397,State Oceanic Administration,CHN,Government
398,Florida State University *,USA,Universities
398,Massey University,NZL,Universities
399,The Hong Kong University of Science and Technology,HKG,Universities
399,Geosciences Montpellier,FRA,Government
399,University of Ottawa,CAN,Universities
399,Chulalongkorn University,THA,Universities
399,Institut Catala de Paleoecologia Humana i Evolucio Social,ESP,Government
400,Ecole des Hautes Etudes en Sciences Sociales *,FRA,Universities
400,National Research Centre *,EGY,Government
400,Boise State University,USA,Universities
400,University of Saskatchewan,CAN,Universities
401,"Universite des Antilles et de la Guyane, French Guiana *",GUF,Universities
402,Universite de Nantes *,FRA,Universities
402,Petrobras *,MUL,Companies
403,Istanbul Technical University,TUR,Universities
404,Queen's University,CAN,Universities
404,Petrobras Brasil,BRA,Companies
404,Ferdowsi University of Mashhad,IRN,Universities
405,Ecole Polytechnique Federale de Lausanne,CHE,Universities
405,Universidad de Salamanca *,ESP,Universities
405,Kyushu University *,JPN,Universities
405,East China Normal University,CHN,Universities
406,Ecole Normale Superieure de Lyon *,FRA,Universities
406,Universidade Federal do Ceara,BRA,Universities
406,Universita degli Studi di Urbino Carlo Bo,ITA,Universities
407,University of Nevada-Las Vegas,USA,Universities
408,Geological Survey of Norway,NOR,Government
409,Korea Institute of Geoscience and Mineral Resources,KOR,Government
410,Universidad Nacional de La Plata *,ARG,Universities
410,Japan Atomic Energy Agency,JPN,Government
411,Consejo Nacional de Ciencia y Tecnologia *,MEX,Government
411,"University of Tennessee, Knoxville *",USA,Universities
411,Universite de Franche-Comte *,FRA,Universities
411,Instituto de Geociencias,ESP,Government
412,University of Gothenburg,SWE,Universities
413,University of Canterbury,NZL,Universities
413,Universite Mohammed V de Rabat *,MAR,Universities
414,Guangxi University,CHN,Universities
415,"Xinjiang Institute of Ecology and Geography, Chinese Academy of Sciences",CHN,Government
415,Slovenian Academy of Sciences and Arts *,SVN,Government
415,Universidad de Buenos Aires *,ARG,Universities
415,Istituto di Geologia Ambientale e Geoingegneria,ITA,Government
416,University of Manitoba,CAN,Universities
416,Saint Petersburg State University,RUS,Universities
417,Universitat Rovira i Virgili *,ESP,Universities
417,Indian Institute of Science,IND,Universities
417,University of Houston,USA,Universities
418,Universidade de Brasilia,BRA,Universities
418,Kazan Federal University,RUS,Universities
419,Universite Hassan II de Casablanca *,MAR,Universities
420,Finnish Meteorological Institute,FIN,Government
421,Hokkaido University *,JPN,Universities
421,"University of Hawaii, Manoa *",USA,Universities
421,Universitat Stuttgart,DEU,Universities
421,Universidade Federal de Alagoas,BRA,Universities
422,National Central University,TWN,Universities
423,Universita degli Studi di Perugia,ITA,Universities
424,Nagasaki University *,JPN,Universities
425,Universita degli Studi Roma Tre,ITA,Universities
426,University of Novi Sad,SRB,Universities
426,National Taiwan Normal University,TWN,Universities
427,University College Cork *,IRL,Universities
427,Universidad de Antofagasta,CHL,Universities
428,Universita degli Studi della Basilicata,ITA,Universities
429,Technical University of Kosice,SVK,Universities
430,Korea University of Science and Technology,KOR,Universities
430,Universite de Lille *,FRA,Universities
430,Montanuniversitat Leoben,AUT,Universities
430,Ecole Normale Superieure de Paris *,FRA,Universities
430,Beijing Research Institute of Uranium Geology,CHN,Government
431,Universidad de Zaragoza *,ESP,Universities
431,Nagoya University *,JPN,Universities
431,Universite de Bourgogne *,FRA,Universities
431,Research Centre for Astronomy and Earth Sciences Hungarian Academy of Sciences,HUN,Government
431,Al-Farabi Kazakh National University,KAZ,Universities
432,Universitat Basel,CHE,Universities
432,Universite de Liege,BEL,Universities
432,"De la Prehistoire a l'Actuel: Culture, Environnement et Anthropologie",FRA,Government
433,Hungarian Academy of Sciences *,HUN,Government
433,Universita degli Studi di Ferrara,ITA,Universities
434,Universita degli Studi di Bari,ITA,Universities
434,University Centre in Svalbard,NOR,Universities
434,Memorial University of Newfoundland,CAN,Universities
435,Universite du Quebec en Montreal,CAN,Universities
436,Shanghai Ocean University,CHN,Universities
437,Northeast Petroleum University,CHN,Universities
437,Royal Melbourne Institute of Technology *,AUS,Universities
438,"Montana State University, Bozeman",USA,Universities
439,Universidad del Pais Vasco *,ESP,Universities
439,Universidade de Aveiro,PRT,Universities
440,University of Wroclaw,POL,Universities
440,Universite Chouaib Doukkali *,MAR,Universities
441,Biogeosciences Dijon,FRA,Government
442,Universite du Quebec en Chicoutimi,CAN,Universities
443,Istituto di Ricerca per la Protezione Idrogeologica,ITA,Government
443,Yangtze University,CHN,Universities
444,Osterreichische Akademie der Wissenschaften *,AUT,Government
444,College de France,FRA,Universities
445,Friedrich-Schiller-Universitat Jena *,DEU,Universities
445,Recep Tayyip Erdogan University,TUR,Universities
445,Universita degli Studi di Catania,ITA,Universities
446,Universidade Estadual Paulista Julio de Mesquita Filho,BRA,Universities
446,Kunming University of Science and Technology,CHN,Universities
447,Technische Universitat Bergakademie Freiberg,DEU,Universities
447,"University of Alaska, Anchorage",USA,Universities
447,University of Tartu,EST,Universities
447,Universite Abdelmalek Essaadi *,MAR,Universities
447,Florida International University,USA,Universities
448,Universidad de Concepcion *,CHL,Universities
449,Universita degli Studi di Modena e Reggio Emilia,ITA,Universities
449,National Research Institute for Earth Science and Disaster Prevention,JPN,Government
449,Universidad de Castilla-La Mancha *,ESP,Universities
449,University of Johannesburg,ZAF,Universities
450,Yunnan University,CHN,Universities
451,Universita degli Studi di Pavia,ITA,Universities
451,University of Auckland,NZL,Universities
452,"University of Technology, Malaysia",MYS,Universities
453,Julius-Maximilians-Universitat Wurzburg *,DEU,Universities
454,Loughborough University,GBR,Universities
454,Wuhan University of Science and Technology,CHN,Universities
455,Damghan University,IRN,Universities
455,Smithsonian National Museum of Natural History,USA,Government
456,Institute of Geography Russian Academy of Sciences,RUS,Government
457,Royal Institute of Technology,SWE,Universities
457,University of Warsaw,POL,Universities
458,"Institute of Earth Sciences, Academia Sinica",TWN,Government
458,US Naval Research Laboratory,USA,Government
458,South China Sea Institute of Oceanology Chinese Academy of Sciences,CHN,Government
459,Instituto Nacional de Pesquisas Espaciais,BRA,Government
459,Tokyo Institute of Technology,JPN,Universities
460,Satbayev University,KAZ,Universities
461,Syracuse University,USA,Universities
461,Xi'an University of Science and Technology,CHN,Universities
461,Southwest University of Science and Technology,CHN,Universities
462,Xiamen University *,CHN,Universities
463,National Institute of Water & Atmospheric Research,NZL,Government
464,Senckenberg Forschungsinstitut und Naturmuseum *,DEU,Government
464,Universidade Federal do Piaui,BRA,Universities
464,Khalifa University *,ARE,Universities
464,Universitat Autonoma de Barcelona *,ESP,Universities
465,Universidad Rey Juan Carlos *,ESP,Universities
466,Dalhousie University,CAN,Universities
466,Helmholtz Zentrum Dresden Rossendorf ,DEU,Government
466,Laurentian University,CAN,Universities
466,"Laboratoire de Geologie de Lyon: Terre, Planetes et Environnement",FRA,Government
467,Observatoire des Sciences de l Univers Institut Pytheas,FRA,Government
468,Jacobs University Bremen,DEU,Universities
468,Guizhou University,CHN,Universities
469,Museum fur Naturkunde Berlin,DEU,Non-Profit
469,"Indian Institute of Technology, Kharagpur",IND,Universities
469,University of Birmingham,GBR,Universities
470,Zagazig University *,EGY,Universities
470,Universidad Catolica del Norte,CHL,Universities
470,Eotvos Lorand University,HUN,Universities
471,Universidad Nacional de la Patagonia San Juan Bosco,ARG,Universities
472,Universidad Nacional de Cordoba *,ARG,Universities
473,University of South Carolina *,USA,Universities
473,Chrono-Environnement,FRA,Government
474,Carleton University,CAN,Universities
475,Adam Mickiewicz University,POL,Universities
475,Ankara University,TUR,Universities
476,Universite Libre de Bruxelles,BEL,Universities
476,Universitat Innsbruck *,AUT,Universities
477,"Birkbeck, University of London",GBR,Universities
478,Pusan National University,KOR,Universities
478,West Virginia University *,USA,Universities
479,Universidad de Malaga *,ESP,Universities
480,Southern Ural State University,RUS,Universities
481,Universidade do Algarve,PRT,Universities
481,University of Silesia in Katowice,POL,Universities
481,Bedford Institute of Oceanography,CAN,Government
482,"University of Texas, El Paso",USA,Universities
482,Universidad Austral de Chile *,CHL,Universities
483,Museo Nacional de Ciencias Naturales,ESP,Government
483,Middle East Technical University,TUR,Universities
484,Jagiellonian University,POL,Universities
484,Institut de Diagnosi Ambiental i Estudis de l'Aigua,ESP,Government
484,Laboratoire d'Oceanographie et du Climat: Experimentations et Approches Numeriques,FRA,Government
485,University of Guilan,IRN,Universities
485,Centro Cientifico Tecnologico La Plata,ARG,Government
485,Cairo University *,EGY,Universities
485,Centro de Investigacion y Desarrollo Pascual Vila,ESP,Government
485,Universita degli Studi di Trieste,ITA,Universities
486,Technische Universitat Darmstadt,DEU,Universities
487,Hiroshima University *,JPN,Universities
488,Observatoire de la Cote d'Azur *,FRA,Government
488,"National University of Science and Technology, Islamabad",PAK,Universities
489,National Academy of Sciences of Ukraine *,UKR,Government
490,University of Tabriz,IRN,Universities
490,Universite Cote d’Azur *,FRA,Universities
491,Universita degli Studi di Parma,ITA,Universities
491,University of South Australia,AUS,Universities
491,Hunan University of Science and Technology,CHN,Universities
492,Belgorod State University,RUS,Universities
493,Universita degli Studi di Genova,ITA,Universities
494,Ecopetrol SA *,COL,Government
494,Universite de Perpignan Via Domitia *,FRA,Universities
495,Universita degli Studi di Cagliari,ITA,Universities
495,Universita degli Studi di Camerino,ITA,Universities
495,Centre de Recherche sur la Paleobiodiversite et les Paleoenvironnements,FRA,Government
496,Karl Franzens Universitat Graz *,AUT,Universities
496,Banaras Hindu University,IND,Universities
497,Universita degli Studi Gabriele d'Annunzio di Chieti e Pescara,ITA,Universities
498,Xian Shiyou University,CHN,Universities
498,Shimane University *,JPN,Universities
499,Nanjing University of Information Science and Technology,CHN,Universities
499,Xinjiang University,CHN,Universities
499,Universidad Nacional de Educacion a Distancia *,ESP,Universities
500,National Institute of Polar Research,JPN,Government
500,Brno University of Technology,CZE,Universities
501,Minia University *,EGY,Universities
501,Kanazawa University *,JPN,Universities
501,National University of Science and Technology MISIS,RUS,Universities
502,Vernadsky Institute of Geochemistry and Analytical Chemistry Russian Academy of Sciences,RUS,Government
502,Pontificia Universidad Catolica de Chile *,CHL,Universities
502,"Institute of Mountain Hazards and Environment, Chinese Academy of Sciences",CHN,Government
503,Nanjing Normal University,CHN,Universities
503,Institute of Geological Sciences Polish Academy of Sciences,POL,Government
504,National Technical University of Athens,GRC,Universities
504,Universite Paris-Est Creteil *,FRA,Universities
505,University of New Brunswick,CAN,Universities
505,Universita degli Studi di Siena,ITA,Universities
506,University of Tsukuba *,JPN,Universities
506,Gubkin University,RUS,Universities
507,Histoire Naturelle de l'Homme Prehistorique,FRA,Government
507,McMaster University,CAN,Universities
508,"University of Alabama, Tuscaloosa",USA,Universities
508,Laboratoire d'Oceanologie et de Geosciences,FRA,Government
509,University of Belgrade,SRB,Universities
510,Herzen State Pedagogical University of Russia,RUS,Universities
510,Centro Cientifico Tecnologico de Cordoba,ARG,Government
510,Technische Universitat Dresden,DEU,Universities
511,Ecole Polytechnique de Montreal,CAN,Universities
511,D. Mendeleev University of Chemical Technology ,RUS,Universities
511,Kola Science Centre Russian Academy of Sciences,RUS,Government
511,Universidade Federal do Rio Grande do Norte,BRA,Universities
512,Norwegian Geotechnical Institute,NOR,Government
512,Institute of Experimental Mineralogy Russian Academy of Sciences,RUS,Government
513,Universidade Federal da Bahia,BRA,Universities
513,Palaeontological Institute Russian Academy of Sciences,RUS,Government
513,University of Haifa,ISR,Universities
514,Universite du Littoral Cote d'Opale *,FRA,Universities
514,Universidade de Coimbra *,PRT,Universities
514,China Meteorological Administration,CHN,Government
515,"Universite Pantheon Sorbonne, Paris1 *",FRA,Universities
516,Pacific Northwest National Laboratory,USA,Government
516,Bandung Institute of Technology,IDN,Universities
517,Swedish Institute of Space Physics,SWE,Government
518,Fuzhou University,CHN,Universities
518,Polish Geological Institute,POL,Government
519,Siberian Federal University,RUS,Universities
520,Stellenbosch University,ZAF,Universities
520,Universidad Politecnica de Madrid *,ESP,Universities
521,Guilin University of Technology,CHN,Universities
521,Akita University *,JPN,Universities
522,Universidade Federal do Para,BRA,Universities
522,Kangwon National University *,KOR,Universities
522,Miami University of Ohio,USA,Universities
523,University of Szeged,HUN,Universities
524,Geological Institute Russian Academy of Sciences,RUS,Government
524,North China Institute of Science and Technology,CHN,Universities
525,Universidade de Evora,PRT,Universities
526,Universidade Federal de Campina Grande,BRA,Universities
526,Universidade do Estado do Rio de Janeiro,BRA,Universities
527,Vrije Universiteit Brussel,BEL,Universities
528,East China Institute of Technology,CHN,Universities
529,Okayama University *,JPN,Universities
529,China Coal Research Institute,CHN,Companies
529,Universidad de la Republica *,URY,Universities
529,Baylor University,USA,Universities
529,Indian Space Research Organization *,IND,Government
530,Universidade do Porto *,PRT,Universities
530,Beijing University of Technology,CHN,Universities
531,Tomsk Polytechnic University,RUS,Universities
532,Bulgarian Academy of Sciences *,BGR,Government
532,Chinese Academy of Forestry *,CHN,Government
533,Babes-Bolyai University,ROU,Universities
534,Karadeniz Technical University,TUR,Universities
534,Universidade de Vigo *,ESP,Universities
535,Isfahan University of Technology,IRN,Universities
535,Pukyong National University,KOR,Universities
536,Chungnam National University,KOR,Universities
537,Indian Institute of Technology Guwahati,IND,Universities
538,Universite Cadi Ayyad *,MAR,Universities
539,Chiba University *,JPN,Universities
539,University of Gdansk,POL,Universities
539,University of Turku,FIN,Universities
540,Instituto Politecnico Nacional *,MEX,Universities
541,Universidade Federal de Goias,BRA,Universities
542,University of Windsor,CAN,Universities
543,Gumushane University,TUR,Universities
543,Hebei University of Technology,CHN,Universities
543,Universite de Yaounde I,CMR,Universities
544,Faculte des Sciences Ben M'Sick,MAR,Universities
544,Suez Canal University *,EGY,Universities
545,Institute of Geology of the ASCR,CZE,Government
545,Universidad de Atacama,CHL,Universities
545,Tomsk State University,RUS,Universities
546,Korea Polar Research Institute,KOR,Government
546,Universidade Federal do Parana,BRA,Universities
546,Universidade Federal de Santa Maria *,BRA,Universities
547,Centro Nacional Patagonico,ARG,Government
548,Universidad Nacional de Colombia *,COL,Universities
548,University of South Africa,ZAF,Universities
548,Qingdao University of Technology,CHN,Universities
549,Gadjah Mada University,IDN,Universities
549,Hebei Normal University,CHN,Universities
550,Sichuan Agricultural University,CHN,Universities
551,King Abdulaziz University *,SAU,Universities
551,"Shaanxi Normal University, Xi'an",CHN,Universities
552,Korea University *,KOR,Universities
553,Southwest University *,CHN,Universities
553,Universite de Poitiers *,FRA,Universities
553,Czech Technical University in Prague,CZE,Universities
553,Universidade Federal do Rio Grande,BRA,Universities
553,Universidad de Jaen *,ESP,Universities
554,Universidade Federal Fluminense,BRA,Universities
555,Universidade do Vale do Rio dos Sinos,BRA,Universities
555,Naturalis Biodiversity Center,NLD,Government
556,Missouri University of Science & Technology,USA,Universities
556,Hubei University of Technology,CHN,Universities
556,Tallinn University of Technology,EST,Universities
557,Linyi University,CHN,Universities
558,"Indian Institute of Technology, Kanpur",IND,Universities
558,Universidade Federal de Pernambuco,BRA,Universities
559,Istanbul University Cerrahpasa *,TUR,Universities
560,Jadavpur University,IND,Universities
560,"Oklahoma State University, Stillwater",USA,Universities
560,Nihon University *,JPN,Universities
561,Warsaw University of Life Sciences,POL,Universities
562,University of Pretoria,ZAF,Universities
563,Pontificia Universidad Catolica de Valparaiso *,CHL,Universities
563,Comision de Investigaciones Cientificas *,ARG,Government
563,Centro Cientifico Tecnologico de Santa Fe,ARG,Government
564,"Indian Institute of Technology, Roorkee",IND,Universities
565,Assiut University *,EGY,Universities
565,Instituto Potosino de Investigacion Cientifica y Tecnologica,MEX,Government
565,Universidad Nacional de Cuyo *,ARG,Universities
565,Institute of Geology of Ore Deposits Petrography Mineralogy and Geochemistry Russian Academy of Sciences,RUS,Government
566,Auburn University,USA,Universities
566,National Institute of Oceanography,IND,Government
566,"Indian Institute of Science Education and Research, Kolkata",IND,Government
566,Northwest A and F University,CHN,Universities
567,Universidad de Huelva *,ESP,Universities
568,University of Delhi *,IND,Universities
569,University of Babylon,IRQ,Universities
569,Yazd University,IRN,Universities
570,University of Malaya *,MYS,Universities
571,Western Washington University,USA,Universities
571,Universidade Federal de Vicosa,BRA,Universities
571,University of Ghana,GHA,Universities
572,VSB-Technical University of Ostrava,CZE,Universities
572,Physical Research Laboratory,IND,Government
573,Shahid Beheshti University,IRN,Universities
573,Keele University,GBR,Universities
573,Federal University of Technology Akure,NGA,Universities
573,Universitat Salzburg,AUT,Universities
574,Deakin University *,AUS,Universities
575,Botswana International University of Science and Technology,BWA,Universities
576,Kobe University *,JPN,Universities
576,Palacky University,CZE,Universities
577,University of the Free State,ZAF,Universities
577,Universidad Industrial de Santander,COL,Universities
577,Politehnica University of Bucharest,ROU,Universities
578,Wuhan Institute of Technology,CHN,Universities
578,Kyungpook National University *,KOR,Universities
579,Chonbuk National University *,KOR,Universities
579,University Dunarea de Jos of Galati,ROU,Universities
580,Petronas University of Technology,MYS,Universities
581,Mustansiriyah University,IRQ,Universities
581,Korea Basic Science Institute,KOR,Government
581,"Institute of Vertebrate Paleontology and Paleoanthropology, Chinese Academy of Sciences",CHN,Government
581,Kharazmi University,IRN,Universities
582,Universite du Quebec en Abitibi-Temiscamingue,CAN,Universities
583,Ehime University *,JPN,Universities
583,Shahid Bahonar University of Kerman,IRN,Universities
584,European Synchrotron Radiation Facility,FRA,Government
584,Vietnam Academy of Science and Technology *,VNM,Government
585,Yamaguchi University *,JPN,Universities
585,Korea Institute of Ocean Science & Technology,KOR,Government
586,Universite de Tunis El Manar *,TUN,Universities
587,Novosibirsk State Technical University,RUS,Universities
587,Beijing Jiaotong University,CHN,Universities
588,Lorestan University,IRN,Universities
589,Egyptian Petroleum Research Institute,EGY,Government
589,North Eastern Federal University,RUS,Universities
589,King Saud University *,SAU,Universities
590,Centro Austral de Investigaciones Cientificas,ARG,Government
590,"Daqing Oilfield Co Ltd, CN",CHN,Companies
591,Institut Polytechnique de Grenoble *,FRA,Universities
591,A.P. Vinogradov Institute of Geochemistry Russian Academy of Sciences,RUS,Government
592,Sultan Qaboos University *,OMN,Universities
592,P P Shirshov Institute of Oceanology Russian Academy of Sciences,RUS,Government
592,Museo Argentino de Ciencias Naturales Bernardino Rivadavia,ARG,Government
593,University of Lodz,POL,Universities
593,Universidad Nacional de Rio Negro,ARG,Universities
594,Hebei University of Engineering,CHN,Universities
594,Shantou University *,CHN,Universities
595,Tanta University,EGY,Universities
595,Universidad Nacional del Sur *,ARG,Universities
596,Far Eastern Federal University,RUS,Universities
596,Payame Noor University,IRN,Universities
597,Beijing Forestry University,CHN,Universities
598,Centro Cientifico Tecnologico Bahia Blanca,ARG,Government
598,"Secretaria de Ciencia, Tecnologia e Innovacion Productiva *",ARG,Government
599,University of the Philippines Diliman *,PHL,Universities
599,Universidad Autonoma de San Luis Potosi,MEX,Universities
600,Al-Nahrain University,IRQ,Universities
600,Universiti Brunei Darussalam,BRN,Universities
601,Pamukkale University,TUR,Universities
602,Centro de Investigacion Cientifica y de Educacion Superior de Ensenada,MEX,Government
602,"University of Technology, Iraq",IRQ,Universities
602,Niigata University *,JPN,Universities
603,University of Isfahan,IRN,Universities
603,"University of Science, Malaysia *",MYS,Universities
603,Dokuz Eylul University *,TUR,Universities
603,Zanjan University,IRN,Universities
604,Jiangxi University of Science and Technology,CHN,Universities
605,"Universidad de los Andes, Colombia *",COL,Universities
605,"University of the West Indies, Mona Campus *",JAM,Universities
605,Trinity University,USA,Universities
606,Serbian Academy of Sciences and Arts *,SRB,Government
607,Centro Cientifico Tecnologico Mendoza,ARG,Government
608,Alexandria University *,EGY,Universities
608,Slovak University of Technology,SVK,Universities
608,Xi'an University of Architecture and Technology,CHN,Universities
609,University of the Western Cape,ZAF,Universities
609,Alexandru Ioan Cuza University,ROU,Universities
610,Institute of Problems of Chemical Physics Russian Academy of Science,RUS,Government
611,"Instituto Argentino de Nivologia, Glaciologia y Ciencias Ambientales",ARG,Government
611,Universidade Federal do Espirito Santo,BRA,Universities
611,Southern Federal University,RUS,Universities
612,University of Bucharest,ROU,Universities
613,Salahaddin University-Erbil,IRQ,Universities
614,University of Anbar,IRQ,Universities
614,"Islamic Azad University, Science and Research Branch",IRN,Universities
615,United Schmidt Institute of Physics of the Earth Russian Academy of Sciences,RUS,Government
616,Tyumen Industrial University,RUS,Universities
617,Universite Moulay Ismail *,MAR,Universities
618,Addis Ababa University,ETH,Universities
618,Shahrood University of Technology,IRN,Universities
619,Instituto Smithsonian de Investigaciones Tropicales,PAN,Government
620,Saint Mary's University,CAN,Universities
621,Universidad Nacional de San Juan *,ARG,Universities
622,Universidad Nacional de Tucuman *,ARG,Universities
622,North China University of Water Conservancy and Electric Power,CHN,Universities
622,Liaoning Technical University,CHN,Universities
623,Ministry of Water Resources of China,CHN,Government
623,University of Latvia,LVA,Universities
624,"University of the West Indies, St. Augustine Campus",TTO,Universities
625,Universidad Nacional del Nordeste *,ARG,Universities
626,Sohag University *,EGY,Universities
626,Kongju National University,KOR,Universities
627,Cukurova University,TUR,Universities
627,Chongqing University of Science and Technology,CHN,Universities
627,"University of the Punjab, Lahore",PAK,Universities
627,Sofia University,BGR,Universities
628,Central Metallurgical Research and Development Institute,EGY,Government
629,University of Basrah,IRQ,Universities
629,Universidade Federal de Mato Grosso,BRA,Universities
630,Guangzhou University,CHN,Universities
630,Capital Normal University *,CHN,Universities
631,Tokyo University of Marine Science and Technology,JPN,Universities
632,Chongqing Jiaotong University,CHN,Universities
632,Bu-Ali Sina University,IRN,Universities
633,University of Kufa,IRQ,Universities
633,Universite Ibn Zohr *,MAR,Universities
634,Mohammed VI Polytechnic University,MAR,Universities
635,Mansoura University *,EGY,Universities
635,Perm National Research Polytechnic University,RUS,Universities
636,Beijing Institute of Civil Engineering and Architecture,CHN,Universities
636,Latvia University of Life Sciences and Technologies,LVA,Universities
636,Central Mining Institute,POL,Government
636,Al-Azhar University *,EGY,Universities
637,Central Research Institute of Electrical Power Industry,JPN,Non-Profit
638,University of Mosul,IRQ,Universities
638,Maria Curie Sklodowska University,POL,Universities
639,Aligarh Muslim University,IND,Universities
640,Universidade Federal de Pelotas,BRA,Universities
640,Helwan University Cairo *,EGY,Universities
640,North China University of Science and Technology,CHN,Universities
641,National Research Institute of Astronomy and Geophysics,EGY,Government
642,University of Pune,IND,Universities
643,Ivane Javakhishvili Tbilisi State University,GEO,Universities
644,Krasnoyarsk Science Center of the Siberian Branch of the Russian Academy of Sciences,RUS,Government
645,COMSATS Institute of Information Technology *,PAK,Universities
645,Universidade Estadual do Norte Fluminense Darcy Ribeiro,BRA,Universities
645,"Universidad Andres Bello, Chile",CHL,Universities
646,Kuzbass State Technical University,RUS,Universities
647,Hanoi University of Mining and Geology,VNM,Universities
648,University of Lucknow,IND,Universities
649,Perm State University,RUS,Universities
649,Technische Universitat Clausthal,DEU,Universities
650,University of Birjand,IRN,Universities
650,Centro Cientifico Tecnologico NOA Sur,ARG,Government
650,Northwest Normal University,CHN,Universities
651,Universidade Federal Rural do Rio de Janeiro,BRA,Universities
652,Shandong University of Technology,CHN,Universities
652,Universidad Nacional de Mar del Plata *,ARG,Universities
653,Pontificia Universidade Catolica do Rio de Janeiro,BRA,Universities
653,Zavaritsky Institute of Geology and Geochemistry Russian Academy of Sciences,RUS,Government
654,Peoples'Friendship University of Russia,RUS,Universities
655,Universite des Sciences et de la Technologie Houari Boumediene,DZA,Universities
656,Tribhuvan University *,NPL,Universities
657,Comissao Nacional de Energia Nuclear *,BRA,Government
658,University of the Ryukyus *,JPN,Universities
659,Azerbaijan National Academy of Sciences *,AZE,Government
660,Gansu Agricultural University,CHN,Universities
661,Irkutsk State Technical University,RUS,Universities
662,Lanzhou University of Technology,CHN,Universities
662,Karelian Research Center Russian Academy of Sciences,RUS,Government
663,Shijiazhuang Tiedao University,CHN,Universities
664,University of Ibadan,NGA,Universities
665,Universite de Douala,CMR,Universities
666,Xinyang Normal University,CHN,Universities
667,Lanzhou Jiaotong University,CHN,Universities
668,Ural State Mining University,RUS,Universities
669,Inner Mongolia Agricultural University,CHN,Universities
670,University of Oklahoma Health Sciences Center,USA,Universities
671,V.I. Il'ichev Pacific Oceanological Institute Russian Academy of Sciences,RUS,Government
672,University of Kirkuk,IRQ,Universities
673,Komi Scientific Center Russian Academy of Sciences,RUS,Government
674,Universite Sidi Mohamed Ben Abdellah *,MAR,Universities
674,Universidade do Estado de Minas Gerais,BRA,Universities
675,Qinghai University,CHN,Universities
676,Changjiang River Scientific Research Institute,CHN,Government
677,Xinjiang Agricultural University,CHN,Universities
678,Tver State Technical University,RUS,Universities
