Global Rank,Institution,Country,Sector
1,"Rutgers, The State University of New Jersey",USA,Universities
2,"University of Michigan, Ann Arbor *",USA,Universities
3,University of Toronto,CAN,Universities
4,City University of New York *,USA,Universities
5,Pennsylvania State University *,USA,Universities
6,"Northwestern University, Evanston *",USA,Universities
7,Harvard University *,USA,Universities
8,The University of British Columbia,CAN,Universities
9,Columbia University *,USA,Universities
10,University of Sydney,AUS,Universities
11,"University of Texas, Austin",USA,Universities
12,University of Washington *,USA,Universities
13,New York University *,USA,Universities
14,University of Melbourne *,AUS,Universities
15,University of Kentucky *,USA,Universities
16,Arizona State University,USA,Universities
17,"Monash University, Melbourne *",AUS,Universities
18,Michigan State University,USA,Universities
19,"University of California, Los Angeles *",USA,Universities
20,"University of Minnesota, Twin Cities *",USA,Universities
21,Brown University,USA,Universities
22,Indiana University-Bloomington,USA,Universities
23,"University of North Carolina, Chapel Hill *",USA,Universities
24,Johns Hopkins University *,USA,Universities
25,University of Pennsylvania *,USA,Universities
26,York University,CAN,Universities
27,University of Oxford,GBR,Universities
28,University of Southern California *,USA,Universities
29,"University of Tennessee, Knoxville *",USA,Universities
30,Yale University *,USA,Universities
31,University College London *,GBR,Universities
32,"Ohio State University, Columbus *",USA,Universities
33,University of Nottingham *,GBR,Universities
34,McGill University,CAN,Universities
35,City University London,GBR,Universities
36,"University of Wisconsin, Madison *",USA,Universities
37,University of Sussex *,GBR,Universities
38,University of Gothenburg,SWE,Universities
39,"University of Maryland, Baltimore",USA,Universities
40,"University of Nebraska, Lincoln",USA,Universities
41,University of New South Wales,AUS,Universities
42,University of Pittsburgh *,USA,Universities
43,University of Cambridge *,GBR,Universities
44,London School of Economics and Political Science,GBR,Universities
45,University of Oslo,NOR,Universities
46,University of Chicago *,USA,Universities
46,University of Amsterdam *,NLD,Universities
47,University of Auckland,NZL,Universities
48,Lancaster University,GBR,Universities
49,"University of California, San Francisco *",USA,Universities
50,University of Western Ontario,CAN,Universities
51,University of Oregon,USA,Universities
52,"University of Illinois, Chicago *",USA,Universities
53,"University of Massachusetts, Amherst",USA,Universities
54,Emory University *,USA,Universities
55,George Washington University *,USA,Universities
56,Veterans Affairs Medical Centers *,USA,Health
57,"University of California, Santa Barbara",USA,Universities
58,Stockholm University,SWE,Universities
59,University of Oklahoma *,USA,Universities
60,Utrecht University *,NLD,Universities
61,City University of New York Graduate Center,USA,Universities
62,Towson University,USA,Universities
63,"University of California, Berkeley *",USA,Universities
64,University of Leicester,GBR,Universities
65,The University of Manchester,GBR,Universities
66,"Northeastern University, USA",USA,Universities
67,University of Guelph,CAN,Universities
68,University of Utah *,USA,Universities
69,Kings College London,GBR,Universities
70,University of Kansas *,USA,Universities
71,"University of Connecticut, Storrs *",USA,Universities
71,University of Warwick,GBR,Universities
72,Universidade de Sao Paulo *,BRA,Universities
73,Brigham Young University,USA,Universities
74,Macquarie University *,AUS,Universities
75,Virginia Commonwealth University *,USA,Universities
76,Stanford University *,USA,Universities
77,"University of Massachusetts, Boston",USA,Universities
78,Tel Aviv University,ISR,Universities
79,Georgia State University,USA,Universities
80,Lunds University,SWE,Universities
81,Deakin University *,AUS,Universities
82,University of Ottawa,CAN,Universities
83,Boston University *,USA,Universities
84,Dalhousie University,CAN,Universities
85,University of Arizona *,USA,Universities
86,University of Georgia,USA,Universities
87,Northwestern Medicine,USA,Health
88,Harvard Medical School,USA,Universities
89,La Trobe University *,AUS,Universities
90,University of Illinois at Urbana-Champaign *,USA,Universities
91,Duke University *,USA,Universities
92,"University of California, San Diego *",USA,Universities
93,University of South Florida System *,USA,Universities
94,The University of Queensland *,AUS,Universities
95,Columbia University Irving Medical Center,USA,Health
96,Catholic University of Leuven,BEL,Universities
97,McMaster University,CAN,Universities
98,Universidade Estadual de Campinas,BRA,Universities
99,"Newcastle University, Newcastle upon Tyne",GBR,Universities
100,Universita degli Studi di Torino,ITA,Universities
101,University of Cincinnati *,USA,Universities
102,University of Helsinki,FIN,Universities
102,Universidade Federal de Santa Catarina,BRA,Universities
103,Fenway Institute,USA,Health
104,"University of California, Irvine *",USA,Universities
105,The University of Kent,GBR,Universities
106,University of Leeds,GBR,Universities
107,Washington University in Saint Louis *,USA,Universities
108,University of South Florida,USA,Universities
109,"Texas A&M University, College Station *",USA,Universities
110,The University of Hong Kong *,HKG,Universities
111,University of Florida *,USA,Universities
112,University of Alberta,CAN,Universities
113,The University of Sheffield,GBR,Universities
114,Cardiff University,GBR,Universities
115,Ghent University,BEL,Universities
116,University of Virginia *,USA,Universities
117,San Diego State University,USA,Universities
118,The Open University,GBR,Universities
119,Leeds Beckett University,GBR,Universities
120,The University of Edinburgh *,GBR,Universities
121,"Queen Mary, University of London",GBR,Universities
122,Universidad Complutense de Madrid *,ESP,Universities
123,Northumbria University,GBR,Universities
124,North Carolina State University,USA,Universities
125,Children's Hospital Boston  *,USA,Health
126,"University of Maryland, College Park *",USA,Universities
127,Radboud University Nijmegen,NLD,Universities
128,Uppsala University,SWE,Universities
129,San Francisco State University,USA,Universities
130,Vrije Universiteit Amsterdam *,NLD,Universities
130,Flinders University,AUS,Universities
131,West Virginia University *,USA,Universities
131,Universitat de Barcelona *,ESP,Universities
132,Universite de Montreal,CAN,Universities
133,University of Calgary,CAN,Universities
134,University of Bristol,GBR,Universities
135,Simon Fraser University,CAN,Universities
136,Clark University,USA,Universities
137,Yale University Health & Medicine,USA,Health
138,Purdue University,USA,Universities
139,Universitat Wien,AUT,Universities
140,University of Birmingham,GBR,Universities
141,University of Essex,GBR,Universities
142,Ryerson University,CAN,Universities
143,University of Nevada-Las Vegas,USA,Universities
144,Florida International University,USA,Universities
145,Bar-Ilan University,ISR,Universities
146,Australian National University,AUS,Universities
147,University of East Anglia *,GBR,Universities
148,Carleton University,CAN,Universities
149,Universite du Quebec en Quebec *,CAN,Universities
150,Tulane University *,USA,Universities
151,University of York,GBR,Universities
152,Aarhus University *,DNK,Universities
153,Universidade Federal do Rio de Janeiro,BRA,Universities
154,Linkoping University,SWE,Universities
155,University of Waikato,NZL,Universities
156,"University of Alabama, Tuscaloosa",USA,Universities
157,Victoria University of Wellington,NZL,Universities
158,University of Delaware,USA,Universities
159,University of Exeter,GBR,Universities
160,"University of Technology, Sydney",AUS,Universities
161,Kansas State University,USA,Universities
162,University of Cape Town,ZAF,Universities
163,University of South Carolina *,USA,Universities
164,"University of Missouri, Columbia *",USA,Universities
165,University of Denver,USA,Universities
166,Universita degli Studi di Padova,ITA,Universities
167,Universidade do Porto *,PRT,Universities
168,Polish Academy of Sciences *,POL,Government
169,University of Groningen *,NLD,Universities
170,Universidad de Buenos Aires *,ARG,Universities
171,ISCTE Instituto Universitario de Lisboa,PRT,Universities
172,"University of the Witwatersrand, Johannesburg",ZAF,Universities
173,De Montfort University,GBR,Universities
173,University of Turku,FIN,Universities
174,"University of Texas, Arlington",USA,Universities
175,Universite du Quebec en Montreal,CAN,Universities
176,Royal Melbourne Institute of Technology *,AUS,Universities
177,Universidade Federal do Rio Grande do Sul,BRA,Universities
177,Texas Tech University,USA,Universities
178,Virginia Polytechnic Institute and State University,USA,Universities
179,Universidad del Pais Vasco *,ESP,Universities
180,Universitat de Valencia *,ESP,Universities
181,University of South Africa,ZAF,Universities
182,Consejo Nacional de Investigaciones Cientificas y Tecnicas *,ARG,Government
182,University of New Mexico *,USA,Universities
183,University of Waterloo,CAN,Universities
184,"State University of New York, Albany",USA,Universities
185,University of Central Florida,USA,Universities
186,"University of Hawaii, Manoa *",USA,Universities
187,Universidade Federal de Minas Gerais,BRA,Universities
188,"Oklahoma State University, Stillwater",USA,Universities
189,University of Iowa *,USA,Universities
190,"University of California, Davis *",USA,Universities
191,Massey University,NZL,Universities
192,Universidade de Coimbra *,PRT,Universities
193,Georgetown University *,USA,Universities
194,University of Haifa,ISR,Universities
195,Portland State University,USA,Universities
196,The Chinese University of Hong Kong *,HKG,Universities
197,Rice University,USA,Universities
198,Iowa State University,USA,Universities
199,Universite de Lausanne,CHE,Universities
200,Universidad de Salamanca *,ESP,Universities
201,Ball State University,USA,Universities
202,Utah State University *,USA,Universities
203,Sam Houston State University,USA,Universities
204,Hebrew University of Jerusalem,ISR,Universities
205,University of Warsaw,POL,Universities
206,University of North Texas,USA,Universities
207,Montclair State University,USA,Universities
208,"California State University, Long Beach",USA,Universities
209,Universidade Estadual Paulista Julio de Mesquita Filho,BRA,Universities
210,Jagiellonian University,POL,Universities
211,University of Otago,NZL,Universities
212,Lehigh University,USA,Universities
213,University of Memphis,USA,Universities
214,Oakland University,USA,Universities
215,James Madison University,USA,Universities
