Global Rank,Institution,Country,Sector
1,Harvard University *,USA,Universities
2,Moorfields Eye Hospital NHS Trust,GBR,Health
3,Harvard Medical School,USA,Universities
4,Johns Hopkins University *,USA,Universities
5,Johns Hopkins Medicine,USA,Health
6,"University of California, Los Angeles *",USA,Universities
7,University of Miami *,USA,Universities
8,University of Miami Health System,USA,Health
9,Singapore National Eye Centre *,SGP,Health
10,Singapore Eye Research Institute,SGP,Health
11,National Institutes of Health,USA,Health
12,L. V. Prasad Eye Institute,IND,Health
13,National University of Singapore *,SGP,Universities
14,University College London *,GBR,Universities
15,UCLA Health System,USA,Health
16,Duke University *,USA,Universities
17,Stanford University *,USA,Universities
18,University of Sydney,AUS,Universities
19,Sun Yat-Sen University *,CHN,Universities
19,University of Melbourne *,AUS,Universities
20,Massachusetts Eye and Ear Infirmary ,USA,Health
21,Veterans Affairs Medical Centers *,USA,Health
22,University of New South Wales,AUS,Universities
23,"University of California, San Francisco *",USA,Universities
24,"University of Illinois, Chicago *",USA,Universities
25,U.S. Department of Health & Human Services *,USA,Health
26,Institut National de la Sante et de la Recherche Medicale *,FRA,Health
27,University of Southern California *,USA,Universities
28,All India Institute of Medical Sciences,IND,Universities
29,University of Pennsylvania *,USA,Universities
30,Columbia University *,USA,Universities
31,Cleveland Clinic *,USA,Health
32,"University of California, San Diego *",USA,Universities
33,New York University *,USA,Universities
34,Oregon Health & Science University *,USA,Universities
35,"University of Michigan, Ann Arbor *",USA,Universities
36,Capital University of Medical Sciences,CHN,Universities
37,"University of Alabama, Birmingham *",USA,Universities
38,Mayo Clinic *,USA,Health
39,Royal Victorian Eye and Ear Hospital ,AUS,Health
40,Centre National de la Recherche Scientifique *,FRA,Government
41,University of Toronto,CAN,Universities
42,University of Iowa *,USA,Universities
43,University of Utah *,USA,Universities
44,Centre for Eye Research Australia,AUS,Health
45,Columbia University Irving Medical Center,USA,Health
46,University of Washington *,USA,Universities
47,University of Auckland,NZL,Universities
48,Universidade Federal de Sao Paulo *,BRA,Universities
49,Consejo Superior de Investigaciones Cientificas *,ESP,Government
50,National Eye Institute,USA,Health
51,Shanghai Jiao Tong University *,CHN,Universities
52,Samsung Corp *,MUL,Companies
53,Tel Aviv University,ISR,Universities
54,"Northwestern University, Evanston *",USA,Universities
55,United Christian Hospital,HKG,Health
56,NYU Langone Medical Center,USA,Health
57,University of Utah Health Care,USA,Health
58,Doheny Eye Institute,USA,Health
59,Cornell University *,USA,Universities
60,Sorbonne Universite *,FRA,Universities
61,University of Pennsylvania Health System,USA,Health
62,Fudan University *,CHN,Universities
63,University of Southern California Health Sciences Campus,USA,Health
64,Chinese Academy of Sciences *,CHN,Government
65,University of Michigan Health System,USA,Health
66,Tufts University,USA,Universities
67,Assistance Publique Hopitaux de Paris *,FRA,Health
68,Seoul National University *,KOR,Universities
69,University of Oxford,GBR,Universities
70,Stanford Medicine,USA,Health
71,"University of Wisconsin, Madison *",USA,Universities
72,Medizinische Universitat Wien,AUT,Universities
73,Queensland University of Technology,AUS,Universities
74,Duke Medicine,USA,Health
75,Keio University *,JPN,Universities
76,Fondazione IRCCS San Raffaele del Monte Tabor,ITA,Health
77,Thomas Jefferson University *,USA,Universities
78,"University of California, Berkeley *",USA,Universities
79,Mount Sinai Health System *,USA,Health
80,"University of California, Davis *",USA,Universities
81,Tan Tock Seng Hospital,SGP,Health
82,"Ohio State University, Columbus *",USA,Universities
83,Rheinische Friedrich-Wilhelms-Universitat Bonn *,DEU,Universities
84,Indiana University-Bloomington,USA,Universities
85,Universita Vita-Salute San Raffaele,ITA,Universities
86,Queen's University Belfast,GBR,Universities
87,Baylor College of Medicine,USA,Universities
88,Tehran University of Medical Sciences *,IRN,Universities
89,The Chinese University of Hong Kong *,HKG,Universities
90,Zhejiang University *,CHN,Universities
91,University of Pittsburgh *,USA,Universities
92,University of Iowa Health Care,USA,Health
93,Northwestern Medicine,USA,Health
94,Emory University *,USA,Universities
95,Allergan plc *,MUL,Companies
96,Eberhard-Karls-Universitat Tubingen,DEU,Universities
97,Copenhagen University Hospital,DNK,Health
98,Weill Cornell Medicine,USA,Universities
99,Aston University,GBR,Universities
100,Washington University in Saint Louis *,USA,Universities
101,Brigham and Women's Hospital,USA,Health
102,University of Waterloo,CAN,Universities
103,University of Copenhagen,DNK,Universities
104,Central South University *,CHN,Universities
105,Tianjin Medical University *,CHN,Universities
106,Tufts Medical Center,USA,Health
107,Yonsei University *,KOR,Universities
108,Max Planck Gesellschaft *,DEU,Government
109,Shahid Beheshti University of Medical Sciences and Health Services *,IRN,Universities
110,"University of Minnesota, Twin Cities *",USA,Universities
111,Miami VA Healthcare System,USA,Health
112,Case Western Reserve University,USA,Universities
113,Erasmus University Rotterdam *,NLD,Universities
114,Catholic University of Korea *,KOR,Universities
115,Peking University *,CHN,Universities
116,Massachusetts Institute of Technology *,USA,Universities
117,Erasmus Medical Center,NLD,Health
118,Radboud University Nijmegen Medical Centre,NLD,Health
119,Universitat Bern,CHE,Universities
120,Tianjin Eye Hospital,CHN,Health
121,Universidade de Sao Paulo *,BRA,Universities
122,University Hospital of Bern,CHE,Health
123,UC Davis Health System,USA,Health
124,University of Tokyo *,JPN,Universities
125,Manchester University NHS Foundation Trust,GBR,Health
126,King Saud University *,SAU,Universities
127,University of Houston,USA,Universities
128,University of North Texas Health Science Center,USA,Health
129,University of Washington Medicine ,USA,Health
130,Universitat Heidelberg,DEU,Universities
131,"University of Colorado, Denver *",USA,Universities
132,Universidad Miguel Hernandez *,ESP,Universities
133,Wenzhou Medical University *,CHN,Universities
133,Vanderbilt University *,USA,Universities
134,University of Rochester *,USA,Universities
135,Universidad de Oviedo *,ESP,Universities
136,University Hospitals Bristol NHS Foundation Trust,GBR,Health
137,Novartis *,MUL,Companies
138,The University of Manchester,GBR,Universities
138,"University of California, Irvine *",USA,Universities
139,Boston University *,USA,Universities
140,Memorial Sloan-Kettering Cancer Center,USA,Health
141,Yale University *,USA,Universities
142,University of Florida *,USA,Universities
143,Farabi Hospital,IRN,Health
143,"Hoffmann-La Roche Ltd, Switzerland",CHE,Companies
144,Washington University Medical Center ,USA,Health
145,Tokyo Medical and Dental University,JPN,Universities
146,F Hoffmann-La Roche *,MUL,Companies
147,Yonsei University Health System,KOR,Health
148,New York Eye and Ear Infirmary,USA,Health
149,Universitat Regensburg *,DEU,Universities
150,Chonnam National University,KOR,Universities
151,Universitat zu Koln,DEU,Universities
152,Kyoto University *,JPN,Universities
153,Universidad Complutense de Madrid *,ESP,Universities
154,Instituto de Salud Carlos III *,ESP,Health
155,University of Louisville *,USA,Universities
156,The University of Western Australia,AUS,Universities
157,Institut de la Vision,FRA,Government
157,Ministry of Health,CHN,Health
158,Universite de Bordeaux *,FRA,Universities
158,University of Canberra,AUS,Universities
159,Children's Hospital of Philadelphia,USA,Health
160,Woodruff Health Sciences Center,USA,Health
161,Clalit Health Services *,ISR,Health
162,"Eye, Ear, Nose and Throat Hospital Fudan University",CHN,Health
163,Chinese Academy of Medical Sciences and Peking Union Medical College *,CHN,Universities
164,Ludwig-Maximilians Universitat Munchen *,DEU,Universities
165,South Eastern Sydney Local Health District *,AUS,Health
166,Universita degli Studi di Padova,ITA,Universities
167,University of Liverpool *,GBR,Universities
168,Second Xiangya Hospital Affiliated to Central South University,CHN,Health
169,Huazhong University of Science and Technology *,CHN,Universities
170,Jinan University *,CHN,Universities
171,McGill University,CAN,Universities
172,Universite de Paris *,FRA,Universities
173,Children's Hospital Boston  *,USA,Health
174,Osaka University *,JPN,Universities
175,Universidad de Murcia *,ESP,Universities
176,Shandong Academy of Medical Sciences *,CHN,Health
176,Centre de Recherche Bordeaux Population Health,FRA,Government
177,University of Cambridge *,GBR,Universities
178,Xi'an Jiaotong University *,CHN,Universities
179,Universitat Basel,CHE,Universities
180,Boston University Medical Campus ,USA,Health
181,Universita degli Studi di Milano,ITA,Universities
182,Westfalische Wilhelms-Universitat Munster *,DEU,Universities
183,Peking University Health Science Center,CHN,Universities
184,"Chang Gung Memorial Hospital, Taipei *",TWN,Health
185,Seoul National University Hospital *,KOR,Health
186,Johnson & Johnson *,MUL,Companies
187,"Rutgers, The State University of New Jersey",USA,Universities
187,Oxford University Hospitals NHS Trust,GBR,Health
188,Cairo University *,EGY,Universities
189,King Khaled Eye Specialist Hospital,SAU,Health
190,"University of Colorado, Anschutz Medical Campus",USA,Universities
190,Chonnam National University Hospital,KOR,Health
190,University of Nottingham *,GBR,Universities
190,Icahn School of Medicine at Mount Sinai,USA,Universities
191,University Hospital Maastricht,NLD,Health
192,Leiden University *,NLD,Universities
193,London School of Hygiene and Tropical Medicine,GBR,Universities
194,"Johnson & Johnson, United States",USA,Companies
195,Indiana University-Purdue University Indianapolis,USA,Universities
196,Tel Aviv Sourasky Medical Center,ISR,Health
197,Wuhan Union Hospital,CHN,Health
198,National University Health System *,SGP,Health
199,Seoul National University Bundang Hospital,KOR,Health
199,Leiden University Medical Center,NLD,Health
200,Medizinische Universitat Graz *,AUT,Universities
201,Flinders University,AUS,Universities
202,Massachusetts General Hospital,USA,Health
203,Universidad de Zaragoza *,ESP,Universities
204,Belfast Health and Social Care Trust,GBR,Health
205,The University of Hong Kong *,HKG,Universities
206,Catholic University of Leuven,BEL,Universities
207,University of Helsinki,FIN,Universities
208,Kings College London,GBR,Universities
209,"Centro de Investigacion Biomedica en Red en Bioingenieria, Biomateriales y Nanomedicina",ESP,Health
209,"University of North Carolina, Chapel Hill *",USA,Universities
210,Centro Hospitalar e Universitario de Coimbra,PRT,Health
211,Universidad de Valladolid *,ESP,Universities
212,The University of British Columbia,CAN,Universities
213,Yale University Health & Medicine,USA,Health
214,Chang Gung University,TWN,Universities
215,Johannes Kepler Universitat Linz,AUT,Universities
215,University of KwaZulu-Natal *,ZAF,Universities
215,Helsinki University Central Hospital,FIN,Health
216,Friedrich-Alexander-Universitat Erlangen-Nurnberg *,DEU,Universities
216,University of Pittsburgh Health Sciences,USA,Universities
217,University of Birmingham,GBR,Universities
218,Universite de Lausanne,CHE,Universities
218,Swiss Federal Institute of Technology,CHE,Universities
219,Guys & Saint Thomas NHS Foundation Trust,GBR,Health
220,The Second Affiliated Hospital of Zhejiang University,CHN,Health
221,"Newcastle University, Newcastle upon Tyne",GBR,Universities
222,Universidade de Coimbra *,PRT,Universities
223,Universita degli Studi di Catania,ITA,Universities
223,Vanderbilt University Medical Center,USA,Health
223,"Hoffmann-La Roche Ltd, United States",USA,Companies
224,Houston Methodist,USA,Health
225,University of Tasmania,AUS,Universities
226,Shantou University Medical College,CHN,Universities
227,Ministry of Education of the People's Republic of China,CHN,Government
228,"University of Missouri, Columbia *",USA,Universities
229,Jilin University *,CHN,Universities
230,Universita degli Studi Gabriele d'Annunzio di Chieti e Pescara,ITA,Universities
231,The University of Adelaide,AUS,Universities
231,Konyang University *,KOR,Universities
232,University of Texas M.D. Anderson Cancer Center ,USA,Health
233,Samsung Medical Center Seoul,KOR,Health
234,University of Virginia *,USA,Universities
234,University of Arizona *,USA,Universities
235,Medical College of Wisconsin,USA,Universities
235,Asan Medical Center Seoul *,KOR,Health
236,VA Palo Alto Health Care System,USA,Health
237,"University of Illinois, College of Medicine at Chicago",USA,Health
238,Ospedale Luigi Sacco,ITA,Health
239,ZEISS Group *,MUL,Companies
239,Anglia Ruskin University,GBR,Universities
239,Joslin Diabetes Center,USA,Health
240,Chung-Ang University *,KOR,Universities
241,University of Amsterdam *,NLD,Universities
242,University of Chicago *,USA,Universities
243,Heinrich Heine Universitat Dusseldorf  *,DEU,Universities
244,National Taiwan University,TWN,Universities
245,Brown University,USA,Universities
246,Justus-Liebig-Universitat Giessen *,DEU,Universities
247,Universite de Montreal,CAN,Universities
247,Genentech Inc,USA,Companies
248,The University of Queensland *,AUS,Universities
249,Pennsylvania State University *,USA,Universities
249,Universita degli Studi di Roma La Sapienza,ITA,Universities
250,University of Cincinnati *,USA,Universities
250,City University London,GBR,Universities
251,The Leeds Teaching Hospitals NHS Trust,GBR,Health
251,The First Affiliated Hospital of Zhejiang University,CHN,Health
251,Zagazig University *,EGY,Universities
252,University of Ulsan *,KOR,Universities
253,University Hospital Southampton NHS Foundation Trust,GBR,Health
254,University of Alberta,CAN,Universities
255,Yamaguchi University *,JPN,Universities
256,Humanitas University *,ITA,Universities
257,The Royal Liverpool and Broadgreen University Hospitals NHS Trust,GBR,Health
258,National Taiwan University Hospital,TWN,Health
258,Semmelweis University,HUN,Universities
259,Cardiff University,GBR,Universities
260,Utrecht University *,NLD,Universities
260,Helmholtz Gemeinschaft *,DEU,Government
261,Istanbul University *,TUR,Universities
262,University Hospital Antwerp,BEL,Health
263,Universita degli Studi di Firenze,ITA,Universities
264,Instituto Tecnologico y de Estudios Superiores de Monterrey,MEX,Universities
264,University of Rochester Medical Center,USA,Health
265,New York Presbyterian Hospital,USA,Health
266,Newcastle upon Tyne Hospitals NHS Foundation Trust,GBR,Health
267,Istituto Clinico Humanitas,ITA,Health
267,Nanyang Technological University *,SGP,Universities
268,Gyeongsang National University Hospital,KOR,Health
269,University of Southampton,GBR,Universities
270,University of Texas Southwestern Medical Center ,USA,Universities
271,Chongqing Medical University *,CHN,Universities
272,Universidad Nacional Autonoma de Mexico,MEX,Universities
272,University of Wisconsin Health,USA,Health
273,University Hospitals Birmingham NHS Foundation Trust,GBR,Health
274,Alexandria University *,EGY,Universities
275,Universitat d'Alacant *,ESP,Universities
275,Iran University of Medical Sciences *,IRN,Universities
275,Glasgow Caledonian University,GBR,Universities
276,Kyoto Prefectural University of Medicine,JPN,Universities
277,Changhua Christian Hospital,TWN,Health
278,Shandong University *,CHN,Universities
279,Inje University *,KOR,Universities
280,University of Oklahoma *,USA,Universities
280,City Hospitals Sunderland NHS Foundation Trust,GBR,Health
281,University of Antwerp,BEL,Universities
282,Oslo University Hospital,NOR,Health
283,Mater Misericordiae University Hospital,IRL,Health
284,Hospital Universitario Miguel Servet,ESP,Health
285,Alfred Health,AUS,Health
286,University of Bristol,GBR,Universities
287,Seoul St. Mary's Hospital,KOR,Health
288,Georgia Institute of Technology *,USA,Universities
288,"Monash University, Melbourne *",AUS,Universities
288,Universitatsklinikum Freiburg,DEU,Health
289,Hokkaido University *,JPN,Universities
289,Hospital for Sick Children,CAN,Health
290,Universidad de Buenos Aires *,ARG,Universities
291,Shanghai Jiao Tong University Affiliated First People's Hospital,CHN,Health
291,Sichuan University *,CHN,Universities
292,University of Nebraska Medical Center,USA,Universities
292,Sheba Medical Center,ISR,Health
293,University of Pittsburgh Medical Center ,USA,Health
294,University of Tennessee Health Science Center,USA,Health
295,Karolinska Institute,SWE,Universities
296,Nagoya City University *,JPN,Universities
297,Qingdao University *,CHN,Universities
298,The University of Edinburgh *,GBR,Universities
299,Universidade de Lisboa,PRT,Universities
300,Vrije Universiteit Amsterdam *,NLD,Universities
301,Consiglio Nazionale delle Ricerche *,ITA,Government
302,Peking Union Medical College Hospital Beijing,CHN,Health
303,Hopitaux Universitaires de Strasbourg,FRA,Health
304,"University of Texas, Austin",USA,Universities
304,Medical Research Council,GBR,Health
305,Johannes Gutenberg-Universitat Mainz *,DEU,Universities
305,Universite Cote d’Azur *,FRA,Universities
305,Mashhad University of Medical Sciences,IRN,Universities
306,University of Athens,GRC,Universities
306,Hallym University *,KOR,Universities
306,Tongji University *,CHN,Universities
307,Centre de Recherche des Cordeliers,FRA,Government
308,Tohoku University *,JPN,Universities
308,"University of Maryland, Baltimore",USA,Universities
309,Linkoping University,SWE,Universities
309,University Hospitals Leuven,BEL,Health
309,Kyushu University *,JPN,Universities
310,Complejo Universitario de San Carlos,ESP,Health
311,Universita degli Studi di Roma Tor Vergata,ITA,Universities
311,"China Medical University, Taichung *",TWN,Universities
312,University of Bergen,NOR,Universities
313,"Novartis, Switzerland",CHE,Companies
314,Universidade do Minho,PRT,Universities
314,Universita degli Studi di Napoli Federico II,ITA,Universities
315,Tokyo Dental College *,JPN,Universities
315,National Hospital Organization Tokyo Medical Center,JPN,Health
316,Chung-Ang University Hospital,KOR,Health
317,Hospital Clinico Universitario Lozano Blesa,ESP,Health
317,King Faisal University,SAU,Universities
318,Korea University *,KOR,Universities
318,Prince of Wales Hospital,HKG,Health
319,University of Leicester,GBR,Universities
320,Manchester Academic Health Science Centre,GBR,Health
320,Albert-Ludwigs-Universitat Freiburg im Breisgau,DEU,Universities
321,Indian Council of Medical Research *,IND,Health
321,Sungkyunkwan University,KOR,Universities
322,Azienda Ospedaliero Universitaria Policlinico Sant'Orsola Malpighi,ITA,Health
323,Universitat de Valencia *,ESP,Universities
324,Chiba University *,JPN,Universities
325,Children's Hospital Los Angeles ,USA,Health
325,Sunnybrook Health Sciences Centre,CAN,Health
326,Universitat Zurich,CHE,Universities
326,Centre Hospitalier Universitaire de Bordeaux,FRA,Health
327,University of Oklahoma Health Sciences Center,USA,Universities
328,Universitat des Saarlandes *,DEU,Universities
328,Hallym University Medical Center,KOR,Health
329,Universidade Nova de Lisboa,PRT,Universities
329,University of Health Sciences,TUR,Universities
330,Universita degli Studi di Genova,ITA,Universities
331,Wayne State University,USA,Universities
332,First Affiliated Hospital of Xi'an Jiaotong University,CHN,Health
333,Arizona Health Sciences Center University of Arizona Tucson,USA,Health
333,"Northeastern University, USA",USA,Universities
334,Kagoshima University *,JPN,Universities
334,Rush University Medical Center,USA,Health
334, Centre Hospitalier de l'Universite de Montreal,CAN,Health
335,University of Durham,GBR,Universities
335,Universidade Federal de Goias,BRA,Universities
335,University of Crete,GRC,Universities
336,University of St. Andrews,GBR,Universities
337,Rabin Medical Center,ISR,Health
338,Charite - Universitatsmedizin Berlin *,DEU,Health
339,U.S. Army *,USA,Government
339,Yonsei University Severance Hospital,KOR,Health
340,Imperial College London,GBR,Universities
341,University of Ulster,GBR,Universities
341,Cambridge University Hospitals NHS Foundation Trust,GBR,Health
341,Friedrich-Schiller-Universitat Jena *,DEU,Universities
341,"Texas A&M University, Health Science Center",USA,Universities
341,St Michaels Hospital Toronto,CAN,Health
342,Universita degli Studi di Pisa,ITA,Universities
343,Aristotle University of Thessaloniki,GRC,Universities
344,Universitatsklinikum Jena,DEU,Health
345,Sandwell and West Birmingham Hospitals NHS Trust,GBR,Health
345,Universita degli Studi di Messina,ITA,Universities
346,Gyeongsang National University *,KOR,Universities
347,"University of Texas, Health Science Center at Houston",USA,Universities
348,University Medical Center Utrecht,NLD,Health
348,Great Ormond Street Hospital for Children NHS Trust,GBR,Health
349,National Yang-Ming University,TWN,Universities
349,Nagoya University *,JPN,Universities
349,Ecole Polytechnique Federale de Lausanne,CHE,Universities
350,West Virginia University *,USA,Universities
350,Marmara University *,TUR,Universities
350,"Shenzhen Peoples Hospital, 2nd Clinical Medical College of Jinan University",CHN,Health
350,Medical University of South Carolina *,USA,Universities
351,Universita degli Studi di Siena,ITA,Universities
351,Chung Shan Medical University,TWN,Universities
352,Universite de Strasbourg *,FRA,Universities
352,"Chang Gung Memorial Hospital, Taoyuan",TWN,Health
353,University Health Network *,CAN,Health
353,Universitatsklinikum Koln,DEU,Health
353,Kings College Hospital NHS Foundation Trust,GBR,Health
354,Army Medical University *,CHN,Universities
354,Universite Paris-Est Creteil *,FRA,Universities
354,Selcuk University *,TUR,Universities
355,University of Groningen *,NLD,Universities
355,Universidad de Castilla-La Mancha *,ESP,Universities
355,Universita degli Studi di Torino,ITA,Universities
356,Nottingham University Hospitals NHS Trust,GBR,Health
356,University of Western Ontario,CAN,Universities
356,Australian National University,AUS,Universities
357,"Kaiser Permanente, Oakland *",USA,Health
357,Universitat Hamburg *,DEU,Universities
358,Universidade do Porto *,PRT,Universities
358,Xiamen University *,CHN,Universities
359,Rush University *,USA,Universities
360,Universite de Versailles Saint Quentin en Yvelines *,FRA,Universities
360,Istanbul Medeniyet University,TUR,Universities
360,Penn State Milton S. Hershey Medical Center,USA,Health
361,Hong Kong Polytechnic University,HKG,Universities
362,First Affiliated Hospital of Chongqing Medical University,CHN,Health
363,Universitatsklinikum Bonn,DEU,Health
363,George Washington University *,USA,Universities
363,Aarhus University *,DNK,Universities
364,SUNY Downstate Medical Center,USA,Universities
365,Kaohsiung Medical University,TWN,Universities
365,Academisch Medisch Centrum,NLD,Health
366,Shanghai Ninth People's Hospital,CHN,Health
367,Fu Jen Catholic University,TWN,Universities
368,Universitat Stuttgart,DEU,Universities
369,Kindai University *,JPN,Universities
369,Lunds University,SWE,Universities
370,Universitatsklinikum des Saarlandes,DEU,Health
370,Shantou University *,CHN,Universities
370,Maastricht University,NLD,Universities
371,Kyung Hee University *,KOR,Universities
371,Hanyang University *,KOR,Universities
371,Hospital Santa Maria,PRT,Health
371,Universitatsklinikum Dusseldorf,DEU,Health
372,University of Oslo,NOR,Universities
372,Universitatsklinikum Regensburg,DEU,Health
372,Renmin Hospital of Wuhan University,CHN,Health
373,Asahikawa Medical University,JPN,Universities
374,Buddhist Tzu Chi General Hospital,TWN,Health
375,Inje University Haeundae-Paik Hospital,KOR,Health
376,Universitatsmedizin der Johannes Gutenberg-Universitat Mainz,DEU,Health
377,University of Arkansas for Medical Sciences,USA,Universities
378,West China Hospital,CHN,Health
378,University of Ottawa,CAN,Universities
379,Hospital de Clinicas Jose de San Martin,ARG,Health
379,Dalhousie University,CAN,Universities
379,"AgroSup Dijon, Institut National Superieur des Sciences Agronomiques, de l'Alimentation et de l'Environnement *",FRA,Universities
380,Ankara University,TUR,Universities
380,Centro Hospitalar de Lisboa Norte *,PRT,Health
381,King Chulalongkorn Memorial Hospital,THA,Health
381,Centro Hospitalar de Sao Joao,PRT,Health
381,Centre des Sciences du Gout et de l'Alimentation,FRA,Government
381,Technion - Israel Institute of Technology *,ISR,Universities
381,Centre Hospitalier Universitaire de Grenoble,FRA,Health
382,Universitat Leipzig *,DEU,Universities
383,University of Calgary,CAN,Universities
383,"Institut National de Recherche pour l'Agriculture, l'Alimentation et l'Environnement *",FRA,Government
384,Taipei Veterans General Hospital,TWN,Health
384,Universite de Bourgogne *,FRA,Universities
384,Auckland District Health Board *,NZL,Health
385,Centre Hospitalier Universitaire Dijon,FRA,Health
386,Benha University *,EGY,Universities
387,Universitatsklinikum Hamburg Eppendorf,DEU,Health
388,University of Tsukuba *,JPN,Universities
389,University of Bradford,GBR,Universities
390,Nanjing Medical University *,CHN,Universities
390,Skane University Hospital,SWE,Health
390,University Medical Center Groningen,NLD,Health
391,Southern Medical University *,CHN,Universities
392,"Agency for Science, Technology and Research Singapore *",SGP,Government
393,Nantong University *,CHN,Universities
394,Air Force Medical University *,CHN,Universities
394,University of Sussex *,GBR,Universities
395,University of Warmia and Mazury,POL,Universities
395,Macquarie University *,AUS,Universities
396,Shiraz University of Medical Sciences *,IRN,Universities
396,University of South Florida System *,USA,Universities
396,University of South Florida,USA,Universities
397,Sir Charles Gairdner Hospital ,AUS,Health
398,Oakland University,USA,Universities
398,Cincinnati Children's Hospital Medical Center,USA,Health
398,The Affiliated Hospital of Qingdao University Medical College,CHN,Health
399,Wuhan Tongji Hospital,CHN,Health
400,The General Hospital of the People's Liberation Army,CHN,Health
401,Barts and the London NHS Trust,GBR,Health
402,Mansoura University *,EGY,Universities
403,Sheffield Teaching Hospitals NHS Trust,GBR,Health
404,University of Texas Medical Branch ,USA,Universities
404,Chulalongkorn University,THA,Universities
405,Hospital Universitario Ramon y Cajal *,ESP,Health
406,Odense University Hospital,DNK,Health
406,Technische Universitat Dresden,DEU,Universities
406,McMaster University,CAN,Universities
406,Aix-Marseille Universite *,FRA,Universities
407,Universita degli Studi di Bari,ITA,Universities
407,Tsinghua University *,CHN,Universities
408,Ahvaz Jundishapur University of Medical Sciences *,IRN,Universities
409,University of Cincinnati Medical Center,USA,Health
410,"State University of New York, Buffalo",USA,Universities
410,University of Delhi *,IND,Universities
411,Bahcesehir University *,TUR,Universities
412,UC San Diego Health System,USA,Health
412,Al-Azhar University *,EGY,Universities
413,University Hospitals of Cleveland  *,USA,Health
413,Kanazawa University *,JPN,Universities
413,Wake Forest University *,USA,Universities
413,Kitasato University *,JPN,Universities
414,"Soochow University, Suzhou *",CHN,Universities
415,Universitat Duisburg Essen *,DEU,Universities
415,VU University Medical Center,NLD,Health
416,Hacettepe University,TUR,Universities
416,Gazi University,TUR,Universities
416,Universidad de Navarra *,ESP,Universities
417,University of Cape Town,ZAF,Universities
418,Universitatsspital Basel,CHE,Health
419,Plymouth University,GBR,Universities
419,Queen's University,CAN,Universities
419,Aarhus University Hospital,DNK,Health
419,Tzu Chi University,TWN,Universities
419,Rambam Health Care Campus,ISR,Health
420,Hadassah University Medical Center *,ISR,Health
420,Augusta University *,USA,Universities
420,Montefiore Medical Center *,USA,Health
420,Shanghai Tenth People's Hospital,CHN,Health
421,State University of New York Upstate Medical University *,USA,Universities
421,Anhui Medical University *,CHN,Universities
421,Fondazione IRCCS Policlinico San Matteo ,ITA,Health
421,University of Massachusetts Medical School,USA,Universities
422,Universitatsklinikum Tubingen,DEU,Health
423,First Affiliated Southwest Hospital to Third Military Medical University,CHN,Health
423,Johann Wolfgang Goethe-Universitat Frankfurt am Main *,DEU,Universities
424,The Jikei University School of Medicine *,JPN,Universities
425,University College London Hospital NHS Trust,GBR,Health
426,Universidade Estadual Paulista Julio de Mesquita Filho,BRA,Universities
426,Hospices Civils de Lyon *,FRA,Health
426,Nihon University *,JPN,Universities
426,Tokyo Womens Medical University *,JPN,Universities
426,Universite Claude Bernard Lyon 1 *,FRA,Universities
427,Tokyo Medical University *,JPN,Universities
427,Rheinisch-Westfalische Technische Hochschule Aachen,DEU,Universities
428,"Southeast University, Nanjing *",CHN,Universities
429,"Saint Louis University, Saint Louis *",USA,Universities
429,Umea University *,SWE,Universities
429,Maulana Azad Medical College,IND,Health
429,Affiliated Hospital of Nantong University,CHN,Health
430,Cukurova University,TUR,Universities
430,Kyungpook National University *,KOR,Universities
430,Ghent University Hospital,BEL,Health
431,"University of California, Irvine Healthcare",USA,Health
431,Center for Disease Control and Prevention China,CHN,Health
431,Royal Adelaide Hospital ,AUS,Health
431,"Nova Southeastern University, Estados Unidos",USA,Universities
432,Juntendo University *,JPN,Universities
433,Philipps-Universitat Marburg *,DEU,Universities
433,Polish Academy of Sciences *,POL,Government
433,Royal North Shore Hospital,AUS,Health
434,Universidade Federal de Minas Gerais,BRA,Universities
435,St Vincent's Hospital Melbourne,AUS,Health
436,Second Clinical Hospital of Jilin University,CHN,Health
437,"State University of New York, Stony Brook *",USA,Universities
438,Universita degli Studi di Ferrara,ITA,Universities
439,University of Southern Denmark,DNK,Universities
440,Universitatsspital Zurich,CHE,Health
440,Yeouido St Marys Hospital,KOR,Health
441,Prince of Wales Hospital ,AUS,Health
442,Hospital Clinico Universitario de Valladolid,ESP,Health
443,Nanchang University *,CHN,Universities
444,Brighton and Sussex University Hospitals NHS Trust,GBR,Health
445,Cleveland Clinic Abu Dhabi,ARE,Health
445,University of Glasgow *,GBR,Universities
446,Universidade Estadual de Campinas,BRA,Universities
447,University of Yamanashi *,JPN,Universities
448,Azienda Ospedaliera Careggi,ITA,Health
448,Medical University of Lublin,POL,Universities
448,Wuhan University *,CHN,Universities
449,Shamir Medical Center,ISR,Health
449,Medizinische Universitat Innsbruck *,AUT,Universities
450,Edith Wolfson Medical Center,ISR,Health
451,Jichi Medical University *,JPN,Universities
452,Albany Medical Center *,USA,Health
453,Royal Melbourne Hospital,AUS,Health
453,Universita degli Studi di Sassari,ITA,Universities
454,Institut National des Sciences Appliquees de Lyon *,FRA,Universities
454,American University of Beirut *,LBN,Universities
454,Universitatsklinikum Leipzig,DEU,Health
455,Zhengzhou University *,CHN,Universities
455,Universite Montpellier *,FRA,Universities
455,Universita degli Studi di Udine,ITA,Universities
456,Imperial College Healthcare NHS Trust,GBR,Health
456,Hospital Clinic i Provincial de Barcelona,ESP,Health
457,Medizinische Hochschule Hannover,DEU,Universities
458,Universitatsklinikum Erlangen,DEU,Health
459,First Affiliated Hospital of Dalian Medical University ,CHN,Health
459,L'Alma Mater Studiorum - Universita di Bologna,ITA,Universities
459,Ain Shams University *,EGY,Universities
460,Russian Academy of Sciences *,RUS,Government
461,Instituto de Investigacion Sanitaria del Hospital Clinico San Carlos,ESP,Health
462,University of Gothenburg,SWE,Universities
463,Meir Medical Center,ISR,Health
464,Albert Einstein College of Medicine,USA,Universities
465,Universita degli Studi di Verona,ITA,Universities
466,Third Affiliated Daping Hospital to Third Military Medical University,CHN,Health
467,"Materiaux, Ingenierie et Sciences",FRA,Government
467,University of Nevada-Reno,USA,Universities
468,Xinhua Hospital,CHN,Health
469,Linkou Chang Gung Memorial Hospital,TWN,Health
470,NHS Greater Glasgow and Clyde,GBR,Health
471,Mugla University,TUR,Universities
471,Radboud University Nijmegen,NLD,Universities
472,Universitatsklinikum Essen,DEU,Health
472,Flinders Medical Centre,AUS,Health
472,Hospital Clinico Universitario de Valencia,ESP,Health
473,Universite PSL *,FRA,Universities
473,Georgetown University *,USA,Universities
473,Pusan National University Hospital,KOR,Health
474,University of Brighton *,GBR,Universities
475,Fujian Medical University *,CHN,Universities
476,California Pacific Medical Center,USA,Health
477,Istanbul University Cerrahpasa *,TUR,Universities
478,Kobe University *,JPN,Universities
479,Florida International University,USA,Universities
480,Uppsala University,SWE,Universities
481,Chungnam National University,KOR,Universities
481,The University of Sheffield,GBR,Universities
482,Public Health Foundation of India *,IND,Health
482,Virginia Commonwealth University *,USA,Universities
482,University of Otago,NZL,Universities
482,McGill University Health Centre,CAN,Health
483,Toho University *,JPN,Universities
483,Yokohama City University *,JPN,Universities
484,Universita degli Studi Magna Graecia di Catanzaro,ITA,Universities
484,University of Ljubljana *,SVN,Universities
484,NHS Lothian,GBR,Health
485,Pusan National University,KOR,Universities
485,Julius-Maximilians-Universitat Wurzburg *,DEU,Universities
485,Universitatsklinikum Heidelberg,DEU,Health
486,University Hospitals Leicester NHS Trust,GBR,Health
486,Centre Hospitalier Universitaire de Montpellier *,FRA,Health
487,Universita Cattolica del Sacro Cuore,ITA,Universities
488,Harbin Medical University *,CHN,Universities
489,Instituto Ramon y Cajal de Investigacion Sanitaria,ESP,Health
490,Fundacion Jimenez Diaz,ESP,Health
491,Klinikum Ludwig Maximilians Universitat Munchen,DEU,Health
491,"China Medical University, Shenyang *",CHN,Universities
492,Okayama University *,JPN,Universities
492,Siriraj Hospital,THA,Health
492,Hebrew University of Jerusalem,ISR,Universities
492,York University,CAN,Universities
492,Hospital General Universitario de Valencia,ESP,Health
493,Tanta University,EGY,Universities
493,Seoul National University Boramae Hospital,KOR,Health
494,University of Dundee,GBR,Universities
495,Universita degli Studi di Brescia,ITA,Universities
495,Sohag University *,EGY,Universities
496,Mahidol University *,THA,Universities
497,Kyorin University *,JPN,Universities
498,Imam Abdulrahman Bin Faisal University *,SAU,Universities
499,First Affiliated Jiangsu Province Hospital with Nanjing Medical University,CHN,Health
500,Universitat de Barcelona *,ESP,Universities
500,Universita degli Studi del Molise,ITA,Universities
501,Temple University *,USA,Universities
501,Hiroshima University *,JPN,Universities
502,Steno Diabetes Center,DNK,Health
503,Hospital Universitari Vall d'Hebron,ESP,Health
504,Royal Free London NHS Foundation Trust,GBR,Health
505,Royal Perth Hospital ,AUS,Health
505,Universitat Autonoma de Barcelona *,ESP,Universities
506,Centro Hospitalar de Lisboa Central,PRT,Health
506,Universita degli Studi di Modena e Reggio Emilia,ITA,Universities
507,Zhongshan Hospital,CHN,Health
507,Ege University,TUR,Universities
508,Ramathibodi Hospital,THA,Health
509,Medical University of Silesia,POL,Universities
509,The Ottawa Hospital  *,CAN,Health
510,Osaka Medical College *,JPN,Universities
511,Chiang Mai University,THA,Universities
512,Toronto Western Hospital,CAN,Health
513,Aichi Medical University *,JPN,Universities
514,Baskent University *,TUR,Universities
515,University of Debrecen,HUN,Universities
515,Dalian Medical University *,CHN,Universities
515,Technische Universitat Munchen *,DEU,Universities
516,University of Kansas *,USA,Universities
516,Pomeranian Medical University,POL,Universities
517,Nippon Medical School *,JPN,Universities
517,Universitatsklinikum Munster,DEU,Health
518,Hospital Universitario Principe de Asturias,ESP,Health
518,Universitat zu Lubeck,DEU,Universities
518,The First Affiliated Hospital of Fujian Medical University,CHN,Health
519,Institut d'Investigacions Biomediques August Pi i Sunyer,ESP,Health
519,Shinshu University *,JPN,Universities
520,Universita degli Studi di Salerno,ITA,Universities
520,Sahlgrenska University Hospital,SWE,Health
521,Manipal Global Education Group *,MUL,Companies
521,Saitama Medical University *,JPN,Universities
522,University of Texas Health Science Center at San Antonio ,USA,Universities
523,Ljubljana University Medical Centre,SVN,Health
523,Yeungnam University,KOR,Universities
523,Manipal University,IND,Universities
523,Mie University *,JPN,Universities
524,BeiHang University *,CHN,Universities
525,Universite de Monastir,TUN,Universities
525,Isfahan University of Medical Sciences *,IRN,Universities
526,Ajou University,KOR,Universities
526,King Georges Medical University,IND,Universities
527,Dokuz Eylul University *,TUR,Universities
527,Ben-Gurion University of the Negev *,ISR,Universities
528,Charles University *,CZE,Universities
529,Fattouma Bourguiba University Hospital,TUN,Health
530,Christian-Albrechts-Universitat zu Kiel,DEU,Universities
530,First Affiliated Hospital Harbin Medical University,CHN,Health
530,Universite de Geneve,CHE,Universities
530,Minia University *,EGY,Universities
530,"Government Medical College and Hospital, Chandigarh",IND,Health
531,Consejo Nacional de Investigaciones Cientificas y Tecnicas *,ARG,Government
532,Sanming First Hospital Affiliated to Fujian Medical University,CHN,Health
532,Beaumont Health System,USA,Health
532,Universita degli Studi di Perugia,ITA,Universities
533,University of Gondar,ETH,Universities
533,University of Lincoln,GBR,Universities
534,Hospital Universitario La Fe,ESP,Health
535,First Affiliated Hospital of Nanchang University,CHN,Health
536,Ankara Ataturk Training and Research Hospital,TUR,Health
537,Dongguk University *,KOR,Universities
537,Deakin University *,AUS,Universities
538,"University of Science, Malaysia *",MYS,Universities
539,First Affiliated Hospital of Zhengzhou University,CHN,Health
540,Shandong Provincial Hospital,CHN,Health
541,Loma Linda University *,USA,Universities
542,Universidade Federal do Rio Grande do Sul,BRA,Universities
542,Universita degli Studi di Milano-Bicocca,ITA,Universities
543,Azienda Ospedaliera Sant Andrea,ITA,Health
543,Universidad de Granada *,ESP,Universities
543,Gangnam Severance Hospital,KOR,Health
543,University of Jordan,JOR,Universities
544,Bradford Teaching Hospitals NHS Foundation Trust,GBR,Health
545,Xijing Hospital,CHN,Health
545,University of Mississippi *,USA,Universities
546,King Saud bin Abdulaziz University for Health Sciences *,SAU,Universities
547,"Chang Gung Memorial Hospital, Keelung",TWN,Health
548,Universidad de Sevilla *,ESP,Universities
548,Xiangya Hospital Affiliated to Central South University,CHN,Health
549,Palacky University,CZE,Universities
549,Universita degli Studi della Campania Luigi Vanvitelli,ITA,Universities
550,Ottawa Hospital Research Institute,CAN,Health
551,Chung-Ho Memorial Hospital,TWN,Health
552,Freie Universitat Berlin,DEU,Universities
553,Koc University,TUR,Universities
554,Universitatsklinikum Schleswig-Holstein,DEU,Health
555,Nara Medical University *,JPN,Universities
556,University of Kansas Medical Center,USA,Health
557,Ankara Yildirim Beyazit University,TUR,Universities
557,Universidad Europea de Madrid,ESP,Universities
557,Ankara Numune Educational and Research Hospital,TUR,Health
558,Kangwon National University *,KOR,Universities
559,Hospital Universitari de Bellvitge,ESP,Health
559,First Affiliated Hospital of Soochow University,CHN,Health
560,Mount Sinai Hospital,USA,Health
561,Universita degli Studi di Trieste,ITA,Universities
562,Universitatsklinikum Carl Gustav Carus Dresden,DEU,Health
562,King Abdulaziz University *,SAU,Universities
563,University of Toyama *,JPN,Universities
563,Hospital Nacional de Pediatria Profesor Dr Juan P Garrahan,ARG,Health
564,University of Indonesia,IDN,Universities
565,Taipei Medical University,TWN,Universities
566,Universidad de Puerto Rico *,PRI,Universities
567,Medical University of Warsaw,POL,Universities
568,Universita degli Studi di Cagliari,ITA,Universities
569,Kantonsspital St. Gallen,CHE,Health
569,Toho University Ohashi Medical Center,JPN,Health
570,Westmead Hospital ,AUS,Health
570,Poznan University of Medical Sciences,POL,Universities
570,Kunming Medical University *,CHN,Universities
571,Universitat Ulm *,DEU,Universities
572,Drexel University,USA,Universities
573,Czech Technical University in Prague,CZE,Universities
573,"University of Technology, Sydney",AUS,Universities
573,Teikyo University *,JPN,Universities
573,University of Manitoba,CAN,Universities
574,The First Affilliated Hospital of Kunming Medical College,CHN,Health
575,University of the Philippines Diliman *,PHL,Universities
576,University of Ioannina,GRC,Universities
577,Safdarjang Hospital,IND,Health
577,Aichi Medical University Hospital,JPN,Health
578,National Defense Medical College *,JPN,Universities
578,University of Fukui *,JPN,Universities
579,Shandong University of Traditional Chinese Medicine *,CHN,Universities
579,Kangwon National University Hospital,KOR,Health
580,Otto-von-Guericke-Universitat Magdeburg *,DEU,Universities
580,Hospital Universitario Puerta de Hierro Majadahonda,ESP,Health
581,Hebei Medical University *,CHN,Universities
582,American University of Beirut Medical Center,LBN,Health
582,Universita Campus Bio-Medico di Roma,ITA,Universities
583,University of Cape Coast,GHA,Universities
584,Universidade Federal do Estado do Rio de Janeiro,BRA,Universities
585,General Hospital of Tianjin Medical University,CHN,Health
585,Shimane University *,JPN,Universities
585,Menoufia University *,EGY,Universities
585,Jeju National University *,KOR,Universities
586,University of Mississippi Medical Center,USA,Universities
587,Holy Family Hospital,KOR,Health
587,Catholic University of Daegu,KOR,Universities
588,University of the Philippines Manila,PHL,Universities
588,Stellenbosch University,ZAF,Universities
589,Pamukkale University,TUR,Universities
589,Assiut University *,EGY,Universities
590,Medical University of Bialystok,POL,Universities
590,China-Japan Friendship Hospital,CHN,Health
590,"Universidad de Puerto Rico, Ciencias Medicas",PRI,Universities
591,Hospital de Sant Joan de Deu de Esplugues de Llobregat,ESP,Health
591,Henry Ford Health System,USA,Health
592,Fayoum University *,EGY,Universities
592,Pontificia Universidad Catolica de Chile *,CHL,Universities
593,Universite de Tunis El Manar *,TUN,Universities
594,University of Patras,GRC,Universities
594,Universidad Francisco de Vitoria *,ESP,Universities
595,Universitat Rostock *,DEU,Universities
596,"University of Missouri, Kansas City",USA,Universities
596,Sun Yat-sen University Third Hospital,CHN,Health
597,Hospital Universitario Rio Hortega,ESP,Health
597,Universitatsklinikum Gottingen,DEU,Health
598,Medical University of Lodz,POL,Universities
599,Charite Campus Virchow Klinikum,DEU,Health
600,Complejo Hospitalario Universitario de Santiago,ESP,Health
600,Fondazione Policlinico Universitario Agostino Gemelli IRCCS,ITA,Health
601,Centre Hospitalier Universitaire de Nantes *,FRA,Health
602,Texas Children's Hospital ,USA,Health
603,Tabriz University of Medical Sciences,IRN,Universities
604,Jeju National University Hospital,KOR,Health
605,Russian Academy of Medical Sciences,RUS,Health
606,Manisa Celal Bayar University *,TUR,Universities
607,Hospital Universitario La Paz,ESP,Health
607,The Queen Elizabeth Hospital,AUS,Health
607,The Children's Hospital at Westmead,AUS,Health
608,"Northwest University, Xi'an",CHN,Universities
608,Pirogov Russian National Research Medical University,RUS,Universities
609,Mazandaran University of Medical Sciences,IRN,Universities
610,Izmir Katip Celebi University *,TUR,Universities
611,"King Abdulaziz Medical City, Jeddah",SAU,Health
611,"Asia University, Taiwan",TWN,Universities
611,National Academy of Medical Sciences of Ukraine,UKR,Health
611,University of Chicago Medical Center ,USA,Health
612,Complejo Hospitalario Regional Virgen Macarena,ESP,Health
613,University of the Incarnate Word,USA,Universities
613,Kurume University *,JPN,Universities
614,Nagasaki University *,JPN,Universities
615,Hyogo College of Medicine *,JPN,Universities
615,Midwestern University,USA,Universities
616,Centre Hospitalier Universitaire de Nice *,FRA,Health
617,Martin-Luther-Universitat Halle-Wittenberg *,DEU,Universities
618,Soroka University Medical Center,ISR,Health
618,Universidade Federal de Pernambuco,BRA,Universities
619,Abertawe Bro Morgannwg University NHS Trust,GBR,Health
620,Universidad del Rosario *,COL,Universities
621,Western Michigan University,USA,Universities
622,Yuzuncu Yil University *,TUR,Universities
623,I.M. Sechenov First Moscow State Medical University,RUS,Universities
624,Universitatsklinikum Giessen und Marburg GmbH Standort Giessen,DEU,Health
624,Mustafa Kemal University *,TUR,Universities
625,University of Tokyo Hospital,JPN,Health
626,Tokai University *,JPN,Universities
626,Dokkyo Medical University *,JPN,Universities
627,Royal Brisbane and Women's Hospital *,AUS,Health
628,Wakayama Medical University *,JPN,Universities
629,Moscow State University of Medicine and Dentistry,RUS,Universities
630,Universite Mohammed V de Rabat *,MAR,Universities
631,Hospital Universitario 12 de Octubre,ESP,Health
632,International University of Health and Welfare *,JPN,Universities
633,Universitatsklinikum Rostock,DEU,Health
634,Complejo Hospitalario Virgen del Rocio,ESP,Health
635,Universitatsklinikum Ulm,DEU,Health
635,Uniformed Services University of the Health Sciences,USA,Universities
636,Centre Hospitalier Ibn Sina Rabat *,MAR,Health
637,Hospital Regional Universitario de Malaga,ESP,Health
638,Complejo Hospitalario de Navarra,ESP,Health
638,Universita degli Studi di Pavia,ITA,Universities
639,Universitatsklinikum Halle,DEU,Health
640,University of South Australia,AUS,Universities
641,Bogomolets National Medical University,UKR,Universities
642,Belarusian State Medical University,BLR,Universities
